# timestamp x y z q0 q1 q2 q3
0.100000000 -0.000000 -0.000000 -0.000000 -0.000000 -0.000000 0.000000 1.000000
0.150000000 -0.000000 -0.000000 -0.000000 -0.000000 -0.000000 0.000000 1.000000
0.200000000 -0.000000 -0.000000 -0.000000 -0.000000 -0.000000 0.000000 1.000000
0.250000000 -0.000000 -0.000000 -0.000000 -0.000000 -0.000000 0.000000 1.000000
0.300000000 -0.000000 -0.000000 -0.000000 -0.000000 -0.000000 0.000000 1.000000
0.350000000 -0.000000 -0.000000 -0.000000 -0.000000 -0.000000 0.000000 1.000000
0.400000000 -0.000000 -0.000000 -0.000000 -0.000000 -0.000000 0.000000 1.000000
0.450000000 -0.000000 -0.000000 -0.000000 -0.000000 -0.000000 0.000000 1.000000
0.500000000 -0.000000 -0.000000 -0.000000 -0.000000 -0.000000 0.000000 1.000000
0.550000000 -0.000000 -0.000000 -0.000000 -0.000000 -0.000000 0.000000 1.000000
0.600000000 -0.000000 -0.000000 -0.000000 -0.000000 -0.000000 0.000000 1.000000
0.650000000 -0.000000 -0.000000 -0.000000 -0.000000 -0.000000 0.000000 1.000000
0.700000000 -0.000000 -0.000000 -0.000000 -0.000000 -0.000000 0.000000 1.000000
0.750000000 -0.000000 -0.000000 -0.000000 -0.000000 -0.000000 0.000000 1.000000
0.800000000 -0.000000 -0.000000 0.000001 -0.000001 -0.000001 0.000000 1.000000
0.850000000 -0.000000 -0.000000 0.000001 -0.000001 -0.000001 0.000000 1.000000
0.900000000 -0.000000 -0.000000 0.000001 -0.000001 -0.000001 0.000000 1.000000
0.950000000 -0.000000 -0.000000 0.000001 -0.000001 -0.000001 0.000000 1.000000
1.000000000 -0.000000 -0.000000 0.000001 -0.000001 -0.000001 0.000000 1.000000
1.050000000 -0.000000 -0.000000 0.000001 -0.000001 -0.000001 0.000000 1.000000
1.100000000 -0.000000 -0.000000 0.000001 -0.000001 -0.000001 0.000000 1.000000
1.150000000 -0.000000 -0.000000 0.000002 -0.000002 -0.000001 0.000000 1.000000
1.200000000 -0.000000 -0.000000 0.000002 -0.000002 -0.000001 0.000000 1.000000
1.250000000 -0.000000 -0.000000 0.000002 -0.000002 -0.000001 0.000000 1.000000
1.300000000 -0.000000 -0.000000 0.000002 -0.000002 -0.000001 0.000000 1.000000
1.350000000 -0.000000 -0.000000 0.000002 -0.000002 -0.000001 0.000000 1.000000
1.400000000 -0.000000 -0.000000 0.000002 -0.000003 -0.000002 0.000000 1.000000
1.450000000 -0.000000 -0.000000 0.000002 -0.000003 -0.000002 0.000000 1.000000
1.500000000 -0.000000 -0.000000 0.000002 -0.000003 -0.000002 0.000000 1.000000
1.550000000 -0.000000 -0.000000 0.000002 -0.000003 -0.000002 0.000000 1.000000
1.600000000 -0.000000 -0.000000 0.000003 -0.000004 -0.000002 0.000000 1.000000
1.650000000 -0.000000 -0.000000 0.000003 -0.000004 -0.000002 0.000000 1.000000
1.700000000 -0.000000 -0.000000 0.000003 -0.000004 -0.000002 0.000000 1.000000
1.750000000 -0.000000 -0.000000 0.000004 -0.000005 -0.000003 0.000000 1.000000
1.800000000 -0.000000 -0.000000 0.000004 -0.000005 -0.000003 0.000000 1.000000
1.850000000 -0.000000 -0.000000 0.000004 -0.000005 -0.000003 0.000000 1.000000
1.900000000 -0.000000 -0.000000 0.000004 -0.000005 -0.000003 0.000000 1.000000
1.950000000 -0.000000 -0.000000 0.000005 -0.000006 -0.000003 0.000000 1.000000
2.000000000 -0.000000 -0.000000 0.000005 -0.000006 -0.000003 0.000000 1.000000
2.050000000 -0.000000 -0.000000 0.000005 -0.000006 -0.000003 0.000000 1.000000
2.100000000 -0.000000 -0.000000 0.000006 -0.000007 -0.000004 0.000000 1.000000
2.150000000 -0.000000 -0.000000 0.000006 -0.000007 -0.000004 0.000000 1.000000
2.200000000 -0.000000 -0.000000 0.000006 -0.000007 -0.000004 0.000000 1.000000
2.250000000 -0.000000 -0.000000 0.000007 -0.000008 -0.000005 0.000000 1.000000
2.300000000 -0.000000 -0.000000 0.000007 -0.000008 -0.000005 0.000000 1.000000
2.350000000 -0.000000 -0.000000 0.000007 -0.000009 -0.000005 0.000000 1.000000
2.400000000 -0.000000 -0.000000 0.000007 -0.000009 -0.000005 0.000000 1.000000
2.450000000 -0.000000 -0.000000 0.000007 -0.000009 -0.000005 0.000000 1.000000
2.500000000 -0.000000 -0.000000 0.000008 -0.000010 -0.000006 0.000000 1.000000
2.550000000 -0.000000 -0.000000 0.000008 -0.000010 -0.000006 0.000000 1.000000
2.600000000 -0.000000 -0.000000 0.000009 -0.000011 -0.000006 0.000000 1.000000
2.650000000 -0.000000 -0.000000 0.000009 -0.000011 -0.000006 0.000000 1.000000
2.700000000 -0.000000 -0.000000 0.000009 -0.000011 -0.000006 0.000000 1.000000
2.750000000 -0.000000 -0.000000 0.000010 -0.000012 -0.000007 0.000000 1.000000
2.800000000 -0.000000 -0.000000 0.000010 -0.000012 -0.000007 0.000000 1.000000
2.850000000 -0.000000 -0.000000 0.000011 -0.000013 -0.000007 0.000000 1.000000
2.900000000 -0.000000 -0.000000 0.000011 -0.000013 -0.000007 0.000000 1.000000
2.950000000 -0.000000 -0.000000 0.000011 -0.000014 -0.000008 0.000000 1.000000
3.000000000 -0.000000 -0.000000 0.000011 -0.000014 -0.000008 0.000000 1.000000
3.050000000 -0.000000 -0.000000 0.000012 -0.000015 -0.000009 0.000000 1.000000
3.100000000 -0.000000 -0.000000 0.000012 -0.000015 -0.000009 0.000000 1.000000
3.150000000 -0.000000 -0.000000 0.000013 -0.000016 -0.000009 0.000000 1.000000
3.200000000 -0.000000 -0.000000 0.000013 -0.000016 -0.000009 0.000000 1.000000
3.250000000 -0.000000 -0.000000 0.000014 -0.000017 -0.000010 0.000000 1.000000
3.300000000 -0.000000 -0.000000 0.000014 -0.000017 -0.000010 0.000000 1.000000
3.350000000 -0.000000 -0.000000 0.000015 -0.000018 -0.000010 -0.000000 1.000000
3.400000000 -0.000000 -0.000000 0.000015 -0.000018 -0.000010 -0.000000 1.000000
3.450000000 -0.000000 -0.000000 0.000015 -0.000019 -0.000011 -0.000000 1.000000
3.500000000 -0.000000 -0.000000 0.000016 -0.000020 -0.000011 -0.000000 1.000000
3.550000000 -0.000000 -0.000000 0.000016 -0.000020 -0.000011 -0.000000 1.000000
3.600000000 -0.000000 -0.000000 0.000017 -0.000021 -0.000012 -0.000000 1.000000
3.650000000 -0.000000 -0.000000 0.000017 -0.000021 -0.000012 -0.000000 1.000000
3.700000000 0.000000 -0.000000 0.000018 -0.000022 -0.000013 -0.000000 1.000000
3.750000000 0.000000 -0.000000 0.000018 -0.000022 -0.000013 -0.000000 1.000000
3.800000000 0.000000 -0.000000 0.000019 -0.000023 -0.000013 -0.000000 1.000000
3.850000000 0.000000 -0.000000 0.000020 -0.000024 -0.000014 -0.000000 1.000000
3.900000000 0.000000 -0.000000 0.000020 -0.000024 -0.000014 -0.000000 1.000000
3.950000000 0.000000 -0.000000 0.000020 -0.000025 -0.000014 -0.000000 1.000000
4.000000000 0.000000 -0.000000 0.000021 -0.000026 -0.000015 -0.000000 1.000000
4.050000000 0.000000 -0.000000 0.000021 -0.000026 -0.000015 -0.000000 1.000000
4.100000000 0.000000 -0.000000 0.000022 -0.000027 -0.000015 -0.000000 1.000000
4.150000000 0.000000 -0.000000 0.000023 -0.000028 -0.000016 -0.000000 1.000000
4.200000000 0.000000 -0.000000 0.000023 -0.000028 -0.000016 -0.000000 1.000000
4.250000000 0.000000 -0.000000 0.000024 -0.000029 -0.000017 -0.000000 1.000000
4.300000000 0.000000 -0.000000 0.000024 -0.000030 -0.000017 -0.000000 1.000000
4.350000000 0.000000 -0.000000 0.000024 -0.000030 -0.000017 -0.000000 1.000000
4.400000000 0.000000 -0.000000 0.000025 -0.000031 -0.000018 -0.000000 1.000000
4.450000000 0.000000 -0.000000 0.000026 -0.000032 -0.000018 -0.000000 1.000000
4.500000000 0.000000 -0.000000 0.000027 -0.000033 -0.000019 -0.000000 1.000000
4.550000000 0.000000 -0.000000 0.000027 -0.000033 -0.000019 -0.000000 1.000000
4.600000000 0.000000 -0.000000 0.000028 -0.000034 -0.000019 -0.000000 1.000000
4.650000000 0.000000 -0.000000 0.000029 -0.000035 -0.000020 -0.000000 1.000000
4.700000000 0.000000 -0.000000 0.000029 -0.000036 -0.000021 -0.000000 1.000000
4.750000000 0.000000 -0.000000 0.000029 -0.000036 -0.000021 -0.000000 1.000000
4.800000000 0.000000 -0.000000 0.000030 -0.000037 -0.000021 -0.000000 1.000000
4.850000000 0.000000 -0.000000 0.000031 -0.000038 -0.000022 -0.000000 1.000000
4.900000000 0.000000 -0.000000 0.000032 -0.000039 -0.000022 -0.000000 1.000000
4.950000000 0.000000 -0.000000 0.000032 -0.000039 -0.000022 -0.000000 1.000000
5.000000000 0.000000 -0.000000 0.000033 -0.000040 -0.000023 -0.000000 1.000000
5.050000000 0.000000 -0.000000 0.000033 -0.000041 -0.000023 -0.000000 1.000000
5.100000000 0.000000 -0.000000 0.000034 -0.000042 -0.000024 -0.000000 1.000000
5.150000000 0.000000 -0.000000 0.000035 -0.000043 -0.000024 -0.000000 1.000000
5.200000000 0.000000 -0.000000 0.000036 -0.000044 -0.000025 -0.000000 1.000000
5.250000000 0.000000 -0.000000 0.000036 -0.000044 -0.000025 -0.000000 1.000000
5.300000000 0.000000 -0.000000 0.000037 -0.000045 -0.000026 -0.000000 1.000000
5.350000000 0.000000 -0.000000 0.000037 -0.000046 -0.000026 -0.000000 1.000000
5.400000000 0.000000 -0.000000 0.000038 -0.000047 -0.000027 -0.000000 1.000000
5.450000000 0.000000 -0.000000 0.000039 -0.000048 -0.000027 -0.000000 1.000000
5.500000000 0.000000 -0.000000 0.000040 -0.000049 -0.000028 -0.000000 1.000000
5.550000000 0.000000 -0.000000 0.000041 -0.000050 -0.000029 -0.000000 1.000000
5.600000000 0.000000 -0.000000 0.000042 -0.000051 -0.000029 -0.000000 1.000000
5.650000000 0.000000 -0.000000 0.000042 -0.000052 -0.000030 -0.000000 1.000000
5.700000000 0.000000 -0.000000 0.000042 -0.000052 -0.000030 -0.000000 1.000000
5.750000000 0.000000 -0.000000 0.000043 -0.000053 -0.000030 -0.000000 1.000000
5.800000000 0.000000 -0.000000 0.000044 -0.000054 -0.000031 -0.000000 1.000000
5.850000000 0.000000 -0.000000 0.000045 -0.000055 -0.000031 -0.000000 1.000000
5.900000000 0.000000 -0.000000 0.000046 -0.000056 -0.000032 -0.000000 1.000000
5.950000000 0.000000 -0.000000 0.000046 -0.000057 -0.000033 -0.000000 1.000000
6.000000000 0.000000 -0.000000 0.000047 -0.000058 -0.000033 -0.000000 1.000000
6.050000000 0.000000 -0.000000 0.000048 -0.000059 -0.000034 -0.000000 1.000000
6.100000000 0.000000 -0.000000 0.000049 -0.000060 -0.000034 -0.000000 1.000000
6.150000000 0.000000 -0.000000 0.000050 -0.000061 -0.000035 -0.000000 1.000000
6.200000000 0.000000 -0.000000 0.000051 -0.000062 -0.000035 -0.000000 1.000000
6.250000000 0.000000 -0.000000 0.000051 -0.000063 -0.000036 -0.000000 1.000000
6.300000000 0.000000 -0.000000 0.000052 -0.000064 -0.000037 -0.000000 1.000000
6.350000000 0.000000 -0.000000 0.000053 -0.000065 -0.000037 -0.000000 1.000000
6.400000000 0.000000 -0.000000 0.000054 -0.000067 -0.000038 -0.000000 1.000000
6.450000000 0.000000 -0.000000 0.000055 -0.000068 -0.000038 -0.000000 1.000000
6.500000000 0.000000 -0.000000 0.000055 -0.000069 -0.000039 -0.000000 1.000000
6.550000000 0.000000 -0.000000 0.000056 -0.000070 -0.000039 -0.000000 1.000000
6.600000000 0.000000 -0.000000 0.000057 -0.000071 -0.000040 -0.000000 1.000000
6.650000000 0.000000 -0.000000 0.000058 -0.000072 -0.000041 -0.000000 1.000000
6.700000000 0.000000 -0.000000 0.000060 -0.000074 -0.000042 -0.000000 1.000000
6.750000000 0.000000 -0.000000 0.000060 -0.000075 -0.000042 -0.000000 1.000000
6.800000000 0.000000 -0.000000 0.000061 -0.000076 -0.000043 -0.000000 1.000000
6.850000000 0.000000 -0.000000 0.000062 -0.000077 -0.000043 -0.000000 1.000000
6.900000000 0.000000 -0.000000 0.000063 -0.000078 -0.000044 -0.000000 1.000000
6.950000000 0.000000 -0.000000 0.000064 -0.000079 -0.000045 -0.000000 1.000000
7.000000000 0.000000 -0.000000 0.000064 -0.000080 -0.000045 -0.000000 1.000000
7.050000000 0.000000 -0.000000 0.000065 -0.000081 -0.000046 -0.000000 1.000000
7.100000000 0.000000 -0.000000 0.000067 -0.000083 -0.000047 -0.000000 1.000000
7.150000000 0.000000 -0.000000 0.000068 -0.000084 -0.000047 -0.000000 1.000000
7.200000000 0.000000 -0.000000 0.000069 -0.000085 -0.000048 -0.000000 1.000000
7.250000000 0.000000 -0.000000 0.000069 -0.000086 -0.000049 -0.000000 1.000000
7.300000000 0.000000 -0.000000 0.000070 -0.000087 -0.000049 -0.000000 1.000000
7.350000000 0.000000 -0.000000 0.000071 -0.000088 -0.000050 -0.000000 1.000000
7.400000000 -0.000304 0.000000 0.000073 -0.000090 -0.000051 -0.000000 1.000000
7.450000000 -0.001442 0.000000 0.000074 -0.000091 -0.000052 -0.000000 1.000000
7.500000000 -0.003422 0.000000 0.000075 -0.000092 -0.000052 -0.000000 1.000000
7.550000000 -0.006244 0.000001 0.000076 -0.000093 -0.000053 -0.000000 1.000000
7.600000000 -0.009910 0.000001 0.000078 -0.000095 -0.000054 -0.000000 1.000000
7.650000000 -0.014417 0.000001 0.000079 -0.000096 -0.000054 0.000000 1.000000
7.700000000 -0.019768 0.000002 0.000081 -0.000097 -0.000055 0.000000 1.000000
7.750000000 -0.025960 0.000002 0.000082 -0.000099 -0.000056 0.000000 1.000000
7.800000000 -0.032996 0.000003 0.000084 -0.000100 -0.000056 0.000000 1.000000
7.850000000 -0.040874 0.000004 0.000086 -0.000094 -0.000057 0.000000 1.000000
7.900000000 -0.049594 0.000007 0.000088 -0.000088 -0.000058 0.000005 1.000000
7.950000000 -0.059157 0.000015 0.000090 -0.000089 -0.000059 0.000018 1.000000
8.000000000 -0.069562 0.000028 0.000092 -0.000091 -0.000059 0.000040 1.000000
8.050000000 -0.080809 0.000047 0.000095 -0.000092 -0.000060 0.000074 1.000000
8.100000000 -0.092898 0.000073 0.000097 -0.000094 -0.000061 0.000121 1.000000
8.150000000 -0.105829 0.000108 0.000100 -0.000096 -0.000061 0.000184 1.000000
8.200000000 -0.119602 0.000153 0.000102 -0.000097 -0.000062 0.000265 1.000000
8.250000000 -0.134217 0.000208 0.000105 -0.000099 -0.000063 0.000367 1.000000
8.300000000 -0.149674 0.000276 0.000108 -0.000100 -0.000063 0.000493 1.000000
8.350000000 -0.165972 0.000357 0.000111 -0.000101 -0.000063 0.000645 1.000000
8.400000000 -0.183112 0.000453 0.000114 -0.000103 -0.000064 0.000825 1.000000
8.450000000 -0.201092 0.000564 0.000117 -0.000104 -0.000064 0.001038 0.999999
8.500000000 -0.219914 0.000693 0.000121 -0.000106 -0.000064 0.001286 0.999999
8.550000000 -0.239576 0.000840 0.000124 -0.000107 -0.000064 0.001570 0.999999
8.600000000 -0.260080 0.001005 0.000128 -0.000109 -0.000064 0.001894 0.999998
8.650000000 -0.281423 0.001190 0.000131 -0.000110 -0.000063 0.002259 0.999997
8.700000000 -0.303607 0.001395 0.000135 -0.000112 -0.000063 0.002667 0.999996
8.750000000 -0.326631 0.001619 0.000139 -0.000113 -0.000062 0.003121 0.999995
8.800000000 -0.350495 0.001865 0.000143 -0.000115 -0.000061 0.003623 0.999993
8.850000000 -0.375199 0.002132 0.000147 -0.000116 -0.000060 0.004175 0.999991
8.900000000 -0.400742 0.002419 0.000151 -0.000118 -0.000058 0.004778 0.999989
8.950000000 -0.427124 0.002728 0.000155 -0.000119 -0.000056 0.005435 0.999985
9.000000000 -0.454345 0.003057 0.000160 -0.000121 -0.000054 0.006147 0.999981
9.050000000 -0.482406 0.003406 0.000164 -0.000123 -0.000052 0.006914 0.999976
9.100000000 -0.511304 0.003775 0.000168 -0.000124 -0.000049 0.007740 0.999970
9.150000000 -0.541042 0.004163 0.000173 -0.000126 -0.000046 0.008624 0.999963
9.200000000 -0.571617 0.004569 0.000177 -0.000128 -0.000042 0.009568 0.999954
9.250000000 -0.603031 0.004992 0.000181 -0.000130 -0.000038 0.010572 0.999944
9.300000000 -0.635283 0.005430 0.000186 -0.000131 -0.000034 0.011637 0.999932
9.350000000 -0.668372 0.005882 0.000190 -0.000133 -0.000029 0.012763 0.999919
9.400000000 -0.702300 0.006345 0.000194 -0.000135 -0.000024 0.013951 0.999903
9.450000000 -0.737064 0.006819 0.000198 -0.000137 -0.000019 0.015201 0.999884
9.500000000 -0.772666 0.007301 0.000202 -0.000139 -0.000013 0.016511 0.999864
9.550000000 -0.809106 0.007788 0.000206 -0.000140 -0.000006 0.017883 0.999840
9.600000000 -0.846383 0.008278 0.000210 -0.000142 0.000000 0.019314 0.999813
9.650000000 -0.884497 0.008767 0.000213 -0.000144 0.000008 0.020805 0.999784
9.700000000 -0.923448 0.009254 0.000216 -0.000146 0.000015 0.022354 0.999750
9.750000000 -0.963236 0.009734 0.000219 -0.000148 0.000023 0.023961 0.999713
9.800000000 -1.003861 0.010204 0.000222 -0.000150 0.000032 0.025622 0.999672
9.850000000 -1.045323 0.010660 0.000224 -0.000152 0.000041 0.027338 0.999626
9.900000000 -1.087622 0.011099 0.000226 -0.000154 0.000050 0.029106 0.999576
9.950000000 -1.130759 0.011517 0.000227 -0.000156 0.000060 0.030924 0.999522
10.000000000 -1.174732 0.011909 0.000228 -0.000158 0.000070 0.032790 0.999462
10.050000000 -1.219542 0.012271 0.000228 -0.000160 0.000080 0.034701 0.999398
10.100000000 -1.265189 0.012598 0.000228 -0.000163 0.000091 0.036656 0.999328
10.150000000 -1.311672 0.012886 0.000227 -0.000165 0.000102 0.038651 0.999253
10.200000000 -1.358993 0.013130 0.000226 -0.000167 0.000113 0.040684 0.999172
10.250000000 -1.407151 0.013325 0.000224 -0.000169 0.000124 0.042752 0.999086
10.300000000 -1.456145 0.013466 0.000221 -0.000171 0.000136 0.044852 0.998994
10.350000000 -1.505977 0.013547 0.000218 -0.000173 0.000148 0.046981 0.998896
10.400000000 -1.556645 0.013564 0.000213 -0.000176 0.000160 0.049136 0.998792
10.450000000 -1.608149 0.013511 0.000208 -0.000178 0.000172 0.051314 0.998683
10.500000000 -1.660490 0.013382 0.000202 -0.000180 0.000185 0.053511 0.998567
10.550000000 -1.713668 0.013173 0.000195 -0.000182 0.000197 0.055724 0.998446
10.600000000 -1.767681 0.012877 0.000187 -0.000185 0.000210 0.057951 0.998319
10.650000000 -1.822531 0.012490 0.000177 -0.000187 0.000222 0.060187 0.998187
10.700000000 -1.878217 0.012005 0.000167 -0.000189 0.000235 0.062430 0.998049
10.750000000 -1.934738 0.011418 0.000156 -0.000192 0.000247 0.064676 0.997906
10.800000000 -1.992095 0.010722 0.000143 -0.000194 0.000259 0.066923 0.997758
10.850000000 -2.050286 0.009912 0.000129 -0.000196 0.000271 0.069166 0.997605
10.900000000 -2.109312 0.008983 0.000114 -0.000198 0.000284 0.071404 0.997447
10.950000000 -2.169172 0.007929 0.000098 -0.000201 0.000295 0.073633 0.997285
11.000000000 -2.229866 0.006746 0.000080 -0.000203 0.000307 0.075850 0.997119
11.050000000 -2.291392 0.005427 0.000061 -0.000205 0.000318 0.078052 0.996949
11.100000000 -2.353751 0.003969 0.000041 -0.000208 0.000329 0.080238 0.996776
11.150000000 -2.416941 0.002364 0.000019 -0.000210 0.000340 0.082404 0.996599
11.200000000 -2.480962 0.000610 -0.000004 -0.000212 0.000351 0.084547 0.996419
11.250000000 -2.545813 -0.001299 -0.000029 -0.000214 0.000361 0.086667 0.996237
11.300000000 -2.611494 -0.003368 -0.000055 -0.000216 0.000371 0.088760 0.996053
11.350000000 -2.677840 -0.005571 -0.000083 -0.000219 0.000380 0.090825 0.995867
11.400000000 -2.744242 -0.007803 -0.000111 -0.000221 0.000388 0.092857 0.995679
11.450000000 -2.810643 -0.010057 -0.000140 -0.000223 0.000394 0.094847 0.995492
11.500000000 -2.877044 -0.012337 -0.000170 -0.000224 0.000399 0.096791 0.995305
11.550000000 -2.943444 -0.014645 -0.000200 -0.000226 0.000403 0.098683 0.995119
11.600000000 -3.009843 -0.016985 -0.000232 -0.000228 0.000406 0.100518 0.994935
11.650000000 -3.076242 -0.019357 -0.000263 -0.000229 0.000408 0.102292 0.994754
11.700000000 -3.142639 -0.021765 -0.000295 -0.000231 0.000409 0.104003 0.994577
11.750000000 -3.209035 -0.024208 -0.000328 -0.000232 0.000409 0.105648 0.994403
11.800000000 -3.275430 -0.026689 -0.000361 -0.000234 0.000408 0.107226 0.994235
11.850000000 -3.341824 -0.029208 -0.000394 -0.000235 0.000407 0.108735 0.994071
11.900000000 -3.408216 -0.031765 -0.000428 -0.000237 0.000405 0.110174 0.993912
11.950000000 -3.474606 -0.034361 -0.000462 -0.000238 0.000403 0.111544 0.993759
12.000000000 -3.540995 -0.036995 -0.000496 -0.000239 0.000400 0.112843 0.993613
12.050000000 -3.607381 -0.039668 -0.000530 -0.000240 0.000397 0.114073 0.993472
12.100000000 -3.673766 -0.042378 -0.000565 -0.000242 0.000393 0.115234 0.993338
12.150000000 -3.740149 -0.045126 -0.000599 -0.000243 0.000389 0.116328 0.993211
12.200000000 -3.806530 -0.047911 -0.000634 -0.000244 0.000385 0.117355 0.993090
12.250000000 -3.872909 -0.050731 -0.000669 -0.000245 0.000381 0.118317 0.992976
12.300000000 -3.939286 -0.053587 -0.000704 -0.000247 0.000376 0.119216 0.992868
12.350000000 -4.005660 -0.056476 -0.000739 -0.000248 0.000372 0.120053 0.992767
12.400000000 -4.072033 -0.059398 -0.000775 -0.000249 0.000367 0.120831 0.992673
12.450000000 -4.138403 -0.062352 -0.000810 -0.000251 0.000362 0.121551 0.992585
12.500000000 -4.204771 -0.065337 -0.000845 -0.000252 0.000357 0.122216 0.992503
12.550000000 -4.271137 -0.068350 -0.000880 -0.000253 0.000352 0.122828 0.992428
12.600000000 -4.337501 -0.071392 -0.000915 -0.000255 0.000348 0.123389 0.992358
12.650000000 -4.403863 -0.074461 -0.000951 -0.000256 0.000343 0.123902 0.992294
12.700000000 -4.470223 -0.077555 -0.000986 -0.000257 0.000338 0.124368 0.992236
12.750000000 -4.536581 -0.080674 -0.001021 -0.000259 0.000334 0.124790 0.992183
12.800000000 -4.602937 -0.083815 -0.001056 -0.000260 0.000329 0.125170 0.992135
12.850000000 -4.669291 -0.086979 -0.001091 -0.000262 0.000325 0.125511 0.992092
12.900000000 -4.735644 -0.090163 -0.001126 -0.000263 0.000320 0.125815 0.992054
12.950000000 -4.801995 -0.093366 -0.001161 -0.000265 0.000316 0.126084 0.992020
13.000000000 -4.868344 -0.096587 -0.001195 -0.000266 0.000312 0.126319 0.991990
13.050000000 -4.934692 -0.099825 -0.001230 -0.000268 0.000308 0.126525 0.991963
13.100000000 -5.001039 -0.103079 -0.001265 -0.000270 0.000304 0.126701 0.991941
13.150000000 -5.067384 -0.106347 -0.001299 -0.000271 0.000301 0.126851 0.991922
13.200000000 -5.133728 -0.109630 -0.001333 -0.000273 0.000297 0.126976 0.991906
13.250000000 -5.200070 -0.112924 -0.001368 -0.000275 0.000294 0.127079 0.991893
13.300000000 -5.266412 -0.116231 -0.001402 -0.000277 0.000291 0.127160 0.991882
13.350000000 -5.332753 -0.119548 -0.001436 -0.000279 0.000288 0.127222 0.991874
13.400000000 -5.399092 -0.122875 -0.001470 -0.000280 0.000285 0.127266 0.991869
13.450000000 -5.465431 -0.126211 -0.001504 -0.000282 0.000283 0.127294 0.991865
13.500000000 -5.531769 -0.129555 -0.001538 -0.000284 0.000280 0.127307 0.991863
13.550000000 -5.598107 -0.132906 -0.001572 -0.000286 0.000278 0.127307 0.991863
13.600000000 -5.664443 -0.136263 -0.001605 -0.000288 0.000275 0.127295 0.991865
13.650000000 -5.730780 -0.139627 -0.001639 -0.000290 0.000273 0.127272 0.991868
13.700000000 -5.797115 -0.142996 -0.001673 -0.000292 0.000272 0.127240 0.991872
13.750000000 -5.863450 -0.146369 -0.001706 -0.000294 0.000270 0.127200 0.991877
13.800000000 -5.929785 -0.149747 -0.001739 -0.000296 0.000268 0.127152 0.991883
13.850000000 -5.996119 -0.153128 -0.001773 -0.000299 0.000267 0.127098 0.991890
13.900000000 -6.062536 -0.156533 -0.001806 -0.000301 0.000265 0.127038 0.991898
13.950000000 -6.129645 -0.160119 -0.001839 -0.000303 0.000264 0.126977 0.991906
14.000000000 -6.197569 -0.163915 -0.001873 -0.000305 0.000263 0.126922 0.991913
14.050000000 -6.266308 -0.167916 -0.001908 -0.000307 0.000261 0.126877 0.991918
14.100000000 -6.335863 -0.172119 -0.001943 -0.000309 0.000260 0.126850 0.991922
14.150000000 -6.406234 -0.176522 -0.001978 -0.000312 0.000260 0.126846 0.991922
14.200000000 -6.477420 -0.181122 -0.002014 -0.000314 0.000259 0.126869 0.991919
14.250000000 -6.549422 -0.185915 -0.002050 -0.000316 0.000258 0.126922 0.991913
14.300000000 -6.622240 -0.190902 -0.002087 -0.000318 0.000258 0.127011 0.991901
14.350000000 -6.695873 -0.196079 -0.002124 -0.000321 0.000257 0.127137 0.991885
14.400000000 -6.770322 -0.201446 -0.002161 -0.000323 0.000257 0.127304 0.991864
14.450000000 -6.845587 -0.207003 -0.002199 -0.000326 0.000257 0.127513 0.991837
14.500000000 -6.921667 -0.212747 -0.002237 -0.000328 0.000257 0.127765 0.991804
14.550000000 -6.998563 -0.218680 -0.002276 -0.000330 0.000258 0.128062 0.991766
14.600000000 -7.076274 -0.224802 -0.002315 -0.000333 0.000258 0.128405 0.991722
14.650000000 -7.154801 -0.231112 -0.002355 -0.000335 0.000259 0.128793 0.991671
14.700000000 -7.234142 -0.237613 -0.002395 -0.000338 0.000260 0.129226 0.991615
14.750000000 -7.314299 -0.244304 -0.002436 -0.000340 0.000261 0.129704 0.991553
14.800000000 -7.395270 -0.251186 -0.002477 -0.000343 0.000263 0.130226 0.991484
14.850000000 -7.477056 -0.258263 -0.002519 -0.000345 0.000264 0.130791 0.991410
14.900000000 -7.559655 -0.265534 -0.002561 -0.000348 0.000266 0.131396 0.991330
14.950000000 -7.643069 -0.273003 -0.002604 -0.000351 0.000268 0.132042 0.991244
15.000000000 -7.727297 -0.280671 -0.002648 -0.000353 0.000270 0.132725 0.991153
15.050000000 -7.812338 -0.288540 -0.002692 -0.000356 0.000273 0.133444 0.991056
15.100000000 -7.898192 -0.296613 -0.002737 -0.000359 0.000275 0.134197 0.990955
15.150000000 -7.984858 -0.304893 -0.002783 -0.000361 0.000278 0.134981 0.990848
15.200000000 -8.072337 -0.313381 -0.002829 -0.000364 0.000281 0.135793 0.990737
15.250000000 -8.160627 -0.322081 -0.002876 -0.000367 0.000284 0.136633 0.990622
15.300000000 -8.249730 -0.330996 -0.002924 -0.000370 0.000287 0.137496 0.990502
15.350000000 -8.339643 -0.340127 -0.002972 -0.000373 0.000290 0.138381 0.990379
15.400000000 -8.430367 -0.349479 -0.003021 -0.000375 0.000293 0.139285 0.990252
15.450000000 -8.521901 -0.359053 -0.003072 -0.000378 0.000296 0.140206 0.990122
15.500000000 -8.614244 -0.368854 -0.003122 -0.000381 0.000300 0.141141 0.989989
15.550000000 -8.707397 -0.378882 -0.003174 -0.000384 0.000303 0.142088 0.989854
15.600000000 -8.801359 -0.389142 -0.003227 -0.000387 0.000307 0.143045 0.989716
15.650000000 -8.896129 -0.399636 -0.003281 -0.000390 0.000310 0.144010 0.989576
15.700000000 -8.991706 -0.410367 -0.003335 -0.000393 0.000313 0.144980 0.989434
15.750000000 -9.088091 -0.421338 -0.003390 -0.000396 0.000317 0.145954 0.989291
15.800000000 -9.185283 -0.432550 -0.003447 -0.000398 0.000320 0.146930 0.989147
15.850000000 -9.283280 -0.444007 -0.003504 -0.000401 0.000323 0.147906 0.989001
15.900000000 -9.382083 -0.455711 -0.003562 -0.000404 0.000326 0.148880 0.988855
15.950000000 -9.481692 -0.467665 -0.003622 -0.000407 0.000330 0.149852 0.988708
16.000000000 -9.582104 -0.479871 -0.003682 -0.000410 0.000333 0.150820 0.988561
16.050000000 -9.683321 -0.492330 -0.003743 -0.000413 0.000336 0.151782 0.988414
16.100000000 -9.785341 -0.505046 -0.003805 -0.000416 0.000338 0.152738 0.988267
16.150000000 -9.888163 -0.518019 -0.003869 -0.000419 0.000341 0.153687 0.988119
16.200000000 -9.991787 -0.531253 -0.003933 -0.000421 0.000344 0.154628 0.987973
16.250000000 -10.096213 -0.544749 -0.003998 -0.000424 0.000346 0.155559 0.987826
16.300000000 -10.201440 -0.558509 -0.004065 -0.000427 0.000349 0.156482 0.987681
16.350000000 -10.307467 -0.572535 -0.004132 -0.000430 0.000351 0.157395 0.987536
16.400000000 -10.414295 -0.586828 -0.004201 -0.000433 0.000353 0.158297 0.987391
16.450000000 -10.521921 -0.601390 -0.004270 -0.000436 0.000355 0.159190 0.987248
16.500000000 -10.630347 -0.616222 -0.004341 -0.000438 0.000357 0.160071 0.987105
16.550000000 -10.739571 -0.631326 -0.004412 -0.000441 0.000359 0.160942 0.986964
16.600000000 -10.849593 -0.646703 -0.004485 -0.000444 0.000361 0.161803 0.986823
16.650000000 -10.960412 -0.662356 -0.004558 -0.000447 0.000362 0.162653 0.986683
16.700000000 -11.072029 -0.678284 -0.004633 -0.000450 0.000364 0.163492 0.986545
16.750000000 -11.184442 -0.694490 -0.004709 -0.000452 0.000365 0.164321 0.986407
16.800000000 -11.297651 -0.710974 -0.004785 -0.000455 0.000367 0.165139 0.986270
16.850000000 -11.411655 -0.727738 -0.004863 -0.000458 0.000368 0.165948 0.986134
16.900000000 -11.526455 -0.744783 -0.004942 -0.000461 0.000369 0.166747 0.986000
16.950000000 -11.642050 -0.762110 -0.005022 -0.000463 0.000370 0.167536 0.985866
17.000000000 -11.758439 -0.779720 -0.005102 -0.000466 0.000372 0.168316 0.985733
17.050000000 -11.875622 -0.797615 -0.005184 -0.000469 0.000373 0.169088 0.985601
17.100000000 -11.993598 -0.815795 -0.005267 -0.000472 0.000374 0.169850 0.985470
17.150000000 -12.112368 -0.834261 -0.005351 -0.000475 0.000375 0.170604 0.985339
17.200000000 -12.231930 -0.853015 -0.005436 -0.000477 0.000376 0.171351 0.985210
17.250000000 -12.352284 -0.872058 -0.005522 -0.000480 0.000376 0.172089 0.985081
17.300000000 -12.473431 -0.891390 -0.005608 -0.000483 0.000377 0.172821 0.984953
17.350000000 -12.595369 -0.911013 -0.005696 -0.000486 0.000378 0.173545 0.984826
17.400000000 -12.718098 -0.930927 -0.005785 -0.000489 0.000379 0.174262 0.984699
17.450000000 -12.841618 -0.951134 -0.005875 -0.000491 0.000380 0.174972 0.984573
17.500000000 -12.965928 -0.971635 -0.005966 -0.000494 0.000381 0.175677 0.984448
17.550000000 -13.091027 -0.992430 -0.006058 -0.000497 0.000381 0.176375 0.984323
17.600000000 -13.216917 -1.013521 -0.006150 -0.000500 0.000382 0.177067 0.984199
17.650000000 -13.343595 -1.034909 -0.006244 -0.000503 0.000383 0.177753 0.984075
17.700000000 -13.471063 -1.056594 -0.006339 -0.000506 0.000384 0.178434 0.983952
17.750000000 -13.599318 -1.078578 -0.006435 -0.000509 0.000385 0.179110 0.983829
17.800000000 -13.728362 -1.100861 -0.006532 -0.000511 0.000385 0.179780 0.983707
17.850000000 -13.858193 -1.123445 -0.006629 -0.000514 0.000386 0.180446 0.983585
17.900000000 -13.988811 -1.146331 -0.006728 -0.000517 0.000387 0.181106 0.983463
17.950000000 -14.120216 -1.169520 -0.006828 -0.000520 0.000388 0.181762 0.983342
18.000000000 -14.252407 -1.193012 -0.006929 -0.000523 0.000389 0.182413 0.983222
18.050000000 -14.385384 -1.216808 -0.007031 -0.000526 0.000389 0.183060 0.983102
18.100000000 -14.519147 -1.240910 -0.007133 -0.000529 0.000390 0.183702 0.982982
18.150000000 -14.653695 -1.265319 -0.007237 -0.000532 0.000391 0.184340 0.982862
18.200000000 -14.789028 -1.290035 -0.007342 -0.000535 0.000392 0.184973 0.982743
18.250000000 -14.925145 -1.315060 -0.007448 -0.000538 0.000393 0.185602 0.982625
18.300000000 -15.062047 -1.340394 -0.007554 -0.000541 0.000393 0.186227 0.982506
18.350000000 -15.199332 -1.365883 -0.007662 -0.000544 0.000394 0.186846 0.982389
18.400000000 -15.336614 -1.391380 -0.007769 -0.000547 0.000394 0.187449 0.982274
18.450000000 -15.473894 -1.416891 -0.007877 -0.000550 0.000395 0.188025 0.982164
18.500000000 -15.611170 -1.442421 -0.007985 -0.000553 0.000394 0.188568 0.982060
18.550000000 -15.748440 -1.467971 -0.008093 -0.000556 0.000394 0.189072 0.981963
18.600000000 -15.885640 -1.493518 -0.008200 -0.000558 0.000394 0.189535 0.981874
18.650000000 -16.022188 -1.518833 -0.008308 -0.000561 0.000393 0.189948 0.981794
18.700000000 -16.157947 -1.543866 -0.008414 -0.000564 0.000392 0.190302 0.981725
18.750000000 -16.292916 -1.568621 -0.008520 -0.000567 0.000391 0.190588 0.981670
18.800000000 -16.427094 -1.593100 -0.008624 -0.000570 0.000390 0.190802 0.981628
18.850000000 -16.560482 -1.617305 -0.008728 -0.000573 0.000389 0.190941 0.981601
18.900000000 -16.693080 -1.641234 -0.008831 -0.000576 0.000387 0.191006 0.981589
18.950000000 -16.824887 -1.664888 -0.008933 -0.000579 0.000386 0.190997 0.981590
19.000000000 -16.955905 -1.688264 -0.009035 -0.000582 0.000385 0.190918 0.981606
19.050000000 -17.086132 -1.711361 -0.009135 -0.000585 0.000384 0.190771 0.981634
19.100000000 -17.215567 -1.734196 -0.009235 -0.000595 0.000382 0.190525 0.981682
19.150000000 -17.344084 -1.757279 -0.009334 -0.000606 0.000380 0.189241 0.981930
19.200000000 -17.471577 -1.780946 -0.009434 -0.000610 0.000379 0.186284 0.982496
19.250000000 -17.598040 -1.805115 -0.009534 -0.000615 0.000380 0.181794 0.983336
19.300000000 -17.723525 -1.829560 -0.009634 -0.000620 0.000382 0.176195 0.984355
19.350000000 -17.848087 -1.854083 -0.009735 -0.000625 0.000385 0.169875 0.985465
19.400000000 -17.971775 -1.878537 -0.009836 -0.000632 0.000391 0.163134 0.986604
19.450000000 -18.094629 -1.902816 -0.009937 -0.000639 0.000398 0.156199 0.987725
19.500000000 -18.216678 -1.926841 -0.010038 -0.000646 0.000407 0.149243 0.988800
19.550000000 -18.337937 -1.950554 -0.010141 -0.000653 0.000417 0.142399 0.989809
19.600000000 -18.458419 -1.973914 -0.010244 -0.000660 0.000428 0.135767 0.990740
19.650000000 -18.578128 -1.996891 -0.010348 -0.000668 0.000440 0.129423 0.991589
19.700000000 -18.697069 -2.019469 -0.010452 -0.000675 0.000452 0.123421 0.992354
19.750000000 -18.815242 -2.041637 -0.010557 -0.000682 0.000464 0.117797 0.993037
19.800000000 -18.932646 -2.063394 -0.010664 -0.000689 0.000476 0.112572 0.993643
19.850000000 -19.049279 -2.084743 -0.010770 -0.000695 0.000487 0.107759 0.994177
19.900000000 -19.165135 -2.105691 -0.010878 -0.000702 0.000497 0.103357 0.994644
19.950000000 -19.280212 -2.126248 -0.010986 -0.000708 0.000507 0.099360 0.995051
20.000000000 -19.394505 -2.146428 -0.011095 -0.000714 0.000516 0.095757 0.995404
20.050000000 -19.508008 -2.166245 -0.011205 -0.000719 0.000524 0.092531 0.995709
20.100000000 -19.620718 -2.185715 -0.011315 -0.000724 0.000530 0.089662 0.995972
20.150000000 -19.732630 -2.204855 -0.011425 -0.000729 0.000536 0.087128 0.996197
20.200000000 -19.843740 -2.223681 -0.011535 -0.000734 0.000540 0.084907 0.996388
20.250000000 -19.954044 -2.242208 -0.011646 -0.000739 0.000544 0.082975 0.996551
20.300000000 -20.063539 -2.260454 -0.011756 -0.000743 0.000546 0.081308 0.996689
20.350000000 -20.172222 -2.278433 -0.011867 -0.000747 0.000548 0.079883 0.996804
20.400000000 -20.280089 -2.296160 -0.011977 -0.000751 0.000548 0.078677 0.996900
20.450000000 -20.387138 -2.313649 -0.012087 -0.000755 0.000547 0.077668 0.996979
20.500000000 -20.493367 -2.330912 -0.012197 -0.000759 0.000546 0.076837 0.997043
20.550000000 -20.598775 -2.347960 -0.012306 -0.000762 0.000544 0.076163 0.997095
20.600000000 -20.703359 -2.364806 -0.012415 -0.000766 0.000542 0.075628 0.997136
20.650000000 -20.807118 -2.381459 -0.012523 -0.000769 0.000538 0.075216 0.997167
20.700000000 -20.910051 -2.397927 -0.012630 -0.000772 0.000535 0.074911 0.997190
20.750000000 -21.012157 -2.414219 -0.012737 -0.000775 0.000531 0.074699 0.997206
20.800000000 -21.113434 -2.430343 -0.012843 -0.000779 0.000526 0.074567 0.997216
20.850000000 -21.213882 -2.446304 -0.012948 -0.000782 0.000521 0.074504 0.997220
20.900000000 -21.313501 -2.462109 -0.013052 -0.000785 0.000517 0.074499 0.997221
20.950000000 -21.412289 -2.477762 -0.013155 -0.000788 0.000511 0.074542 0.997217
21.000000000 -21.510246 -2.493269 -0.013257 -0.000791 0.000506 0.074626 0.997211
21.050000000 -21.607372 -2.508632 -0.013358 -0.000794 0.000501 0.074743 0.997202
21.100000000 -21.703666 -2.523855 -0.013459 -0.000797 0.000496 0.074886 0.997192
21.150000000 -21.799128 -2.538942 -0.013558 -0.000800 0.000491 0.075050 0.997179
21.200000000 -21.893758 -2.553894 -0.013656 -0.000803 0.000486 0.075230 0.997166
21.250000000 -21.987556 -2.568713 -0.013753 -0.000806 0.000481 0.075421 0.997151
21.300000000 -22.080521 -2.583402 -0.013849 -0.000809 0.000476 0.075620 0.997136
21.350000000 -22.172653 -2.597961 -0.013945 -0.000812 0.000471 0.075823 0.997121
21.400000000 -22.263953 -2.612392 -0.014039 -0.000815 0.000466 0.076027 0.997105
21.450000000 -22.354419 -2.626696 -0.014132 -0.000818 0.000462 0.076232 0.997090
21.500000000 -22.444053 -2.640873 -0.014223 -0.000821 0.000458 0.076434 0.997074
21.550000000 -22.532853 -2.654923 -0.014314 -0.000825 0.000453 0.076632 0.997059
21.600000000 -22.620821 -2.668848 -0.014404 -0.000828 0.000450 0.076824 0.997044
21.650000000 -22.707955 -2.682647 -0.014493 -0.000831 0.000446 0.077011 0.997030
21.700000000 -22.794255 -2.696321 -0.014581 -0.000834 0.000442 0.077190 0.997016
21.750000000 -22.879722 -2.709869 -0.014667 -0.000838 0.000439 0.077362 0.997003
21.800000000 -22.964356 -2.723291 -0.014753 -0.000841 0.000436 0.077526 0.996990
21.850000000 -23.048157 -2.736587 -0.014838 -0.000844 0.000433 0.077682 0.996978
21.900000000 -23.131124 -2.749758 -0.014922 -0.000847 0.000430 0.077829 0.996966
21.950000000 -23.213258 -2.762802 -0.015004 -0.000851 0.000428 0.077968 0.996955
22.000000000 -23.294558 -2.775720 -0.015086 -0.000854 0.000426 0.078099 0.996945
22.050000000 -23.375026 -2.788511 -0.015167 -0.000858 0.000423 0.078222 0.996936
22.100000000 -23.454660 -2.801175 -0.015247 -0.000861 0.000421 0.078336 0.996927
22.150000000 -23.533461 -2.813711 -0.015326 -0.000865 0.000419 0.078443 0.996918
22.200000000 -23.611429 -2.826120 -0.015403 -0.000868 0.000418 0.078542 0.996910
22.250000000 -23.688564 -2.838401 -0.015480 -0.000872 0.000416 0.078634 0.996903
22.300000000 -23.764866 -2.850554 -0.015557 -0.000875 0.000415 0.078719 0.996896
22.350000000 -23.840336 -2.862578 -0.015632 -0.000879 0.000413 0.078797 0.996890
22.400000000 -23.914972 -2.874473 -0.015706 -0.000882 0.000412 0.078869 0.996885
22.450000000 -23.988776 -2.886238 -0.015779 -0.000886 0.000411 0.078935 0.996879
22.500000000 -24.061747 -2.897875 -0.015852 -0.000889 0.000410 0.078995 0.996875
22.550000000 -24.133885 -2.909381 -0.015923 -0.000893 0.000409 0.079050 0.996870
22.600000000 -24.205191 -2.920758 -0.015994 -0.000897 0.000409 0.079100 0.996866
22.650000000 -24.275664 -2.932004 -0.016064 -0.000900 0.000408 0.079146 0.996863
22.700000000 -24.345305 -2.943119 -0.016133 -0.000904 0.000407 0.079186 0.996859
22.750000000 -24.414113 -2.954104 -0.016201 -0.000908 0.000407 0.079223 0.996856
22.800000000 -24.482089 -2.964958 -0.016268 -0.000911 0.000406 0.079256 0.996854
22.850000000 -24.549233 -2.975681 -0.016335 -0.000915 0.000406 0.079286 0.996851
22.900000000 -24.615544 -2.986272 -0.016400 -0.000919 0.000405 0.079312 0.996849
22.950000000 -24.681023 -2.996732 -0.016465 -0.000923 0.000405 0.079335 0.996847
23.000000000 -24.745669 -3.007060 -0.016529 -0.000926 0.000405 0.079356 0.996846
23.050000000 -24.809483 -3.017256 -0.016592 -0.000930 0.000404 0.079374 0.996844
23.100000000 -24.872465 -3.027320 -0.016654 -0.000934 0.000404 0.079389 0.996843
23.150000000 -24.934615 -3.037252 -0.016716 -0.000938 0.000404 0.079403 0.996842
23.200000000 -24.995933 -3.047052 -0.016776 -0.000941 0.000404 0.079414 0.996841
23.250000000 -25.056419 -3.056720 -0.016836 -0.000945 0.000404 0.079423 0.996840
23.300000000 -25.116072 -3.066255 -0.016895 -0.000949 0.000404 0.079431 0.996840
23.350000000 -25.174893 -3.075657 -0.016953 -0.000953 0.000403 0.079437 0.996839
23.400000000 -25.232882 -3.084927 -0.017010 -0.000957 0.000403 0.079442 0.996839
23.450000000 -25.290039 -3.094064 -0.017066 -0.000961 0.000403 0.079446 0.996839
23.500000000 -25.346364 -3.103069 -0.017122 -0.000965 0.000403 0.079448 0.996838
23.550000000 -25.401857 -3.111940 -0.017177 -0.000968 0.000403 0.079450 0.996838
23.600000000 -25.456518 -3.120679 -0.017231 -0.000972 0.000403 0.079450 0.996838
23.650000000 -25.510347 -3.129285 -0.017284 -0.000976 0.000403 0.079450 0.996838
23.700000000 -25.563344 -3.137758 -0.017336 -0.000980 0.000403 0.079449 0.996838
23.750000000 -25.615509 -3.146097 -0.017387 -0.000984 0.000403 0.079447 0.996839
23.800000000 -25.666842 -3.154304 -0.017438 -0.000988 0.000403 0.079445 0.996839
23.850000000 -25.717343 -3.162378 -0.017488 -0.000992 0.000403 0.079442 0.996839
23.900000000 -25.767012 -3.170318 -0.017537 -0.000996 0.000403 0.079439 0.996839
23.950000000 -25.815849 -3.178126 -0.017585 -0.001000 0.000403 0.079435 0.996839
24.000000000 -25.863853 -3.185800 -0.017633 -0.001004 0.000403 0.079431 0.996840
24.050000000 -25.911026 -3.193341 -0.017679 -0.001008 0.000403 0.079426 0.996840
24.100000000 -25.957367 -3.200749 -0.017725 -0.001012 0.000403 0.079421 0.996841
24.150000000 -26.002876 -3.208023 -0.017770 -0.001016 0.000403 0.079416 0.996841
24.200000000 -26.047553 -3.215165 -0.017814 -0.001020 0.000403 0.079411 0.996841
24.250000000 -26.091398 -3.222173 -0.017857 -0.001024 0.000403 0.079406 0.996842
24.300000000 -26.134411 -3.229048 -0.017900 -0.001028 0.000403 0.079400 0.996842
24.350000000 -26.176593 -3.235790 -0.017941 -0.001032 0.000403 0.079394 0.996843
24.400000000 -26.217942 -3.242398 -0.017982 -0.001036 0.000403 0.079389 0.996843
24.450000000 -26.258459 -3.248874 -0.018022 -0.001040 0.000402 0.079383 0.996844
24.500000000 -26.298144 -3.255216 -0.018061 -0.001044 0.000402 0.079377 0.996844
24.550000000 -26.336997 -3.261425 -0.018100 -0.001048 0.000402 0.079371 0.996845
24.600000000 -26.375019 -3.267500 -0.018137 -0.001052 0.000402 0.079365 0.996845
24.650000000 -26.412208 -3.273442 -0.018174 -0.001056 0.000402 0.079359 0.996845
24.700000000 -26.448565 -3.279252 -0.018210 -0.001060 0.000402 0.079353 0.996846
24.750000000 -26.484091 -3.284928 -0.018245 -0.001064 0.000402 0.079347 0.996846
24.800000000 -26.518784 -3.290470 -0.018279 -0.001068 0.000402 0.079341 0.996847
24.850000000 -26.552646 -3.295880 -0.018313 -0.001072 0.000402 0.079335 0.996847
24.900000000 -26.585675 -3.301156 -0.018345 -0.001076 0.000402 0.079329 0.996848
24.950000000 -26.617873 -3.306299 -0.018377 -0.001080 0.000401 0.079323 0.996848
25.000000000 -26.649239 -3.311309 -0.018408 -0.001084 0.000401 0.079317 0.996849
25.050000000 -26.679772 -3.316186 -0.018438 -0.001088 0.000401 0.079311 0.996849
25.100000000 -26.709474 -3.320929 -0.018468 -0.001093 0.000401 0.079305 0.996850
25.150000000 -26.738344 -3.325540 -0.018496 -0.001097 0.000401 0.079300 0.996850
25.200000000 -26.766381 -3.330017 -0.018524 -0.001101 0.000401 0.079294 0.996851
25.250000000 -26.793587 -3.334361 -0.018551 -0.001105 0.000400 0.079288 0.996851
25.300000000 -26.819961 -3.338572 -0.018577 -0.001109 0.000400 0.079283 0.996851
25.350000000 -26.845502 -3.342649 -0.018602 -0.001113 0.000400 0.079277 0.996852
25.400000000 -26.870212 -3.346594 -0.018627 -0.001117 0.000400 0.079272 0.996852
25.450000000 -26.894090 -3.350406 -0.018650 -0.001122 0.000400 0.079266 0.996853
25.500000000 -26.917136 -3.354084 -0.018673 -0.001126 0.000399 0.079261 0.996853
25.550000000 -26.939350 -3.357629 -0.018695 -0.001130 0.000399 0.079255 0.996854
25.600000000 -26.960732 -3.361042 -0.018716 -0.001134 0.000399 0.079250 0.996854
25.650000000 -26.981282 -3.364321 -0.018736 -0.001138 0.000399 0.079245 0.996854
25.700000000 -27.000999 -3.367467 -0.018756 -0.001143 0.000399 0.079240 0.996855
25.750000000 -27.019885 -3.370480 -0.018774 -0.001147 0.000398 0.079235 0.996855
25.800000000 -27.037939 -3.373360 -0.018792 -0.001151 0.000398 0.079230 0.996856
25.850000000 -27.055161 -3.376107 -0.018809 -0.001155 0.000398 0.079225 0.996856
25.900000000 -27.071551 -3.378721 -0.018825 -0.001160 0.000398 0.079220 0.996856
25.950000000 -27.087109 -3.381202 -0.018840 -0.001164 0.000397 0.079215 0.996857
26.000000000 -27.101835 -3.383550 -0.018855 -0.001168 0.000397 0.079210 0.996857
26.050000000 -27.115729 -3.385765 -0.018868 -0.001172 0.000397 0.079205 0.996858
26.100000000 -27.128791 -3.387847 -0.018881 -0.001177 0.000397 0.079200 0.996858
26.150000000 -27.141021 -3.389795 -0.018893 -0.001181 0.000396 0.079196 0.996858
26.200000000 -27.152419 -3.391611 -0.018904 -0.001185 0.000396 0.079191 0.996859
26.250000000 -27.162985 -3.393294 -0.018915 -0.001190 0.000396 0.079186 0.996859
26.300000000 -27.172718 -3.394844 -0.018924 -0.001194 0.000395 0.079181 0.996859
26.350000000 -27.181620 -3.396261 -0.018933 -0.001198 0.000395 0.079177 0.996860
26.400000000 -27.189690 -3.397546 -0.018941 -0.001202 0.000395 0.079172 0.996860
26.450000000 -27.196928 -3.398697 -0.018948 -0.001207 0.000395 0.079168 0.996861
26.500000000 -27.203334 -3.399715 -0.018954 -0.001211 0.000394 0.079163 0.996861
26.550000000 -27.208908 -3.400600 -0.018959 -0.001215 0.000394 0.079158 0.996861
26.600000000 -27.213650 -3.401353 -0.018964 -0.001220 0.000394 0.079154 0.996862
26.650000000 -27.217560 -3.401973 -0.018968 -0.001224 0.000393 0.079149 0.996862
26.700000000 -27.220637 -3.402459 -0.018970 -0.001229 0.000393 0.079145 0.996862
26.750000000 -27.222883 -3.402813 -0.018972 -0.001233 0.000393 0.079140 0.996863
26.800000000 -27.224297 -3.403034 -0.018974 -0.001237 0.000392 0.079136 0.996863
26.850000000 -27.224879 -3.403122 -0.018974 -0.001242 0.000392 0.079131 0.996863
26.900000000 -27.224629 -3.403077 -0.018974 -0.001246 0.000392 0.079127 0.996864
26.950000000 -27.223546 -3.402900 -0.018972 -0.001251 0.000391 0.079122 0.996864
27.000000000 -27.221632 -3.402589 -0.018970 -0.001255 0.000391 0.079118 0.996864
27.050000000 -27.218886 -3.402146 -0.018967 -0.001259 0.000391 0.079113 0.996865
27.100000000 -27.215307 -3.401570 -0.018963 -0.001264 0.000390 0.079109 0.996865
27.150000000 -27.210897 -3.400861 -0.018959 -0.001268 0.000390 0.079104 0.996865
27.200000000 -27.205655 -3.400019 -0.018953 -0.001273 0.000390 0.079100 0.996866
27.250000000 -27.199580 -3.399045 -0.018947 -0.001277 0.000389 0.079096 0.996866
27.300000000 -27.192674 -3.397937 -0.018940 -0.001282 0.000389 0.079091 0.996866
27.350000000 -27.184935 -3.396697 -0.018932 -0.001286 0.000389 0.079087 0.996867
27.400000000 -27.176365 -3.395324 -0.018923 -0.001291 0.000388 0.079082 0.996867
27.450000000 -27.167046 -3.393832 -0.018914 -0.001295 0.000388 0.079078 0.996868
27.500000000 -27.157602 -3.392320 -0.018904 -0.001300 0.000388 0.079074 0.996868
27.550000000 -27.148158 -3.390807 -0.018894 -0.001304 0.000387 0.079069 0.996868
27.600000000 -27.138714 -3.389295 -0.018885 -0.001309 0.000387 0.079065 0.996869
27.650000000 -27.129270 -3.387783 -0.018875 -0.001313 0.000386 0.079061 0.996869
27.700000000 -27.119826 -3.386270 -0.018866 -0.001318 0.000386 0.079057 0.996869
27.750000000 -27.110381 -3.384758 -0.018856 -0.001322 0.000386 0.079052 0.996870
27.800000000 -27.100937 -3.383245 -0.018846 -0.001327 0.000385 0.079048 0.996870
27.850000000 -27.091493 -3.381733 -0.018836 -0.001331 0.000385 0.079044 0.996870
27.900000000 -27.082049 -3.380220 -0.018827 -0.001336 0.000384 0.079040 0.996870
27.950000000 -27.072605 -3.378708 -0.018817 -0.001340 0.000384 0.079036 0.996871
28.000000000 -27.063161 -3.377196 -0.018807 -0.001345 0.000383 0.079031 0.996871
28.050000000 -27.053717 -3.375683 -0.018798 -0.001350 0.000383 0.079027 0.996871
28.100000000 -27.044273 -3.374171 -0.018788 -0.001354 0.000383 0.079023 0.996872
28.150000000 -27.034828 -3.372658 -0.018778 -0.001359 0.000382 0.079019 0.996872
28.200000000 -27.025384 -3.371146 -0.018769 -0.001363 0.000382 0.079015 0.996872
28.250000000 -27.015940 -3.369633 -0.018759 -0.001368 0.000381 0.079011 0.996873
28.300000000 -27.006496 -3.368121 -0.018749 -0.001373 0.000381 0.079007 0.996873
28.350000000 -26.997052 -3.366608 -0.018739 -0.001377 0.000380 0.079003 0.996873
28.400000000 -26.987608 -3.365096 -0.018730 -0.001382 0.000380 0.078999 0.996874
28.450000000 -26.978164 -3.363583 -0.018720 -0.001387 0.000379 0.078995 0.996874
28.500000000 -26.968720 -3.362071 -0.018710 -0.001391 0.000379 0.078991 0.996874
28.550000000 -26.959275 -3.360558 -0.018700 -0.001396 0.000378 0.078987 0.996875
28.600000000 -26.949831 -3.359046 -0.018691 -0.001400 0.000378 0.078982 0.996875
28.650000000 -26.940387 -3.357533 -0.018681 -0.001405 0.000377 0.078978 0.996875
28.700000000 -26.930943 -3.356021 -0.018671 -0.001410 0.000377 0.078974 0.996876
28.750000000 -26.921499 -3.354508 -0.018661 -0.001415 0.000376 0.078970 0.996876
28.800000000 -26.912055 -3.352996 -0.018651 -0.001419 0.000376 0.078966 0.996876
28.850000000 -26.902611 -3.351483 -0.018642 -0.001424 0.000375 0.078962 0.996877
28.900000000 -26.893167 -3.349971 -0.018632 -0.001429 0.000375 0.078958 0.996877
28.950000000 -26.883723 -3.348458 -0.018622 -0.001433 0.000374 0.078954 0.996877
29.000000000 -26.874278 -3.346946 -0.018612 -0.001438 0.000373 0.078950 0.996877
29.050000000 -26.864834 -3.345433 -0.018602 -0.001443 0.000373 0.078946 0.996878
29.100000000 -26.855390 -3.343920 -0.018592 -0.001448 0.000372 0.078943 0.996878
29.150000000 -26.845946 -3.342408 -0.018583 -0.001452 0.000372 0.078939 0.996878
29.200000000 -26.836502 -3.340895 -0.018573 -0.001457 0.000371 0.078935 0.996879
29.250000000 -26.827058 -3.339383 -0.018563 -0.001462 0.000371 0.078931 0.996879
29.300000000 -26.817614 -3.337870 -0.018553 -0.001467 0.000370 0.078927 0.996879
29.350000000 -26.808170 -3.336358 -0.018543 -0.001471 0.000369 0.078923 0.996880
29.400000000 -26.798726 -3.334845 -0.018533 -0.001476 0.000369 0.078919 0.996880
29.450000000 -26.789281 -3.333333 -0.018523 -0.001481 0.000368 0.078915 0.996880
29.500000000 -26.779837 -3.331820 -0.018514 -0.001486 0.000368 0.078911 0.996881
29.550000000 -26.770393 -3.330308 -0.018504 -0.001491 0.000367 0.078907 0.996881
29.600000000 -26.760949 -3.328795 -0.018494 -0.001495 0.000366 0.078903 0.996881
29.650000000 -26.751505 -3.327283 -0.018484 -0.001497 0.000366 0.078899 0.996881
29.700000000 -26.742061 -3.325772 -0.018474 -0.001491 0.000366 0.078892 0.996882
29.750000000 -26.732616 -3.324266 -0.018464 -0.001495 0.000365 0.078875 0.996883
29.800000000 -26.723171 -3.322765 -0.018454 -0.001500 0.000365 0.078850 0.996885
29.850000000 -26.713725 -3.321269 -0.018444 -0.001506 0.000364 0.078816 0.996888
29.900000000 -26.704279 -3.319778 -0.018434 -0.001511 0.000363 0.078773 0.996891
29.950000000 -26.694832 -3.318291 -0.018425 -0.001516 0.000362 0.078720 0.996896
30.000000000 -26.685385 -3.316810 -0.018415 -0.001521 0.000362 0.078659 0.996900
30.050000000 -26.675937 -3.315334 -0.018405 -0.001526 0.000361 0.078588 0.996906
30.100000000 -26.666489 -3.313863 -0.018395 -0.001531 0.000360 0.078507 0.996912
30.150000000 -26.657041 -3.312397 -0.018385 -0.001536 0.000359 0.078417 0.996919
30.200000000 -26.647592 -3.310936 -0.018375 -0.001541 0.000358 0.078318 0.996927
30.250000000 -26.638103 -3.309474 -0.018365 -0.001546 0.000358 0.078209 0.996936
30.300000000 -26.627979 -3.307918 -0.018355 -0.001551 0.000357 0.078090 0.996945
30.350000000 -26.617022 -3.306237 -0.018344 -0.001556 0.000356 0.077958 0.996955
30.400000000 -26.605232 -3.304432 -0.018332 -0.001561 0.000355 0.077814 0.996967
30.450000000 -26.592610 -3.302506 -0.018319 -0.001566 0.000355 0.077653 0.996979
30.500000000 -26.579154 -3.300459 -0.018305 -0.001571 0.000354 0.077474 0.996993
30.550000000 -26.564865 -3.298293 -0.018291 -0.001576 0.000353 0.077275 0.997009
30.600000000 -26.549742 -3.296009 -0.018276 -0.001581 0.000353 0.077053 0.997026
30.650000000 -26.533786 -3.293610 -0.018260 -0.001586 0.000352 0.076807 0.997045
30.700000000 -26.516997 -3.291096 -0.018244 -0.001591 0.000352 0.076533 0.997066
30.750000000 -26.499374 -3.288470 -0.018226 -0.001596 0.000352 0.076229 0.997089
30.800000000 -26.480916 -3.285734 -0.018208 -0.001602 0.000352 0.075893 0.997115
30.850000000 -26.461625 -3.282890 -0.018189 -0.001607 0.000352 0.075522 0.997143
30.900000000 -26.441500 -3.279939 -0.018170 -0.001612 0.000352 0.075114 0.997174
30.950000000 -26.420657 -3.276901 -0.018150 -0.001617 0.000352 0.074665 0.997207
31.000000000 -26.399722 -3.273872 -0.018130 -0.001623 0.000352 0.074176 0.997244
31.050000000 -26.378786 -3.270864 -0.018110 -0.001628 0.000352 0.073647 0.997283
31.100000000 -26.357848 -3.267877 -0.018090 -0.001633 0.000352 0.073079 0.997325
31.150000000 -26.336910 -3.264911 -0.018070 -0.001639 0.000352 0.072473 0.997369
31.200000000 -26.315972 -3.261965 -0.018050 -0.001644 0.000352 0.071831 0.997415
31.250000000 -26.295033 -3.259039 -0.018030 -0.001649 0.000351 0.071153 0.997464
31.300000000 -26.274094 -3.256131 -0.018011 -0.001655 0.000351 0.070441 0.997515
31.350000000 -26.253154 -3.253243 -0.017991 -0.001660 0.000350 0.069693 0.997567
31.400000000 -26.232214 -3.250373 -0.017972 -0.001665 0.000350 0.068913 0.997621
31.450000000 -26.211274 -3.247520 -0.017952 -0.001671 0.000349 0.068100 0.997677
31.500000000 -26.190334 -3.244685 -0.017933 -0.001676 0.000348 0.067254 0.997734
31.550000000 -26.169394 -3.241867 -0.017914 -0.001682 0.000347 0.066378 0.997793
31.600000000 -26.148454 -3.239067 -0.017895 -0.001687 0.000346 0.065470 0.997853
31.650000000 -26.127514 -3.236282 -0.017875 -0.001692 0.000345 0.064532 0.997914
31.700000000 -26.106575 -3.233515 -0.017856 -0.001698 0.000344 0.063564 0.997976
31.750000000 -26.085636 -3.230763 -0.017837 -0.001703 0.000343 0.062567 0.998039
31.800000000 -26.064697 -3.228027 -0.017818 -0.001709 0.000342 0.061541 0.998103
31.850000000 -26.043758 -3.225306 -0.017799 -0.001714 0.000341 0.060487 0.998167
31.900000000 -26.022820 -3.222601 -0.017781 -0.001720 0.000339 0.059404 0.998232
31.950000000 -26.001882 -3.219911 -0.017762 -0.001725 0.000338 0.058294 0.998298
32.000000000 -25.980945 -3.217236 -0.017743 -0.001731 0.000336 0.057156 0.998364
32.050000000 -25.960008 -3.214576 -0.017724 -0.001736 0.000335 0.055992 0.998430
32.100000000 -25.939072 -3.211930 -0.017706 -0.001742 0.000333 0.054800 0.998496
32.150000000 -25.918136 -3.209299 -0.017687 -0.001748 0.000332 0.053582 0.998562
32.200000000 -25.897201 -3.206682 -0.017669 -0.001753 0.000330 0.052338 0.998628
32.250000000 -25.876267 -3.204079 -0.017650 -0.001759 0.000328 0.051068 0.998694
32.300000000 -25.855334 -3.201491 -0.017632 -0.001764 0.000327 0.049772 0.998759
32.350000000 -25.834401 -3.198917 -0.017613 -0.001770 0.000325 0.048450 0.998824
32.400000000 -25.813469 -3.196356 -0.017595 -0.001776 0.000323 0.047103 0.998888
32.450000000 -25.792538 -3.193809 -0.017577 -0.001781 0.000321 0.045730 0.998952
32.500000000 -25.771608 -3.191277 -0.017558 -0.001787 0.000319 0.044332 0.999015
32.550000000 -25.750679 -3.188758 -0.017540 -0.001792 0.000317 0.042909 0.999077
32.600000000 -25.729751 -3.186252 -0.017522 -0.001798 0.000315 0.041461 0.999138
32.650000000 -25.708824 -3.183760 -0.017504 -0.001804 0.000313 0.039988 0.999198
32.700000000 -25.687898 -3.181282 -0.017486 -0.001809 0.000311 0.038490 0.999257
32.750000000 -25.666973 -3.178817 -0.017468 -0.001815 0.000309 0.036967 0.999315
32.800000000 -25.646049 -3.176366 -0.017450 -0.001821 0.000306 0.035419 0.999371
32.850000000 -25.625127 -3.173928 -0.017432 -0.001826 0.000304 0.033847 0.999425
32.900000000 -25.604205 -3.171504 -0.017414 -0.001832 0.000302 0.032250 0.999478
32.950000000 -25.583285 -3.169094 -0.017396 -0.001838 0.000300 0.030627 0.999529
33.000000000 -25.562366 -3.166697 -0.017379 -0.001844 0.000297 0.028981 0.999578
33.050000000 -25.541449 -3.164313 -0.017361 -0.001849 0.000295 0.027309 0.999625
33.100000000 -25.520533 -3.161943 -0.017343 -0.001855 0.000292 0.025612 0.999670
33.150000000 -25.499618 -3.159586 -0.017326 -0.001861 0.000290 0.023890 0.999713
33.200000000 -25.478705 -3.157243 -0.017308 -0.001867 0.000287 0.022144 0.999753
33.250000000 -25.457793 -3.154914 -0.017290 -0.001872 0.000285 0.020372 0.999791
33.300000000 -25.436883 -3.152598 -0.017273 -0.001878 0.000282 0.018575 0.999826
33.350000000 -25.415975 -3.150297 -0.017256 -0.001884 0.000279 0.016753 0.999858
33.400000000 -25.395068 -3.148008 -0.017238 -0.001890 0.000277 0.014906 0.999887
33.450000000 -25.374163 -3.145734 -0.017221 -0.001895 0.000274 0.013033 0.999913
33.500000000 -25.353260 -3.143473 -0.017204 -0.001901 0.000271 0.011135 0.999936
33.550000000 -25.332358 -3.141227 -0.017186 -0.001907 0.000268 0.009211 0.999956
33.600000000 -25.311458 -3.138994 -0.017169 -0.001913 0.000266 0.007261 0.999972
33.650000000 -25.290561 -3.136775 -0.017152 -0.001919 0.000263 0.005286 0.999984
33.700000000 -25.269665 -3.134571 -0.017135 -0.001924 0.000260 0.003284 0.999993
33.750000000 -25.248771 -3.132380 -0.017118 -0.001930 0.000257 0.001256 0.999997
33.800000000 -25.227880 -3.130204 -0.017101 -0.001936 0.000254 -0.000798 0.999998
33.850000000 -25.206990 -3.128042 -0.017084 -0.001942 0.000251 -0.002878 0.999994
33.900000000 -25.186103 -3.125895 -0.017067 -0.001948 0.000248 -0.004985 0.999986
33.950000000 -25.165218 -3.123762 -0.017050 -0.001953 0.000245 -0.007119 0.999973
34.000000000 -25.144336 -3.121644 -0.017033 -0.001959 0.000241 -0.009280 0.999955
34.050000000 -25.123456 -3.119540 -0.017017 -0.001965 0.000238 -0.011468 0.999932
34.100000000 -25.102578 -3.117451 -0.017000 -0.001971 0.000235 -0.013684 0.999904
34.150000000 -25.081703 -3.115377 -0.016983 -0.001977 0.000232 -0.015927 0.999871
34.200000000 -25.060830 -3.113318 -0.016967 -0.001983 0.000229 -0.018197 0.999832
34.250000000 -25.039961 -3.111274 -0.016950 -0.001988 0.000225 -0.020496 0.999788
34.300000000 -25.019094 -3.109246 -0.016934 -0.001994 0.000222 -0.022822 0.999738
34.350000000 -24.998229 -3.107232 -0.016917 -0.002000 0.000218 -0.025177 0.999681
34.400000000 -24.977368 -3.105234 -0.016901 -0.002006 0.000215 -0.027560 0.999618
34.450000000 -24.956510 -3.103251 -0.016884 -0.002012 0.000212 -0.029972 0.999549
34.500000000 -24.935655 -3.101284 -0.016868 -0.002018 0.000208 -0.032413 0.999472
34.550000000 -24.914803 -3.099333 -0.016852 -0.002023 0.000205 -0.034883 0.999389
34.600000000 -24.893954 -3.097397 -0.016836 -0.002029 0.000201 -0.037382 0.999299
34.650000000 -24.873109 -3.095478 -0.016820 -0.002035 0.000197 -0.039911 0.999201
34.700000000 -24.852267 -3.093574 -0.016804 -0.002041 0.000194 -0.042470 0.999096
34.750000000 -24.831428 -3.091687 -0.016788 -0.002047 0.000190 -0.045058 0.998982
34.800000000 -24.810593 -3.089816 -0.016772 -0.002052 0.000186 -0.047677 0.998861
34.850000000 -24.789762 -3.087961 -0.016756 -0.002058 0.000183 -0.050326 0.998731
34.900000000 -24.768935 -3.086123 -0.016740 -0.002064 0.000179 -0.053006 0.998592
34.950000000 -24.748111 -3.084301 -0.016724 -0.002070 0.000175 -0.055716 0.998444
35.000000000 -24.727292 -3.082496 -0.016709 -0.002076 0.000171 -0.058458 0.998288
35.050000000 -24.706476 -3.080708 -0.016693 -0.002081 0.000167 -0.061231 0.998121
35.100000000 -24.685665 -3.078937 -0.016677 -0.002087 0.000163 -0.064035 0.997945
35.150000000 -24.664858 -3.077183 -0.016662 -0.002093 0.000159 -0.066871 0.997759
35.200000000 -24.644056 -3.075446 -0.016646 -0.002099 0.000155 -0.069739 0.997563
35.250000000 -24.623258 -3.073726 -0.016631 -0.002104 0.000151 -0.072640 0.997356
35.300000000 -24.602464 -3.072024 -0.016616 -0.002110 0.000147 -0.075572 0.997138
35.350000000 -24.581676 -3.070340 -0.016601 -0.002116 0.000143 -0.078538 0.996909
35.400000000 -24.560892 -3.068673 -0.016585 -0.002121 0.000139 -0.081536 0.996668
35.450000000 -24.540113 -3.067024 -0.016570 -0.002127 0.000135 -0.084567 0.996416
35.500000000 -24.519339 -3.065393 -0.016555 -0.002133 0.000131 -0.087632 0.996151
35.550000000 -24.498571 -3.063780 -0.016540 -0.002138 0.000126 -0.090730 0.995873
35.600000000 -24.477807 -3.062185 -0.016525 -0.002144 0.000122 -0.093861 0.995583
35.650000000 -24.457050 -3.060609 -0.016510 -0.002150 0.000118 -0.097027 0.995279
35.700000000 -24.436297 -3.059050 -0.016496 -0.002155 0.000113 -0.100227 0.994962
35.750000000 -24.415551 -3.057511 -0.016481 -0.002161 0.000109 -0.103461 0.994631
35.800000000 -24.394810 -3.055990 -0.016466 -0.002166 0.000105 -0.106730 0.994286
35.850000000 -24.374076 -3.054487 -0.016452 -0.002172 0.000100 -0.110033 0.993926
35.900000000 -24.353347 -3.053004 -0.016437 -0.002177 0.000096 -0.113372 0.993550
35.950000000 -24.332625 -3.051539 -0.016423 -0.002183 0.000091 -0.116745 0.993159
36.000000000 -24.311909 -3.050093 -0.016408 -0.002188 0.000087 -0.120154 0.992753
36.050000000 -24.291199 -3.048667 -0.016394 -0.002194 0.000082 -0.123598 0.992330
36.100000000 -24.270496 -3.047260 -0.016380 -0.002199 0.000077 -0.127079 0.991890
36.150000000 -24.249800 -3.045872 -0.016366 -0.002205 0.000073 -0.130594 0.991433
36.200000000 -24.229111 -3.044504 -0.016351 -0.002210 0.000068 -0.134146 0.990959
36.250000000 -24.208429 -3.043155 -0.016337 -0.002215 0.000063 -0.137735 0.990467
36.300000000 -24.187755 -3.041826 -0.016323 -0.002221 0.000059 -0.141359 0.989956
36.350000000 -24.167087 -3.040516 -0.016310 -0.002226 0.000054 -0.145020 0.989426
36.400000000 -24.146427 -3.039226 -0.016296 -0.002231 0.000049 -0.148717 0.988877
36.450000000 -24.125775 -3.037957 -0.016282 -0.002236 0.000044 -0.152452 0.988308
36.500000000 -24.105131 -3.036707 -0.016268 -0.002242 0.000039 -0.156222 0.987719
36.550000000 -24.084494 -3.035476 -0.016255 -0.002247 0.000034 -0.160029 0.987110
36.600000000 -24.063865 -3.034265 -0.016241 -0.002252 0.000029 -0.163871 0.986479
36.650000000 -24.043244 -3.033073 -0.016228 -0.002257 0.000024 -0.167748 0.985827
36.700000000 -24.022631 -3.031899 -0.016215 -0.002262 0.000019 -0.171659 0.985154
36.750000000 -24.002026 -3.030744 -0.016201 -0.002267 0.000014 -0.175605 0.984458
36.800000000 -23.981429 -3.029608 -0.016188 -0.002272 0.000009 -0.179583 0.983740
36.850000000 -23.960839 -3.028489 -0.016175 -0.002277 0.000004 -0.183594 0.983000
36.900000000 -23.940257 -3.027388 -0.016162 -0.002282 -0.000001 -0.187637 0.982236
36.950000000 -23.919683 -3.026305 -0.016149 -0.002286 -0.000006 -0.191712 0.981449
37.000000000 -23.899117 -3.025239 -0.016136 -0.002291 -0.000011 -0.195818 0.980638
37.050000000 -23.878559 -3.024190 -0.016123 -0.002296 -0.000016 -0.199954 0.979803
37.100000000 -23.858008 -3.023157 -0.016110 -0.002300 -0.000021 -0.204120 0.978943
37.150000000 -23.837466 -3.022141 -0.016097 -0.002305 -0.000027 -0.208315 0.978059
37.200000000 -23.816931 -3.021141 -0.016085 -0.002310 -0.000032 -0.212538 0.977150
37.250000000 -23.796403 -3.020157 -0.016072 -0.002314 -0.000037 -0.216789 0.976216
37.300000000 -23.775883 -3.019188 -0.016059 -0.002319 -0.000042 -0.221067 0.975256
37.350000000 -23.755371 -3.018235 -0.016047 -0.002323 -0.000047 -0.225371 0.974270
37.400000000 -23.734866 -3.017297 -0.016034 -0.002327 -0.000052 -0.229701 0.973258
37.450000000 -23.714369 -3.016373 -0.016022 -0.002331 -0.000058 -0.234057 0.972220
37.500000000 -23.693879 -3.015464 -0.016009 -0.002336 -0.000063 -0.238436 0.971155
37.550000000 -23.673396 -3.014569 -0.015997 -0.002340 -0.000068 -0.242839 0.970064
37.600000000 -23.652920 -3.013688 -0.015985 -0.002344 -0.000073 -0.247265 0.968945
37.650000000 -23.632452 -3.012820 -0.015972 -0.002348 -0.000078 -0.251713 0.967799
37.700000000 -23.611991 -3.011966 -0.015960 -0.002352 -0.000083 -0.256183 0.966625
37.750000000 -23.591536 -3.011124 -0.015948 -0.002356 -0.000088 -0.260673 0.965424
37.800000000 -23.571089 -3.010295 -0.015936 -0.002359 -0.000093 -0.265183 0.964195
37.850000000 -23.550648 -3.009479 -0.015924 -0.002363 -0.000098 -0.269713 0.962938
37.900000000 -23.530214 -3.008674 -0.015911 -0.002367 -0.000103 -0.274261 0.961652
37.950000000 -23.509786 -3.007882 -0.015899 -0.002370 -0.000108 -0.278826 0.960339
38.000000000 -23.489365 -3.007100 -0.015887 -0.002374 -0.000113 -0.283409 0.958996
38.050000000 -23.468950 -3.006330 -0.015875 -0.002377 -0.000118 -0.288007 0.957625
38.100000000 -23.448541 -3.005571 -0.015863 -0.002381 -0.000123 -0.292621 0.956225
38.150000000 -23.428138 -3.004822 -0.015851 -0.002384 -0.000128 -0.297250 0.954797
38.200000000 -23.407742 -3.004084 -0.015839 -0.002387 -0.000133 -0.301892 0.953339
38.250000000 -23.387351 -3.003355 -0.015828 -0.002390 -0.000137 -0.306548 0.951852
38.300000000 -23.366965 -3.002636 -0.015816 -0.002393 -0.000142 -0.311216 0.950336
38.350000000 -23.346586 -3.001927 -0.015804 -0.002396 -0.000147 -0.315895 0.948791
38.400000000 -23.326211 -3.001227 -0.015792 -0.002399 -0.000151 -0.320585 0.947217
38.450000000 -23.305842 -3.000535 -0.015780 -0.002402 -0.000156 -0.325286 0.945613
38.500000000 -23.285478 -2.999852 -0.015768 -0.002405 -0.000161 -0.329995 0.943980
38.550000000 -23.265120 -2.999178 -0.015756 -0.002407 -0.000165 -0.334713 0.942317
38.600000000 -23.244766 -2.998511 -0.015745 -0.002410 -0.000170 -0.339439 0.940625
38.650000000 -23.224416 -2.997852 -0.015733 -0.002412 -0.000174 -0.344171 0.938904
38.700000000 -23.204072 -2.997201 -0.015721 -0.002415 -0.000178 -0.348910 0.937153
38.750000000 -23.183731 -2.996557 -0.015709 -0.002417 -0.000182 -0.353654 0.935373
38.800000000 -23.163395 -2.995920 -0.015698 -0.002419 -0.000187 -0.358404 0.933564
38.850000000 -23.143063 -2.995289 -0.015686 -0.002421 -0.000191 -0.363157 0.931725
38.900000000 -23.122735 -2.994665 -0.015674 -0.002423 -0.000195 -0.367913 0.929857
38.950000000 -23.102411 -2.994047 -0.015662 -0.002425 -0.000199 -0.372672 0.927960
39.000000000 -23.082091 -2.993434 -0.015651 -0.002427 -0.000203 -0.377432 0.926034
39.050000000 -23.061774 -2.992828 -0.015639 -0.002428 -0.000207 -0.382194 0.924079
39.100000000 -23.041460 -2.992226 -0.015627 -0.002430 -0.000210 -0.386957 0.922095
39.150000000 -23.021150 -2.991630 -0.015615 -0.002431 -0.000214 -0.391719 0.920082
39.200000000 -23.000843 -2.991039 -0.015603 -0.002433 -0.000218 -0.396480 0.918040
39.250000000 -22.980539 -2.990452 -0.015592 -0.002434 -0.000221 -0.401239 0.915970
39.300000000 -22.960237 -2.989870 -0.015580 -0.002435 -0.000225 -0.405996 0.913872
39.350000000 -22.939938 -2.989292 -0.015568 -0.002436 -0.000228 -0.410750 0.911745
39.400000000 -22.919642 -2.988718 -0.015556 -0.002437 -0.000231 -0.415501 0.909590
39.450000000 -22.899348 -2.988148 -0.015544 -0.002438 -0.000234 -0.420247 0.907406
39.500000000 -22.879057 -2.987581 -0.015533 -0.002439 -0.000238 -0.424989 0.905195
39.550000000 -22.858767 -2.987017 -0.015521 -0.002440 -0.000241 -0.429725 0.902957
39.600000000 -22.838480 -2.986456 -0.015509 -0.002440 -0.000244 -0.434455 0.900690
39.650000000 -22.818194 -2.985899 -0.015497 -0.002441 -0.000246 -0.439178 0.898397
39.700000000 -22.797910 -2.985343 -0.015485 -0.002441 -0.000249 -0.443895 0.896076
39.750000000 -22.777628 -2.984791 -0.015473 -0.002441 -0.000252 -0.448603 0.893728
39.800000000 -22.757347 -2.984240 -0.015461 -0.002441 -0.000254 -0.453303 0.891353
39.850000000 -22.737068 -2.983692 -0.015449 -0.002441 -0.000257 -0.457995 0.888952
39.900000000 -22.716790 -2.983145 -0.015437 -0.002441 -0.000259 -0.462677 0.886524
39.950000000 -22.696513 -2.982600 -0.015425 -0.002441 -0.000262 -0.467349 0.884070
40.000000000 -22.676237 -2.982056 -0.015413 -0.002441 -0.000264 -0.472011 0.881589
40.050000000 -22.655961 -2.981513 -0.015401 -0.002441 -0.000266 -0.476662 0.879083
40.100000000 -22.635687 -2.980972 -0.015389 -0.002440 -0.000268 -0.481301 0.876552
40.150000000 -22.615413 -2.980431 -0.015377 -0.002439 -0.000270 -0.485929 0.873995
40.200000000 -22.595141 -2.979891 -0.015365 -0.002439 -0.000272 -0.490545 0.871412
40.250000000 -22.574868 -2.979352 -0.015353 -0.002438 -0.000274 -0.495148 0.868805
40.300000000 -22.554596 -2.978812 -0.015340 -0.002437 -0.000275 -0.499738 0.866173
40.350000000 -22.534324 -2.978273 -0.015328 -0.002436 -0.000277 -0.504315 0.863516
40.400000000 -22.514053 -2.977734 -0.015316 -0.002435 -0.000278 -0.508878 0.860835
40.450000000 -22.493782 -2.977196 -0.015304 -0.002433 -0.000280 -0.513428 0.858129
40.500000000 -22.473511 -2.976657 -0.015291 -0.002432 -0.000281 -0.517963 0.855399
40.550000000 -22.453241 -2.976118 -0.015279 -0.002431 -0.000282 -0.522485 0.852645
40.600000000 -22.432971 -2.975580 -0.015267 -0.002429 -0.000283 -0.526993 0.849866
40.650000000 -22.412701 -2.975041 -0.015254 -0.002427 -0.000285 -0.531486 0.847063
40.700000000 -22.392432 -2.974503 -0.015242 -0.002426 -0.000285 -0.535965 0.844236
40.750000000 -22.372163 -2.973965 -0.015230 -0.002424 -0.000286 -0.540430 0.841385
40.800000000 -22.351895 -2.973427 -0.015217 -0.002422 -0.000287 -0.544880 0.838510
40.850000000 -22.331626 -2.972890 -0.015205 -0.002420 -0.000288 -0.549316 0.835611
40.900000000 -22.311359 -2.972352 -0.015192 -0.002417 -0.000288 -0.553736 0.832689
40.950000000 -22.291091 -2.971815 -0.015180 -0.002415 -0.000289 -0.558142 0.829742
41.000000000 -22.270824 -2.971277 -0.015167 -0.002413 -0.000289 -0.562532 0.826772
41.050000000 -22.250557 -2.970741 -0.015155 -0.002410 -0.000290 -0.566908 0.823778
41.100000000 -22.230291 -2.970204 -0.015142 -0.002407 -0.000290 -0.571268 0.820760
41.150000000 -22.210025 -2.969667 -0.015130 -0.002405 -0.000290 -0.575613 0.817719
41.200000000 -22.189759 -2.969131 -0.015117 -0.002402 -0.000291 -0.579942 0.814654
41.250000000 -22.169494 -2.968595 -0.015104 -0.002399 -0.000291 -0.584255 0.811566
41.300000000 -22.149229 -2.968059 -0.015092 -0.002396 -0.000291 -0.588553 0.808455
41.350000000 -22.128964 -2.967523 -0.015079 -0.002393 -0.000291 -0.592835 0.805321
41.400000000 -22.108700 -2.966988 -0.015067 -0.002390 -0.000291 -0.597100 0.802163
41.450000000 -22.088436 -2.966453 -0.015054 -0.002386 -0.000290 -0.601350 0.798982
41.500000000 -22.068173 -2.965918 -0.015041 -0.002383 -0.000290 -0.605583 0.795778
41.550000000 -22.047910 -2.965383 -0.015029 -0.002379 -0.000290 -0.609800 0.792552
41.600000000 -22.027647 -2.964849 -0.015016 -0.002376 -0.000289 -0.614000 0.789302
41.650000000 -22.007385 -2.964315 -0.015003 -0.002372 -0.000289 -0.618184 0.786030
41.700000000 -21.987123 -2.963781 -0.014991 -0.002368 -0.000289 -0.622351 0.782735
41.750000000 -21.966862 -2.963248 -0.014978 -0.002364 -0.000288 -0.626501 0.779417
41.800000000 -21.946601 -2.962715 -0.014965 -0.002360 -0.000287 -0.630634 0.776077
41.850000000 -21.926340 -2.962182 -0.014952 -0.002356 -0.000287 -0.634750 0.772714
41.900000000 -21.906080 -2.961649 -0.014940 -0.002352 -0.000286 -0.638848 0.769329
41.950000000 -21.885820 -2.961117 -0.014927 -0.002347 -0.000285 -0.642929 0.765922
42.000000000 -21.865561 -2.960585 -0.014914 -0.002343 -0.000284 -0.646993 0.762492
42.050000000 -21.845302 -2.960054 -0.014901 -0.002338 -0.000283 -0.651039 0.759040
42.100000000 -21.825044 -2.959523 -0.014889 -0.002334 -0.000282 -0.655068 0.755567
42.150000000 -21.804786 -2.958992 -0.014876 -0.002329 -0.000281 -0.659078 0.752071
42.200000000 -21.784528 -2.958462 -0.014863 -0.002324 -0.000280 -0.663071 0.748553
42.250000000 -21.764271 -2.957932 -0.014850 -0.002319 -0.000279 -0.667045 0.745013
42.300000000 -21.744015 -2.957402 -0.014838 -0.002314 -0.000278 -0.671002 0.741452
42.350000000 -21.723759 -2.956873 -0.014825 -0.002309 -0.000277 -0.674940 0.737869
42.400000000 -21.703503 -2.956344 -0.014812 -0.002304 -0.000275 -0.678859 0.734265
42.450000000 -21.683248 -2.955815 -0.014799 -0.002298 -0.000274 -0.682760 0.730639
42.500000000 -21.662993 -2.955287 -0.014787 -0.002293 -0.000272 -0.686643 0.726991
42.550000000 -21.642739 -2.954759 -0.014774 -0.002287 -0.000271 -0.690506 0.723323
42.600000000 -21.622485 -2.954232 -0.014761 -0.002282 -0.000269 -0.694350 0.719633
42.650000000 -21.602232 -2.953705 -0.014748 -0.002276 -0.000268 -0.698176 0.715923
42.700000000 -21.581979 -2.953179 -0.014735 -0.002270 -0.000266 -0.701982 0.712191
42.750000000 -21.561727 -2.952653 -0.014723 -0.002264 -0.000264 -0.705769 0.708439
42.800000000 -21.541475 -2.952127 -0.014710 -0.002258 -0.000263 -0.709536 0.704665
42.850000000 -21.521223 -2.951602 -0.014697 -0.002252 -0.000261 -0.713284 0.700872
42.900000000 -21.500972 -2.951077 -0.014684 -0.002246 -0.000259 -0.717012 0.697057
42.950000000 -21.480722 -2.950553 -0.014671 -0.002240 -0.000257 -0.720720 0.693223
43.000000000 -21.460472 -2.950030 -0.014659 -0.002233 -0.000255 -0.724408 0.689367
43.050000000 -21.440222 -2.949506 -0.014646 -0.002227 -0.000253 -0.728077 0.685492
43.100000000 -21.419973 -2.948984 -0.014633 -0.002220 -0.000251 -0.731725 0.681597
43.150000000 -21.399724 -2.948461 -0.014620 -0.002213 -0.000249 -0.735352 0.677681
43.200000000 -21.379476 -2.947940 -0.014607 -0.002206 -0.000247 -0.738959 0.673746
43.250000000 -21.359228 -2.947418 -0.014594 -0.002199 -0.000244 -0.742546 0.669791
43.300000000 -21.338981 -2.946898 -0.014582 -0.002192 -0.000242 -0.746112 0.665817
43.350000000 -21.318734 -2.946377 -0.014569 -0.002185 -0.000240 -0.749657 0.661822
43.400000000 -21.298487 -2.945857 -0.014556 -0.002178 -0.000237 -0.753182 0.657809
43.450000000 -21.278241 -2.945338 -0.014543 -0.002171 -0.000235 -0.756685 0.653776
43.500000000 -21.257996 -2.944819 -0.014530 -0.002163 -0.000232 -0.760167 0.649724
43.550000000 -21.237751 -2.944301 -0.014517 -0.002156 -0.000230 -0.763628 0.645652
43.600000000 -21.217506 -2.943784 -0.014504 -0.002148 -0.000227 -0.767068 0.641562
43.650000000 -21.197262 -2.943266 -0.014491 -0.002140 -0.000224 -0.770486 0.637453
43.700000000 -21.177019 -2.942750 -0.014479 -0.002132 -0.000222 -0.773883 0.633325
43.750000000 -21.156776 -2.942234 -0.014466 -0.002124 -0.000219 -0.777258 0.629179
43.800000000 -21.136533 -2.941718 -0.014453 -0.002116 -0.000216 -0.780611 0.625014
43.850000000 -21.116291 -2.941203 -0.014440 -0.002108 -0.000213 -0.783942 0.620830
43.900000000 -21.096049 -2.940689 -0.014427 -0.002100 -0.000210 -0.787251 0.616629
43.950000000 -21.075808 -2.940175 -0.014414 -0.002091 -0.000207 -0.790538 0.612409
44.000000000 -21.055568 -2.939661 -0.014401 -0.002082 -0.000204 -0.793803 0.608171
44.050000000 -21.035328 -2.939147 -0.014388 -0.002074 -0.000201 -0.797047 0.603914
44.100000000 -21.015089 -2.938634 -0.014375 -0.002065 -0.000198 -0.800268 0.599640
44.150000000 -20.994850 -2.938120 -0.014362 -0.002056 -0.000194 -0.803467 0.595346
44.200000000 -20.974613 -2.937605 -0.014349 -0.002047 -0.000191 -0.806644 0.591035
44.250000000 -20.954377 -2.937090 -0.014336 -0.002038 -0.000187 -0.809799 0.586704
44.300000000 -20.934141 -2.936575 -0.014323 -0.002028 -0.000184 -0.812932 0.582355
44.350000000 -20.913907 -2.936058 -0.014309 -0.002019 -0.000180 -0.816044 0.577987
44.400000000 -20.893675 -2.935540 -0.014296 -0.002009 -0.000177 -0.819133 0.573600
44.450000000 -20.873443 -2.935021 -0.014283 -0.001999 -0.000173 -0.822201 0.569193
44.500000000 -20.853213 -2.934500 -0.014270 -0.001990 -0.000169 -0.825248 0.564767
44.550000000 -20.832985 -2.933977 -0.014257 -0.001980 -0.000165 -0.828272 0.560322
44.600000000 -20.812759 -2.933453 -0.014243 -0.001969 -0.000162 -0.831276 0.555857
44.650000000 -20.792534 -2.932926 -0.014230 -0.001959 -0.000158 -0.834258 0.551371
44.700000000 -20.772311 -2.932397 -0.014217 -0.001949 -0.000154 -0.837218 0.546866
44.750000000 -20.752091 -2.931865 -0.014203 -0.001938 -0.000149 -0.840157 0.542339
44.800000000 -20.731873 -2.931330 -0.014190 -0.001927 -0.000145 -0.843076 0.537792
44.850000000 -20.711658 -2.930793 -0.014176 -0.001916 -0.000141 -0.845972 0.533223
44.900000000 -20.691445 -2.930252 -0.014163 -0.001905 -0.000137 -0.848848 0.528633
44.950000000 -20.671235 -2.929707 -0.014149 -0.001894 -0.000132 -0.851703 0.524021
45.000000000 -20.651028 -2.929159 -0.014136 -0.001882 -0.000128 -0.854538 0.519386
45.050000000 -20.630824 -2.928606 -0.014122 -0.001871 -0.000124 -0.857351 0.514729
45.100000000 -20.610624 -2.928050 -0.014109 -0.001859 -0.000119 -0.860144 0.510048
45.150000000 -20.590427 -2.927489 -0.014095 -0.001847 -0.000115 -0.862916 0.505344
45.200000000 -20.570235 -2.926923 -0.014081 -0.001835 -0.000110 -0.865668 0.500615
45.250000000 -20.550046 -2.926352 -0.014067 -0.001823 -0.000105 -0.868399 0.495862
45.300000000 -20.529861 -2.925776 -0.014054 -0.001811 -0.000100 -0.871110 0.491084
45.350000000 -20.509681 -2.925194 -0.014040 -0.001798 -0.000096 -0.873801 0.486281
45.400000000 -20.489506 -2.924606 -0.014026 -0.001785 -0.000091 -0.876471 0.481450
45.450000000 -20.469336 -2.924013 -0.014012 -0.001772 -0.000086 -0.879122 0.476593
45.500000000 -20.449171 -2.923412 -0.013998 -0.001759 -0.000081 -0.881753 0.471709
45.550000000 -20.429011 -2.922806 -0.013984 -0.001746 -0.000076 -0.884363 0.466796
45.600000000 -20.408858 -2.922192 -0.013970 -0.001733 -0.000071 -0.886954 0.461855
45.650000000 -20.388709 -2.921572 -0.013956 -0.001719 -0.000066 -0.889523 0.456887
45.700000000 -20.368566 -2.920946 -0.013942 -0.001705 -0.000061 -0.892071 0.451892
45.750000000 -20.348427 -2.920316 -0.013928 -0.001691 -0.000056 -0.894596 0.446872
45.800000000 -20.328292 -2.919681 -0.013914 -0.001677 -0.000050 -0.897098 0.441829
45.850000000 -20.308160 -2.919043 -0.013899 -0.001663 -0.000045 -0.899575 0.436763
45.900000000 -20.288031 -2.918401 -0.013885 -0.001649 -0.000040 -0.902027 0.431677
45.950000000 -20.267905 -2.917758 -0.013871 -0.001634 -0.000034 -0.904452 0.426572
46.000000000 -20.247781 -2.917113 -0.013857 -0.001620 -0.000029 -0.906851 0.421449
46.050000000 -20.227657 -2.916467 -0.013842 -0.001605 -0.000024 -0.909221 0.416310
46.100000000 -20.207535 -2.915821 -0.013828 -0.001590 -0.000018 -0.911564 0.411156
46.150000000 -20.187413 -2.915176 -0.013814 -0.001575 -0.000013 -0.913876 0.405989
46.200000000 -20.167291 -2.914531 -0.013799 -0.001560 -0.000007 -0.916159 0.400811
46.250000000 -20.147167 -2.913889 -0.013785 -0.001544 -0.000001 -0.918411 0.395624
46.300000000 -20.127043 -2.913249 -0.013771 -0.001529 0.000004 -0.920632 0.390428
46.350000000 -20.106917 -2.912613 -0.013756 -0.001513 0.000010 -0.922821 0.385226
46.400000000 -20.086788 -2.911980 -0.013742 -0.001498 0.000016 -0.924977 0.380020
46.450000000 -20.066657 -2.911353 -0.013727 -0.001482 0.000022 -0.927100 0.374810
46.500000000 -20.046523 -2.910731 -0.013713 -0.001466 0.000028 -0.929190 0.369600
46.550000000 -20.026385 -2.910115 -0.013699 -0.001450 0.000034 -0.931245 0.364390
46.600000000 -20.006242 -2.909507 -0.013684 -0.001434 0.000040 -0.933266 0.359183
46.650000000 -19.986095 -2.908906 -0.013670 -0.001418 0.000046 -0.935252 0.353979
46.700000000 -19.965943 -2.908314 -0.013655 -0.001401 0.000052 -0.937203 0.348782
46.750000000 -19.945785 -2.907730 -0.013641 -0.001385 0.000058 -0.939118 0.343593
46.800000000 -19.925621 -2.907157 -0.013626 -0.001369 0.000064 -0.940997 0.338413
46.850000000 -19.905450 -2.906595 -0.013612 -0.001352 0.000071 -0.942840 0.333244
46.900000000 -19.885272 -2.906043 -0.013598 -0.001336 0.000077 -0.944646 0.328088
46.950000000 -19.865087 -2.905504 -0.013583 -0.001319 0.000083 -0.946416 0.322947
47.000000000 -19.844895 -2.904978 -0.013569 -0.001302 0.000090 -0.948149 0.317823
47.050000000 -19.824694 -2.904465 -0.013554 -0.001286 0.000096 -0.949846 0.312716
47.100000000 -19.804485 -2.903965 -0.013540 -0.001269 0.000103 -0.951506 0.307627
47.150000000 -19.784269 -2.903478 -0.013526 -0.001252 0.000109 -0.953131 0.302557
47.200000000 -19.764044 -2.903005 -0.013511 -0.001236 0.000116 -0.954720 0.297505
47.250000000 -19.743812 -2.902546 -0.013497 -0.001219 0.000122 -0.956273 0.292472
47.300000000 -19.723572 -2.902099 -0.013483 -0.001202 0.000129 -0.957792 0.287458
47.350000000 -19.703325 -2.901667 -0.013469 -0.001185 0.000136 -0.959277 0.282465
47.400000000 -19.683069 -2.901248 -0.013455 -0.001168 0.000143 -0.960727 0.277492
47.450000000 -19.662807 -2.900844 -0.013440 -0.001151 0.000149 -0.962144 0.272539
47.500000000 -19.642536 -2.900453 -0.013426 -0.001135 0.000156 -0.963527 0.267607
47.550000000 -19.622258 -2.900076 -0.013412 -0.001118 0.000163 -0.964878 0.262697
47.600000000 -19.601972 -2.899713 -0.013398 -0.001101 0.000170 -0.966196 0.257808
47.650000000 -19.581679 -2.899364 -0.013384 -0.001084 0.000177 -0.967481 0.252940
47.700000000 -19.561379 -2.899029 -0.013370 -0.001068 0.000184 -0.968735 0.248095
47.750000000 -19.541072 -2.898709 -0.013356 -0.001051 0.000191 -0.969957 0.243273
47.800000000 -19.520757 -2.898403 -0.013343 -0.001035 0.000198 -0.971149 0.238473
47.850000000 -19.500435 -2.898111 -0.013329 -0.001018 0.000205 -0.972309 0.233695
47.900000000 -19.480106 -2.897833 -0.013315 -0.001001 0.000212 -0.973440 0.228942
47.950000000 -19.459770 -2.897570 -0.013302 -0.000985 0.000219 -0.974540 0.224211
48.000000000 -19.439426 -2.897322 -0.013288 -0.000969 0.000226 -0.975611 0.219504
48.050000000 -19.419077 -2.897088 -0.013274 -0.000952 0.000233 -0.976653 0.214821
48.100000000 -19.398720 -2.896868 -0.013261 -0.000936 0.000240 -0.977666 0.210162
48.150000000 -19.378356 -2.896663 -0.013248 -0.000920 0.000247 -0.978651 0.205527
48.200000000 -19.357986 -2.896473 -0.013234 -0.000904 0.000254 -0.979608 0.200917
48.250000000 -19.337610 -2.896297 -0.013221 -0.000888 0.000261 -0.980537 0.196331
48.300000000 -19.317226 -2.896136 -0.013208 -0.000872 0.000268 -0.981439 0.191770
48.350000000 -19.296837 -2.895990 -0.013195 -0.000856 0.000275 -0.982315 0.187234
48.400000000 -19.276441 -2.895858 -0.013182 -0.000840 0.000282 -0.983164 0.182723
48.450000000 -19.256039 -2.895741 -0.013169 -0.000825 0.000290 -0.983987 0.178237
48.500000000 -19.235630 -2.895639 -0.013156 -0.000809 0.000297 -0.984785 0.173776
48.550000000 -19.215216 -2.895551 -0.013144 -0.000794 0.000304 -0.985557 0.169341
48.600000000 -19.194796 -2.895479 -0.013131 -0.000779 0.000311 -0.986305 0.164931
48.650000000 -19.174369 -2.895421 -0.013118 -0.000764 0.000318 -0.987028 0.160547
48.700000000 -19.153937 -2.895377 -0.013106 -0.000749 0.000325 -0.987727 0.156189
48.750000000 -19.133500 -2.895349 -0.013093 -0.000734 0.000332 -0.988402 0.151856
48.800000000 -19.113056 -2.895335 -0.013081 -0.000719 0.000340 -0.989054 0.147549
48.850000000 -19.092608 -2.895336 -0.013069 -0.000704 0.000347 -0.989684 0.143268
48.900000000 -19.072153 -2.895352 -0.013057 -0.000690 0.000354 -0.990290 0.139013
48.950000000 -19.051694 -2.895382 -0.013045 -0.000675 0.000361 -0.990875 0.134784
49.000000000 -19.031229 -2.895427 -0.013033 -0.000661 0.000368 -0.991437 0.130581
49.050000000 -19.010759 -2.895487 -0.013021 -0.000647 0.000376 -0.991979 0.126404
49.100000000 -18.990284 -2.895561 -0.013009 -0.000633 0.000383 -0.992499 0.122253
49.150000000 -18.969804 -2.895650 -0.012998 -0.000619 0.000390 -0.992998 0.118129
49.200000000 -18.949319 -2.895754 -0.012986 -0.000606 0.000397 -0.993477 0.114030
49.250000000 -18.928829 -2.895872 -0.012975 -0.000592 0.000404 -0.993936 0.109957
49.300000000 -18.908334 -2.896004 -0.012964 -0.000579 0.000412 -0.994375 0.105911
49.350000000 -18.887835 -2.896151 -0.012952 -0.000566 0.000419 -0.994795 0.101890
49.400000000 -18.867332 -2.896313 -0.012941 -0.000553 0.000426 -0.995196 0.097896
49.450000000 -18.846824 -2.896489 -0.012930 -0.000540 0.000433 -0.995579 0.093927
49.500000000 -18.826312 -2.896680 -0.012919 -0.000527 0.000441 -0.995943 0.089985
49.550000000 -18.805795 -2.896884 -0.012908 -0.000514 0.000448 -0.996289 0.086068
49.600000000 -18.785275 -2.897103 -0.012898 -0.000502 0.000455 -0.996618 0.082177
49.650000000 -18.764750 -2.897337 -0.012887 -0.000490 0.000462 -0.996929 0.078312
49.700000000 -18.744222 -2.897584 -0.012877 -0.000478 0.000469 -0.997223 0.074473
49.750000000 -18.723689 -2.897846 -0.012866 -0.000466 0.000477 -0.997500 0.070660
49.800000000 -18.703153 -2.898121 -0.012856 -0.000454 0.000484 -0.997761 0.066872
49.850000000 -18.682613 -2.898411 -0.012846 -0.000442 0.000491 -0.998006 0.063110
49.900000000 -18.662070 -2.898715 -0.012836 -0.000431 0.000499 -0.998236 0.059373
49.950000000 -18.641523 -2.899032 -0.012826 -0.000419 0.000506 -0.998449 0.055662
50.000000000 -18.620973 -2.899364 -0.012816 -0.000408 0.000513 -0.998648 0.051975
50.050000000 -18.600419 -2.899709 -0.012806 -0.000397 0.000520 -0.998832 0.048315
50.100000000 -18.579862 -2.900068 -0.012796 -0.000387 0.000528 -0.999001 0.044679
50.150000000 -18.559302 -2.900440 -0.012787 -0.000376 0.000535 -0.999156 0.041068
50.200000000 -18.538739 -2.900826 -0.012777 -0.000365 0.000542 -0.999297 0.037482
50.250000000 -18.518173 -2.901226 -0.012768 -0.000355 0.000550 -0.999424 0.033921
50.300000000 -18.497605 -2.901639 -0.012759 -0.000345 0.000557 -0.999538 0.030384
50.350000000 -18.477033 -2.902066 -0.012750 -0.000335 0.000564 -0.999639 0.026872
50.400000000 -18.456459 -2.902505 -0.012741 -0.000325 0.000572 -0.999726 0.023385
50.450000000 -18.435882 -2.902958 -0.012732 -0.000316 0.000579 -0.999801 0.019922
50.500000000 -18.415302 -2.903424 -0.012723 -0.000306 0.000586 -0.999864 0.016483
50.550000000 -18.394720 -2.903903 -0.012714 -0.000297 0.000594 -0.999914 0.013067
50.600000000 -18.374136 -2.904395 -0.012705 -0.000288 0.000601 -0.999953 0.009676
50.650000000 -18.353549 -2.904900 -0.012697 -0.000279 0.000608 -0.999980 0.006309
50.700000000 -18.332961 -2.905418 -0.012688 -0.000270 0.000616 -0.999995 0.002965
50.750000000 -18.312370 -2.905948 -0.012680 -0.000261 0.000623 -1.000000 -0.000356
50.800000000 -18.291777 -2.906491 -0.012672 -0.000253 0.000631 -0.999993 -0.003653
50.850000000 -18.271182 -2.907047 -0.012663 -0.000244 0.000638 -0.999976 -0.006927
50.900000000 -18.250585 -2.907615 -0.012655 -0.000236 0.000646 -0.999948 -0.010178
50.950000000 -18.229986 -2.908195 -0.012647 -0.000228 0.000653 -0.999910 -0.013406
51.000000000 -18.209386 -2.908787 -0.012640 -0.000220 0.000660 -0.999862 -0.016611
51.050000000 -18.188784 -2.909392 -0.012632 -0.000212 0.000668 -0.999804 -0.019794
51.100000000 -18.168180 -2.910009 -0.012624 -0.000205 0.000675 -0.999736 -0.022955
51.150000000 -18.147575 -2.910638 -0.012616 -0.000197 0.000683 -0.999659 -0.026094
51.200000000 -18.126969 -2.911278 -0.012609 -0.000190 0.000690 -0.999573 -0.029210
51.250000000 -18.106361 -2.911931 -0.012602 -0.000183 0.000698 -0.999478 -0.032305
51.300000000 -18.085751 -2.912595 -0.012594 -0.000176 0.000706 -0.999374 -0.035378
51.350000000 -18.065141 -2.913270 -0.012587 -0.000169 0.000713 -0.999261 -0.038430
51.400000000 -18.044529 -2.913957 -0.012580 -0.000163 0.000721 -0.999140 -0.041460
51.450000000 -18.023916 -2.914656 -0.012573 -0.000156 0.000728 -0.999010 -0.044469
51.500000000 -18.003302 -2.915366 -0.012566 -0.000150 0.000736 -0.998873 -0.047457
51.550000000 -17.982687 -2.916086 -0.012559 -0.000144 0.000744 -0.998728 -0.050425
51.600000000 -17.962072 -2.916818 -0.012552 -0.000137 0.000751 -0.998574 -0.053372
51.650000000 -17.941455 -2.917561 -0.012545 -0.000132 0.000759 -0.998414 -0.056298
51.700000000 -17.920838 -2.918315 -0.012539 -0.000126 0.000767 -0.998246 -0.059204
51.750000000 -17.900219 -2.919080 -0.012532 -0.000120 0.000774 -0.998070 -0.062091
51.800000000 -17.879601 -2.919855 -0.012526 -0.000115 0.000782 -0.997888 -0.064957
51.850000000 -17.858981 -2.920640 -0.012519 -0.000109 0.000790 -0.997698 -0.067804
51.900000000 -17.838361 -2.921436 -0.012513 -0.000104 0.000797 -0.997502 -0.070631
51.950000000 -17.817741 -2.922243 -0.012507 -0.000099 0.000805 -0.997299 -0.073440
52.000000000 -17.797120 -2.923060 -0.012501 -0.000094 0.000813 -0.997090 -0.076229
52.050000000 -17.776499 -2.923886 -0.012495 -0.000089 0.000821 -0.996874 -0.078999
52.100000000 -17.755878 -2.924723 -0.012489 -0.000084 0.000828 -0.996652 -0.081751
52.150000000 -17.735256 -2.925569 -0.012483 -0.000080 0.000836 -0.996424 -0.084484
52.200000000 -17.714634 -2.926426 -0.012477 -0.000075 0.000844 -0.996191 -0.087199
52.250000000 -17.694012 -2.927292 -0.012471 -0.000071 0.000852 -0.995951 -0.089896
52.300000000 -17.673390 -2.928167 -0.012466 -0.000067 0.000860 -0.995705 -0.092574
52.350000000 -17.652768 -2.929052 -0.012460 -0.000063 0.000868 -0.995454 -0.095236
52.400000000 -17.632146 -2.929946 -0.012455 -0.000059 0.000876 -0.995198 -0.097880
52.450000000 -17.611523 -2.930850 -0.012449 -0.000055 0.000884 -0.994936 -0.100506
52.500000000 -17.590901 -2.931762 -0.012444 -0.000051 0.000892 -0.994669 -0.103116
52.550000000 -17.570280 -2.932684 -0.012438 -0.000047 0.000900 -0.994397 -0.105708
52.600000000 -17.549658 -2.933614 -0.012433 -0.000044 0.000908 -0.994120 -0.108284
52.650000000 -17.529037 -2.934553 -0.012428 -0.000041 0.000916 -0.993837 -0.110844
52.700000000 -17.508416 -2.935500 -0.012423 -0.000037 0.000924 -0.993550 -0.113387
52.750000000 -17.487795 -2.936456 -0.012418 -0.000034 0.000932 -0.993259 -0.115914
52.800000000 -17.467175 -2.937421 -0.012413 -0.000031 0.000940 -0.992963 -0.118425
52.850000000 -17.446555 -2.938394 -0.012408 -0.000028 0.000948 -0.992662 -0.120921
52.900000000 -17.425936 -2.939374 -0.012403 -0.000025 0.000956 -0.992356 -0.123401
52.950000000 -17.405317 -2.940363 -0.012398 -0.000023 0.000964 -0.992047 -0.125866
53.000000000 -17.384699 -2.941360 -0.012394 -0.000020 0.000972 -0.991733 -0.128316
53.050000000 -17.364081 -2.942364 -0.012389 -0.000018 0.000980 -0.991415 -0.130752
53.100000000 -17.343464 -2.943376 -0.012384 -0.000015 0.000989 -0.991092 -0.133172
53.150000000 -17.322848 -2.944396 -0.012380 -0.000013 0.000997 -0.990766 -0.135578
53.200000000 -17.302232 -2.945423 -0.012375 -0.000011 0.001005 -0.990436 -0.137970
53.250000000 -17.281618 -2.946457 -0.012371 -0.000009 0.001013 -0.990102 -0.140348
53.300000000 -17.261004 -2.947499 -0.012367 -0.000007 0.001022 -0.989764 -0.142712
53.350000000 -17.240391 -2.948547 -0.012362 -0.000005 0.001030 -0.989422 -0.145063
53.400000000 -17.219779 -2.949603 -0.012358 -0.000003 0.001038 -0.989076 -0.147400
53.450000000 -17.199168 -2.950665 -0.012354 -0.000001 0.001047 -0.988727 -0.149724
53.500000000 -17.178557 -2.951734 -0.012350 0.000000 0.001055 -0.988375 -0.152035
53.550000000 -17.157948 -2.952809 -0.012346 0.000002 0.001063 -0.988018 -0.154333
53.600000000 -17.137340 -2.953891 -0.012342 0.000003 0.001072 -0.987658 -0.156619
53.650000000 -17.116733 -2.954979 -0.012338 0.000005 0.001080 -0.987295 -0.158893
53.700000000 -17.096127 -2.956073 -0.012334 0.000006 0.001089 -0.986929 -0.161154
53.750000000 -17.075522 -2.957174 -0.012330 0.000007 0.001097 -0.986559 -0.163403
53.800000000 -17.054919 -2.958280 -0.012326 0.000008 0.001105 -0.986185 -0.165641
53.850000000 -17.034316 -2.959392 -0.012322 0.000009 0.001114 -0.985809 -0.167867
53.900000000 -17.013715 -2.960509 -0.012319 0.000010 0.001122 -0.985429 -0.170082
53.950000000 -16.993115 -2.961632 -0.012315 0.000011 0.001131 -0.985046 -0.172286
54.000000000 -16.972517 -2.962761 -0.012311 0.000012 0.001140 -0.984660 -0.174479
54.050000000 -16.951920 -2.963894 -0.012308 0.000013 0.001148 -0.984271 -0.176661
54.100000000 -16.931324 -2.965033 -0.012304 0.000013 0.001157 -0.983879 -0.178833
54.150000000 -16.910729 -2.966177 -0.012301 0.000014 0.001165 -0.983483 -0.180994
54.200000000 -16.890136 -2.967326 -0.012298 0.000014 0.001174 -0.983085 -0.183146
54.250000000 -16.869545 -2.968479 -0.012294 0.000015 0.001183 -0.982684 -0.185287
54.300000000 -16.848955 -2.969637 -0.012291 0.000015 0.001191 -0.982279 -0.187419
54.350000000 -16.828366 -2.970800 -0.012288 0.000015 0.001200 -0.981872 -0.189542
54.400000000 -16.807779 -2.971966 -0.012284 0.000015 0.001209 -0.981462 -0.191655
54.450000000 -16.787194 -2.973137 -0.012281 0.000016 0.001218 -0.981048 -0.193760
54.500000000 -16.766610 -2.974312 -0.012278 0.000016 0.001226 -0.980632 -0.195855
54.550000000 -16.746028 -2.975491 -0.012275 0.000016 0.001235 -0.980213 -0.197942
54.600000000 -16.725448 -2.976674 -0.012272 0.000015 0.001244 -0.979791 -0.200021
54.650000000 -16.704869 -2.977861 -0.012269 0.000015 0.001253 -0.979366 -0.202091
54.700000000 -16.684292 -2.979050 -0.012266 0.000015 0.001261 -0.978938 -0.204154
54.750000000 -16.663717 -2.980244 -0.012263 0.000015 0.001270 -0.978507 -0.206208
54.800000000 -16.643143 -2.981440 -0.012260 0.000014 0.001279 -0.978074 -0.208256
54.850000000 -16.622572 -2.982640 -0.012257 0.000014 0.001288 -0.977637 -0.210295
54.900000000 -16.602002 -2.983842 -0.012255 0.000013 0.001297 -0.977198 -0.212328
54.950000000 -16.581434 -2.985048 -0.012252 0.000013 0.001306 -0.976755 -0.214354
55.000000000 -16.560868 -2.986256 -0.012249 0.000012 0.001315 -0.976310 -0.216373
55.050000000 -16.540304 -2.987467 -0.012246 0.000012 0.001324 -0.975862 -0.218385
55.100000000 -16.519741 -2.988680 -0.012244 0.000011 0.001333 -0.975411 -0.220391
55.150000000 -16.499181 -2.989895 -0.012241 0.000010 0.001342 -0.974957 -0.222392
55.200000000 -16.478623 -2.991112 -0.012239 0.000009 0.001351 -0.974499 -0.224386
55.250000000 -16.458066 -2.992331 -0.012236 0.000008 0.001360 -0.974039 -0.226374
55.300000000 -16.437512 -2.993552 -0.012234 0.000007 0.001369 -0.973576 -0.228357
55.350000000 -16.416960 -2.994775 -0.012231 0.000006 0.001378 -0.973110 -0.230335
55.400000000 -16.396409 -2.996000 -0.012229 0.000005 0.001387 -0.972641 -0.232308
55.450000000 -16.375861 -2.997225 -0.012227 0.000004 0.001396 -0.972169 -0.234276
55.500000000 -16.355315 -2.998452 -0.012224 0.000003 0.001405 -0.971694 -0.236239
55.550000000 -16.334771 -2.999680 -0.012222 0.000002 0.001415 -0.971216 -0.238198
55.600000000 -16.314230 -3.000909 -0.012220 0.000000 0.001424 -0.970734 -0.240153
55.650000000 -16.293690 -3.002138 -0.012218 -0.000001 0.001433 -0.970249 -0.242104
55.700000000 -16.273153 -3.003369 -0.012216 -0.000003 0.001442 -0.969761 -0.244050
55.750000000 -16.252618 -3.004599 -0.012213 -0.000004 0.001451 -0.969270 -0.245994
55.800000000 -16.232085 -3.005830 -0.012211 -0.000005 0.001461 -0.968776 -0.247934
55.850000000 -16.211555 -3.007061 -0.012209 -0.000007 0.001470 -0.968278 -0.249870
55.900000000 -16.191027 -3.008293 -0.012207 -0.000009 0.001479 -0.967777 -0.251803
55.950000000 -16.170501 -3.009524 -0.012205 -0.000010 0.001488 -0.967273 -0.253733
56.000000000 -16.149977 -3.010756 -0.012203 -0.000012 0.001498 -0.966766 -0.255660
56.050000000 -16.129456 -3.011988 -0.012202 -0.000014 0.001507 -0.966255 -0.257583
56.100000000 -16.108937 -3.013220 -0.012200 -0.000016 0.001516 -0.965741 -0.259503
56.150000000 -16.088420 -3.014452 -0.012198 -0.000017 0.001526 -0.965224 -0.261420
56.200000000 -16.067906 -3.015685 -0.012196 -0.000019 0.001535 -0.964704 -0.263333
56.250000000 -16.047394 -3.016917 -0.012194 -0.000021 0.001544 -0.964180 -0.265243
56.300000000 -16.026884 -3.018150 -0.012193 -0.000023 0.001554 -0.963654 -0.267149
56.350000000 -16.006377 -3.019383 -0.012191 -0.000025 0.001563 -0.963124 -0.269052
56.400000000 -15.985872 -3.020617 -0.012189 -0.000027 0.001573 -0.962592 -0.270951
56.450000000 -15.965369 -3.021850 -0.012188 -0.000029 0.001582 -0.962056 -0.272847
56.500000000 -15.944869 -3.023084 -0.012186 -0.000031 0.001592 -0.961518 -0.274739
56.550000000 -15.924371 -3.024318 -0.012185 -0.000034 0.001601 -0.960976 -0.276628
56.600000000 -15.903876 -3.025552 -0.012183 -0.000036 0.001611 -0.960431 -0.278513
56.650000000 -15.883382 -3.026786 -0.012182 -0.000038 0.001620 -0.959884 -0.280394
56.700000000 -15.862892 -3.028020 -0.012180 -0.000040 0.001630 -0.959333 -0.282272
56.750000000 -15.842403 -3.029255 -0.012179 -0.000043 0.001639 -0.958780 -0.284146
56.800000000 -15.821917 -3.030490 -0.012177 -0.000045 0.001649 -0.958223 -0.286017
56.850000000 -15.801434 -3.031724 -0.012176 -0.000047 0.001658 -0.957664 -0.287884
56.900000000 -15.780952 -3.032960 -0.012175 -0.000050 0.001668 -0.957102 -0.289747
56.950000000 -15.760473 -3.034195 -0.012173 -0.000052 0.001677 -0.956537 -0.291606
57.000000000 -15.739997 -3.035430 -0.012172 -0.000055 0.001687 -0.955969 -0.293462
57.050000000 -15.719523 -3.036666 -0.012171 -0.000057 0.001697 -0.955399 -0.295314
57.100000000 -15.699051 -3.037902 -0.012170 -0.000060 0.001706 -0.954825 -0.297163
57.150000000 -15.678582 -3.039138 -0.012169 -0.000062 0.001716 -0.954249 -0.299007
57.200000000 -15.658116 -3.040374 -0.012167 -0.000065 0.001726 -0.953671 -0.300848
57.250000000 -15.637651 -3.041610 -0.012166 -0.000067 0.001735 -0.953089 -0.302685
57.300000000 -15.617189 -3.042847 -0.012165 -0.000070 0.001745 -0.952505 -0.304518
57.350000000 -15.596730 -3.044083 -0.012164 -0.000073 0.001755 -0.951918 -0.306347
57.400000000 -15.576273 -3.045320 -0.012163 -0.000076 0.001764 -0.951329 -0.308172
57.450000000 -15.555819 -3.046557 -0.012162 -0.000078 0.001774 -0.950737 -0.309993
57.500000000 -15.535366 -3.047794 -0.012161 -0.000081 0.001784 -0.950143 -0.311811
57.550000000 -15.514917 -3.049031 -0.012160 -0.000084 0.001794 -0.949545 -0.313624
57.600000000 -15.494470 -3.050269 -0.012159 -0.000087 0.001803 -0.948946 -0.315434
57.650000000 -15.474025 -3.051506 -0.012158 -0.000090 0.001813 -0.948344 -0.317239
57.700000000 -15.453583 -3.052744 -0.012157 -0.000092 0.001823 -0.947739 -0.319041
57.750000000 -15.433143 -3.053982 -0.012156 -0.000095 0.001833 -0.947132 -0.320839
57.800000000 -15.412706 -3.055220 -0.012156 -0.000098 0.001843 -0.946523 -0.322632
57.850000000 -15.392271 -3.056458 -0.012155 -0.000101 0.001852 -0.945911 -0.324422
57.900000000 -15.371839 -3.057697 -0.012154 -0.000104 0.001862 -0.945296 -0.326208
57.950000000 -15.351410 -3.058935 -0.012153 -0.000107 0.001872 -0.944680 -0.327989
58.000000000 -15.330982 -3.060174 -0.012153 -0.000110 0.001882 -0.944061 -0.329766
58.050000000 -15.310558 -3.061413 -0.012152 -0.000113 0.001892 -0.943439 -0.331540
58.100000000 -15.290136 -3.062652 -0.012151 -0.000116 0.001902 -0.942816 -0.333309
58.150000000 -15.269716 -3.063891 -0.012151 -0.000119 0.001912 -0.942190 -0.335074
58.200000000 -15.249299 -3.065130 -0.012150 -0.000123 0.001922 -0.941562 -0.336835
58.250000000 -15.228884 -3.066370 -0.012149 -0.000126 0.001932 -0.940931 -0.338592
58.300000000 -15.208472 -3.067609 -0.012149 -0.000129 0.001942 -0.940299 -0.340344
58.350000000 -15.188063 -3.068849 -0.012148 -0.000132 0.001952 -0.939664 -0.342093
58.400000000 -15.167656 -3.070089 -0.012148 -0.000135 0.001961 -0.939027 -0.343837
58.450000000 -15.147251 -3.071329 -0.012147 -0.000138 0.001971 -0.938388 -0.345577
58.500000000 -15.126849 -3.072569 -0.012147 -0.000142 0.001981 -0.937747 -0.347312
58.550000000 -15.106450 -3.073809 -0.012146 -0.000145 0.001992 -0.937104 -0.349044
58.600000000 -15.086053 -3.075050 -0.012146 -0.000148 0.002002 -0.936459 -0.350771
58.650000000 -15.065659 -3.076290 -0.012145 -0.000151 0.002012 -0.935812 -0.352494
58.700000000 -15.045268 -3.077531 -0.012145 -0.000155 0.002022 -0.935163 -0.354213
58.750000000 -15.024878 -3.078772 -0.012144 -0.000158 0.002032 -0.934512 -0.355927
58.800000000 -15.004492 -3.080013 -0.012144 -0.000161 0.002042 -0.933858 -0.357637
58.850000000 -14.984108 -3.081254 -0.012144 -0.000165 0.002052 -0.933203 -0.359343
58.900000000 -14.963727 -3.082495 -0.012143 -0.000168 0.002062 -0.932546 -0.361044
58.950000000 -14.943348 -3.083736 -0.012143 -0.000172 0.002072 -0.931888 -0.362741
59.000000000 -14.922972 -3.084978 -0.012143 -0.000175 0.002082 -0.931227 -0.364434
59.050000000 -14.902599 -3.086219 -0.012142 -0.000178 0.002092 -0.930565 -0.366122
59.100000000 -14.882228 -3.087461 -0.012142 -0.000182 0.002103 -0.929900 -0.367806
59.150000000 -14.861859 -3.088703 -0.012142 -0.000185 0.002113 -0.929234 -0.369485
59.200000000 -14.841494 -3.089945 -0.012142 -0.000189 0.002123 -0.928566 -0.371160
59.250000000 -14.821131 -3.091187 -0.012142 -0.000192 0.002133 -0.927897 -0.372831
59.300000000 -14.800770 -3.092429 -0.012141 -0.000196 0.002143 -0.927226 -0.374497
59.350000000 -14.780412 -3.093671 -0.012141 -0.000199 0.002153 -0.926553 -0.376158
59.400000000 -14.760057 -3.094913 -0.012141 -0.000203 0.002164 -0.925878 -0.377816
59.450000000 -14.739704 -3.096156 -0.012141 -0.000206 0.002174 -0.925202 -0.379468
59.500000000 -14.719354 -3.097399 -0.012141 -0.000210 0.002184 -0.924524 -0.381116
59.550000000 -14.699007 -3.098641 -0.012141 -0.000213 0.002194 -0.923845 -0.382760
59.600000000 -14.678662 -3.099884 -0.012141 -0.000217 0.002205 -0.923164 -0.384399
59.650000000 -14.658320 -3.101127 -0.012141 -0.000220 0.002215 -0.922482 -0.386034
59.700000000 -14.637981 -3.102370 -0.012141 -0.000224 0.002225 -0.921798 -0.387664
59.750000000 -14.617644 -3.103613 -0.012141 -0.000228 0.002236 -0.921113 -0.389289
59.800000000 -14.597310 -3.104856 -0.012141 -0.000231 0.002246 -0.920426 -0.390910
59.850000000 -14.576979 -3.106100 -0.012141 -0.000235 0.002256 -0.919738 -0.392527
59.900000000 -14.556650 -3.107343 -0.012141 -0.000239 0.002267 -0.919048 -0.394138
59.950000000 -14.536324 -3.108587 -0.012141 -0.000242 0.002277 -0.918357 -0.395746
60.000000000 -14.516000 -3.109830 -0.012141 -0.000246 0.002287 -0.917665 -0.397348
60.050000000 -14.495680 -3.111074 -0.012141 -0.000249 0.002298 -0.916971 -0.398946
60.100000000 -14.475361 -3.112318 -0.012141 -0.000253 0.002308 -0.916277 -0.400539
60.150000000 -14.455046 -3.113562 -0.012141 -0.000257 0.002319 -0.915580 -0.402128
60.200000000 -14.434733 -3.114805 -0.012142 -0.000261 0.002329 -0.914883 -0.403712
60.250000000 -14.414423 -3.116050 -0.012142 -0.000264 0.002339 -0.914184 -0.405292
60.300000000 -14.394116 -3.117294 -0.012142 -0.000268 0.002350 -0.913485 -0.406866
60.350000000 -14.373811 -3.118538 -0.012142 -0.000272 0.002360 -0.912784 -0.408436
60.400000000 -14.353509 -3.119782 -0.012142 -0.000275 0.002371 -0.912082 -0.410002
60.450000000 -14.333210 -3.121027 -0.012143 -0.000279 0.002381 -0.911378 -0.411562
60.500000000 -14.312913 -3.122271 -0.012143 -0.000283 0.002392 -0.910674 -0.413118
60.550000000 -14.292619 -3.123516 -0.012143 -0.000287 0.002402 -0.909969 -0.414670
60.600000000 -14.272328 -3.124760 -0.012144 -0.000290 0.002413 -0.909262 -0.416216
60.650000000 -14.252040 -3.126005 -0.012144 -0.000294 0.002423 -0.908555 -0.417758
60.700000000 -14.231754 -3.127250 -0.012144 -0.000298 0.002434 -0.907847 -0.419295
60.750000000 -14.211471 -3.128495 -0.012145 -0.000302 0.002444 -0.907137 -0.420827
60.800000000 -14.191191 -3.129740 -0.012145 -0.000305 0.002455 -0.906427 -0.422355
60.850000000 -14.170913 -3.130985 -0.012145 -0.000309 0.002465 -0.905716 -0.423878
60.900000000 -14.150638 -3.132230 -0.012146 -0.000313 0.002476 -0.905004 -0.425396
60.950000000 -14.130366 -3.133475 -0.012146 -0.000317 0.002487 -0.904291 -0.426909
61.000000000 -14.110096 -3.134720 -0.012146 -0.000321 0.002497 -0.903577 -0.428418
61.050000000 -14.089830 -3.135965 -0.012147 -0.000324 0.002508 -0.902863 -0.429922
61.100000000 -14.069566 -3.137210 -0.012147 -0.000328 0.002518 -0.902147 -0.431421
61.150000000 -14.049304 -3.138456 -0.012148 -0.000332 0.002529 -0.901431 -0.432915
61.200000000 -14.029046 -3.139701 -0.012148 -0.000336 0.002540 -0.900714 -0.434404
61.250000000 -14.008790 -3.140947 -0.012149 -0.000340 0.002550 -0.899997 -0.435889
61.300000000 -13.988537 -3.142192 -0.012149 -0.000344 0.002561 -0.899279 -0.437368
61.350000000 -13.968287 -3.143438 -0.012150 -0.000347 0.002572 -0.898560 -0.438843
61.400000000 -13.948039 -3.144684 -0.012150 -0.000351 0.002582 -0.897840 -0.440313
61.450000000 -13.927795 -3.145929 -0.012151 -0.000355 0.002593 -0.897120 -0.441779
61.500000000 -13.907553 -3.147175 -0.012152 -0.000359 0.002604 -0.896400 -0.443239
61.550000000 -13.887313 -3.148421 -0.012152 -0.000363 0.002615 -0.895678 -0.444695
61.600000000 -13.867077 -3.149667 -0.012153 -0.000367 0.002625 -0.894957 -0.446145
61.650000000 -13.846843 -3.150913 -0.012153 -0.000371 0.002636 -0.894234 -0.447591
61.700000000 -13.826612 -3.152159 -0.012154 -0.000374 0.002647 -0.893512 -0.449032
61.750000000 -13.806384 -3.153405 -0.012155 -0.000378 0.002658 -0.892788 -0.450468
61.800000000 -13.786158 -3.154651 -0.012155 -0.000382 0.002668 -0.892065 -0.451899
61.850000000 -13.765936 -3.155897 -0.012156 -0.000386 0.002679 -0.891341 -0.453326
61.900000000 -13.745716 -3.157143 -0.012157 -0.000390 0.002690 -0.890616 -0.454747
61.950000000 -13.725499 -3.158389 -0.012157 -0.000394 0.002701 -0.889892 -0.456164
62.000000000 -13.705284 -3.159635 -0.012158 -0.000398 0.002712 -0.889166 -0.457576
62.050000000 -13.685073 -3.160881 -0.012159 -0.000401 0.002723 -0.888441 -0.458982
62.100000000 -13.664864 -3.162128 -0.012159 -0.000405 0.002733 -0.887715 -0.460384
62.150000000 -13.644658 -3.163374 -0.012160 -0.000409 0.002744 -0.886989 -0.461781
62.200000000 -13.624455 -3.164620 -0.012161 -0.000413 0.002755 -0.886263 -0.463174
62.250000000 -13.604254 -3.165867 -0.012162 -0.000417 0.002766 -0.885537 -0.464561
62.300000000 -13.584056 -3.167113 -0.012162 -0.000421 0.002777 -0.884810 -0.465943
62.350000000 -13.563861 -3.168359 -0.012163 -0.000425 0.002788 -0.884084 -0.467320
62.400000000 -13.543669 -3.169606 -0.012164 -0.000428 0.002799 -0.883357 -0.468693
62.450000000 -13.523480 -3.170852 -0.012165 -0.000432 0.002810 -0.882630 -0.470060
62.500000000 -13.503294 -3.172099 -0.012166 -0.000436 0.002821 -0.881903 -0.471423
62.550000000 -13.483110 -3.173345 -0.012167 -0.000440 0.002832 -0.881175 -0.472781
62.600000000 -13.462929 -3.174592 -0.012167 -0.000444 0.002843 -0.880448 -0.474134
62.650000000 -13.442751 -3.175838 -0.012168 -0.000448 0.002854 -0.879721 -0.475481
62.700000000 -13.422575 -3.177085 -0.012169 -0.000452 0.002865 -0.878994 -0.476824
62.750000000 -13.402403 -3.178331 -0.012170 -0.000455 0.002876 -0.878267 -0.478162
62.800000000 -13.382233 -3.179578 -0.012171 -0.000459 0.002887 -0.877540 -0.479495
62.850000000 -13.362066 -3.180824 -0.012172 -0.000463 0.002898 -0.876813 -0.480823
62.900000000 -13.341902 -3.182071 -0.012173 -0.000467 0.002909 -0.876086 -0.482147
62.950000000 -13.321741 -3.183318 -0.012174 -0.000471 0.002920 -0.875359 -0.483465
63.000000000 -13.301582 -3.184564 -0.012175 -0.000475 0.002931 -0.874632 -0.484778
63.050000000 -13.281427 -3.185811 -0.012176 -0.000479 0.002942 -0.873906 -0.486086
63.100000000 -13.261274 -3.187057 -0.012176 -0.000482 0.002953 -0.873179 -0.487390
63.150000000 -13.241124 -3.188304 -0.012177 -0.000486 0.002964 -0.872453 -0.488688
63.200000000 -13.220977 -3.189551 -0.012178 -0.000490 0.002975 -0.871727 -0.489982
63.250000000 -13.200832 -3.190797 -0.012179 -0.000494 0.002986 -0.871002 -0.491270
63.300000000 -13.180691 -3.192044 -0.012180 -0.000498 0.002997 -0.870277 -0.492554
63.350000000 -13.160552 -3.193291 -0.012181 -0.000501 0.003008 -0.869552 -0.493833
63.400000000 -13.140416 -3.194537 -0.012182 -0.000505 0.003020 -0.868827 -0.495106
63.450000000 -13.120283 -3.195784 -0.012183 -0.000509 0.003031 -0.868103 -0.496375
63.500000000 -13.100153 -3.197030 -0.012184 -0.000513 0.003042 -0.867379 -0.497639
63.550000000 -13.080025 -3.198277 -0.012186 -0.000517 0.003053 -0.866655 -0.498898
63.600000000 -13.059900 -3.199523 -0.012187 -0.000520 0.003064 -0.865932 -0.500152
63.650000000 -13.039779 -3.200770 -0.012188 -0.000524 0.003076 -0.865210 -0.501401
63.700000000 -13.019660 -3.202017 -0.012189 -0.000528 0.003087 -0.864487 -0.502645
63.750000000 -12.999543 -3.203263 -0.012190 -0.000532 0.003098 -0.863766 -0.503884
63.800000000 -12.979430 -3.204510 -0.012191 -0.000535 0.003109 -0.863045 -0.505118
63.850000000 -12.959319 -3.205756 -0.012192 -0.000539 0.003121 -0.862324 -0.506347
63.900000000 -12.939212 -3.207003 -0.012193 -0.000543 0.003132 -0.861604 -0.507571
63.950000000 -12.919107 -3.208249 -0.012194 -0.000547 0.003143 -0.860885 -0.508790
64.000000000 -12.899005 -3.209496 -0.012195 -0.000550 0.003154 -0.860166 -0.510005
64.050000000 -12.878906 -3.210742 -0.012196 -0.000554 0.003166 -0.859447 -0.511214
64.100000000 -12.858809 -3.211988 -0.012198 -0.000558 0.003177 -0.858730 -0.512418
64.150000000 -12.838716 -3.213235 -0.012199 -0.000562 0.003188 -0.858013 -0.513618
64.200000000 -12.818625 -3.214481 -0.012200 -0.000565 0.003200 -0.857297 -0.514812
64.250000000 -12.798537 -3.215728 -0.012201 -0.000569 0.003211 -0.856581 -0.516002
64.300000000 -12.778452 -3.216974 -0.012202 -0.000573 0.003222 -0.855866 -0.517187
64.350000000 -12.758370 -3.218220 -0.012203 -0.000576 0.003234 -0.855152 -0.518366
64.400000000 -12.738291 -3.219466 -0.012204 -0.000580 0.003245 -0.854439 -0.519541
64.450000000 -12.718214 -3.220713 -0.012206 -0.000584 0.003256 -0.853727 -0.520711
64.500000000 -12.698141 -3.221959 -0.012207 -0.000587 0.003268 -0.853015 -0.521876
64.550000000 -12.678070 -3.223205 -0.012208 -0.000591 0.003279 -0.852304 -0.523036
64.600000000 -12.658002 -3.224451 -0.012209 -0.000595 0.003291 -0.851594 -0.524191
64.650000000 -12.637937 -3.225697 -0.012210 -0.000598 0.003302 -0.850885 -0.525341
64.700000000 -12.617874 -3.226943 -0.012212 -0.000602 0.003314 -0.850177 -0.526486
64.750000000 -12.597815 -3.228189 -0.012213 -0.000605 0.003325 -0.849470 -0.527627
64.800000000 -12.577758 -3.229435 -0.012214 -0.000609 0.003336 -0.848763 -0.528762
64.850000000 -12.557705 -3.230681 -0.012215 -0.000612 0.003348 -0.848058 -0.529893
64.900000000 -12.537654 -3.231927 -0.012216 -0.000616 0.003359 -0.847354 -0.531018
64.950000000 -12.517606 -3.233173 -0.012218 -0.000620 0.003371 -0.846650 -0.532139
65.000000000 -12.497560 -3.234419 -0.012219 -0.000623 0.003382 -0.845948 -0.533255
65.050000000 -12.477518 -3.235664 -0.012220 -0.000627 0.003394 -0.845247 -0.534365
65.100000000 -12.457478 -3.236910 -0.012221 -0.000630 0.003405 -0.844546 -0.535471
65.150000000 -12.437442 -3.238156 -0.012223 -0.000634 0.003417 -0.843847 -0.536572
65.200000000 -12.417408 -3.239401 -0.012224 -0.000637 0.003429 -0.843149 -0.537669
65.250000000 -12.397377 -3.240647 -0.012225 -0.000641 0.003440 -0.842452 -0.538760
65.300000000 -12.377349 -3.241892 -0.012226 -0.000644 0.003452 -0.841756 -0.539846
65.350000000 -12.357323 -3.243138 -0.012228 -0.000648 0.003463 -0.841062 -0.540928
65.400000000 -12.337301 -3.244383 -0.012229 -0.000651 0.003475 -0.840368 -0.542004
65.450000000 -12.317281 -3.245629 -0.012230 -0.000654 0.003486 -0.839676 -0.543076
65.500000000 -12.297264 -3.246874 -0.012232 -0.000658 0.003498 -0.838985 -0.544143
65.550000000 -12.277251 -3.248119 -0.012233 -0.000661 0.003510 -0.838295 -0.545205
65.600000000 -12.257239 -3.249364 -0.012234 -0.000665 0.003521 -0.837607 -0.546262
65.650000000 -12.237231 -3.250609 -0.012235 -0.000668 0.003533 -0.836919 -0.547315
65.700000000 -12.217226 -3.251855 -0.012237 -0.000671 0.003545 -0.836233 -0.548362
65.750000000 -12.197223 -3.253100 -0.012238 -0.000675 0.003556 -0.835549 -0.549405
65.800000000 -12.177224 -3.254344 -0.012239 -0.000678 0.003568 -0.834865 -0.550442
65.850000000 -12.157227 -3.255589 -0.012241 -0.000681 0.003580 -0.834183 -0.551475
65.900000000 -12.137233 -3.256834 -0.012242 -0.000685 0.003591 -0.833503 -0.552503
65.950000000 -12.117242 -3.258079 -0.012243 -0.000688 0.003603 -0.832823 -0.553527
66.000000000 -12.097253 -3.259324 -0.012244 -0.000691 0.003615 -0.832146 -0.554545
66.050000000 -12.077268 -3.260568 -0.012246 -0.000694 0.003627 -0.831469 -0.555559
66.100000000 -12.057285 -3.261813 -0.012247 -0.000698 0.003638 -0.830794 -0.556567
66.150000000 -12.037305 -3.263057 -0.012248 -0.000701 0.003650 -0.830121 -0.557571
66.200000000 -12.017328 -3.264302 -0.012250 -0.000704 0.003662 -0.829449 -0.558571
66.250000000 -11.997354 -3.265546 -0.012251 -0.000707 0.003674 -0.828778 -0.559565
66.300000000 -11.977383 -3.266790 -0.012252 -0.000710 0.003685 -0.828109 -0.560554
66.350000000 -11.957415 -3.268034 -0.012254 -0.000713 0.003697 -0.827442 -0.561539
66.400000000 -11.937449 -3.269278 -0.012255 -0.000717 0.003709 -0.826776 -0.562519
66.450000000 -11.917486 -3.270522 -0.012256 -0.000720 0.003721 -0.826111 -0.563494
66.500000000 -11.897526 -3.271766 -0.012258 -0.000723 0.003733 -0.825448 -0.564465
66.550000000 -11.877569 -3.273010 -0.012259 -0.000726 0.003744 -0.824787 -0.565430
66.600000000 -11.857615 -3.274254 -0.012260 -0.000729 0.003756 -0.824128 -0.566391
66.650000000 -11.837664 -3.275498 -0.012262 -0.000732 0.003768 -0.823470 -0.567347
66.700000000 -11.817715 -3.276741 -0.012263 -0.000735 0.003780 -0.822813 -0.568299
66.750000000 -11.797770 -3.277985 -0.012264 -0.000738 0.003792 -0.822159 -0.569245
66.800000000 -11.777827 -3.279228 -0.012265 -0.000741 0.003804 -0.821506 -0.570187
66.850000000 -11.757887 -3.280472 -0.012267 -0.000744 0.003816 -0.820854 -0.571124
66.900000000 -11.737950 -3.281715 -0.012268 -0.000747 0.003828 -0.820205 -0.572057
66.950000000 -11.718015 -3.282958 -0.012269 -0.000750 0.003839 -0.819557 -0.572985
67.000000000 -11.698084 -3.284201 -0.012271 -0.000753 0.003851 -0.818911 -0.573908
67.050000000 -11.678155 -3.285444 -0.012272 -0.000756 0.003863 -0.818266 -0.574826
67.100000000 -11.658230 -3.286687 -0.012273 -0.000759 0.003875 -0.817624 -0.575739
67.150000000 -11.638307 -3.287930 -0.012275 -0.000761 0.003887 -0.816983 -0.576648
67.200000000 -11.618386 -3.289173 -0.012276 -0.000764 0.003899 -0.816344 -0.577552
67.250000000 -11.598469 -3.290416 -0.012277 -0.000767 0.003911 -0.815707 -0.578452
67.300000000 -11.578555 -3.291658 -0.012279 -0.000770 0.003923 -0.815071 -0.579347
67.350000000 -11.558643 -3.292901 -0.012280 -0.000773 0.003935 -0.814438 -0.580237
67.400000000 -11.538734 -3.294143 -0.012281 -0.000775 0.003947 -0.813806 -0.581122
67.450000000 -11.518828 -3.295386 -0.012282 -0.000778 0.003959 -0.813177 -0.582003
67.500000000 -11.498925 -3.296628 -0.012284 -0.000781 0.003971 -0.812549 -0.582879
67.550000000 -11.479025 -3.297870 -0.012285 -0.000784 0.003983 -0.811923 -0.583751
67.600000000 -11.459127 -3.299112 -0.012286 -0.000786 0.003995 -0.811299 -0.584617
67.650000000 -11.439233 -3.300354 -0.012288 -0.000789 0.004007 -0.810677 -0.585480
67.700000000 -11.419341 -3.301596 -0.012289 -0.000792 0.004019 -0.810057 -0.586337
67.750000000 -11.399452 -3.302837 -0.012290 -0.000794 0.004031 -0.809439 -0.587190
67.800000000 -11.379566 -3.304079 -0.012291 -0.000797 0.004043 -0.808823 -0.588038
67.850000000 -11.359682 -3.305321 -0.012293 -0.000799 0.004056 -0.808208 -0.588882
67.900000000 -11.339802 -3.306562 -0.012294 -0.000802 0.004068 -0.807596 -0.589721
67.950000000 -11.319924 -3.307803 -0.012295 -0.000804 0.004080 -0.806986 -0.590556
68.000000000 -11.300049 -3.309045 -0.012297 -0.000807 0.004092 -0.806378 -0.591386
68.050000000 -11.280177 -3.310286 -0.012298 -0.000809 0.004104 -0.805772 -0.592211
68.100000000 -11.260308 -3.311527 -0.012299 -0.000812 0.004116 -0.805168 -0.593032
68.150000000 -11.240442 -3.312768 -0.012300 -0.000814 0.004128 -0.804566 -0.593848
68.200000000 -11.220578 -3.314008 -0.012302 -0.000817 0.004140 -0.803967 -0.594659
68.250000000 -11.200717 -3.315249 -0.012303 -0.000819 0.004153 -0.803369 -0.595467
68.300000000 -11.180859 -3.316490 -0.012304 -0.000821 0.004165 -0.802773 -0.596269
68.350000000 -11.161004 -3.317730 -0.012305 -0.000824 0.004177 -0.802180 -0.597067
68.400000000 -11.141152 -3.318971 -0.012306 -0.000826 0.004189 -0.801589 -0.597860
68.450000000 -11.121302 -3.320211 -0.012308 -0.000828 0.004201 -0.801000 -0.598649
68.500000000 -11.101456 -3.321451 -0.012309 -0.000831 0.004214 -0.800413 -0.599434
68.550000000 -11.081612 -3.322691 -0.012310 -0.000833 0.004226 -0.799828 -0.600214
68.600000000 -11.061771 -3.323931 -0.012311 -0.000835 0.004238 -0.799246 -0.600989
68.650000000 -11.041932 -3.325171 -0.012313 -0.000837 0.004250 -0.798665 -0.601760
68.700000000 -11.022097 -3.326411 -0.012314 -0.000840 0.004263 -0.798087 -0.602526
68.750000000 -11.002264 -3.327650 -0.012315 -0.000842 0.004275 -0.797511 -0.603288
68.800000000 -10.982434 -3.328890 -0.012316 -0.000844 0.004287 -0.796938 -0.604046
68.850000000 -10.962607 -3.330129 -0.012317 -0.000846 0.004299 -0.796366 -0.604799
68.900000000 -10.942783 -3.331368 -0.012318 -0.000848 0.004312 -0.795797 -0.605547
68.950000000 -10.922961 -3.332607 -0.012320 -0.000850 0.004324 -0.795230 -0.606291
69.000000000 -10.903143 -3.333846 -0.012321 -0.000852 0.004336 -0.794666 -0.607031
69.050000000 -10.883327 -3.335085 -0.012322 -0.000854 0.004349 -0.794104 -0.607766
69.100000000 -10.863514 -3.336324 -0.012323 -0.000856 0.004361 -0.793544 -0.608497
69.150000000 -10.843704 -3.337563 -0.012324 -0.000858 0.004373 -0.792986 -0.609223
69.200000000 -10.823896 -3.338801 -0.012325 -0.000860 0.004386 -0.792431 -0.609945
69.250000000 -10.804091 -3.340040 -0.012326 -0.000862 0.004398 -0.791878 -0.610663
69.300000000 -10.784289 -3.341278 -0.012328 -0.000864 0.004410 -0.791328 -0.611376
69.350000000 -10.764490 -3.342516 -0.012329 -0.000866 0.004423 -0.790780 -0.612084
69.400000000 -10.744694 -3.343754 -0.012330 -0.000867 0.004435 -0.790234 -0.612789
69.450000000 -10.724900 -3.344992 -0.012331 -0.000869 0.004447 -0.789691 -0.613489
69.500000000 -10.705110 -3.346230 -0.012332 -0.000871 0.004460 -0.789150 -0.614184
69.550000000 -10.685322 -3.347468 -0.012333 -0.000873 0.004472 -0.788611 -0.614875
69.600000000 -10.665537 -3.348705 -0.012334 -0.000874 0.004485 -0.788075 -0.615562
69.650000000 -10.645754 -3.349943 -0.012335 -0.000876 0.004497 -0.787541 -0.616245
69.700000000 -10.625974 -3.351180 -0.012336 -0.000878 0.004509 -0.787010 -0.616923
69.750000000 -10.606198 -3.352417 -0.012337 -0.000879 0.004522 -0.786481 -0.617597
69.800000000 -10.586424 -3.353655 -0.012338 -0.000881 0.004534 -0.785955 -0.618266
69.850000000 -10.566652 -3.354891 -0.012339 -0.000883 0.004547 -0.785431 -0.618931
69.900000000 -10.546884 -3.356128 -0.012340 -0.000884 0.004559 -0.784910 -0.619592
69.950000000 -10.527118 -3.357365 -0.012341 -0.000886 0.004572 -0.784391 -0.620249
70.000000000 -10.507355 -3.358602 -0.012342 -0.000887 0.004584 -0.783875 -0.620901
70.050000000 -10.487595 -3.359838 -0.012343 -0.000889 0.004597 -0.783361 -0.621549
70.100000000 -10.467837 -3.361074 -0.012344 -0.000890 0.004609 -0.782850 -0.622193
70.150000000 -10.448083 -3.362311 -0.012345 -0.000892 0.004622 -0.782341 -0.622832
70.200000000 -10.428331 -3.363547 -0.012346 -0.000893 0.004634 -0.781835 -0.623468
70.250000000 -10.408581 -3.364783 -0.012347 -0.000894 0.004647 -0.781331 -0.624099
70.300000000 -10.388835 -3.366018 -0.012348 -0.000896 0.004659 -0.780830 -0.624725
70.350000000 -10.369091 -3.367254 -0.012349 -0.000897 0.004672 -0.780332 -0.625348
70.400000000 -10.349351 -3.368490 -0.012350 -0.000898 0.004684 -0.779836 -0.625966
70.450000000 -10.329612 -3.369725 -0.012351 -0.000900 0.004697 -0.779342 -0.626580
70.500000000 -10.309877 -3.370960 -0.012352 -0.000901 0.004710 -0.778852 -0.627190
70.550000000 -10.290144 -3.372195 -0.012353 -0.000902 0.004722 -0.778364 -0.627795
70.600000000 -10.270414 -3.373430 -0.012354 -0.000903 0.004735 -0.777878 -0.628397
70.650000000 -10.250687 -3.374665 -0.012354 -0.000904 0.004747 -0.777395 -0.628994
70.700000000 -10.230963 -3.375900 -0.012355 -0.000905 0.004760 -0.776915 -0.629587
70.750000000 -10.211241 -3.377135 -0.012356 -0.000906 0.004773 -0.776437 -0.630176
70.800000000 -10.191522 -3.378369 -0.012357 -0.000907 0.004785 -0.775962 -0.630761
70.850000000 -10.171806 -3.379603 -0.012358 -0.000909 0.004798 -0.775490 -0.631341
70.900000000 -10.152093 -3.380838 -0.012359 -0.000910 0.004811 -0.775020 -0.631917
70.950000000 -10.132382 -3.382072 -0.012359 -0.000895 0.004843 -0.774552 -0.632491
71.000000000 -10.112674 -3.383306 -0.012360 -0.000892 0.004859 -0.774087 -0.633060
71.050000000 -10.092967 -3.384540 -0.012361 -0.000894 0.004871 -0.773625 -0.633625
71.100000000 -10.073259 -3.385795 -0.012362 -0.000896 0.004883 -0.773164 -0.634187
71.150000000 -10.053437 -3.387632 -0.012358 -0.000897 0.004895 -0.772706 -0.634745
71.200000000 -10.033454 -3.390295 -0.012347 -0.000899 0.004908 -0.772250 -0.635300
71.250000000 -10.013311 -3.393784 -0.012331 -0.000901 0.004921 -0.771795 -0.635851
71.300000000 -9.993009 -3.398101 -0.012307 -0.000903 0.004934 -0.771344 -0.636399
71.350000000 -9.972550 -3.403243 -0.012278 -0.000905 0.004948 -0.770894 -0.636944
71.400000000 -9.951933 -3.409213 -0.012242 -0.000908 0.004963 -0.770446 -0.637485
71.450000000 -9.931162 -3.416010 -0.012199 -0.000911 0.004977 -0.770001 -0.638023
71.500000000 -9.910236 -3.423634 -0.012150 -0.000914 0.004992 -0.769558 -0.638557
71.550000000 -9.889157 -3.432085 -0.012094 -0.000918 0.005007 -0.769117 -0.639088
71.600000000 -9.867927 -3.441363 -0.012032 -0.000922 0.005023 -0.768678 -0.639616
71.650000000 -9.846546 -3.451470 -0.011964 -0.000927 0.005039 -0.768242 -0.640140
71.700000000 -9.825016 -3.462406 -0.011888 -0.000932 0.005055 -0.767809 -0.640658
71.750000000 -9.803340 -3.474173 -0.011807 -0.000937 0.005071 -0.767382 -0.641170
71.800000000 -9.781519 -3.486774 -0.011718 -0.000942 0.005088 -0.766961 -0.641673
71.850000000 -9.759555 -3.500208 -0.011623 -0.000948 0.005106 -0.766547 -0.642167
71.900000000 -9.737451 -3.514479 -0.011521 -0.000955 0.005124 -0.766143 -0.642649
71.950000000 -9.715209 -3.529587 -0.011412 -0.000962 0.005142 -0.765750 -0.643117
72.000000000 -9.692831 -3.545535 -0.011297 -0.000969 0.005160 -0.765370 -0.643569
72.050000000 -9.670319 -3.562324 -0.011175 -0.000976 0.005180 -0.765005 -0.644003
72.100000000 -9.647677 -3.579955 -0.011046 -0.000984 0.005199 -0.764658 -0.644415
72.150000000 -9.624906 -3.598431 -0.010909 -0.000992 0.005219 -0.764330 -0.644804
72.200000000 -9.602010 -3.617753 -0.010766 -0.001001 0.005239 -0.764024 -0.645166
72.250000000 -9.578992 -3.637923 -0.010616 -0.001009 0.005260 -0.763743 -0.645498
72.300000000 -9.555853 -3.658942 -0.010459 -0.001018 0.005282 -0.763490 -0.645798
72.350000000 -9.532598 -3.680813 -0.010294 -0.001027 0.005303 -0.763267 -0.646060
72.400000000 -9.509229 -3.703537 -0.010123 -0.001036 0.005326 -0.763079 -0.646283
72.450000000 -9.485749 -3.727115 -0.009944 -0.001046 0.005348 -0.762928 -0.646461
72.500000000 -9.462161 -3.751551 -0.009757 -0.001055 0.005371 -0.762818 -0.646590
72.550000000 -9.438469 -3.776844 -0.009564 -0.001065 0.005395 -0.762753 -0.646666
72.600000000 -9.414676 -3.802998 -0.009362 -0.001074 0.005418 -0.762737 -0.646685
72.650000000 -9.390786 -3.830014 -0.009154 -0.001083 0.005443 -0.762775 -0.646641
72.700000000 -9.366801 -3.857893 -0.008937 -0.001092 0.005467 -0.762870 -0.646528
72.750000000 -9.342725 -3.886638 -0.008713 -0.001100 0.005492 -0.763027 -0.646342
72.800000000 -9.318562 -3.916250 -0.008480 -0.001108 0.005517 -0.763252 -0.646076
72.850000000 -9.294316 -3.946731 -0.008240 -0.001116 0.005542 -0.763550 -0.645724
72.900000000 -9.269990 -3.978082 -0.007992 -0.001123 0.005568 -0.763926 -0.645278
72.950000000 -9.245588 -4.010305 -0.007736 -0.001129 0.005593 -0.764387 -0.644733
73.000000000 -9.221114 -4.043402 -0.007472 -0.001134 0.005619 -0.764937 -0.644079
73.050000000 -9.196572 -4.077374 -0.007199 -0.001139 0.005645 -0.765584 -0.643310
73.100000000 -9.171965 -4.112222 -0.006918 -0.001142 0.005670 -0.766335 -0.642416
73.150000000 -9.147298 -4.147948 -0.006629 -0.001144 0.005696 -0.767195 -0.641388
73.200000000 -9.122566 -4.184549 -0.006331 -0.001144 0.005722 -0.768161 -0.640230
73.250000000 -9.097760 -4.222018 -0.006025 -0.001143 0.005747 -0.769225 -0.638951
73.300000000 -9.072870 -4.260350 -0.005711 -0.001141 0.005773 -0.770375 -0.637564
73.350000000 -9.047884 -4.299539 -0.005388 -0.001138 0.005798 -0.771600 -0.636080
73.400000000 -9.022792 -4.339581 -0.005058 -0.001133 0.005822 -0.772892 -0.634510
73.450000000 -8.997584 -4.380470 -0.004719 -0.001127 0.005847 -0.774239 -0.632865
73.500000000 -8.972247 -4.422202 -0.004373 -0.001120 0.005870 -0.775632 -0.631157
73.550000000 -8.946771 -4.464772 -0.004018 -0.001113 0.005894 -0.777061 -0.629397
73.600000000 -8.921145 -4.508177 -0.003656 -0.001104 0.005917 -0.778516 -0.627596
73.650000000 -8.895357 -4.552412 -0.003286 -0.001094 0.005939 -0.779988 -0.625766
73.700000000 -8.869396 -4.597474 -0.002909 -0.001083 0.005961 -0.781467 -0.623917
73.750000000 -8.843252 -4.643359 -0.002524 -0.001072 0.005982 -0.782947 -0.622059
73.800000000 -8.816915 -4.690062 -0.002132 -0.001060 0.006002 -0.784417 -0.620204
73.850000000 -8.790373 -4.737580 -0.001733 -0.001048 0.006023 -0.785871 -0.618360
73.900000000 -8.763617 -4.785909 -0.001326 -0.001035 0.006042 -0.787301 -0.616538
73.950000000 -8.736639 -4.835045 -0.000913 -0.001022 0.006061 -0.788701 -0.614746
74.000000000 -8.709428 -4.884984 -0.000492 -0.001009 0.006080 -0.790064 -0.612994
74.050000000 -8.681977 -4.935724 -0.000064 -0.000996 0.006098 -0.791384 -0.611288
74.100000000 -8.654277 -4.987261 0.000370 -0.000982 0.006116 -0.792656 -0.609637
74.150000000 -8.626320 -5.039591 0.000812 -0.000969 0.006133 -0.793875 -0.608049
74.200000000 -8.598101 -5.092712 0.001260 -0.000956 0.006150 -0.795037 -0.606528
74.250000000 -8.569611 -5.146622 0.001715 -0.000944 0.006167 -0.796138 -0.605083
74.300000000 -8.540845 -5.201317 0.002176 -0.000931 0.006183 -0.797175 -0.603716
74.350000000 -8.511799 -5.256796 0.002644 -0.000919 0.006199 -0.798144 -0.602435
74.400000000 -8.482466 -5.313056 0.003119 -0.000908 0.006215 -0.799043 -0.601241
74.450000000 -8.452843 -5.370096 0.003600 -0.000897 0.006230 -0.799871 -0.600139
74.500000000 -8.422926 -5.427913 0.004087 -0.000887 0.006246 -0.800626 -0.599132
74.550000000 -8.392713 -5.486508 0.004581 -0.000878 0.006261 -0.801306 -0.598221
74.600000000 -8.362199 -5.545878 0.005082 -0.000869 0.006276 -0.801913 -0.597408
74.650000000 -8.331385 -5.606022 0.005588 -0.000861 0.006291 -0.802444 -0.596694
74.700000000 -8.300268 -5.666941 0.006102 -0.000854 0.006306 -0.802901 -0.596078
74.750000000 -8.268847 -5.728634 0.006622 -0.000848 0.006321 -0.803284 -0.595562
74.800000000 -8.237122 -5.791099 0.007148 -0.000843 0.006335 -0.803594 -0.595144
74.850000000 -8.205094 -5.854339 0.007681 -0.000839 0.006350 -0.803832 -0.594822
74.900000000 -8.172762 -5.918352 0.008221 -0.000835 0.006365 -0.804000 -0.594595
74.950000000 -8.140127 -5.983140 0.008767 -0.000832 0.006380 -0.804099 -0.594461
75.000000000 -8.107192 -6.048702 0.009320 -0.000831 0.006394 -0.804132 -0.594416
75.050000000 -8.073957 -6.115041 0.009880 -0.000830 0.006409 -0.804100 -0.594459
75.100000000 -8.040426 -6.182157 0.010447 -0.000830 0.006424 -0.804007 -0.594585
75.150000000 -8.006600 -6.250050 0.011020 -0.000830 0.006439 -0.803855 -0.594790
75.200000000 -7.972481 -6.318723 0.011601 -0.000832 0.006453 -0.803646 -0.595072
75.250000000 -7.938074 -6.388178 0.012188 -0.000834 0.006468 -0.803383 -0.595426
75.300000000 -7.903381 -6.458415 0.012783 -0.000837 0.006483 -0.803071 -0.595848
75.350000000 -7.868406 -6.529436 0.013385 -0.000840 0.006498 -0.802710 -0.596333
75.400000000 -7.833152 -6.601243 0.013995 -0.000844 0.006513 -0.802305 -0.596878
75.450000000 -7.797623 -6.673838 0.014611 -0.000849 0.006528 -0.801860 -0.597476
75.500000000 -7.761822 -6.747223 0.015236 -0.000854 0.006543 -0.801375 -0.598125
75.550000000 -7.725755 -6.821399 0.015868 -0.000860 0.006558 -0.800857 -0.598820
75.600000000 -7.689424 -6.896369 0.016507 -0.000866 0.006573 -0.800306 -0.599555
75.650000000 -7.652834 -6.972134 0.017155 -0.000872 0.006587 -0.799727 -0.600328
75.700000000 -7.615988 -7.048697 0.017810 -0.000878 0.006602 -0.799122 -0.601133
75.750000000 -7.578892 -7.126060 0.018473 -0.000885 0.006617 -0.798494 -0.601966
75.800000000 -7.541549 -7.204223 0.019144 -0.000892 0.006632 -0.797846 -0.602824
75.850000000 -7.503962 -7.283190 0.019824 -0.000899 0.006646 -0.797182 -0.603702
75.900000000 -7.466137 -7.362961 0.020512 -0.000906 0.006661 -0.796503 -0.604597
75.950000000 -7.428076 -7.443539 0.021208 -0.000913 0.006675 -0.795812 -0.605506
76.000000000 -7.389784 -7.524925 0.021912 -0.000920 0.006689 -0.795112 -0.606425
76.050000000 -7.351264 -7.607120 0.022625 -0.000927 0.006703 -0.794405 -0.607351
76.100000000 -7.312521 -7.690127 0.023346 -0.000933 0.006717 -0.793692 -0.608282
76.150000000 -7.273556 -7.773947 0.024076 -0.000940 0.006731 -0.792977 -0.609214
76.200000000 -7.234375 -7.858580 0.024815 -0.000946 0.006745 -0.792260 -0.610145
76.250000000 -7.194980 -7.944029 0.025562 -0.000953 0.006759 -0.791544 -0.611074
76.300000000 -7.155374 -8.030294 0.026318 -0.000959 0.006772 -0.790830 -0.611997
76.350000000 -7.115561 -8.117375 0.027083 -0.000964 0.006785 -0.790120 -0.612914
76.400000000 -7.075542 -8.205275 0.027857 -0.000970 0.006799 -0.789414 -0.613822
76.450000000 -7.035322 -8.293994 0.028639 -0.000975 0.006812 -0.788714 -0.614721
76.500000000 -6.994903 -8.383533 0.029431 -0.000980 0.006824 -0.788021 -0.615610
76.550000000 -6.954287 -8.473892 0.030231 -0.000984 0.006837 -0.787336 -0.616486
76.600000000 -6.913476 -8.565072 0.031040 -0.000989 0.006850 -0.786658 -0.617350
76.650000000 -6.872473 -8.657074 0.031859 -0.000993 0.006862 -0.785990 -0.618200
76.700000000 -6.831280 -8.749898 0.032686 -0.000996 0.006874 -0.785331 -0.619037
76.750000000 -6.789899 -8.843544 0.033523 -0.000999 0.006887 -0.784681 -0.619860
76.800000000 -6.748332 -8.938014 0.034368 -0.001002 0.006899 -0.784041 -0.620669
76.850000000 -6.706580 -9.033308 0.035223 -0.001005 0.006910 -0.783412 -0.621464
76.900000000 -6.664645 -9.129425 0.036087 -0.001007 0.006922 -0.782792 -0.622244
76.950000000 -6.622529 -9.226367 0.036960 -0.001010 0.006934 -0.782182 -0.623011
77.000000000 -6.580233 -9.324133 0.037842 -0.001011 0.006945 -0.781582 -0.623763
77.050000000 -6.537759 -9.422723 0.038733 -0.001013 0.006957 -0.780992 -0.624502
77.100000000 -6.495211 -9.521688 0.039628 -0.001014 0.006968 -0.780412 -0.625226
77.150000000 -6.452675 -9.620658 0.040524 -0.001014 0.006979 -0.779848 -0.625929
77.200000000 -6.410157 -9.719635 0.041420 -0.001014 0.006990 -0.779305 -0.626605
77.250000000 -6.367660 -9.818620 0.042317 -0.001013 0.007000 -0.778786 -0.627250
77.300000000 -6.325185 -9.917613 0.043215 -0.001012 0.007010 -0.778294 -0.627860
77.350000000 -6.282734 -10.016616 0.044113 -0.001010 0.007020 -0.777832 -0.628432
77.400000000 -6.240309 -10.115629 0.045011 -0.001007 0.007030 -0.777401 -0.628965
77.450000000 -6.197910 -10.214652 0.045909 -0.001004 0.007040 -0.777001 -0.629459
77.500000000 -6.155537 -10.313686 0.046808 -0.001001 0.007050 -0.776634 -0.629912
77.550000000 -6.113222 -10.412576 0.047706 -0.000997 0.007060 -0.776298 -0.630326
77.600000000 -6.071096 -10.510715 0.048596 -0.000992 0.007070 -0.775997 -0.630697
77.650000000 -6.029173 -10.608041 0.049478 -0.000987 0.007080 -0.775735 -0.631019
77.700000000 -5.987457 -10.704556 0.050351 -0.000981 0.007089 -0.775515 -0.631288
77.750000000 -5.945948 -10.800260 0.051215 -0.000975 0.007099 -0.775341 -0.631503
77.800000000 -5.904646 -10.895154 0.052072 -0.000968 0.007109 -0.775212 -0.631661
77.850000000 -5.863553 -10.989236 0.052919 -0.000961 0.007119 -0.775129 -0.631762
77.900000000 -5.822666 -11.082508 0.053758 -0.000953 0.007129 -0.775092 -0.631807
77.950000000 -5.781986 -11.174969 0.054589 -0.000945 0.007140 -0.775101 -0.631796
78.000000000 -5.741512 -11.266618 0.055411 -0.000936 0.007150 -0.775154 -0.631731
78.050000000 -5.701242 -11.357456 0.056225 -0.000928 0.007161 -0.775249 -0.631614
78.100000000 -5.661176 -11.447481 0.057030 -0.000919 0.007172 -0.775386 -0.631447
78.150000000 -5.621311 -11.536693 0.057827 -0.000909 0.007184 -0.775561 -0.631232
78.200000000 -5.581648 -11.625092 0.058615 -0.000900 0.007195 -0.775773 -0.630971
78.250000000 -5.542185 -11.712677 0.059395 -0.000891 0.007207 -0.776019 -0.630667
78.300000000 -5.502920 -11.799447 0.060166 -0.000881 0.007219 -0.776299 -0.630323
78.350000000 -5.463854 -11.885402 0.060929 -0.000871 0.007232 -0.776608 -0.629942
78.400000000 -5.424984 -11.970542 0.061683 -0.000861 0.007244 -0.776947 -0.629524
78.450000000 -5.386310 -12.054867 0.062428 -0.000851 0.007257 -0.777311 -0.629074
78.500000000 -5.347833 -12.138375 0.063166 -0.000841 0.007270 -0.777700 -0.628593
78.550000000 -5.309550 -12.221066 0.063894 -0.000831 0.007284 -0.778111 -0.628084
78.600000000 -5.271463 -12.302941 0.064614 -0.000821 0.007297 -0.778544 -0.627548
78.650000000 -5.233570 -12.383998 0.065326 -0.000811 0.007311 -0.778995 -0.626987
78.700000000 -5.195871 -12.464238 0.066029 -0.000800 0.007325 -0.779463 -0.626404
78.750000000 -5.158369 -12.543661 0.066724 -0.000794 0.007334 -0.779949 -0.625799
78.800000000 -5.121236 -12.622333 0.067412 -0.000795 0.007332 -0.780665 -0.624906
78.850000000 -5.084555 -12.700271 0.068095 -0.000780 0.007345 -0.781701 -0.623610
78.900000000 -5.048298 -12.777460 0.068773 -0.000760 0.007362 -0.783018 -0.621955
78.950000000 -5.012479 -12.853902 0.069444 -0.000737 0.007380 -0.784628 -0.619923
79.000000000 -4.977121 -12.929604 0.070111 -0.000712 0.007399 -0.786547 -0.617486
79.050000000 -4.942241 -13.004566 0.070773 -0.000683 0.007418 -0.788787 -0.614621
79.100000000 -4.907859 -13.078792 0.071430 -0.000652 0.007439 -0.791359 -0.611306
79.150000000 -4.873992 -13.152280 0.072082 -0.000618 0.007461 -0.794267 -0.607522
79.200000000 -4.840660 -13.225033 0.072730 -0.000580 0.007484 -0.797518 -0.603249
79.250000000 -4.807884 -13.297049 0.073375 -0.000539 0.007508 -0.801114 -0.598464
79.300000000 -4.775672 -13.368324 0.074015 -0.000495 0.007533 -0.805045 -0.593165
79.350000000 -4.743979 -13.438846 0.074652 -0.000449 0.007560 -0.809237 -0.587433
79.400000000 -4.712756 -13.508602 0.075283 -0.000402 0.007588 -0.813613 -0.581357
79.450000000 -4.681958 -13.577585 0.075910 -0.000354 0.007616 -0.818105 -0.575019
79.500000000 -4.651550 -13.645789 0.076531 -0.000306 0.007645 -0.822655 -0.568490
79.550000000 -4.621499 -13.713213 0.077147 -0.000259 0.007675 -0.827214 -0.561835
79.600000000 -4.591781 -13.779856 0.077757 -0.000213 0.007706 -0.831740 -0.555111
79.650000000 -4.562375 -13.845716 0.078362 -0.000168 0.007736 -0.836200 -0.548369
79.700000000 -4.533265 -13.910794 0.078960 -0.000125 0.007767 -0.840565 -0.541655
79.750000000 -4.504439 -13.975088 0.079553 -0.000084 0.007798 -0.844812 -0.535006
79.800000000 -4.475888 -14.038598 0.080139 -0.000044 0.007829 -0.848922 -0.528459
79.850000000 -4.447608 -14.101326 0.080719 -0.000007 0.007860 -0.852883 -0.522043
79.900000000 -4.419595 -14.163274 0.081294 0.000028 0.007890 -0.856684 -0.515782
79.950000000 -4.391848 -14.224443 0.081862 0.000062 0.007920 -0.860317 -0.509697
80.000000000 -4.364370 -14.284836 0.082424 0.000093 0.007950 -0.863780 -0.503807
80.050000000 -4.337163 -14.344456 0.082980 0.000122 0.007980 -0.867069 -0.498124
80.100000000 -4.310232 -14.403305 0.083530 0.000149 0.008009 -0.870186 -0.492659
80.150000000 -4.283584 -14.461388 0.084074 0.000174 0.008037 -0.873130 -0.487421
80.200000000 -4.257224 -14.518707 0.084612 0.000197 0.008065 -0.875905 -0.482415
80.250000000 -4.231161 -14.575266 0.085144 0.000219 0.008093 -0.878515 -0.477646
80.300000000 -4.205403 -14.631069 0.085670 0.000239 0.008119 -0.880963 -0.473115
80.350000000 -4.179959 -14.686120 0.086190 0.000257 0.008146 -0.883255 -0.468822
80.400000000 -4.154838 -14.740424 0.086704 0.000274 0.008171 -0.885396 -0.464766
80.450000000 -4.130048 -14.793983 0.087213 0.000290 0.008196 -0.887391 -0.460945
80.500000000 -4.105599 -14.846803 0.087716 0.000305 0.008220 -0.889246 -0.457355
80.550000000 -4.081502 -14.898887 0.088213 0.000319 0.008244 -0.890968 -0.453992
80.600000000 -4.057763 -14.950240 0.088704 0.000332 0.008267 -0.892560 -0.450852
80.650000000 -4.034394 -15.000865 0.089190 0.000343 0.008289 -0.894031 -0.447928
80.700000000 -4.011402 -15.050768 0.089670 0.000355 0.008311 -0.895385 -0.445216
80.750000000 -3.988796 -15.099950 0.090144 0.000365 0.008332 -0.896627 -0.442708
80.800000000 -3.966585 -15.148418 0.090613 0.000375 0.008352 -0.897763 -0.440399
80.850000000 -3.944777 -15.196173 0.091076 0.000385 0.008372 -0.898799 -0.438282
80.900000000 -3.923379 -15.243220 0.091533 0.000394 0.008391 -0.899738 -0.436349
80.950000000 -3.902398 -15.289563 0.091985 0.000402 0.008409 -0.900587 -0.434594
81.000000000 -3.881842 -15.335204 0.092432 0.000411 0.008427 -0.901349 -0.433011
81.050000000 -3.861718 -15.380147 0.092873 0.000419 0.008445 -0.902029 -0.431593
81.100000000 -3.842030 -15.424395 0.093308 0.000427 0.008461 -0.902631 -0.430332
81.150000000 -3.822787 -15.467951 0.093738 0.000435 0.008477 -0.903159 -0.429223
81.200000000 -3.803992 -15.510817 0.094162 0.000443 0.008493 -0.903616 -0.428259
81.250000000 -3.785651 -15.552996 0.094581 0.000451 0.008508 -0.904007 -0.427433
81.300000000 -3.767770 -15.594491 0.094994 0.000458 0.008522 -0.904334 -0.426741
81.350000000 -3.750352 -15.635302 0.095402 0.000466 0.008536 -0.904601 -0.426175
81.400000000 -3.733402 -15.675434 0.095804 0.000474 0.008549 -0.904810 -0.425730
81.450000000 -3.716923 -15.714886 0.096201 0.000482 0.008562 -0.904964 -0.425401
81.500000000 -3.700919 -15.753662 0.096592 0.000490 0.008575 -0.905067 -0.425182
81.550000000 -3.685394 -15.791762 0.096978 0.000498 0.008587 -0.905120 -0.425068
81.600000000 -3.670350 -15.829188 0.097358 0.000507 0.008598 -0.905126 -0.425055
81.650000000 -3.655791 -15.865941 0.097733 0.000515 0.008609 -0.905087 -0.425138
81.700000000 -3.641717 -15.902022 0.098102 0.000524 0.008619 -0.905005 -0.425312
81.750000000 -3.628132 -15.937432 0.098465 0.000533 0.008629 -0.904883 -0.425574
81.800000000 -3.615038 -15.972171 0.098823 0.000542 0.008639 -0.904720 -0.425918
81.850000000 -3.602435 -16.006241 0.099175 0.000551 0.008648 -0.904521 -0.426341
81.900000000 -3.590325 -16.039641 0.099522 0.000564 0.008663 -0.904285 -0.426842
81.950000000 -3.578700 -16.072368 0.099862 0.000577 0.008678 -0.904005 -0.427432
82.000000000 -3.567564 -16.104421 0.100198 0.000587 0.008687 -0.903687 -0.428104
82.050000000 -3.556920 -16.135802 0.100527 0.000597 0.008694 -0.903333 -0.428851
82.100000000 -3.546769 -16.166512 0.100851 0.000607 0.008701 -0.902944 -0.429669
82.150000000 -3.537110 -16.196549 0.101168 0.000617 0.008707 -0.902522 -0.430556
82.200000000 -3.527945 -16.225913 0.101481 0.000628 0.008713 -0.902066 -0.431509
82.250000000 -3.519272 -16.254606 0.101787 0.000639 0.008719 -0.901580 -0.432525
82.300000000 -3.511094 -16.282625 0.102088 0.000650 0.008725 -0.901063 -0.433600
82.350000000 -3.503409 -16.309972 0.102382 0.000662 0.008730 -0.900518 -0.434730
82.400000000 -3.496219 -16.336645 0.102672 0.000674 0.008735 -0.899946 -0.435913
82.450000000 -3.489523 -16.362644 0.102955 0.000686 0.008739 -0.899349 -0.437144
82.500000000 -3.483322 -16.387969 0.103232 0.000699 0.008744 -0.898727 -0.438420
82.550000000 -3.477615 -16.412620 0.103504 0.000712 0.008747 -0.898083 -0.439738
82.600000000 -3.472401 -16.436595 0.103770 0.000725 0.008751 -0.897417 -0.441095
82.650000000 -3.467682 -16.459894 0.104031 0.000739 0.008754 -0.896732 -0.442488
82.700000000 -3.463455 -16.482516 0.104285 0.000754 0.008756 -0.896027 -0.443913
82.750000000 -3.459721 -16.504460 0.104534 0.000769 0.008758 -0.895304 -0.445368
82.800000000 -3.456479 -16.525726 0.104777 0.000784 0.008760 -0.894566 -0.446850
82.850000000 -3.453728 -16.546312 0.105015 0.000800 0.008762 -0.893811 -0.448357
82.900000000 -3.451467 -16.566218 0.105247 0.000816 0.008763 -0.893043 -0.449885
82.950000000 -3.449695 -16.585442 0.105473 0.000833 0.008763 -0.892261 -0.451433
83.000000000 -3.448411 -16.603983 0.105693 0.000851 0.008763 -0.891468 -0.452998
83.050000000 -3.447614 -16.621840 0.105908 0.000869 0.008763 -0.890663 -0.454578
83.100000000 -3.447302 -16.639012 0.106117 0.000888 0.008763 -0.889848 -0.456171
83.150000000 -3.447475 -16.655497 0.106321 0.000908 0.008762 -0.889024 -0.457775
83.200000000 -3.448131 -16.671295 0.106519 0.000928 0.008760 -0.888192 -0.459388
83.250000000 -3.449268 -16.686403 0.106711 0.000949 0.008758 -0.887352 -0.461008
83.300000000 -3.450884 -16.700821 0.106898 0.000971 0.008756 -0.886505 -0.462635
83.350000000 -3.452979 -16.714547 0.107079 0.000993 0.008753 -0.885652 -0.464266
83.400000000 -3.455549 -16.727579 0.107255 0.001016 0.008750 -0.884794 -0.465900
83.450000000 -3.458595 -16.739915 0.107425 0.001040 0.008747 -0.883930 -0.467536
83.500000000 -3.462112 -16.751555 0.107590 0.001065 0.008743 -0.883062 -0.469173
83.550000000 -3.466100 -16.762496 0.107750 0.001091 0.008738 -0.882190 -0.470811
83.600000000 -3.470556 -16.772737 0.107904 0.001117 0.008733 -0.881315 -0.472448
83.650000000 -3.475479 -16.782276 0.108053 0.001144 0.008728 -0.880436 -0.474084
83.700000000 -3.480865 -16.791112 0.108196 0.001173 0.008722 -0.879554 -0.475719
83.750000000 -3.486712 -16.799242 0.108334 0.001202 0.008715 -0.878668 -0.477352
83.800000000 -3.493017 -16.806665 0.108467 0.001232 0.008708 -0.877780 -0.478984
83.850000000 -3.499779 -16.813379 0.108595 0.001263 0.008700 -0.876888 -0.480614
83.900000000 -3.506993 -16.819383 0.108717 0.001295 0.008692 -0.875993 -0.482243
83.950000000 -3.514658 -16.824674 0.108835 0.001328 0.008683 -0.875095 -0.483871
84.000000000 -3.522771 -16.829252 0.108947 0.001362 0.008674 -0.874194 -0.485497
84.050000000 -3.531329 -16.833115 0.109054 0.001397 0.008664 -0.873290 -0.487122
84.100000000 -3.540330 -16.836260 0.109156 0.001433 0.008654 -0.872383 -0.488745
84.150000000 -3.549770 -16.838687 0.109253 0.001470 0.008643 -0.871472 -0.490367
84.200000000 -3.559648 -16.840394 0.109345 0.001507 0.008631 -0.870558 -0.491988
84.250000000 -3.569959 -16.841379 0.109432 0.001546 0.008619 -0.869641 -0.493607
84.300000000 -3.580703 -16.841640 0.109514 0.001586 0.008607 -0.868721 -0.495224
84.350000000 -3.591876 -16.841176 0.109591 0.001626 0.008594 -0.867798 -0.496841
84.400000000 -3.603474 -16.839985 0.109663 0.001667 0.008580 -0.866871 -0.498456
84.450000000 -3.615496 -16.838065 0.109731 0.001709 0.008566 -0.865940 -0.500072
84.500000000 -3.627937 -16.835414 0.109793 0.001751 0.008552 -0.865004 -0.501689
84.550000000 -3.640796 -16.832029 0.109851 0.001795 0.008537 -0.864063 -0.503308
84.600000000 -3.654068 -16.827909 0.109903 0.001838 0.008522 -0.863116 -0.504930
84.650000000 -3.667750 -16.823051 0.109951 0.001883 0.008506 -0.862163 -0.506556
84.700000000 -3.681840 -16.817453 0.109994 0.001928 0.008490 -0.861203 -0.508187
84.750000000 -3.696332 -16.811113 0.110032 0.001973 0.008474 -0.860234 -0.509826
84.800000000 -3.711224 -16.804029 0.110065 0.002019 0.008457 -0.859255 -0.511473
84.850000000 -3.726513 -16.796198 0.110094 0.002065 0.008440 -0.858266 -0.513132
84.900000000 -3.742193 -16.787618 0.110117 0.002111 0.008423 -0.857265 -0.514802
84.950000000 -3.758261 -16.778287 0.110136 0.002158 0.008406 -0.856251 -0.516487
85.000000000 -3.774714 -16.768202 0.110150 0.002205 0.008388 -0.855222 -0.518189
85.050000000 -3.791546 -16.757361 0.110160 0.002253 0.008370 -0.854177 -0.519910
85.100000000 -3.808753 -16.745761 0.110164 0.002300 0.008352 -0.853114 -0.521653
85.150000000 -3.826331 -16.733400 0.110164 0.002348 0.008333 -0.852031 -0.523420
85.200000000 -3.844276 -16.720276 0.110159 0.002396 0.008315 -0.850926 -0.525214
85.250000000 -3.862581 -16.706384 0.110150 0.002444 0.008296 -0.849798 -0.527038
85.300000000 -3.881243 -16.691724 0.110136 0.002492 0.008277 -0.848644 -0.528894
85.350000000 -3.900256 -16.676292 0.110117 0.002540 0.008257 -0.847461 -0.530787
85.400000000 -3.919615 -16.660085 0.110094 0.002588 0.008237 -0.846248 -0.532719
85.450000000 -3.939314 -16.643101 0.110066 0.002637 0.008218 -0.845002 -0.534694
85.500000000 -3.959348 -16.625338 0.110033 0.002685 0.008197 -0.843720 -0.536715
85.550000000 -3.979710 -16.606791 0.109996 0.002734 0.008177 -0.842398 -0.538786
85.600000000 -4.000395 -16.587459 0.109955 0.002783 0.008156 -0.841036 -0.540911
85.650000000 -4.021395 -16.567338 0.109908 0.002832 0.008135 -0.839628 -0.543094
85.700000000 -4.042705 -16.546425 0.109858 0.002881 0.008114 -0.838171 -0.545339
85.750000000 -4.064317 -16.524718 0.109803 0.002930 0.008092 -0.836663 -0.547650
85.800000000 -4.086225 -16.502214 0.109743 0.002979 0.008070 -0.835100 -0.550031
85.850000000 -4.108421 -16.478910 0.109679 0.003029 0.008047 -0.833478 -0.552486
85.900000000 -4.130899 -16.454803 0.109610 0.003078 0.008024 -0.831794 -0.555018
85.950000000 -4.153654 -16.429892 0.109537 0.003128 0.008000 -0.830049 -0.557625
86.000000000 -4.176680 -16.404175 0.109460 0.003179 0.007976 -0.828239 -0.560309
86.050000000 -4.199971 -16.377651 0.109379 0.003230 0.007951 -0.826365 -0.563069
86.100000000 -4.223521 -16.350318 0.109293 0.003281 0.007925 -0.824424 -0.565908
86.150000000 -4.247324 -16.322173 0.109203 0.003334 0.007899 -0.822415 -0.568824
86.200000000 -4.271371 -16.293220 0.109110 0.003386 0.007872 -0.820335 -0.571819
86.250000000 -4.295482 -16.263930 0.109014 0.003439 0.007844 -0.818184 -0.574893
86.300000000 -4.319541 -16.234615 0.108917 0.003491 0.007817 -0.815960 -0.578045
86.350000000 -4.343548 -16.205277 0.108819 0.003542 0.007790 -0.813663 -0.581274
86.400000000 -4.367503 -16.175915 0.108720 0.003593 0.007763 -0.811291 -0.584580
86.450000000 -4.391405 -16.146531 0.108621 0.003643 0.007735 -0.808844 -0.587961
86.500000000 -4.415255 -16.117124 0.108521 0.003692 0.007708 -0.806321 -0.591417
86.550000000 -4.439052 -16.087694 0.108420 0.003742 0.007681 -0.803720 -0.594946
86.600000000 -4.462795 -16.058243 0.108318 0.003791 0.007653 -0.801041 -0.598549
86.650000000 -4.486485 -16.028770 0.108216 0.003840 0.007625 -0.798281 -0.602224
86.700000000 -4.510122 -15.999276 0.108114 0.003889 0.007596 -0.795440 -0.605972
86.750000000 -4.533703 -15.969761 0.108011 0.003937 0.007568 -0.792516 -0.609791
86.800000000 -4.557230 -15.940225 0.107908 0.003986 0.007538 -0.789508 -0.613681
86.850000000 -4.580701 -15.910669 0.107804 0.004035 0.007508 -0.786413 -0.617642
86.900000000 -4.604117 -15.881093 0.107700 0.004084 0.007478 -0.783231 -0.621673
86.950000000 -4.627475 -15.851497 0.107596 0.004133 0.007447 -0.779959 -0.625773
87.000000000 -4.650776 -15.821881 0.107491 0.004183 0.007415 -0.776595 -0.629943
87.050000000 -4.674020 -15.792245 0.107386 0.004233 0.007383 -0.773138 -0.634181
87.100000000 -4.697205 -15.762591 0.107281 0.004283 0.007349 -0.769586 -0.638487
87.150000000 -4.720330 -15.732918 0.107176 0.004333 0.007315 -0.765937 -0.642860
87.200000000 -4.743396 -15.703226 0.107070 0.004384 0.007280 -0.762188 -0.647300
87.250000000 -4.766401 -15.673516 0.106965 0.004435 0.007244 -0.758338 -0.651806
87.300000000 -4.789345 -15.643788 0.106859 0.004486 0.007207 -0.754386 -0.656377
87.350000000 -4.812230 -15.614044 0.106753 0.004538 0.007170 -0.750331 -0.661008
87.400000000 -4.835056 -15.584284 0.106647 0.004590 0.007131 -0.746173 -0.665698
87.450000000 -4.857823 -15.554508 0.106541 0.004643 0.007091 -0.741912 -0.670443
87.500000000 -4.880535 -15.524718 0.106435 0.004696 0.007049 -0.737550 -0.675240
87.550000000 -4.903190 -15.494914 0.106329 0.004750 0.007007 -0.733085 -0.680084
87.600000000 -4.925791 -15.465096 0.106223 0.004805 0.006963 -0.728518 -0.684974
87.650000000 -4.948339 -15.435267 0.106117 0.004860 0.006918 -0.723851 -0.689905
87.700000000 -4.970836 -15.405426 0.106012 0.004916 0.006872 -0.719083 -0.694873
87.750000000 -4.993281 -15.375573 0.105907 0.004973 0.006824 -0.714215 -0.699876
87.800000000 -5.015678 -15.345711 0.105802 0.005030 0.006775 -0.709248 -0.704909
87.850000000 -5.038026 -15.315838 0.105697 0.005088 0.006725 -0.704182 -0.709969
87.900000000 -5.060329 -15.285956 0.105593 0.005147 0.006672 -0.699020 -0.715053
87.950000000 -5.082586 -15.256066 0.105489 0.005207 0.006619 -0.693761 -0.720156
88.000000000 -5.104800 -15.226167 0.105385 0.005267 0.006563 -0.688407 -0.725276
88.050000000 -5.126980 -15.196398 0.105282 0.005328 0.006507 -0.682960 -0.730407
88.100000000 -5.149174 -15.167384 0.105182 0.005387 0.006451 -0.677422 -0.735546
88.150000000 -5.171402 -15.139204 0.105084 0.005444 0.006397 -0.671800 -0.740685
88.200000000 -5.193682 -15.111856 0.104988 0.005499 0.006344 -0.666097 -0.745818
88.250000000 -5.216030 -15.085340 0.104895 0.005552 0.006293 -0.660318 -0.750939
88.300000000 -5.238462 -15.059655 0.104805 0.005603 0.006243 -0.654469 -0.756042
88.350000000 -5.260995 -15.034799 0.104718 0.005652 0.006194 -0.648554 -0.761123
88.400000000 -5.283645 -15.010771 0.104633 0.005699 0.006147 -0.642576 -0.766176
88.450000000 -5.306428 -14.987569 0.104551 0.005745 0.006101 -0.636541 -0.771198
88.500000000 -5.329360 -14.965192 0.104471 0.005788 0.006057 -0.630450 -0.776184
88.550000000 -5.352455 -14.943636 0.104394 0.005829 0.006015 -0.624309 -0.781132
88.600000000 -5.375729 -14.922901 0.104319 0.005869 0.005974 -0.618121 -0.786039
88.650000000 -5.399197 -14.902982 0.104247 0.005905 0.005936 -0.611887 -0.790901
88.700000000 -5.422874 -14.883879 0.104178 0.005940 0.005899 -0.605611 -0.795717
88.750000000 -5.446774 -14.865586 0.104111 0.005972 0.005865 -0.599295 -0.800485
88.800000000 -5.470910 -14.848103 0.104046 0.006002 0.005833 -0.592940 -0.805203
88.850000000 -5.495295 -14.831424 0.103983 0.006029 0.005804 -0.586547 -0.809872
88.900000000 -5.519942 -14.815545 0.103923 0.006054 0.005778 -0.580115 -0.814491
88.950000000 -5.544864 -14.800462 0.103865 0.006076 0.005755 -0.573646 -0.819060
89.000000000 -5.570073 -14.786171 0.103809 0.006095 0.005734 -0.567140 -0.823579
89.050000000 -5.595582 -14.772666 0.103755 0.006111 0.005717 -0.560598 -0.828046
89.100000000 -5.621402 -14.759944 0.103704 0.006125 0.005703 -0.554018 -0.832463
89.150000000 -5.647547 -14.747998 0.103655 0.006136 0.005692 -0.547403 -0.836828
89.200000000 -5.674028 -14.736823 0.103608 0.006144 0.005684 -0.540751 -0.841141
89.250000000 -5.700858 -14.726415 0.103564 0.006149 0.005680 -0.534065 -0.845402
89.300000000 -5.728048 -14.716766 0.103522 0.006152 0.005679 -0.527343 -0.849611
89.350000000 -5.755611 -14.707872 0.103483 0.006152 0.005681 -0.520587 -0.853768
89.400000000 -5.783559 -14.699727 0.103447 0.006149 0.005687 -0.513797 -0.857871
89.450000000 -5.811903 -14.692323 0.103414 0.006144 0.005695 -0.506973 -0.861921
89.500000000 -5.840655 -14.685654 0.103385 0.006137 0.005706 -0.500117 -0.865918
89.550000000 -5.869827 -14.679715 0.103359 -0.006128 -0.005720 0.493227 0.869860
89.600000000 -5.899430 -14.674497 0.103337 -0.006117 -0.005736 0.486305 0.873749
89.650000000 -5.929475 -14.669995 0.103319 -0.006104 -0.005754 0.479350 0.877584
89.700000000 -5.959973 -14.666204 0.103306 -0.006090 -0.005774 0.472361 0.881365
89.750000000 -5.990935 -14.663117 0.103298 -0.006074 -0.005796 0.465334 0.885095
89.800000000 -6.022370 -14.660729 0.103296 -0.006057 -0.005818 0.458268 0.888774
89.850000000 -6.054288 -14.659034 0.103299 -0.006039 -0.005841 0.451160 0.892404
89.900000000 -6.086699 -14.658027 0.103308 -0.006021 -0.005864 0.444004 0.895985
89.950000000 -6.119612 -14.657701 0.103324 -0.006001 -0.005887 0.436798 0.899520
90.000000000 -6.153036 -14.658052 0.103347 -0.005982 -0.005910 0.429536 0.903011
90.050000000 -6.186979 -14.659073 0.103376 -0.005962 -0.005932 0.422212 0.906458
90.100000000 -6.221449 -14.660758 0.103413 -0.005942 -0.005953 0.414820 0.909865
90.150000000 -6.256455 -14.663103 0.103458 -0.005921 -0.005973 0.407353 0.913232
90.200000000 -6.292003 -14.666100 0.103511 -0.005901 -0.005991 0.399803 0.916563
90.250000000 -6.328100 -14.669746 0.103572 -0.005880 -0.006008 0.392161 0.919858
90.300000000 -6.364753 -14.674034 0.103641 -0.005859 -0.006023 0.384418 0.923121
90.350000000 -6.401969 -14.678957 0.103718 -0.005838 -0.006036 0.376564 0.926353
90.400000000 -6.439759 -14.684504 0.103805 -0.005817 -0.006047 0.368604 0.929549
90.450000000 -6.478136 -14.690659 0.103901 -0.005796 -0.006056 0.360548 0.932703
90.500000000 -6.517114 -14.697405 0.104005 -0.005775 -0.006063 0.352407 0.935809
90.550000000 -6.556707 -14.704726 0.104120 -0.005754 -0.006067 0.344194 0.938861
90.600000000 -6.596930 -14.712604 0.104245 -0.005733 -0.006069 0.335923 0.941852
90.650000000 -6.637798 -14.721023 0.104379 -0.005713 -0.006068 0.327608 0.944777
90.700000000 -6.679326 -14.729964 0.104524 -0.005692 -0.006065 0.319264 0.947629
90.750000000 -6.721526 -14.739408 0.104679 -0.005673 -0.006059 0.310907 0.950404
90.800000000 -6.764419 -14.749330 0.104846 -0.005643 -0.006047 0.302568 0.953092
90.850000000 -6.808044 -14.759671 0.105023 -0.005620 -0.006034 0.294347 0.955663
90.900000000 -6.852413 -14.770413 0.105213 -0.005603 -0.006020 0.286257 0.958118
90.950000000 -6.897532 -14.781541 0.105414 -0.005588 -0.006002 0.278306 0.960457
91.000000000 -6.943413 -14.793038 0.105627 -0.005573 -0.005981 0.270504 0.962684
91.050000000 -6.990064 -14.804887 0.105852 -0.005560 -0.005958 0.262864 0.964798
91.100000000 -7.037494 -14.817073 0.106089 -0.005548 -0.005931 0.255395 0.966803
91.150000000 -7.085710 -14.829578 0.106337 -0.005537 -0.005902 0.248108 0.968698
91.200000000 -7.134720 -14.842388 0.106597 -0.005527 -0.005870 0.241013 0.970488
91.250000000 -7.184531 -14.855486 0.106869 -0.005518 -0.005835 0.234120 0.972175
91.300000000 -7.235148 -14.868858 0.107153 -0.005511 -0.005798 0.227437 0.973760
91.350000000 -7.286578 -14.882487 0.107448 -0.005505 -0.005759 0.220977 0.975246
91.400000000 -7.338827 -14.896358 0.107754 -0.005500 -0.005718 0.214749 0.976637
91.450000000 -7.391899 -14.910457 0.108072 -0.005497 -0.005675 0.208763 0.977934
91.500000000 -7.445799 -14.924767 0.108401 -0.005495 -0.005630 0.203032 0.979141
91.550000000 -7.500532 -14.939274 0.108741 -0.005495 -0.005583 0.197565 0.980258
91.600000000 -7.556102 -14.953964 0.109092 -0.005496 -0.005535 0.192376 0.981290
91.650000000 -7.612513 -14.968821 0.109454 -0.005498 -0.005485 0.187477 0.982238
91.700000000 -7.669768 -14.983830 0.109826 -0.005503 -0.005434 0.182880 0.983105
91.750000000 -7.727870 -14.998977 0.110209 -0.005508 -0.005381 0.178599 0.983892
91.800000000 -7.786823 -15.014247 0.110603 -0.005516 -0.005328 0.174649 0.984601
91.850000000 -7.846627 -15.029625 0.111007 -0.005525 -0.005272 0.171044 0.985234
91.900000000 -7.907287 -15.045097 0.111421 -0.005536 -0.005216 0.167800 0.985792
91.950000000 -7.968802 -15.060648 0.111845 -0.005548 -0.005159 0.164935 0.986275
92.000000000 -8.031175 -15.076264 0.112279 -0.005563 -0.005100 0.162465 0.986685
92.050000000 -8.094406 -15.091929 0.112723 -0.005580 -0.005040 0.160412 0.987022
92.100000000 -8.158495 -15.107628 0.113177 -0.005598 -0.004979 0.158793 0.987283
92.150000000 -8.223441 -15.123356 0.113640 -0.005619 -0.004917 0.157614 0.987473
92.200000000 -8.289236 -15.139124 0.114112 -0.005642 -0.004853 0.156848 0.987595
92.250000000 -8.355876 -15.154945 0.114592 -0.005666 -0.004789 0.156467 0.987655
92.300000000 -8.423353 -15.170832 0.115081 -0.005692 -0.004724 0.156445 0.987659
92.350000000 -8.491664 -15.186798 0.115577 -0.005720 -0.004658 0.156753 0.987610
92.400000000 -8.560804 -15.202860 0.116081 -0.005748 -0.004593 0.157364 0.987513
92.450000000 -8.630768 -15.219032 0.116591 -0.005778 -0.004527 0.158252 0.987372
92.500000000 -8.701553 -15.235329 0.117108 -0.005809 -0.004461 0.159390 0.987189
92.550000000 -8.773155 -15.251767 0.117630 -0.005840 -0.004396 0.160753 0.986968
92.600000000 -8.845571 -15.268361 0.118159 -0.005872 -0.004331 0.162317 0.986712
92.650000000 -8.918797 -15.285127 0.118692 -0.005905 -0.004267 0.164057 0.986424
92.700000000 -8.992831 -15.302079 0.119230 -0.005938 -0.004204 0.165950 0.986107
92.750000000 -9.067670 -15.319233 0.119773 -0.005971 -0.004143 0.167976 0.985764
92.800000000 -9.143311 -15.336603 0.120321 -0.006004 -0.004082 0.170113 0.985398
92.850000000 -9.219752 -15.354205 0.120872 -0.006037 -0.004023 0.172340 0.985011
92.900000000 -9.296990 -15.372051 0.121426 -0.006070 -0.003965 0.174641 0.984605
92.950000000 -9.375023 -15.390154 0.121984 -0.006103 -0.003910 0.176997 0.984185
93.000000000 -9.453848 -15.408529 0.122545 -0.006136 -0.003856 0.179393 0.983751
93.050000000 -9.533463 -15.427187 0.123109 -0.006169 -0.003804 0.181812 0.983307
93.100000000 -9.613865 -15.446139 0.123676 -0.006201 -0.003754 0.184243 0.982854
93.150000000 -9.695052 -15.465396 0.124244 -0.006233 -0.003706 0.186671 0.982396
93.200000000 -9.777022 -15.484970 0.124816 -0.006264 -0.003660 0.189085 0.981934
93.250000000 -9.859711 -15.504845 0.125388 -0.006295 -0.003617 0.191476 0.981471
93.300000000 -9.942542 -15.524797 0.125960 -0.006324 -0.003577 0.193829 0.981008
93.350000000 -10.025365 -15.544777 0.126529 -0.006353 -0.003540 0.196132 0.980551
93.400000000 -10.108181 -15.564791 0.127096 -0.006382 -0.003507 0.198370 0.980100
93.450000000 -10.190988 -15.584845 0.127662 -0.006409 -0.003477 0.200534 0.979660
93.500000000 -10.273783 -15.604944 0.128225 -0.006436 -0.003450 0.202615 0.979231
93.550000000 -10.356567 -15.625091 0.128787 -0.006461 -0.003426 0.204605 0.978817
93.600000000 -10.439338 -15.645290 0.129346 -0.006486 -0.003404 0.206501 0.978419
93.650000000 -10.522096 -15.665543 0.129904 -0.006510 -0.003385 0.208298 0.978038
93.700000000 -10.604841 -15.685850 0.130461 -0.006534 -0.003369 0.209994 0.977675
93.750000000 -10.687571 -15.706212 0.131015 -0.006556 -0.003354 0.211589 0.977331
93.800000000 -10.770288 -15.726630 0.131569 -0.006578 -0.003342 0.213081 0.977007
93.850000000 -10.852990 -15.747102 0.132120 -0.006600 -0.003332 0.214472 0.976702
93.900000000 -10.935678 -15.767629 0.132671 -0.006621 -0.003323 0.215762 0.976418
93.950000000 -11.018351 -15.788209 0.133220 -0.006641 -0.003316 0.216956 0.976153
94.000000000 -11.101011 -15.808840 0.133768 -0.006660 -0.003311 0.218054 0.975908
94.050000000 -11.183658 -15.829521 0.134315 -0.006680 -0.003307 0.219060 0.975683
94.100000000 -11.266291 -15.850250 0.134861 -0.006698 -0.003304 0.219978 0.975476
94.150000000 -11.348911 -15.871025 0.135406 -0.006717 -0.003302 0.220811 0.975288
94.200000000 -11.431520 -15.891843 0.135950 -0.006735 -0.003301 0.221564 0.975117
94.250000000 -11.514116 -15.912703 0.136494 -0.006752 -0.003301 0.222240 0.974963
94.300000000 -11.596701 -15.933602 0.137036 -0.006770 -0.003302 0.222844 0.974825
94.350000000 -11.679276 -15.954538 0.137578 -0.006787 -0.003304 0.223380 0.974702
94.400000000 -11.761841 -15.975508 0.138120 -0.006804 -0.003306 0.223853 0.974594
94.450000000 -11.844396 -15.996510 0.138661 -0.006820 -0.003308 0.224266 0.974499
94.500000000 -11.926943 -16.017542 0.139202 -0.006836 -0.003311 0.224623 0.974416
94.550000000 -12.009481 -16.038602 0.139742 -0.006853 -0.003315 0.224930 0.974345
94.600000000 -12.092012 -16.059687 0.140282 -0.006869 -0.003318 0.225190 0.974285
94.650000000 -12.174536 -16.080795 0.140822 -0.006885 -0.003322 0.225407 0.974235
94.700000000 -12.257054 -16.101924 0.141361 -0.006901 -0.003326 0.225584 0.974194
94.750000000 -12.339566 -16.123073 0.141900 -0.006916 -0.003330 0.225726 0.974161
94.800000000 -12.422072 -16.144239 0.142439 -0.006932 -0.003334 0.225835 0.974135
94.850000000 -12.504574 -16.165421 0.142978 -0.006948 -0.003338 0.225915 0.974117
94.900000000 -12.587071 -16.186617 0.143517 -0.006963 -0.003342 0.225969 0.974104
94.950000000 -12.669565 -16.207825 0.144056 -0.006979 -0.003347 0.226000 0.974097
95.000000000 -12.752055 -16.229044 0.144594 -0.006994 -0.003351 0.226011 0.974094
95.050000000 -12.834543 -16.250273 0.145133 -0.007010 -0.003355 0.226004 0.974095
95.100000000 -12.917027 -16.271510 0.145672 -0.007025 -0.003359 0.225981 0.974101
95.150000000 -12.999510 -16.292755 0.146211 -0.007041 -0.003362 0.225945 0.974109
95.200000000 -13.081991 -16.314005 0.146749 -0.007056 -0.003366 0.225897 0.974120
95.250000000 -13.164470 -16.335261 0.147288 -0.007072 -0.003370 0.225840 0.974133
95.300000000 -13.246947 -16.356520 0.147827 -0.007088 -0.003373 0.225776 0.974148
95.350000000 -13.329424 -16.377783 0.148366 -0.007103 -0.003376 0.225705 0.974164
95.400000000 -13.411900 -16.399049 0.148905 -0.007119 -0.003379 0.225629 0.974181
95.450000000 -13.494375 -16.420317 0.149444 -0.007135 -0.003382 0.225550 0.974200
95.500000000 -13.576850 -16.441586 0.149983 -0.007150 -0.003385 0.225468 0.974218
95.550000000 -13.659325 -16.462855 0.150522 -0.007166 -0.003388 0.225385 0.974238
95.600000000 -13.741799 -16.484125 0.151062 -0.007182 -0.003390 0.225301 0.974257
95.650000000 -13.824274 -16.505395 0.151601 -0.007198 -0.003393 0.225217 0.974276
95.700000000 -13.906749 -16.526665 0.152141 -0.007214 -0.003395 0.225134 0.974295
95.750000000 -13.989223 -16.547933 0.152680 -0.007230 -0.003397 0.225053 0.974314
95.800000000 -14.071698 -16.569201 0.153220 -0.007246 -0.003399 0.224973 0.974332
95.850000000 -14.154174 -16.590467 0.153760 -0.007262 -0.003400 0.224896 0.974350
95.900000000 -14.236649 -16.611732 0.154300 -0.007278 -0.003402 0.224821 0.974367
95.950000000 -14.319125 -16.632995 0.154840 -0.007294 -0.003404 0.224750 0.974383
96.000000000 -14.401601 -16.654256 0.155380 -0.007310 -0.003405 0.224681 0.974399
96.050000000 -14.484078 -16.675516 0.155920 -0.007326 -0.003406 0.224616 0.974414
96.100000000 -14.566555 -16.696774 0.156460 -0.007342 -0.003408 0.224554 0.974428
96.150000000 -14.649033 -16.718029 0.157000 -0.007359 -0.003409 0.224495 0.974441
96.200000000 -14.731510 -16.739283 0.157541 -0.007375 -0.003410 0.224441 0.974454
96.250000000 -14.813989 -16.760535 0.158081 -0.007391 -0.003411 0.224389 0.974466
96.300000000 -14.896467 -16.781785 0.158622 -0.007408 -0.003412 0.224341 0.974477
96.350000000 -14.978946 -16.803032 0.159162 -0.007424 -0.003412 0.224297 0.974487
96.400000000 -15.061426 -16.824278 0.159703 -0.007441 -0.003413 0.224256 0.974496
96.450000000 -15.143905 -16.845522 0.160244 -0.007457 -0.003414 0.224218 0.974505
96.500000000 -15.226386 -16.866765 0.160784 -0.007474 -0.003414 0.224183 0.974512
96.550000000 -15.308866 -16.888005 0.161325 -0.007490 -0.003415 0.224151 0.974520
96.600000000 -15.391347 -16.909244 0.161866 -0.007507 -0.003416 0.224123 0.974526
96.650000000 -15.473828 -16.930482 0.162407 -0.007523 -0.003416 0.224097 0.974532
96.700000000 -15.556310 -16.951718 0.162948 -0.007540 -0.003417 0.224073 0.974537
96.750000000 -15.638791 -16.972952 0.163489 -0.007556 -0.003417 0.224053 0.974542
96.800000000 -15.721273 -16.994186 0.164030 -0.007573 -0.003418 0.224034 0.974546
96.850000000 -15.803756 -17.015418 0.164570 -0.007590 -0.003418 0.224018 0.974550
96.900000000 -15.886238 -17.036648 0.165112 -0.007606 -0.003418 0.224004 0.974553
96.950000000 -15.968721 -17.057878 0.165653 -0.007623 -0.003419 0.223991 0.974555
97.000000000 -16.051204 -17.079107 0.166194 -0.007640 -0.003419 0.223981 0.974558
97.050000000 -16.133687 -17.100335 0.166735 -0.007656 -0.003420 0.223972 0.974560
97.100000000 -16.216170 -17.121562 0.167276 -0.007673 -0.003420 0.223964 0.974561
97.150000000 -16.298653 -17.142788 0.167817 -0.007690 -0.003420 0.223958 0.974562
97.200000000 -16.381137 -17.164014 0.168358 -0.007706 -0.003421 0.223953 0.974563
97.250000000 -16.463621 -17.185239 0.168899 -0.007723 -0.003421 0.223949 0.974564
97.300000000 -16.546104 -17.206463 0.169440 -0.007740 -0.003421 0.223947 0.974565
97.350000000 -16.628588 -17.227687 0.169982 -0.007757 -0.003422 0.223945 0.974565
97.400000000 -16.711072 -17.248910 0.170523 -0.007773 -0.003422 0.223944 0.974565
97.450000000 -16.793556 -17.270133 0.171064 -0.007790 -0.003423 0.223943 0.974565
97.500000000 -16.876040 -17.291356 0.171605 -0.007807 -0.003423 0.223944 0.974565
97.550000000 -16.958525 -17.312579 0.172146 -0.007824 -0.003423 0.223944 0.974564
97.600000000 -17.041009 -17.333801 0.172688 -0.007840 -0.003424 0.223946 0.974564
97.650000000 -17.123493 -17.355023 0.173229 -0.007857 -0.003424 0.223947 0.974564
97.700000000 -17.205978 -17.376244 0.173770 -0.007874 -0.003424 0.223949 0.974563
97.750000000 -17.288462 -17.397466 0.174311 -0.007891 -0.003425 0.223952 0.974562
97.800000000 -17.370946 -17.418687 0.174853 -0.007908 -0.003425 0.223954 0.974562
97.850000000 -17.453431 -17.439909 0.175394 -0.007925 -0.003426 0.223957 0.974561
97.900000000 -17.535915 -17.461130 0.175935 -0.007941 -0.003426 0.223959 0.974560
97.950000000 -17.618400 -17.482351 0.176477 -0.007958 -0.003427 0.223962 0.974559
98.000000000 -17.700884 -17.503573 0.177018 -0.007975 -0.003427 0.223965 0.974559
98.050000000 -17.783368 -17.524794 0.177559 -0.007992 -0.003427 0.223968 0.974558
98.100000000 -17.865853 -17.546015 0.178101 -0.008009 -0.003428 0.223971 0.974557
98.150000000 -17.948337 -17.567236 0.178642 -0.008026 -0.003428 0.223974 0.974556
98.200000000 -18.030822 -17.588458 0.179183 -0.008042 -0.003429 0.223976 0.974555
98.250000000 -18.113306 -17.609679 0.179725 -0.008059 -0.003429 0.223979 0.974555
98.300000000 -18.195791 -17.630900 0.180266 -0.008076 -0.003430 0.223982 0.974554
98.350000000 -18.278275 -17.652122 0.180807 -0.008093 -0.003430 0.223984 0.974553
98.400000000 -18.360759 -17.673343 0.181349 -0.008110 -0.003431 0.223987 0.974552
98.450000000 -18.443244 -17.694565 0.181890 -0.008127 -0.003431 0.223989 0.974552
98.500000000 -18.525728 -17.715786 0.182431 -0.008144 -0.003432 0.223991 0.974551
98.550000000 -18.608212 -17.737008 0.182973 -0.008161 -0.003432 0.223993 0.974550
98.600000000 -18.690697 -17.758230 0.183514 -0.008178 -0.003433 0.223995 0.974550
98.650000000 -18.773181 -17.779451 0.184055 -0.008195 -0.003433 0.223997 0.974549
98.700000000 -18.855665 -17.800673 0.184597 -0.008212 -0.003434 0.223999 0.974549
98.750000000 -18.938149 -17.821895 0.185138 -0.008229 -0.003434 0.224000 0.974548
98.800000000 -19.020633 -17.843117 0.185680 -0.008246 -0.003435 0.224002 0.974548
98.850000000 -19.103118 -17.864339 0.186221 -0.008262 -0.003435 0.224003 0.974547
98.900000000 -19.185602 -17.885561 0.186763 -0.008279 -0.003436 0.224004 0.974547
98.950000000 -19.268086 -17.906783 0.187304 -0.008296 -0.003436 0.224005 0.974547
99.000000000 -19.350570 -17.928006 0.187845 -0.008313 -0.003437 0.224006 0.974546
99.050000000 -19.433054 -17.949228 0.188387 -0.008330 -0.003437 0.224007 0.974546
99.100000000 -19.515538 -17.970450 0.188928 -0.008347 -0.003438 0.224008 0.974545
99.150000000 -19.598022 -17.991673 0.189470 -0.008364 -0.003438 0.224009 0.974545
99.200000000 -19.680506 -18.012895 0.190011 -0.008381 -0.003439 0.224009 0.974545
99.250000000 -19.762990 -18.034118 0.190553 -0.008398 -0.003439 0.224010 0.974545
99.300000000 -19.845474 -18.055340 0.191094 -0.008416 -0.003440 0.224010 0.974544
99.350000000 -19.927958 -18.076563 0.191636 -0.008433 -0.003440 0.224011 0.974544
99.400000000 -20.010442 -18.097785 0.192177 -0.008450 -0.003441 0.224011 0.974544
99.450000000 -20.092926 -18.119008 0.192719 -0.008467 -0.003441 0.224011 0.974544
99.500000000 -20.175410 -18.140231 0.193260 -0.008484 -0.003442 0.224011 0.974544
99.550000000 -20.257894 -18.161453 0.193802 -0.008501 -0.003442 0.224012 0.974543
99.600000000 -20.340378 -18.182676 0.194344 -0.008518 -0.003443 0.224012 0.974543
99.650000000 -20.422862 -18.203899 0.194885 -0.008535 -0.003444 0.224012 0.974543
99.700000000 -20.505346 -18.225121 0.195427 -0.008552 -0.003444 0.224012 0.974543
99.750000000 -20.587830 -18.246344 0.195968 -0.008569 -0.003445 0.224012 0.974543
99.800000000 -20.670314 -18.267567 0.196510 -0.008586 -0.003445 0.224012 0.974543
99.850000000 -20.752798 -18.288790 0.197052 -0.008603 -0.003446 0.224012 0.974542
99.900000000 -20.835282 -18.310013 0.197593 -0.008621 -0.003446 0.224012 0.974542
99.950000000 -20.917766 -18.331235 0.198135 -0.008638 -0.003447 0.224011 0.974542
100.000000000 -21.000250 -18.352458 0.198676 -0.008655 -0.003447 0.224011 0.974542
100.050000000 -21.082734 -18.373681 0.199218 -0.008672 -0.003448 0.224011 0.974542
100.100000000 -21.165218 -18.394904 0.199760 -0.008689 -0.003448 0.224011 0.974542
100.150000000 -21.247702 -18.416127 0.200301 -0.008706 -0.003449 0.224011 0.974542
100.200000000 -21.330186 -18.437350 0.200843 -0.008724 -0.003449 0.224011 0.974542
100.250000000 -21.412670 -18.458573 0.201385 -0.008741 -0.003450 0.224010 0.974541
100.300000000 -21.495154 -18.479795 0.201927 -0.008758 -0.003450 0.224010 0.974541
100.350000000 -21.577638 -18.501018 0.202468 -0.008775 -0.003451 0.224010 0.974541
100.400000000 -21.660121 -18.522241 0.203010 -0.008792 -0.003451 0.224010 0.974541
100.450000000 -21.742605 -18.543464 0.203552 -0.008810 -0.003452 0.224010 0.974541
100.500000000 -21.825089 -18.564687 0.204093 -0.008827 -0.003453 0.224010 0.974541
100.550000000 -21.907573 -18.585910 0.204635 -0.008844 -0.003453 0.224009 0.974541
100.600000000 -21.990057 -18.607133 0.205177 -0.008861 -0.003454 0.224009 0.974541
100.650000000 -22.072541 -18.628356 0.205719 -0.008878 -0.003454 0.224009 0.974541
100.700000000 -22.155025 -18.649578 0.206261 -0.008896 -0.003455 0.224009 0.974540
100.750000000 -22.237509 -18.670801 0.206802 -0.008913 -0.003455 0.224009 0.974540
100.800000000 -22.319993 -18.692024 0.207344 -0.008930 -0.003456 0.224008 0.974540
100.850000000 -22.402477 -18.713247 0.207886 -0.008948 -0.003456 0.224008 0.974540
100.900000000 -22.484961 -18.734470 0.208428 -0.008965 -0.003457 0.224008 0.974540
100.950000000 -22.567445 -18.755693 0.208970 -0.008982 -0.003457 0.224008 0.974540
101.000000000 -22.649928 -18.776916 0.209511 -0.008999 -0.003458 0.224008 0.974540
101.050000000 -22.732412 -18.798138 0.210053 -0.009017 -0.003458 0.224008 0.974540
101.100000000 -22.814896 -18.819361 0.210595 -0.009034 -0.003459 0.224007 0.974539
101.150000000 -22.897380 -18.840584 0.211137 -0.009051 -0.003459 0.224007 0.974539
101.200000000 -22.979864 -18.861807 0.211679 -0.009069 -0.003460 0.224007 0.974539
101.250000000 -23.062348 -18.883030 0.212221 -0.009086 -0.003460 0.224007 0.974539
101.300000000 -23.144832 -18.904253 0.212763 -0.009103 -0.003461 0.224007 0.974539
101.350000000 -23.227316 -18.925475 0.213305 -0.009121 -0.003462 0.224007 0.974539
101.400000000 -23.309800 -18.946698 0.213847 -0.009138 -0.003462 0.224007 0.974539
101.450000000 -23.392284 -18.967921 0.214389 -0.009156 -0.003463 0.224006 0.974539
101.500000000 -23.474768 -18.989144 0.214930 -0.009173 -0.003463 0.224006 0.974538
101.550000000 -23.557252 -19.010367 0.215472 -0.009190 -0.003464 0.224006 0.974538
101.600000000 -23.639736 -19.031590 0.216014 -0.009208 -0.003464 0.224006 0.974538
101.650000000 -23.722220 -19.052812 0.216556 -0.009225 -0.003465 0.224006 0.974538
101.700000000 -23.804703 -19.074035 0.217098 -0.009243 -0.003465 0.224006 0.974538
101.750000000 -23.887187 -19.095258 0.217640 -0.009260 -0.003466 0.224006 0.974538
101.800000000 -23.969671 -19.116481 0.218182 -0.009277 -0.003466 0.224006 0.974538
101.850000000 -24.052155 -19.137704 0.218724 -0.009295 -0.003467 0.224005 0.974537
101.900000000 -24.134639 -19.158926 0.219266 -0.009312 -0.003467 0.224005 0.974537
101.950000000 -24.217123 -19.180149 0.219808 -0.009330 -0.003468 0.224005 0.974537
102.000000000 -24.299607 -19.201372 0.220350 -0.009347 -0.003468 0.224005 0.974537
102.050000000 -24.382091 -19.222595 0.220893 -0.009365 -0.003469 0.224005 0.974537
102.100000000 -24.464575 -19.243818 0.221435 -0.009382 -0.003469 0.224005 0.974537
102.150000000 -24.547059 -19.265041 0.221977 -0.009400 -0.003470 0.224005 0.974537
102.200000000 -24.629543 -19.286263 0.222519 -0.009417 -0.003471 0.224005 0.974536
102.250000000 -24.712027 -19.307486 0.223061 -0.009435 -0.003471 0.224005 0.974536
102.300000000 -24.794511 -19.328709 0.223603 -0.009452 -0.003472 0.224005 0.974536
102.350000000 -24.876995 -19.349932 0.224145 -0.009470 -0.003472 0.224005 0.974536
102.400000000 -24.959478 -19.371155 0.224687 -0.009487 -0.003473 0.224004 0.974536
102.450000000 -25.041962 -19.392377 0.225229 -0.009505 -0.003473 0.224004 0.974536
102.500000000 -25.124446 -19.413600 0.225771 -0.009522 -0.003474 0.224004 0.974535
102.550000000 -25.206930 -19.434823 0.226314 -0.009540 -0.003474 0.224004 0.974535
102.600000000 -25.289414 -19.456046 0.226856 -0.009558 -0.003475 0.224004 0.974535
102.650000000 -25.371898 -19.477269 0.227398 -0.009575 -0.003475 0.224004 0.974535
102.700000000 -25.454382 -19.498491 0.227940 -0.009593 -0.003476 0.224004 0.974535
102.750000000 -25.536866 -19.519714 0.228482 -0.009610 -0.003476 0.224004 0.974535
102.800000000 -25.619350 -19.540937 0.229025 -0.009628 -0.003477 0.224004 0.974535
102.850000000 -25.701834 -19.562160 0.229567 -0.009646 -0.003477 0.224004 0.974534
102.900000000 -25.784318 -19.583383 0.230109 -0.009663 -0.003478 0.224004 0.974534
102.950000000 -25.866802 -19.604605 0.230651 -0.009681 -0.003479 0.224003 0.974534
103.000000000 -25.949286 -19.625828 0.231193 -0.009698 -0.003479 0.224003 0.974534
103.050000000 -26.031769 -19.647051 0.231736 -0.009716 -0.003480 0.224003 0.974534
103.100000000 -26.114253 -19.668274 0.232278 -0.009734 -0.003480 0.224003 0.974534
103.150000000 -26.196737 -19.689497 0.232820 -0.009751 -0.003481 0.224003 0.974533
103.200000000 -26.279221 -19.710719 0.233363 -0.009769 -0.003481 0.224003 0.974533
103.250000000 -26.361705 -19.731942 0.233905 -0.009787 -0.003482 0.224003 0.974533
103.300000000 -26.444189 -19.753165 0.234447 -0.009804 -0.003482 0.224003 0.974533
103.350000000 -26.526673 -19.774388 0.234989 -0.009822 -0.003483 0.224003 0.974533
103.400000000 -26.609157 -19.795611 0.235532 -0.009840 -0.003483 0.224003 0.974533
103.450000000 -26.691641 -19.816834 0.236074 -0.009857 -0.003484 0.224003 0.974532
103.500000000 -26.774125 -19.838056 0.236617 -0.009875 -0.003484 0.224002 0.974532
103.550000000 -26.856609 -19.859279 0.237159 -0.009893 -0.003485 0.224002 0.974532
103.600000000 -26.939093 -19.880502 0.237701 -0.009911 -0.003486 0.224002 0.974532
103.650000000 -27.021577 -19.901725 0.238244 -0.009928 -0.003486 0.224002 0.974532
103.700000000 -27.104060 -19.922948 0.238786 -0.009946 -0.003487 0.224002 0.974532
103.750000000 -27.186544 -19.944170 0.239328 -0.009964 -0.003487 0.224002 0.974532
103.800000000 -27.269028 -19.965393 0.239871 -0.009982 -0.003488 0.224002 0.974531
103.850000000 -27.351512 -19.986616 0.240413 -0.009999 -0.003488 0.224002 0.974531
103.900000000 -27.433996 -20.007839 0.240956 -0.010017 -0.003489 0.224002 0.974531
103.950000000 -27.516480 -20.029062 0.241498 -0.010035 -0.003489 0.224002 0.974531
104.000000000 -27.598964 -20.050284 0.242041 -0.010053 -0.003490 0.224002 0.974531
104.050000000 -27.681448 -20.071507 0.242583 -0.010070 -0.003490 0.224001 0.974531
104.100000000 -27.763932 -20.092730 0.243125 -0.010088 -0.003491 0.224001 0.974530
104.150000000 -27.846416 -20.113953 0.243668 -0.010106 -0.003491 0.224001 0.974530
104.200000000 -27.928900 -20.135176 0.244210 -0.010124 -0.003492 0.224001 0.974530
104.250000000 -28.011384 -20.156398 0.244753 -0.010142 -0.003493 0.224001 0.974530
104.300000000 -28.093868 -20.177621 0.245295 -0.010160 -0.003493 0.224001 0.974530
104.350000000 -28.176351 -20.198844 0.245838 -0.010177 -0.003494 0.224001 0.974530
104.400000000 -28.258835 -20.220067 0.246380 -0.010195 -0.003494 0.224001 0.974529
104.450000000 -28.341319 -20.241290 0.246923 -0.010213 -0.003495 0.224001 0.974529
104.500000000 -28.423803 -20.262512 0.247466 -0.010231 -0.003495 0.224001 0.974529
104.550000000 -28.506287 -20.283735 0.248008 -0.010249 -0.003496 0.224000 0.974529
104.600000000 -28.588765 -20.304955 0.248551 -0.010267 -0.003496 0.224000 0.974529
104.650000000 -28.670771 -20.325947 0.249092 -0.010285 -0.003497 0.223998 0.974529
104.700000000 -28.752017 -20.346576 0.249631 -0.010303 -0.003498 0.223988 0.974531
104.750000000 -28.832503 -20.366845 0.250169 -0.010320 -0.003498 0.223962 0.974537
104.800000000 -28.912228 -20.386758 0.250704 -0.010338 -0.003499 0.223915 0.974548
104.850000000 -28.991191 -20.406317 0.251237 -0.010356 -0.003501 0.223843 0.974564
104.900000000 -29.069390 -20.425523 0.251768 -0.010373 -0.003502 0.223742 0.974587
104.950000000 -29.146826 -20.444380 0.252297 -0.010391 -0.003504 0.223609 0.974617
105.000000000 -29.223499 -20.462888 0.252824 -0.010408 -0.003506 0.223441 0.974656
105.050000000 -29.299407 -20.481049 0.253348 -0.010425 -0.003508 0.223237 0.974702
105.100000000 -29.374551 -20.498863 0.253870 -0.010443 -0.003511 0.222995 0.974757
105.150000000 -29.448930 -20.516332 0.254389 -0.010460 -0.003514 0.222716 0.974821
105.200000000 -29.522543 -20.533456 0.254907 -0.010477 -0.003517 0.222397 0.974894
105.250000000 -29.595392 -20.550235 0.255422 -0.010493 -0.003521 0.222039 0.974975
105.300000000 -29.667474 -20.566671 0.255934 -0.010510 -0.003525 0.221642 0.975065
105.350000000 -29.738791 -20.582764 0.256444 -0.010527 -0.003529 0.221206 0.975164
105.400000000 -29.809342 -20.598514 0.256952 -0.010543 -0.003533 0.220732 0.975271
105.450000000 -29.879126 -20.613921 0.257458 -0.010560 -0.003537 0.220221 0.975386
105.500000000 -29.948144 -20.628987 0.257961 -0.010576 -0.003542 0.219673 0.975510
105.550000000 -30.016395 -20.643710 0.258461 -0.010592 -0.003547 0.219088 0.975641
105.600000000 -30.083880 -20.658093 0.258960 -0.010609 -0.003552 0.218469 0.975780
105.650000000 -30.150596 -20.672135 0.259455 -0.010625 -0.003558 0.217815 0.975926
105.700000000 -30.216545 -20.685836 0.259948 -0.010641 -0.003563 0.217128 0.976079
105.750000000 -30.281726 -20.699198 0.260439 -0.010657 -0.003569 0.216408 0.976238
105.800000000 -30.346139 -20.712221 0.260928 -0.010672 -0.003575 0.215658 0.976404
105.850000000 -30.409783 -20.724906 0.261413 -0.010691 -0.003581 0.214877 0.976576
105.900000000 -30.472637 -20.737326 0.261895 -0.010717 -0.003591 0.213929 0.976784
105.950000000 -30.534667 -20.749597 0.262370 -0.010732 -0.003602 0.212606 0.977072
106.000000000 -30.595870 -20.761714 0.262838 -0.010744 -0.003617 0.210914 0.977439
106.050000000 -30.656243 -20.773682 0.263299 -0.010755 -0.003635 0.208849 0.977882
106.100000000 -30.715785 -20.785489 0.263753 -0.010764 -0.003656 0.206435 0.978394
106.150000000 -30.774504 -20.797110 0.264201 -0.010773 -0.003679 0.203728 0.978961
106.200000000 -30.832404 -20.808520 0.264643 -0.010781 -0.003703 0.200776 0.979571
106.250000000 -30.889491 -20.819705 0.265080 -0.010789 -0.003729 0.197620 0.980212
106.300000000 -30.945768 -20.830649 0.265512 -0.010796 -0.003756 0.194295 0.980877
106.350000000 -31.001239 -20.841343 0.265939 -0.010802 -0.003782 0.190830 0.981556
106.400000000 -31.055906 -20.851778 0.266361 -0.010809 -0.003809 0.187252 0.982245
106.450000000 -31.109773 -20.861947 0.266779 -0.010815 -0.003836 0.183585 0.982937
106.500000000 -31.162839 -20.871846 0.267192 -0.010820 -0.003862 0.179850 0.983627
106.550000000 -31.215108 -20.881471 0.267601 -0.010826 -0.003888 0.176065 0.984311
106.600000000 -31.266580 -20.890819 0.268005 -0.010831 -0.003913 0.172247 0.984986
106.650000000 -31.317257 -20.899888 0.268405 -0.010837 -0.003937 0.168412 0.985649
106.700000000 -31.367137 -20.908679 0.268801 -0.010842 -0.003961 0.164572 0.986298
106.750000000 -31.416222 -20.917191 0.269192 -0.010848 -0.003983 0.160739 0.986929
106.800000000 -31.464511 -20.925425 0.269579 -0.010853 -0.004005 0.156923 0.987543
106.850000000 -31.512003 -20.933384 0.269962 -0.010859 -0.004025 0.153134 0.988138
106.900000000 -31.558697 -20.941068 0.270340 -0.010864 -0.004045 0.149377 0.988712
106.950000000 -31.604593 -20.948481 0.270714 -0.010870 -0.004064 0.145662 0.989266
107.000000000 -31.649688 -20.955625 0.271084 -0.010876 -0.004081 0.141992 0.989800
107.050000000 -31.693983 -20.962505 0.271448 -0.010882 -0.004097 0.138374 0.990312
107.100000000 -31.737476 -20.969124 0.271809 -0.010888 -0.004113 0.134810 0.990803
107.150000000 -31.780166 -20.975487 0.272164 -0.010894 -0.004127 0.131304 0.991274
107.200000000 -31.822051 -20.981597 0.272515 -0.010901 -0.004141 0.127860 0.991724
107.250000000 -31.863130 -20.987459 0.272861 -0.010907 -0.004153 0.124478 0.992154
107.300000000 -31.903402 -20.993079 0.273203 -0.010914 -0.004165 0.121161 0.992564
107.350000000 -31.942865 -20.998460 0.273539 -0.010921 -0.004175 0.117909 0.992956
107.400000000 -31.981518 -21.003609 0.273870 -0.010928 -0.004185 0.114724 0.993328
107.450000000 -32.019361 -21.008529 0.274197 -0.010936 -0.004194 0.111606 0.993684
107.500000000 -32.056390 -21.013227 0.274518 -0.010943 -0.004202 0.108554 0.994021
107.550000000 -32.092606 -21.017708 0.274834 -0.010951 -0.004209 0.105568 0.994343
107.600000000 -32.128007 -21.021976 0.275145 -0.010959 -0.004216 0.102649 0.994648
107.650000000 -32.162592 -21.026037 0.275450 -0.010968 -0.004221 0.099794 0.994939
107.700000000 -32.196359 -21.029897 0.275750 -0.010976 -0.004226 0.097004 0.995215
107.750000000 -32.229307 -21.033560 0.276045 -0.010985 -0.004230 0.094276 0.995476
107.800000000 -32.261436 -21.037032 0.276334 -0.010993 -0.004234 0.091611 0.995725
107.850000000 -32.292744 -21.040317 0.276618 -0.011003 -0.004237 0.089006 0.995961
107.900000000 -32.323230 -21.043422 0.276896 -0.011012 -0.004239 0.086460 0.996185
107.950000000 -32.352893 -21.046350 0.277169 -0.011021 -0.004241 0.083971 0.996398
108.000000000 -32.381732 -21.049108 0.277435 -0.011031 -0.004242 0.081538 0.996600
108.050000000 -32.409746 -21.051700 0.277696 -0.011041 -0.004243 0.079160 0.996792
108.100000000 -32.436935 -21.054130 0.277952 -0.011050 -0.004243 0.076834 0.996974
108.150000000 -32.463297 -21.056404 0.278201 -0.011061 -0.004242 0.074559 0.997146
108.200000000 -32.488831 -21.058527 0.278445 -0.011071 -0.004241 0.072333 0.997310
108.250000000 -32.513537 -21.060503 0.278682 -0.011081 -0.004240 0.070154 0.997466
108.300000000 -32.537414 -21.062336 0.278914 -0.011092 -0.004238 0.068021 0.997613
108.350000000 -32.560462 -21.064032 0.279139 -0.011103 -0.004235 0.065931 0.997753
108.400000000 -32.582679 -21.065594 0.279359 -0.011114 -0.004232 0.063884 0.997886
108.450000000 -32.604065 -21.067028 0.279573 -0.011125 -0.004229 0.061876 0.998013
108.500000000 -32.624620 -21.068336 0.279780 -0.011136 -0.004225 0.059907 0.998133
108.550000000 -32.644342 -21.069524 0.279981 -0.011147 -0.004220 0.057975 0.998247
108.600000000 -32.663231 -21.070596 0.280177 -0.011158 -0.004216 0.056078 0.998355
108.650000000 -32.681287 -21.071556 0.280366 -0.011170 -0.004210 0.054214 0.998458
108.700000000 -32.698510 -21.072408 0.280549 -0.011182 -0.004204 0.052381 0.998556
108.750000000 -32.714898 -21.073155 0.280725 -0.011193 -0.004198 0.050578 0.998649
108.800000000 -32.730451 -21.073803 0.280895 -0.011205 -0.004191 0.048803 0.998737
108.850000000 -32.745168 -21.074356 0.281060 -0.011217 -0.004184 0.047051 0.998821
108.900000000 -32.759050 -21.074819 0.281217 -0.011229 -0.004176 0.045320 0.998901
108.950000000 -32.772095 -21.075195 0.281369 -0.011241 -0.004168 0.043608 0.998977
109.000000000 -32.784302 -21.075489 0.281514 -0.011254 -0.004159 0.041912 0.999049
109.050000000 -32.795672 -21.075706 0.281652 -0.011266 -0.004149 0.040229 0.999118
109.100000000 -32.806204 -21.075848 0.281785 -0.011278 -0.004140 0.038558 0.999184
109.150000000 -32.815897 -21.075921 0.281910 -0.011290 -0.004129 0.036896 0.999247
109.200000000 -32.824751 -21.075927 0.282030 -0.011303 -0.004118 0.035242 0.999306
109.250000000 -32.832766 -21.075871 0.282143 -0.011315 -0.004107 0.033594 0.999363
109.300000000 -32.839941 -21.075756 0.282249 -0.011327 -0.004095 0.031950 0.999417
109.350000000 -32.846276 -21.075585 0.282349 -0.011340 -0.004082 0.030310 0.999468
109.400000000 -32.851770 -21.075362 0.282443 -0.011352 -0.004069 0.028672 0.999516
109.450000000 -32.856424 -21.075089 0.282530 -0.011364 -0.004055 0.027036 0.999562
109.500000000 -32.860237 -21.074771 0.282610 -0.011377 -0.004040 0.025400 0.999604
109.550000000 -32.863208 -21.074410 0.282685 -0.011389 -0.004024 0.023765 0.999645
109.600000000 -32.865337 -21.074008 0.282753 -0.011401 -0.004007 0.022129 0.999682
109.650000000 -32.866625 -21.073569 0.282814 -0.011414 -0.003989 0.020494 0.999717
109.700000000 -32.867070 -21.073096 0.282870 -0.011426 -0.003971 0.018859 0.999749
109.750000000 -32.866674 -21.072591 0.282919 -0.011438 -0.003951 0.017224 0.999778
109.800000000 -32.865436 -21.072057 0.282961 -0.011451 -0.003930 0.015589 0.999805
109.850000000 -32.863355 -21.071496 0.282998 -0.011463 -0.003909 0.013954 0.999829
109.900000000 -32.860433 -21.070912 0.283028 -0.011475 -0.003886 0.012319 0.999851
109.950000000 -32.856668 -21.070307 0.283051 -0.011488 -0.003863 0.010684 0.999869
110.000000000 -32.852060 -21.069684 0.283068 -0.011500 -0.003838 0.009050 0.999886
110.050000000 -32.846610 -21.069044 0.283079 -0.011512 -0.003814 0.007418 0.999899
110.100000000 -32.840317 -21.068391 0.283083 -0.011525 -0.003788 0.005788 0.999910
110.150000000 -32.833180 -21.067726 0.283081 -0.011537 -0.003762 0.004161 0.999918
110.200000000 -32.825201 -21.067051 0.283072 -0.011549 -0.003735 0.002540 0.999923
110.250000000 -32.816378 -21.066369 0.283057 -0.011561 -0.003709 0.000924 0.999926
110.300000000 -32.806711 -21.065681 0.283035 -0.011574 -0.003681 -0.000684 0.999926
110.350000000 -32.796201 -21.064989 0.283007 -0.011586 -0.003653 -0.002282 0.999924
110.400000000 -32.784847 -21.064294 0.282972 -0.011598 -0.003625 -0.003868 0.999919
110.450000000 -32.772650 -21.063599 0.282931 -0.011611 -0.003597 -0.005440 0.999911
110.500000000 -32.759608 -21.062903 0.282883 -0.011623 -0.003569 -0.006996 0.999902
110.550000000 -32.745723 -21.062209 0.282829 -0.011636 -0.003540 -0.008532 0.999890
110.600000000 -32.730993 -21.061518 0.282769 -0.011648 -0.003512 -0.010048 0.999876
110.650000000 -32.715420 -21.060834 0.282701 -0.011661 -0.003483 -0.011543 0.999859
110.700000000 -32.699004 -21.060157 0.282628 -0.011673 -0.003454 -0.013018 0.999841
110.750000000 -32.681744 -21.059492 0.282548 -0.011686 -0.003426 -0.014472 0.999821
110.800000000 -32.663641 -21.058839 0.282461 -0.011699 -0.003397 -0.015906 0.999799
110.850000000 -32.644695 -21.058203 0.282368 -0.011711 -0.003369 -0.017319 0.999776
110.900000000 -32.624907 -21.057585 0.282269 -0.011724 -0.003340 -0.018713 0.999751
110.950000000 -32.604275 -21.056988 0.282163 -0.011737 -0.003312 -0.020087 0.999724
111.000000000 -32.582802 -21.056415 0.282051 -0.011750 -0.003284 -0.021443 0.999696
111.050000000 -32.560486 -21.055868 0.281932 -0.011763 -0.003257 -0.022780 0.999666
111.100000000 -32.537327 -21.055350 0.281807 -0.011776 -0.003230 -0.024100 0.999635
111.150000000 -32.513327 -21.054864 0.281676 -0.011790 -0.003203 -0.025404 0.999603
111.200000000 -32.488485 -21.054413 0.281538 -0.011803 -0.003176 -0.026692 0.999569
111.250000000 -32.462802 -21.053999 0.281394 -0.011816 -0.003149 -0.027967 0.999534
111.300000000 -32.436276 -21.053625 0.281243 -0.011829 -0.003123 -0.029228 0.999498
111.350000000 -32.408910 -21.053294 0.281086 -0.011843 -0.003097 -0.030477 0.999461
111.400000000 -32.380702 -21.053008 0.280923 -0.011856 -0.003072 -0.031716 0.999422
111.450000000 -32.351654 -21.052771 0.280753 -0.011869 -0.003047 -0.032945 0.999382
111.500000000 -32.321764 -21.052585 0.280577 -0.011883 -0.003022 -0.034167 0.999341
111.550000000 -32.291034 -21.052454 0.280395 -0.011896 -0.002997 -0.035382 0.999299
111.600000000 -32.259464 -21.052379 0.280207 -0.011910 -0.002972 -0.036593 0.999255
111.650000000 -32.227053 -21.052365 0.280012 -0.011923 -0.002948 -0.037801 0.999210
111.700000000 -32.193802 -21.052413 0.279812 -0.011937 -0.002924 -0.039007 0.999163
111.750000000 -32.159711 -21.052527 0.279605 -0.011950 -0.002900 -0.040213 0.999115
111.800000000 -32.124780 -21.052710 0.279392 -0.011964 -0.002876 -0.041421 0.999066
111.850000000 -32.089010 -21.052965 0.279172 -0.011977 -0.002853 -0.042633 0.999015
111.900000000 -32.052401 -21.053294 0.278947 -0.011991 -0.002829 -0.043850 0.998962
111.950000000 -32.014953 -21.053701 0.278715 -0.012004 -0.002805 -0.045074 0.998908
112.000000000 -31.976666 -21.054189 0.278478 -0.012017 -0.002782 -0.046307 0.998851
112.050000000 -31.937542 -21.054760 0.278234 -0.012031 -0.002758 -0.047551 0.998793
112.100000000 -31.897579 -21.055419 0.277984 -0.012044 -0.002734 -0.048807 0.998732
112.150000000 -31.856779 -21.056167 0.277729 -0.012057 -0.002710 -0.050077 0.998669
112.200000000 -31.815142 -21.057008 0.277467 -0.012070 -0.002686 -0.051364 0.998603
112.250000000 -31.772668 -21.057946 0.277199 -0.012083 -0.002662 -0.052669 0.998535
112.300000000 -31.729358 -21.058983 0.276926 -0.012096 -0.002637 -0.053994 0.998465
112.350000000 -31.685211 -21.060123 0.276646 -0.012109 -0.002612 -0.055341 0.998391
112.400000000 -31.640229 -21.061369 0.276361 -0.012122 -0.002587 -0.056713 0.998314
112.450000000 -31.594412 -21.062725 0.276069 -0.012134 -0.002561 -0.058110 0.998233
112.500000000 -31.547761 -21.064193 0.275772 -0.012146 -0.002534 -0.059535 0.998149
112.550000000 -31.500275 -21.065778 0.275469 -0.012159 -0.002508 -0.060991 0.998061
112.600000000 -31.451955 -21.067484 0.275160 -0.012171 -0.002480 -0.062480 0.997969
112.650000000 -31.402802 -21.069312 0.274846 -0.012183 -0.002452 -0.064002 0.997872
112.700000000 -31.352817 -21.071269 0.274525 -0.012194 -0.002423 -0.065562 0.997771
112.750000000 -31.301999 -21.073357 0.274199 -0.012206 -0.002393 -0.067161 0.997665
112.800000000 -31.250351 -21.075580 0.273867 -0.012217 -0.002363 -0.068801 0.997553
112.850000000 -31.197878 -21.077941 0.273529 -0.012228 -0.002331 -0.070486 0.997435
112.900000000 -31.145094 -21.080372 0.273190 -0.012239 -0.002299 -0.072216 0.997311
112.950000000 -31.092314 -21.082829 0.272849 -0.012250 -0.002267 -0.073995 0.997181
113.000000000 -31.039538 -21.085313 0.272509 -0.012260 -0.002235 -0.075824 0.997043
113.050000000 -30.986767 -21.087824 0.272169 -0.012270 -0.002202 -0.077705 0.996898
113.100000000 -30.934002 -21.090365 0.271828 -0.012280 -0.002169 -0.079639 0.996746
113.150000000 -30.881241 -21.092935 0.271487 -0.012290 -0.002135 -0.081629 0.996585
113.200000000 -30.828486 -21.095536 0.271146 -0.012299 -0.002101 -0.083676 0.996415
113.250000000 -30.775737 -21.098169 0.270805 -0.012308 -0.002066 -0.085783 0.996236
113.300000000 -30.722994 -21.100835 0.270464 -0.012317 -0.002031 -0.087950 0.996047
113.350000000 -30.670258 -21.103535 0.270123 -0.012326 -0.001994 -0.090181 0.995847
113.400000000 -30.617528 -21.106270 0.269782 -0.012334 -0.001957 -0.092477 0.995637
113.450000000 -30.564805 -21.109041 0.269441 -0.012342 -0.001919 -0.094839 0.995414
113.500000000 -30.512089 -21.111849 0.269100 -0.012349 -0.001880 -0.097271 0.995180
113.550000000 -30.459382 -21.114696 0.268759 -0.012356 -0.001840 -0.099775 0.994932
113.600000000 -30.406682 -21.117582 0.268418 -0.012363 -0.001799 -0.102351 0.994670
113.650000000 -30.353991 -21.120508 0.268077 -0.012369 -0.001757 -0.105003 0.994393
113.700000000 -30.301309 -21.123476 0.267736 -0.012374 -0.001714 -0.107733 0.994101
113.750000000 -30.248636 -21.126488 0.267396 -0.012380 -0.001670 -0.110542 0.993793
113.800000000 -30.195973 -21.129543 0.267055 -0.012384 -0.001624 -0.113434 0.993467
113.850000000 -30.143320 -21.132644 0.266715 -0.012389 -0.001577 -0.116410 0.993123
113.900000000 -30.090679 -21.135792 0.266374 -0.012392 -0.001528 -0.119474 0.992759
113.950000000 -30.038048 -21.138988 0.266034 -0.012395 -0.001479 -0.122626 0.992374
114.000000000 -29.985430 -21.142233 0.265694 -0.012398 -0.001427 -0.125871 0.991968
114.050000000 -29.932823 -21.145529 0.265354 -0.012400 -0.001375 -0.129210 0.991539
114.100000000 -29.880230 -21.148877 0.265014 -0.012401 -0.001320 -0.132646 0.991085
114.150000000 -29.827651 -21.152279 0.264674 -0.012401 -0.001264 -0.136181 0.990606
114.200000000 -29.775086 -21.155736 0.264335 -0.012401 -0.001207 -0.139819 0.990099
114.250000000 -29.722536 -21.159249 0.263996 -0.012400 -0.001148 -0.143562 0.989563
114.300000000 -29.670002 -21.162820 0.263657 -0.012399 -0.001087 -0.147412 0.988997
114.350000000 -29.617485 -21.166451 0.263318 -0.012396 -0.001024 -0.151373 0.988398
114.400000000 -29.564985 -21.170143 0.262979 -0.012393 -0.000959 -0.155448 0.987766
114.450000000 -29.512503 -21.173898 0.262641 -0.012389 -0.000892 -0.159638 0.987097
114.500000000 -29.460041 -21.177717 0.262302 -0.012383 -0.000823 -0.163948 0.986391
114.550000000 -29.407598 -21.181602 0.261964 -0.012377 -0.000753 -0.168380 0.985644
114.600000000 -29.355177 -21.185554 0.261626 -0.012370 -0.000680 -0.172937 0.984855
114.650000000 -29.302777 -21.189575 0.261289 -0.012362 -0.000605 -0.177623 0.984021
114.700000000 -29.250401 -21.193668 0.260952 -0.012353 -0.000527 -0.182439 0.983139
114.750000000 -29.198049 -21.197833 0.260615 -0.012343 -0.000448 -0.187390 0.982208
114.800000000 -29.145722 -21.202072 0.260278 -0.012331 -0.000366 -0.192478 0.981224
114.850000000 -29.093422 -21.206387 0.259941 -0.012318 -0.000282 -0.197706 0.980184
114.900000000 -29.041149 -21.210780 0.259605 -0.012304 -0.000195 -0.203078 0.979085
114.950000000 -28.988906 -21.215252 0.259269 -0.012289 -0.000106 -0.208596 0.977925
115.000000000 -28.936693 -21.219806 0.258934 -0.012272 -0.000014 -0.214263 0.976699
115.050000000 -28.884513 -21.224442 0.258599 -0.012254 0.000081 -0.220083 0.975404
115.100000000 -28.832365 -21.229163 0.258264 -0.012234 0.000178 -0.226059 0.974037
115.150000000 -28.780253 -21.233971 0.257929 -0.012213 0.000278 -0.232193 0.972593
115.200000000 -28.728177 -21.238867 0.257595 -0.012190 0.000380 -0.238488 0.971069
115.250000000 -28.676139 -21.243852 0.257261 -0.012165 0.000486 -0.244948 0.969460
115.300000000 -28.624141 -21.248929 0.256928 -0.012138 0.000595 -0.251574 0.967762
115.350000000 -28.572185 -21.254099 0.256595 -0.012110 0.000706 -0.258370 0.965970
115.400000000 -28.520272 -21.259364 0.256262 -0.012080 0.000821 -0.265338 0.964079
115.450000000 -28.468404 -21.264726 0.255930 -0.012047 0.000939 -0.272481 0.962085
115.500000000 -28.416584 -21.270185 0.255598 -0.012013 0.001060 -0.279800 0.959983
115.550000000 -28.364812 -21.275744 0.255267 -0.011976 0.001184 -0.287297 0.957766
115.600000000 -28.313092 -21.281403 0.254936 -0.011937 0.001311 -0.294976 0.955429
115.650000000 -28.261425 -21.287165 0.254605 -0.011896 0.001442 -0.302836 0.952967
115.700000000 -28.209813 -21.293030 0.254275 -0.011852 0.001576 -0.310881 0.950374
115.750000000 -28.158259 -21.298999 0.253946 -0.011806 0.001713 -0.319109 0.947643
115.800000000 -28.106761 -21.305070 0.253617 -0.011757 0.001854 -0.327515 0.944771
115.850000000 -28.055320 -21.311239 0.253288 -0.011705 0.001999 -0.336089 0.941755
115.900000000 -28.003935 -21.317502 0.252961 -0.011651 0.002147 -0.344824 0.938593
115.950000000 -27.952605 -21.323856 0.252635 -0.011593 0.002299 -0.353710 0.935281
116.000000000 -27.901329 -21.330297 0.252309 -0.011533 0.002455 -0.362737 0.931817
116.050000000 -27.850105 -21.336822 0.251985 -0.011469 0.002616 -0.371897 0.928200
116.100000000 -27.798932 -21.343426 0.251663 -0.011402 0.002780 -0.381179 0.924427
116.150000000 -27.747810 -21.350105 0.251342 -0.011331 0.002949 -0.390573 0.920497
116.200000000 -27.696735 -21.356856 0.251022 -0.011258 0.003123 -0.400070 0.916410
116.250000000 -27.645706 -21.363675 0.250704 -0.011180 0.003300 -0.409658 0.912165
116.300000000 -27.594721 -21.370559 0.250388 -0.011099 0.003482 -0.419328 0.907760
116.350000000 -27.543778 -21.377502 0.250074 -0.011014 0.003669 -0.429069 0.903197
116.400000000 -27.492875 -21.384502 0.249762 -0.010925 0.003861 -0.438871 0.898475
116.450000000 -27.442010 -21.391555 0.249452 -0.010832 0.004056 -0.448724 0.893596
116.500000000 -27.391181 -21.398657 0.249145 -0.010736 0.004257 -0.458617 0.888559
116.550000000 -27.340384 -21.405804 0.248839 -0.010635 0.004461 -0.468541 0.883367
116.600000000 -27.289619 -21.412993 0.248536 -0.010530 0.004671 -0.478485 0.878020
116.650000000 -27.238882 -21.420221 0.248235 -0.010421 0.004884 -0.488441 0.872521
116.700000000 -27.188170 -21.427484 0.247936 -0.010308 0.005102 -0.498398 0.866872
116.750000000 -27.137483 -21.434779 0.247640 -0.010191 0.005324 -0.508347 0.861075
116.800000000 -27.086817 -21.442102 0.247346 -0.010070 0.005549 -0.518281 0.855133
116.850000000 -27.036171 -21.449450 0.247054 -0.009944 0.005779 -0.528190 0.849048
116.900000000 -26.985541 -21.456821 0.246765 -0.009814 0.006012 -0.538067 0.842823
116.950000000 -26.934927 -21.464210 0.246478 -0.009681 0.006248 -0.547904 0.836462
117.000000000 -26.884325 -21.471616 0.246193 -0.009543 0.006488 -0.557694 0.829967
117.050000000 -26.833734 -21.479035 0.245910 -0.009402 0.006730 -0.567429 0.823341
117.100000000 -26.783152 -21.486465 0.245630 -0.009257 0.006975 -0.577104 0.816588
117.150000000 -26.732578 -21.493902 0.245351 -0.009108 0.007223 -0.586713 0.809712
117.200000000 -26.682009 -21.501344 0.245074 -0.008956 0.007472 -0.596250 0.802714
117.250000000 -26.631445 -21.508789 0.244798 -0.008800 0.007723 -0.605710 0.795599
117.300000000 -26.580883 -21.516234 0.244524 -0.008641 0.007976 -0.615090 0.788369
117.350000000 -26.530325 -21.523679 0.244252 -0.008479 0.008230 -0.624388 0.781025
117.400000000 -26.479769 -21.531124 0.243980 -0.008314 0.008485 -0.633602 0.773568
117.450000000 -26.429217 -21.538570 0.243710 -0.008147 0.008741 -0.642732 0.765998
117.500000000 -26.378668 -21.546016 0.243441 -0.007977 0.008997 -0.651776 0.758317
117.550000000 -26.328122 -21.553462 0.243172 -0.007805 0.009253 -0.660732 0.750524
117.600000000 -26.277579 -21.560909 0.242904 -0.007631 0.009508 -0.669599 0.742622
117.650000000 -26.227040 -21.568357 0.242636 -0.007455 0.009764 -0.678377 0.734611
117.700000000 -26.176504 -21.575802 0.242368 -0.007278 0.010018 -0.687064 0.726492
117.750000000 -26.125996 -21.582755 0.242099 -0.007101 0.010270 -0.695658 0.718265
117.800000000 -26.075518 -21.588867 0.241825 -0.006927 0.010515 -0.704158 0.709931
117.850000000 -26.025051 -21.594138 0.241547 -0.006757 0.010755 -0.712564 0.701493
117.900000000 -25.974574 -21.598567 0.241265 -0.006591 0.010989 -0.720873 0.692949
117.950000000 -25.924068 -21.602157 0.240977 -0.006428 0.011216 -0.729085 0.684301
118.000000000 -25.873513 -21.604907 0.240685 -0.006269 0.011438 -0.737198 0.675551
118.050000000 -25.822888 -21.606820 0.240387 -0.006114 0.011653 -0.745211 0.666699
118.100000000 -25.772174 -21.607899 0.240084 -0.005963 0.011863 -0.753123 0.657746
118.150000000 -25.721350 -21.608145 0.239776 -0.005816 0.012067 -0.760931 0.648694
118.200000000 -25.670396 -21.607561 0.239461 -0.005672 0.012265 -0.768635 0.639544
118.250000000 -25.619294 -21.606153 0.239142 -0.005533 0.012458 -0.776233 0.630298
118.300000000 -25.568022 -21.603922 0.238817 -0.005396 0.012645 -0.783724 0.620957
118.350000000 -25.516562 -21.600875 0.238487 -0.005263 0.012828 -0.791107 0.611521
118.400000000 -25.464894 -21.597016 0.238152 -0.005132 0.013006 -0.798379 0.601993
118.450000000 -25.412998 -21.592351 0.237812 -0.005004 0.013181 -0.805541 0.592373
118.500000000 -25.360855 -21.586885 0.237468 -0.004876 0.013352 -0.812589 0.582663
118.550000000 -25.308448 -21.580623 0.237120 -0.004749 0.013521 -0.819526 0.572862
118.600000000 -25.255759 -21.573568 0.236769 -0.004622 0.013687 -0.826354 0.562966
118.650000000 -25.202773 -21.565721 0.236415 -0.004495 0.013851 -0.833075 0.552968
118.700000000 -25.149475 -21.557086 0.236057 -0.004367 0.014013 -0.839695 0.542860
118.750000000 -25.095850 -21.547664 0.235697 -0.004237 0.014174 -0.846217 0.532633
118.800000000 -25.041886 -21.537458 0.235333 -0.004105 0.014334 -0.852646 0.522277
118.850000000 -24.987569 -21.526472 0.234967 -0.003972 0.014493 -0.858986 0.511778
118.900000000 -24.932887 -21.514708 0.234598 -0.003837 0.014651 -0.865244 0.501122
118.950000000 -24.877831 -21.502170 0.234225 -0.003700 0.014808 -0.871424 0.490292
119.000000000 -24.822389 -21.488859 0.233849 -0.003562 0.014963 -0.877532 0.479270
119.050000000 -24.766553 -21.474778 0.233468 -0.003419 0.015109 -0.883575 0.468034
119.100000000 -24.710294 -21.459954 0.233084 -0.003277 0.015256 -0.889530 0.456611
119.150000000 -24.653544 -21.444448 0.232697 -0.003136 0.015406 -0.895336 0.445113
119.200000000 -24.596267 -21.428297 0.232309 -0.002993 0.015555 -0.900970 0.433593
119.250000000 -24.538436 -21.411528 0.231919 -0.002847 0.015701 -0.906418 0.422080
119.300000000 -24.480022 -21.394166 0.231528 -0.002700 0.015845 -0.911671 0.410607
119.350000000 -24.420998 -21.376241 0.231136 -0.002552 0.015986 -0.916716 0.399211
119.400000000 -24.361335 -21.357785 0.230743 -0.002402 0.016124 -0.921544 0.387932
119.450000000 -24.301005 -21.338828 0.230348 -0.002252 0.016259 -0.926144 0.376812
119.500000000 -24.239982 -21.319402 0.229953 -0.002101 0.016390 -0.930510 0.365893
119.550000000 -24.178240 -21.299539 0.229557 -0.001951 0.016518 -0.934637 0.355215
119.600000000 -24.115758 -21.279271 0.229160 -0.001800 0.016642 -0.938521 0.344817
119.650000000 -24.052516 -21.258627 0.228762 -0.001649 0.016762 -0.942162 0.334735
119.700000000 -23.988495 -21.237636 0.228364 -0.001500 0.016878 -0.945562 0.325001
119.750000000 -23.923683 -21.216320 0.227964 -0.001351 0.016991 -0.948727 0.315636
119.800000000 -23.858069 -21.194702 0.227563 -0.001204 0.017099 -0.951665 0.306659
119.850000000 -23.791642 -21.172803 0.227161 -0.001059 0.017204 -0.954382 0.298091
119.900000000 -23.724394 -21.150648 0.226758 -0.000916 0.017304 -0.956885 0.289950
119.950000000 -23.656314 -21.128257 0.226352 -0.000775 0.017401 -0.959180 0.282259
120.000000000 -23.587396 -21.105653 0.225946 -0.000637 0.017494 -0.961274 0.275038
120.050000000 -23.517633 -21.082857 0.225537 -0.000501 0.017583 -0.963173 0.268307
120.100000000 -23.447022 -21.059883 0.225127 -0.000367 0.017668 -0.964887 0.262072
120.150000000 -23.375564 -21.036742 0.224715 -0.000236 0.017749 -0.966426 0.256332
120.200000000 -23.303260 -21.013440 0.224300 -0.000108 0.017827 -0.967801 0.251084
120.250000000 -23.230111 -20.989983 0.223883 0.000017 0.017902 -0.969023 0.246321
120.300000000 -23.156120 -20.966375 0.223462 0.000139 0.017973 -0.970101 0.242034
120.350000000 -23.081290 -20.942616 0.223038 0.000257 0.018041 -0.971046 0.238210
120.400000000 -23.005626 -20.918705 0.222610 0.000373 0.018106 -0.971867 0.234834
120.450000000 -22.929131 -20.894641 0.222177 0.000485 0.018167 -0.972572 0.231891
120.500000000 -22.851808 -20.870419 0.221740 0.000593 0.018226 -0.973170 0.229363
120.550000000 -22.773663 -20.846033 0.221297 0.000698 0.018282 -0.973669 0.227230
120.600000000 -22.694700 -20.821477 0.220848 0.000799 0.018335 -0.974077 0.225472
120.650000000 -22.614923 -20.796741 0.220393 0.000897 0.018385 -0.974400 0.224068
120.700000000 -22.534336 -20.771818 0.219932 0.000991 0.018433 -0.974645 0.222996
120.750000000 -22.452943 -20.746698 0.219463 0.001081 0.018478 -0.974818 0.222233
120.800000000 -22.370749 -20.721369 0.218986 0.001167 0.018521 -0.974925 0.221758
120.850000000 -22.287757 -20.695821 0.218502 0.001250 0.018562 -0.974972 0.221547
120.900000000 -22.203972 -20.670043 0.218009 0.001330 0.018600 -0.974964 0.221579
120.950000000 -22.119396 -20.644022 0.217508 0.001405 0.018637 -0.974906 0.221832
121.000000000 -22.034035 -20.617746 0.216997 0.001477 0.018671 -0.974802 0.222283
121.050000000 -21.947891 -20.591204 0.216477 0.001546 0.018704 -0.974658 0.222913
121.100000000 -21.860967 -20.564384 0.215946 0.001611 0.018735 -0.974476 0.223701
121.150000000 -21.773268 -20.537274 0.215405 0.001673 0.018765 -0.974262 0.224628
121.200000000 -21.684795 -20.509862 0.214854 0.001732 0.018793 -0.974020 0.225675
121.250000000 -21.595553 -20.482138 0.214291 0.001787 0.018819 -0.973752 0.226825
121.300000000 -21.505544 -20.454091 0.213718 0.001839 0.018844 -0.973462 0.228062
121.350000000 -21.414772 -20.425709 0.213133 0.001888 0.018868 -0.973154 0.229370
121.400000000 -21.323238 -20.396983 0.212536 0.001935 0.018891 -0.972831 0.230736
121.450000000 -21.230946 -20.367905 0.211927 0.001978 0.018913 -0.972495 0.232144
121.500000000 -21.137898 -20.338464 0.211305 0.002019 0.018935 -0.972150 0.233585
121.550000000 -21.044097 -20.308653 0.210672 0.002057 0.018955 -0.971797 0.235047
121.600000000 -20.949942 -20.278666 0.210032 0.002093 0.018975 -0.971440 0.236517
121.650000000 -20.855789 -20.248677 0.209389 0.002125 0.018993 -0.971082 0.237981
121.700000000 -20.761639 -20.218676 0.208745 0.002154 0.019012 -0.970727 0.239422
121.750000000 -20.667496 -20.188656 0.208099 0.002180 0.019029 -0.970379 0.240829
121.800000000 -20.573361 -20.158612 0.207451 0.002203 0.019046 -0.970040 0.242189
121.850000000 -20.479236 -20.128540 0.206801 0.002223 0.019063 -0.969712 0.243496
121.900000000 -20.385122 -20.098435 0.206149 0.002241 0.019080 -0.969398 0.244742
121.950000000 -20.291020 -20.068296 0.205495 0.002256 0.019096 -0.969099 0.245922
122.000000000 -20.196931 -20.038120 0.204839 0.002269 0.019112 -0.968816 0.247034
122.050000000 -20.102855 -20.007906 0.204181 0.002280 0.019129 -0.968550 0.248074
122.100000000 -20.008792 -19.977654 0.203521 0.002289 0.019145 -0.968301 0.249042
122.150000000 -19.914743 -19.947363 0.202859 0.002296 0.019161 -0.968069 0.249938
122.200000000 -19.820707 -19.917034 0.202196 0.002302 0.019178 -0.967856 0.250763
122.250000000 -19.726685 -19.886668 0.201531 0.002306 0.019194 -0.967660 0.251518
122.300000000 -19.632675 -19.856266 0.200865 0.002309 0.019211 -0.967480 0.252205
122.350000000 -19.538678 -19.825829 0.200198 0.002311 0.019228 -0.967318 0.252827
122.400000000 -19.444693 -19.795359 0.199529 0.002311 0.019245 -0.967171 0.253386
122.450000000 -19.350720 -19.764857 0.198860 0.002311 0.019262 -0.967040 0.253885
122.500000000 -19.256758 -19.734325 0.198189 0.002310 0.019280 -0.966923 0.254329
122.550000000 -19.162805 -19.703765 0.197518 0.002308 0.019298 -0.966820 0.254720
122.600000000 -19.068863 -19.673179 0.196845 0.002306 0.019316 -0.966729 0.255061
122.650000000 -18.974929 -19.642569 0.196172 0.002303 0.019334 -0.966651 0.255357
122.700000000 -18.881004 -19.611936 0.195498 0.002300 0.019352 -0.966583 0.255611
122.750000000 -18.787087 -19.581283 0.194824 0.002296 0.019371 -0.966526 0.255826
122.800000000 -18.693176 -19.550611 0.194149 0.002292 0.019390 -0.966478 0.256005
122.850000000 -18.599272 -19.519922 0.193474 0.002288 0.019409 -0.966439 0.256153
122.900000000 -18.505374 -19.489218 0.192798 0.002284 0.019428 -0.966407 0.256272
122.950000000 -18.411481 -19.458500 0.192123 0.002280 0.019447 -0.966382 0.256365
123.000000000 -18.317592 -19.427770 0.191446 0.002276 0.019467 -0.966363 0.256435
123.050000000 -18.223708 -19.397029 0.190770 0.002272 0.019487 -0.966349 0.256484
123.100000000 -18.129827 -19.366278 0.190094 0.002268 0.019507 -0.966341 0.256515
123.150000000 -18.035949 -19.335519 0.189417 0.002264 0.019527 -0.966336 0.256531
123.200000000 -17.942074 -19.304753 0.188740 0.002260 0.019547 -0.966335 0.256534
123.250000000 -17.848202 -19.273981 0.188064 0.002256 0.019567 -0.966337 0.256525
123.300000000 -17.754331 -19.243204 0.187387 0.002252 0.019588 -0.966341 0.256506
123.350000000 -17.660462 -19.212422 0.186710 0.002249 0.019608 -0.966348 0.256479
123.400000000 -17.566594 -19.181638 0.186034 0.002245 0.019629 -0.966357 0.256446
123.450000000 -17.472728 -19.150850 0.185357 0.002242 0.019649 -0.966366 0.256408
123.500000000 -17.378862 -19.120060 0.184680 0.002239 0.019670 -0.966377 0.256366
123.550000000 -17.284997 -19.089269 0.184004 0.002236 0.019691 -0.966389 0.256320
123.600000000 -17.191132 -19.058477 0.183327 0.002233 0.019712 -0.966401 0.256273
123.650000000 -17.097267 -19.027684 0.182651 0.002230 0.019733 -0.966413 0.256225
123.700000000 -17.003403 -18.996891 0.181974 0.002227 0.019754 -0.966426 0.256177
123.750000000 -16.909538 -18.966098 0.181298 0.002225 0.019775 -0.966438 0.256128
123.800000000 -16.815673 -18.935306 0.180622 0.002222 0.019796 -0.966450 0.256080
123.850000000 -16.721808 -18.904514 0.179946 0.002220 0.019817 -0.966462 0.256034
123.900000000 -16.627943 -18.873723 0.179270 0.002218 0.019838 -0.966474 0.255989
123.950000000 -16.534078 -18.842933 0.178594 0.002216 0.019860 -0.966485 0.255945
124.000000000 -16.440212 -18.812144 0.177918 0.002214 0.019881 -0.966495 0.255904
124.050000000 -16.346346 -18.781356 0.177242 0.002212 0.019902 -0.966505 0.255865
124.100000000 -16.252480 -18.750569 0.176567 0.002211 0.019923 -0.966515 0.255828
124.150000000 -16.158613 -18.719784 0.175891 0.002209 0.019944 -0.966523 0.255793
124.200000000 -16.064746 -18.689000 0.175216 0.002207 0.019966 -0.966531 0.255761
124.250000000 -15.970879 -18.658218 0.174540 0.002206 0.019987 -0.966539 0.255731
124.300000000 -15.877011 -18.627436 0.173865 0.002204 0.020008 -0.966546 0.255703
124.350000000 -15.783143 -18.596656 0.173190 0.002203 0.020029 -0.966552 0.255678
124.400000000 -15.689275 -18.565878 0.172514 0.002202 0.020051 -0.966558 0.255655
124.450000000 -15.595406 -18.535100 0.171839 0.002200 0.020072 -0.966563 0.255634
124.500000000 -15.501537 -18.504324 0.171164 0.002199 0.020093 -0.966567 0.255616
124.550000000 -15.407667 -18.473549 0.170489 0.002198 0.020114 -0.966571 0.255599
124.600000000 -15.313798 -18.442775 0.169814 0.002196 0.020136 -0.966575 0.255584
124.650000000 -15.219928 -18.412001 0.169139 0.002195 0.020157 -0.966578 0.255571
124.700000000 -15.126058 -18.381229 0.168464 0.002194 0.020178 -0.966580 0.255560
124.750000000 -15.032187 -18.350458 0.167789 0.002193 0.020199 -0.966582 0.255550
124.800000000 -14.938316 -18.319687 0.167114 0.002192 0.020221 -0.966584 0.255542
124.850000000 -14.844446 -18.288917 0.166439 0.002190 0.020242 -0.966586 0.255534
124.900000000 -14.750575 -18.258148 0.165765 0.002189 0.020263 -0.966587 0.255529
124.950000000 -14.656703 -18.227379 0.165090 0.002188 0.020284 -0.966587 0.255524
125.000000000 -14.562832 -18.196611 0.164415 0.002187 0.020306 -0.966588 0.255520
125.050000000 -14.468961 -18.165844 0.163740 0.002186 0.020327 -0.966588 0.255517
125.100000000 -14.375089 -18.135077 0.163066 0.002185 0.020348 -0.966589 0.255515
125.150000000 -14.281217 -18.104310 0.162391 0.002183 0.020369 -0.966588 0.255513
125.200000000 -14.187346 -18.073544 0.161716 0.002182 0.020391 -0.966588 0.255512
125.250000000 -14.093474 -18.042778 0.161041 0.002181 0.020412 -0.966588 0.255512
125.300000000 -13.999602 -18.012012 0.160367 0.002180 0.020433 -0.966587 0.255512
125.350000000 -13.905730 -17.981246 0.159692 0.002179 0.020454 -0.966587 0.255512
125.400000000 -13.811858 -17.950481 0.159017 0.002177 0.020476 -0.966586 0.255513
125.450000000 -13.717986 -17.919715 0.158343 0.002176 0.020497 -0.966586 0.255514
125.500000000 -13.624113 -17.888950 0.157668 0.002175 0.020518 -0.966585 0.255516
125.550000000 -13.530241 -17.858185 0.156993 0.002174 0.020539 -0.966584 0.255517
125.600000000 -13.436369 -17.827420 0.156319 0.002172 0.020561 -0.966583 0.255519
125.650000000 -13.342505 -17.796660 0.155644 0.002171 0.020582 -0.966582 0.255520
125.700000000 -13.249110 -17.766164 0.154978 0.002170 0.020603 -0.966582 0.255520
125.750000000 -13.156449 -17.736079 0.154323 0.002168 0.020625 -0.966584 0.255509
125.800000000 -13.064524 -17.706401 0.153681 0.002167 0.020646 -0.966591 0.255481
125.850000000 -12.973336 -17.677126 0.153050 0.002164 0.020667 -0.966604 0.255430
125.900000000 -12.882886 -17.648253 0.152432 0.002161 0.020689 -0.966625 0.255351
125.950000000 -12.793176 -17.619778 0.151825 0.002158 0.020711 -0.966653 0.255240
126.000000000 -12.704205 -17.591701 0.151229 0.002153 0.020732 -0.966692 0.255094
126.050000000 -12.615975 -17.564019 0.150645 0.002148 0.020754 -0.966739 0.254912
126.100000000 -12.528485 -17.536733 0.150073 0.002143 0.020776 -0.966797 0.254691
126.150000000 -12.441736 -17.509840 0.149512 0.002136 0.020798 -0.966865 0.254431
126.200000000 -12.355728 -17.483341 0.148963 0.002129 0.020820 -0.966943 0.254132
126.250000000 -12.270461 -17.457234 0.148425 0.002121 0.020842 -0.967031 0.253794
126.300000000 -12.185937 -17.431521 0.147898 0.002113 0.020865 -0.967130 0.253416
126.350000000 -12.102154 -17.406200 0.147383 0.002103 0.020887 -0.967238 0.253001
126.400000000 -12.019113 -17.381272 0.146880 0.002094 0.020910 -0.967356 0.252548
126.450000000 -11.936814 -17.356735 0.146387 0.002083 0.020933 -0.967483 0.252059
126.500000000 -11.855258 -17.332591 0.145906 0.002072 0.020956 -0.967619 0.251535
126.550000000 -11.774444 -17.308839 0.145437 0.002060 0.020979 -0.967764 0.250976
126.600000000 -11.694372 -17.285478 0.144979 0.002048 0.021002 -0.967916 0.250385
126.650000000 -11.615044 -17.262509 0.144532 0.002035 0.021025 -0.968077 0.249763
126.700000000 -11.536459 -17.239932 0.144096 0.002022 0.021048 -0.968244 0.249111
126.750000000 -11.458617 -17.217745 0.143672 0.002008 0.021071 -0.968419 0.248430
126.800000000 -11.381519 -17.195950 0.143259 0.001994 0.021095 -0.968600 0.247721
126.850000000 -11.305165 -17.174545 0.142858 0.001979 0.021118 -0.968787 0.246987
126.900000000 -11.229556 -17.153529 0.142468 0.001964 0.021142 -0.968979 0.246228
126.950000000 -11.154692 -17.132903 0.142089 0.001949 0.021166 -0.969177 0.245445
127.000000000 -11.080572 -17.112666 0.141721 0.001933 0.021189 -0.969381 0.244640
127.050000000 -11.007199 -17.092817 0.141364 0.001917 0.021213 -0.969588 0.243813
127.100000000 -10.934571 -17.073356 0.141019 0.001901 0.021237 -0.969800 0.242966
127.150000000 -10.862694 -17.054271 0.140684 0.001882 0.021270 -0.970021 0.242080
127.200000000 -10.791628 -17.035391 0.140353 0.001856 0.021300 -0.970330 0.240836
127.250000000 -10.721405 -17.016637 0.140020 0.001821 0.021326 -0.970763 0.239085
127.300000000 -10.652031 -16.998013 0.139688 0.001775 0.021352 -0.971314 0.236832
127.350000000 -10.583503 -16.979532 0.139355 0.001721 0.021379 -0.971974 0.234107
127.400000000 -10.515809 -16.961238 0.139025 0.001658 0.021407 -0.972717 0.231000
127.450000000 -10.448935 -16.943168 0.138698 0.001591 0.021436 -0.973521 0.227585
127.500000000 -10.382873 -16.925348 0.138375 0.001519 0.021465 -0.974369 0.223925
127.550000000 -10.317613 -16.907800 0.138059 0.001444 0.021494 -0.975246 0.220070
127.600000000 -10.253148 -16.890539 0.137748 0.001367 0.021523 -0.976141 0.216065
127.650000000 -10.189474 -16.873578 0.137445 0.001289 0.021553 -0.977043 0.211946
127.700000000 -10.126585 -16.856928 0.137149 0.001210 0.021582 -0.977944 0.207746
127.750000000 -10.064478 -16.840597 0.136860 0.001131 0.021611 -0.978837 0.203496
127.800000000 -10.003149 -16.824591 0.136579 0.001052 0.021641 -0.979715 0.199219
127.850000000 -9.942597 -16.808913 0.136306 0.000975 0.021669 -0.980575 0.194939
127.900000000 -9.882819 -16.793568 0.136042 0.000898 0.021698 -0.981413 0.190674
127.950000000 -9.823816 -16.778557 0.135786 0.000823 0.021726 -0.982225 0.186442
128.000000000 -9.765588 -16.763881 0.135537 0.000750 0.021754 -0.983010 0.182257
128.050000000 -9.708136 -16.749539 0.135298 0.000678 0.021782 -0.983765 0.178131
128.100000000 -9.651459 -16.735531 0.135066 0.000609 0.021809 -0.984491 0.174075
128.150000000 -9.595559 -16.721853 0.134842 0.000541 0.021836 -0.985185 0.170098
128.200000000 -9.540437 -16.708504 0.134627 0.000476 0.021863 -0.985848 0.166207
128.250000000 -9.486094 -16.695480 0.134419 0.000412 0.021889 -0.986481 0.162407
128.300000000 -9.432532 -16.682777 0.134220 0.000351 0.021915 -0.987083 0.158704
128.350000000 -9.379752 -16.670390 0.134028 0.000293 0.021941 -0.987655 0.155100
128.400000000 -9.327757 -16.658317 0.133843 0.000236 0.021966 -0.988198 0.151599
128.450000000 -9.276548 -16.646551 0.133665 0.000182 0.021991 -0.988713 0.148202
128.500000000 -9.226126 -16.635088 0.133495 0.000129 0.022016 -0.989200 0.144910
128.550000000 -9.176494 -16.623921 0.133332 0.000079 0.022040 -0.989661 0.141723
128.600000000 -9.127654 -16.613047 0.133175 0.000031 0.022065 -0.990097 0.138642
128.650000000 -9.079607 -16.602460 0.133025 -0.000015 0.022089 -0.990509 0.135664
128.700000000 -9.032355 -16.592153 0.132881 -0.000059 0.022112 -0.990897 0.132790
128.750000000 -8.985900 -16.582122 0.132743 -0.000101 0.022136 -0.991264 0.130018
128.800000000 -8.940243 -16.572361 0.132612 -0.000141 0.022159 -0.991611 0.127345
128.850000000 -8.895387 -16.562864 0.132486 -0.000180 0.022183 -0.991938 0.124771
128.900000000 -8.851334 -16.553627 0.132365 -0.000217 0.022206 -0.992246 0.122291
128.950000000 -8.808083 -16.544643 0.132250 -0.000252 0.022229 -0.992537 0.119905
129.000000000 -8.765639 -16.535907 0.132141 -0.000286 0.022251 -0.992811 0.117608
129.050000000 -8.724001 -16.527415 0.132036 -0.000318 0.022274 -0.993069 0.115400
129.100000000 -8.683171 -16.519161 0.131936 -0.000349 0.022296 -0.993313 0.113276
129.150000000 -8.643151 -16.511140 0.131841 -0.000379 0.022319 -0.993543 0.111235
129.200000000 -8.603941 -16.503347 0.131750 -0.000407 0.022341 -0.993761 0.109273
129.250000000 -8.565544 -16.495778 0.131664 -0.000434 0.022363 -0.993966 0.107387
129.300000000 -8.527960 -16.488428 0.131582 -0.000460 0.022385 -0.994159 0.105575
129.350000000 -8.491191 -16.481292 0.131504 -0.000485 0.022407 -0.994342 0.103833
129.400000000 -8.455238 -16.474366 0.131430 -0.000509 0.022429 -0.994515 0.102160
129.450000000 -8.420101 -16.467647 0.131360 -0.000531 0.022451 -0.994678 0.100552
129.500000000 -8.385781 -16.461128 0.131293 -0.000553 0.022473 -0.994833 0.099006
129.550000000 -8.352281 -16.454808 0.131230 -0.000574 0.022495 -0.994979 0.097520
129.600000000 -8.319600 -16.448682 0.131171 -0.000594 0.022517 -0.995118 0.096092
129.650000000 -8.287739 -16.442746 0.131114 -0.000613 0.022538 -0.995249 0.094718
129.700000000 -8.256699 -16.436997 0.131061 -0.000632 0.022560 -0.995373 0.093397
129.750000000 -8.226482 -16.431431 0.131011 -0.000650 0.022582 -0.995491 0.092126
129.800000000 -8.197086 -16.426045 0.130964 -0.000667 0.022603 -0.995603 0.090903
129.850000000 -8.168515 -16.420835 0.130920 -0.000683 0.022625 -0.995709 0.089725
129.900000000 -8.140767 -16.415799 0.130878 -0.000699 0.022647 -0.995810 0.088590
129.950000000 -8.113844 -16.410934 0.130839 -0.000714 0.022668 -0.995907 0.087497
130.000000000 -8.087746 -16.406237 0.130803 -0.000728 0.022690 -0.995998 0.086442
130.050000000 -8.062473 -16.401704 0.130770 -0.000743 0.022711 -0.996085 0.085425
130.100000000 -8.038027 -16.397333 0.130738 -0.000756 0.022733 -0.996169 0.084444
130.150000000 -8.014408 -16.393123 0.130709 -0.000769 0.022754 -0.996248 0.083496
130.200000000 -7.991616 -16.389069 0.130683 -0.000782 0.022776 -0.996324 0.082579
130.250000000 -7.969651 -16.385170 0.130658 -0.000794 0.022797 -0.996396 0.081693
130.300000000 -7.948515 -16.381423 0.130636 -0.000806 0.022819 -0.996466 0.080835
130.350000000 -7.928207 -16.377826 0.130615 -0.000817 0.022840 -0.996532 0.080004
130.400000000 -7.908728 -16.374377 0.130597 -0.000828 0.022862 -0.996596 0.079199
130.450000000 -7.890078 -16.371074 0.130580 -0.000838 0.022883 -0.996658 0.078417
130.500000000 -7.872258 -16.367914 0.130566 -0.000848 0.022905 -0.996717 0.077658
130.550000000 -7.855268 -16.364897 0.130553 -0.000858 0.022926 -0.996773 0.076921
130.600000000 -7.839108 -16.362019 0.130542 -0.000868 0.022948 -0.996828 0.076203
130.650000000 -7.823779 -16.359278 0.130532 -0.000877 0.022970 -0.996881 0.075504
130.700000000 -7.809280 -16.356674 0.130524 -0.000886 0.022991 -0.996931 0.074822
130.750000000 -7.795613 -16.354204 0.130518 -0.000894 0.023013 -0.996981 0.074156
130.800000000 -7.782777 -16.351867 0.130513 -0.000902 0.023034 -0.997028 0.073506
130.850000000 -7.770773 -16.349661 0.130510 -0.000910 0.023056 -0.997075 0.072869
130.900000000 -7.759600 -16.347583 0.130508 -0.000918 0.023077 -0.997119 0.072245
130.950000000 -7.749260 -16.345634 0.130507 -0.000925 0.023099 -0.997163 0.071634
131.000000000 -7.739752 -16.343810 0.130508 -0.000932 0.023121 -0.997206 0.071033
131.050000000 -7.731077 -16.342111 0.130510 -0.000939 0.023142 -0.997247 0.070441
131.100000000 -7.723235 -16.340534 0.130514 -0.000945 0.023164 -0.997288 0.069856
131.150000000 -7.716227 -16.339077 0.130518 -0.000952 0.023186 -0.997328 0.069277
131.200000000 -7.710052 -16.337739 0.130524 -0.000958 0.023207 -0.997367 0.068703
131.250000000 -7.704711 -16.336518 0.130530 -0.000963 0.023229 -0.997405 0.068131
131.300000000 -7.700204 -16.335413 0.130538 -0.000969 0.023251 -0.997444 0.067562
131.350000000 -7.696532 -16.334421 0.130547 -0.000974 0.023272 -0.997481 0.066994
131.400000000 -7.693695 -16.333543 0.130556 -0.000979 0.023294 -0.997519 0.066427
131.450000000 -7.691693 -16.332777 0.130567 -0.000984 0.023316 -0.997556 0.065860
131.500000000 -7.690526 -16.332121 0.130578 -0.000988 0.023338 -0.997593 0.065294
131.550000000 -7.690194 -16.331575 0.130591 -0.000992 0.023359 -0.997629 0.064727
131.600000000 -7.690698 -16.331138 0.130604 -0.000996 0.023381 -0.997665 0.064160
131.650000000 -7.692038 -16.330809 0.130618 -0.000999 0.023403 -0.997701 0.063594
131.700000000 -7.694213 -16.330586 0.130633 -0.001003 0.023425 -0.997736 0.063027
131.750000000 -7.697225 -16.330470 0.130649 -0.001005 0.023447 -0.997771 0.062461
131.800000000 -7.701072 -16.330459 0.130665 -0.001008 0.023469 -0.997806 0.061895
131.850000000 -7.705756 -16.330553 0.130682 -0.001010 0.023491 -0.997840 0.061331
131.900000000 -7.711276 -16.330752 0.130700 -0.001012 0.023512 -0.997874 0.060769
131.950000000 -7.717632 -16.331054 0.130719 -0.001014 0.023534 -0.997908 0.060211
132.000000000 -7.724825 -16.331460 0.130738 -0.001016 0.023556 -0.997940 0.059657
132.050000000 -7.732855 -16.331970 0.130758 -0.001017 0.023578 -0.997973 0.059108
132.100000000 -7.741722 -16.332583 0.130778 -0.001019 0.023600 -0.998004 0.058568
132.150000000 -7.751425 -16.333299 0.130800 -0.001020 0.023622 -0.998034 0.058036
132.200000000 -7.761965 -16.334118 0.130821 -0.001021 0.023644 -0.998064 0.057514
132.250000000 -7.773342 -16.335040 0.130844 -0.001022 0.023666 -0.998093 0.057001
132.300000000 -7.785556 -16.336063 0.130867 -0.001022 0.023688 -0.998121 0.056500
132.350000000 -7.798607 -16.337187 0.130891 -0.001023 0.023710 -0.998148 0.056009
132.400000000 -7.812495 -16.338411 0.130915 -0.001023 0.023732 -0.998174 0.055530
132.450000000 -7.827219 -16.339735 0.130940 -0.001024 0.023754 -0.998200 0.055063
132.500000000 -7.842781 -16.341158 0.130965 -0.001024 0.023776 -0.998224 0.054607
132.550000000 -7.859179 -16.342680 0.130991 -0.001024 0.023798 -0.998248 0.054164
132.600000000 -7.876415 -16.344299 0.131017 -0.001025 0.023820 -0.998271 0.053733
132.650000000 -7.894488 -16.346015 0.131044 -0.001025 0.023842 -0.998293 0.053315
132.700000000 -7.913397 -16.347828 0.131071 -0.001026 0.023864 -0.998314 0.052908
132.750000000 -7.933144 -16.349736 0.131098 -0.001026 0.023886 -0.998334 0.052515
132.800000000 -7.953728 -16.351739 0.131126 -0.001026 0.023908 -0.998353 0.052133
132.850000000 -7.975150 -16.353837 0.131155 -0.001027 0.023930 -0.998372 0.051764
132.900000000 -7.997409 -16.356028 0.131183 -0.001028 0.023952 -0.998390 0.051407
132.950000000 -8.020505 -16.358312 0.131212 -0.001028 0.023974 -0.998407 0.051061
133.000000000 -8.044438 -16.360688 0.131242 -0.001029 0.023996 -0.998424 0.050727
133.050000000 -8.069209 -16.363155 0.131271 -0.001030 0.024018 -0.998439 0.050405
133.100000000 -8.094818 -16.365713 0.131301 -0.001032 0.024040 -0.998455 0.050093
133.150000000 -8.121264 -16.368361 0.131331 -0.001033 0.024062 -0.998469 0.049792
133.200000000 -8.148548 -16.371099 0.131362 -0.001034 0.024084 -0.998483 0.049501
133.250000000 -8.176669 -16.373924 0.131392 -0.001036 0.024106 -0.998496 0.049220
133.300000000 -8.205629 -16.376838 0.131423 -0.001038 0.024128 -0.998509 0.048949
133.350000000 -8.235426 -16.379839 0.131454 -0.001040 0.024150 -0.998522 0.048686
133.400000000 -8.266061 -16.382926 0.131485 -0.001042 0.024172 -0.998533 0.048432
133.450000000 -8.297535 -16.386099 0.131516 -0.001045 0.024194 -0.998545 0.048186
133.500000000 -8.329846 -16.389357 0.131548 -0.001047 0.024216 -0.998556 0.047947
133.550000000 -8.362995 -16.392699 0.131579 -0.001050 0.024238 -0.998566 0.047715
133.600000000 -8.396983 -16.396126 0.131611 -0.001053 0.024260 -0.998577 0.047490
133.650000000 -8.431809 -16.399635 0.131643 -0.001056 0.024282 -0.998586 0.047270
133.700000000 -8.467474 -16.403226 0.131674 -0.001060 0.024304 -0.998596 0.047056
133.750000000 -8.503977 -16.406900 0.131706 -0.001063 0.024326 -0.998605 0.046847
133.800000000 -8.541318 -16.410654 0.131738 -0.001067 0.024348 -0.998614 0.046642
133.850000000 -8.579499 -16.414489 0.131770 -0.001071 0.024370 -0.998623 0.046441
133.900000000 -8.618517 -16.418404 0.131801 -0.001075 0.024392 -0.998632 0.046243
133.950000000 -8.658375 -16.422399 0.131833 -0.001080 0.024414 -0.998640 0.046048
134.000000000 -8.699071 -16.426472 0.131865 -0.001085 0.024436 -0.998649 0.045856
134.050000000 -8.740606 -16.430623 0.131896 -0.001090 0.024458 -0.998657 0.045665
134.100000000 -8.782981 -16.434851 0.131928 -0.001095 0.024480 -0.998665 0.045475
134.150000000 -8.826194 -16.439157 0.131959 -0.001100 0.024502 -0.998673 0.045287
134.200000000 -8.870246 -16.443539 0.131990 -0.001105 0.024523 -0.998681 0.045099
134.250000000 -8.915137 -16.447997 0.132021 -0.001111 0.024545 -0.998689 0.044911
134.300000000 -8.960868 -16.452530 0.132052 -0.001117 0.024567 -0.998697 0.044722
134.350000000 -9.007438 -16.457138 0.132083 -0.001123 0.024589 -0.998705 0.044532
134.400000000 -9.054847 -16.461820 0.132113 -0.001129 0.024611 -0.998713 0.044341
134.450000000 -9.103095 -16.466575 0.132143 -0.001136 0.024633 -0.998721 0.044148
134.500000000 -9.152183 -16.471404 0.132173 -0.001143 0.024655 -0.998729 0.043953
134.550000000 -9.202110 -16.476305 0.132203 -0.001150 0.024677 -0.998737 0.043755
134.600000000 -9.252876 -16.481278 0.132232 -0.001157 0.024699 -0.998745 0.043554
134.650000000 -9.304482 -16.486322 0.132261 -0.001164 0.024721 -0.998753 0.043349
134.700000000 -9.356739 -16.491421 0.132290 -0.001172 0.024743 -0.998762 0.043140
134.750000000 -9.409041 -16.496521 0.132318 -0.001180 0.024764 -0.998771 0.042927
134.800000000 -9.461344 -16.501619 0.132346 -0.001188 0.024786 -0.998779 0.042709
134.850000000 -9.513647 -16.506714 0.132374 -0.001197 0.024808 -0.998788 0.042487
134.900000000 -9.565950 -16.511807 0.132401 -0.001206 0.024830 -0.998797 0.042258
134.950000000 -9.618253 -16.516896 0.132429 -0.001215 0.024852 -0.998807 0.042025
135.000000000 -9.670556 -16.521982 0.132456 -0.001225 0.024874 -0.998816 0.041785
135.050000000 -9.722860 -16.527064 0.132482 -0.001235 0.024896 -0.998826 0.041539
135.100000000 -9.775163 -16.532143 0.132509 -0.001245 0.024917 -0.998836 0.041286
135.150000000 -9.827467 -16.537218 0.132535 -0.001256 0.024939 -0.998846 0.041027
135.200000000 -9.879771 -16.542290 0.132561 -0.001267 0.024961 -0.998856 0.040760
135.250000000 -9.932074 -16.547357 0.132587 -0.001278 0.024983 -0.998867 0.040486
135.300000000 -9.984378 -16.552421 0.132612 -0.001289 0.025005 -0.998878 0.040205
135.350000000 -10.036683 -16.557480 0.132638 -0.001301 0.025026 -0.998889 0.039915
135.400000000 -10.088987 -16.562534 0.132662 -0.001314 0.025048 -0.998900 0.039617
135.450000000 -10.141292 -16.567584 0.132687 -0.001326 0.025070 -0.998912 0.039311
135.500000000 -10.193596 -16.572629 0.132711 -0.001339 0.025092 -0.998923 0.038996
135.550000000 -10.245901 -16.577669 0.132735 -0.001353 0.025113 -0.998935 0.038671
135.600000000 -10.298206 -16.582704 0.132759 -0.001367 0.025135 -0.998948 0.038337
135.650000000 -10.350511 -16.587734 0.132782 -0.001381 0.025157 -0.998960 0.037993
135.700000000 -10.402817 -16.592758 0.132805 -0.001395 0.025178 -0.998973 0.037639
135.750000000 -10.455122 -16.597776 0.132827 -0.001410 0.025200 -0.998986 0.037275
135.800000000 -10.507428 -16.602789 0.132849 -0.001426 0.025222 -0.999000 0.036900
135.850000000 -10.559734 -16.607796 0.132871 -0.001442 0.025243 -0.999013 0.036514
135.900000000 -10.612040 -16.612796 0.132892 -0.001458 0.025265 -0.999027 0.036116
135.950000000 -10.664346 -16.617790 0.132913 -0.001475 0.025286 -0.999041 0.035707
136.000000000 -10.716653 -16.622778 0.132934 -0.001492 0.025308 -0.999056 0.035285
136.050000000 -10.768959 -16.627758 0.132954 -0.001510 0.025329 -0.999070 0.034850
136.100000000 -10.821266 -16.632732 0.132973 -0.001528 0.025351 -0.999085 0.034403
136.150000000 -10.873573 -16.637698 0.132992 -0.001547 0.025372 -0.999100 0.033943
136.200000000 -10.925881 -16.642657 0.133011 -0.001566 0.025394 -0.999116 0.033468
136.250000000 -10.978188 -16.647609 0.133029 -0.001586 0.025415 -0.999132 0.032979
136.300000000 -11.030496 -16.652552 0.133047 -0.001606 0.025437 -0.999147 0.032476
136.350000000 -11.082804 -16.657487 0.133064 -0.001627 0.025458 -0.999164 0.031958
136.400000000 -11.135112 -16.662414 0.133081 -0.001649 0.025479 -0.999180 0.031424
136.450000000 -11.187420 -16.667332 0.133097 -0.001671 0.025500 -0.999197 0.030874
136.500000000 -11.239728 -16.672241 0.133112 -0.001694 0.025522 -0.999213 0.030308
136.550000000 -11.292037 -16.677141 0.133127 -0.001717 0.025543 -0.999230 0.029725
136.600000000 -11.344346 -16.682032 0.133141 -0.001741 0.025564 -0.999247 0.029124
136.650000000 -11.396655 -16.686913 0.133155 -0.001766 0.025585 -0.999265 0.028505
136.700000000 -11.448964 -16.691784 0.133168 -0.001791 0.025606 -0.999282 0.027868
136.750000000 -11.501274 -16.696644 0.133181 -0.001818 0.025627 -0.999299 0.027211
136.800000000 -11.553583 -16.701494 0.133192 -0.001845 0.025648 -0.999317 0.026535
136.850000000 -11.605893 -16.706333 0.133203 -0.001872 0.025669 -0.999335 0.025838
136.900000000 -11.658203 -16.711160 0.133214 -0.001901 0.025690 -0.999352 0.025121
136.950000000 -11.710513 -16.715976 0.133223 -0.001930 0.025711 -0.999370 0.024382
137.000000000 -11.762823 -16.720780 0.133232 -0.001960 0.025732 -0.999388 0.023621
137.050000000 -11.815134 -16.725571 0.133240 -0.001991 0.025752 -0.999405 0.022837
137.100000000 -11.867444 -16.730350 0.133247 -0.002023 0.025773 -0.999423 0.022030
137.150000000 -11.919755 -16.735116 0.133253 -0.002056 0.025794 -0.999440 0.021198
137.200000000 -11.972066 -16.739868 0.133259 -0.002089 0.025814 -0.999458 0.020341
137.250000000 -12.024377 -16.744606 0.133263 -0.002124 0.025835 -0.999475 0.019459
137.300000000 -12.076687 -16.749330 0.133267 -0.002159 0.025855 -0.999491 0.018550
137.350000000 -12.128998 -16.754040 0.133270 -0.002196 0.025875 -0.999508 0.017614
137.400000000 -12.181309 -16.758734 0.133271 -0.002234 0.025895 -0.999523 0.016650
137.450000000 -12.233621 -16.763412 0.133272 -0.002273 0.025915 -0.999539 0.015657
137.500000000 -12.285932 -16.768074 0.133272 -0.002312 0.025935 -0.999554 0.014634
137.550000000 -12.338243 -16.772720 0.133270 -0.002353 0.025955 -0.999568 0.013581
137.600000000 -12.390554 -16.777349 0.133268 -0.002396 0.025975 -0.999582 0.012496
137.650000000 -12.442865 -16.781960 0.133264 -0.002439 0.025995 -0.999594 0.011378
137.700000000 -12.495175 -16.786553 0.133260 -0.002483 0.026014 -0.999606 0.010227
137.750000000 -12.547486 -16.791127 0.133254 -0.002529 0.026034 -0.999617 0.009042
137.800000000 -12.599796 -16.795682 0.133247 -0.002577 0.026053 -0.999627 0.007821
137.850000000 -12.652107 -16.800217 0.133238 -0.002625 0.026072 -0.999635 0.006563
137.900000000 -12.704417 -16.804732 0.133228 -0.002675 0.026091 -0.999642 0.005268
137.950000000 -12.756726 -16.809226 0.133217 -0.002726 0.026110 -0.999648 0.003934
138.000000000 -12.809036 -16.813699 0.133205 -0.002779 0.026129 -0.999651 0.002559
138.050000000 -12.861345 -16.818149 0.133191 -0.002834 0.026147 -0.999653 0.001144
138.100000000 -12.913653 -16.822576 0.133176 -0.002890 0.026166 -0.999653 -0.000313
138.150000000 -12.965961 -16.826980 0.133159 -0.002947 0.026184 -0.999651 -0.001814
138.200000000 -13.018268 -16.831359 0.133140 -0.003006 0.026202 -0.999647 -0.003360
138.250000000 -13.070575 -16.835714 0.133120 -0.003067 0.026220 -0.999639 -0.004952
138.300000000 -13.122880 -16.840042 0.133099 -0.003130 0.026237 -0.999629 -0.006592
138.350000000 -13.175185 -16.844345 0.133075 -0.003194 0.026255 -0.999616 -0.008280
138.400000000 -13.227489 -16.848620 0.133050 -0.003260 0.026272 -0.999599 -0.010019
138.450000000 -13.279792 -16.852867 0.133023 -0.003328 0.026289 -0.999579 -0.011810
138.500000000 -13.332094 -16.857085 0.132995 -0.003398 0.026305 -0.999555 -0.013655
138.550000000 -13.384394 -16.861273 0.132964 -0.003471 0.026322 -0.999526 -0.015554
138.600000000 -13.436694 -16.865431 0.132932 -0.003545 0.026338 -0.999493 -0.017510
138.650000000 -13.488991 -16.869557 0.132897 -0.003621 0.026354 -0.999455 -0.019524
138.700000000 -13.541287 -16.873651 0.132860 -0.003699 0.026369 -0.999412 -0.021598
138.750000000 -13.593581 -16.877711 0.132821 -0.003780 0.026384 -0.999363 -0.023733
138.800000000 -13.645873 -16.881737 0.132780 -0.003863 0.026399 -0.999308 -0.025932
138.850000000 -13.698163 -16.885728 0.132737 -0.003948 0.026413 -0.999246 -0.028197
138.900000000 -13.750451 -16.889683 0.132691 -0.004036 0.026427 -0.999176 -0.030528
138.950000000 -13.802736 -16.893600 0.132643 -0.004127 0.026441 -0.999099 -0.032929
139.000000000 -13.855019 -16.897478 0.132593 -0.004219 0.026454 -0.999014 -0.035400
139.050000000 -13.907299 -16.901317 0.132540 -0.004315 0.026467 -0.998920 -0.037945
139.100000000 -13.959575 -16.905116 0.132484 -0.004413 0.026479 -0.998816 -0.040565
139.150000000 -14.011848 -16.908872 0.132426 -0.004514 0.026491 -0.998702 -0.043262
139.200000000 -14.064117 -16.912586 0.132365 -0.004618 0.026502 -0.998577 -0.046039
139.250000000 -14.116383 -16.916255 0.132301 -0.004725 0.026513 -0.998441 -0.048897
139.300000000 -14.168644 -16.919879 0.132235 -0.004835 0.026523 -0.998291 -0.051840
139.350000000 -14.220900 -16.923455 0.132165 -0.004948 0.026532 -0.998129 -0.054869
139.400000000 -14.273152 -16.926984 0.132092 -0.005064 0.026541 -0.997952 -0.057986
139.450000000 -14.325398 -16.930463 0.132016 -0.005183 0.026549 -0.997759 -0.061195
139.500000000 -14.377639 -16.933892 0.131937 -0.005306 0.026557 -0.997550 -0.064498
139.550000000 -14.429873 -16.937268 0.131854 -0.005432 0.026563 -0.997324 -0.067897
139.600000000 -14.482101 -16.940591 0.131769 -0.005562 0.026569 -0.997079 -0.071395
139.650000000 -14.534322 -16.943858 0.131679 -0.005695 0.026574 -0.996814 -0.074994
139.700000000 -14.586536 -16.947069 0.131586 -0.005832 0.026578 -0.996527 -0.078698
139.750000000 -14.638741 -16.950221 0.131489 -0.005973 0.026581 -0.996218 -0.082508
139.800000000 -14.690938 -16.953314 0.131389 -0.006118 0.026583 -0.995885 -0.086429
139.850000000 -14.743126 -16.956346 0.131284 -0.006266 0.026584 -0.995525 -0.090462
139.900000000 -14.795305 -16.959315 0.131176 -0.006419 0.026584 -0.995139 -0.094611
139.950000000 -14.847472 -16.962219 0.131063 -0.006576 0.026583 -0.994723 -0.098879
140.000000000 -14.899629 -16.965057 0.130947 -0.006737 0.026581 -0.994276 -0.103268
140.050000000 -14.951774 -16.967827 0.130826 -0.006903 0.026577 -0.993795 -0.107782
140.100000000 -15.003907 -16.970527 0.130700 -0.007073 0.026572 -0.993280 -0.112423
140.150000000 -15.056026 -16.973156 0.130570 -0.007248 0.026566 -0.992727 -0.117196
140.200000000 -15.108131 -16.975711 0.130436 -0.007427 0.026558 -0.992134 -0.122102
140.250000000 -15.160221 -16.978192 0.130296 -0.007612 0.026548 -0.991500 -0.127145
140.300000000 -15.212295 -16.980596 0.130152 -0.007801 0.026537 -0.990820 -0.132329
140.350000000 -15.264352 -16.982922 0.130003 -0.007995 0.026524 -0.990093 -0.137656
140.400000000 -15.316391 -16.985167 0.129849 -0.008194 0.026510 -0.989315 -0.143130
140.450000000 -15.368411 -16.987329 0.129689 -0.008398 0.026493 -0.988484 -0.148753
140.500000000 -15.420411 -16.989408 0.129524 -0.008608 0.026474 -0.987596 -0.154530
140.550000000 -15.472389 -16.991400 0.129354 -0.008823 0.026453 -0.986648 -0.160462
140.600000000 -15.524345 -16.993305 0.129179 -0.009044 0.026430 -0.985637 -0.166554
140.650000000 -15.576276 -16.995119 0.128997 -0.009270 0.026405 -0.984558 -0.172808
140.700000000 -15.628183 -16.996842 0.128810 -0.009502 0.026377 -0.983408 -0.179228
140.750000000 -15.680062 -16.998472 0.128617 -0.009739 0.026346 -0.982183 -0.185816
140.800000000 -15.731914 -17.000006 0.128418 -0.009983 0.026313 -0.980879 -0.192576
140.850000000 -15.783736 -17.001443 0.128213 -0.010232 0.026277 -0.979490 -0.199509
140.900000000 -15.835526 -17.002782 0.128002 -0.010487 0.026237 -0.978013 -0.206619
140.950000000 -15.887284 -17.004019 0.127785 -0.010749 0.026195 -0.976443 -0.213909
141.000000000 -15.939006 -17.005154 0.127561 -0.011016 0.026149 -0.974775 -0.221380
141.050000000 -15.990693 -17.006186 0.127330 -0.011290 0.026100 -0.973002 -0.229036
141.100000000 -16.042341 -17.007111 0.127093 -0.011570 0.026047 -0.971121 -0.236878
141.150000000 -16.093950 -17.007929 0.126850 -0.011856 0.025991 -0.969125 -0.244908
141.200000000 -16.145516 -17.008639 0.126600 -0.012149 0.025930 -0.967009 -0.253128
141.250000000 -16.197040 -17.009240 0.126343 -0.012448 0.025865 -0.964767 -0.261535
141.300000000 -16.248520 -17.009737 0.126079 -0.012752 0.025797 -0.962396 -0.270122
141.350000000 -16.299958 -17.010132 0.125809 -0.013063 0.025723 -0.959892 -0.278880
141.400000000 -16.351353 -17.010430 0.125533 -0.013379 0.025646 -0.957253 -0.287802
141.450000000 -16.402706 -17.010634 0.125251 -0.013700 0.025564 -0.954475 -0.296878
141.500000000 -16.454018 -17.010747 0.124963 -0.014026 0.025478 -0.951555 -0.306099
141.550000000 -16.505289 -17.010775 0.124669 -0.014357 0.025388 -0.948492 -0.315456
141.600000000 -16.556521 -17.010720 0.124370 -0.014692 0.025293 -0.945283 -0.324939
141.650000000 -16.607714 -17.010586 0.124066 -0.015031 0.025194 -0.941926 -0.334538
141.700000000 -16.658870 -17.010378 0.123757 -0.015374 0.025090 -0.938419 -0.344244
141.750000000 -16.709989 -17.010099 0.123443 -0.015721 0.024982 -0.934762 -0.354046
141.800000000 -16.761075 -17.009754 0.123125 -0.016070 0.024870 -0.930954 -0.363935
141.850000000 -16.812127 -17.009346 0.122802 -0.016423 0.024753 -0.926993 -0.373900
141.900000000 -16.863149 -17.008879 0.122475 -0.016777 0.024633 -0.922881 -0.383931
141.950000000 -16.914140 -17.008357 0.122145 -0.017134 0.024507 -0.918616 -0.394018
142.000000000 -16.965104 -17.007784 0.121810 -0.017493 0.024378 -0.914200 -0.404152
142.050000000 -17.016042 -17.007164 0.121473 -0.017853 0.024245 -0.909632 -0.414322
142.100000000 -17.066956 -17.006501 0.121131 -0.018214 0.024108 -0.904915 -0.424519
142.150000000 -17.117847 -17.005797 0.120787 -0.018576 0.023966 -0.900049 -0.434733
142.200000000 -17.168718 -17.005057 0.120440 -0.018939 0.023821 -0.895036 -0.444955
142.250000000 -17.219570 -17.004284 0.120091 -0.019301 0.023672 -0.889877 -0.455177
142.300000000 -17.270406 -17.003482 0.119739 -0.019664 0.023520 -0.884575 -0.465389
142.350000000 -17.321226 -17.002654 0.119385 -0.020026 0.023364 -0.879132 -0.475584
142.400000000 -17.372033 -17.001802 0.119028 -0.020387 0.023204 -0.873550 -0.485753
142.450000000 -17.422829 -17.000932 0.118670 -0.020747 0.023041 -0.867832 -0.495890
142.500000000 -17.473614 -17.000044 0.118311 -0.021105 0.022874 -0.861980 -0.505986
142.550000000 -17.524391 -16.999143 0.117950 -0.021462 0.022704 -0.855997 -0.516036
142.600000000 -17.575161 -16.998232 0.117588 -0.021817 0.022531 -0.849886 -0.526033
142.650000000 -17.625924 -16.997313 0.117225 -0.022170 0.022355 -0.843649 -0.535971
142.700000000 -17.676684 -16.996389 0.116862 -0.022521 0.022175 -0.837290 -0.545844
142.750000000 -17.727440 -16.995463 0.116497 -0.022868 0.021993 -0.830812 -0.555649
142.800000000 -17.778192 -16.994536 0.116133 -0.023213 0.021807 -0.824215 -0.565381
142.850000000 -17.828942 -16.993609 0.115768 -0.023555 0.021619 -0.817501 -0.575039
142.900000000 -17.879690 -16.992682 0.115403 -0.023894 0.021427 -0.810671 -0.584622
142.950000000 -17.930434 -16.991753 0.115037 -0.024230 0.021233 -0.803725 -0.594128
143.000000000 -17.981175 -16.990824 0.114671 -0.024563 0.021035 -0.796664 -0.603557
143.050000000 -18.031913 -16.989894 0.114305 -0.024892 0.020834 -0.789489 -0.612906
143.100000000 -18.082648 -16.988963 0.113939 -0.025217 0.020630 -0.782200 -0.622175
143.150000000 -18.133379 -16.988030 0.113573 -0.025539 0.020423 -0.774798 -0.631362
143.200000000 -18.184107 -16.987097 0.113207 -0.025857 0.020212 -0.767284 -0.640467
143.250000000 -18.234832 -16.986162 0.112840 -0.026172 0.019999 -0.759659 -0.649486
143.300000000 -18.285554 -16.985226 0.112474 -0.026483 0.019782 -0.751924 -0.658420
143.350000000 -18.336272 -16.984289 0.112107 -0.026790 0.019562 -0.744079 -0.667267
143.400000000 -18.386987 -16.983350 0.111741 -0.027092 0.019339 -0.736125 -0.676026
143.450000000 -18.437698 -16.982410 0.111374 -0.027391 0.019112 -0.728064 -0.684695
143.500000000 -18.488405 -16.981467 0.111007 -0.027686 0.018882 -0.719895 -0.693274
143.550000000 -18.539108 -16.980523 0.110641 -0.027977 0.018650 -0.711620 -0.701760
143.600000000 -18.589807 -16.979577 0.110274 -0.028263 0.018414 -0.703240 -0.710152
143.650000000 -18.640502 -16.978630 0.109907 -0.028546 0.018174 -0.694755 -0.718450
143.700000000 -18.691193 -16.977680 0.109540 -0.028824 0.017932 -0.686167 -0.726651
143.750000000 -18.741880 -16.976728 0.109173 -0.029098 0.017687 -0.677477 -0.734755
143.800000000 -18.792563 -16.975773 0.108806 -0.029367 0.017438 -0.668686 -0.742760
143.850000000 -18.843242 -16.974817 0.108438 -0.029633 0.017187 -0.659794 -0.750665
143.900000000 -18.893916 -16.973858 0.108071 -0.029894 0.016933 -0.650804 -0.758468
143.950000000 -18.944587 -16.972896 0.107703 -0.030150 0.016675 -0.641717 -0.766167
144.000000000 -18.995254 -16.971932 0.107336 -0.030402 0.016415 -0.632534 -0.773762
144.050000000 -19.045916 -16.970965 0.106968 -0.030649 0.016152 -0.623255 -0.781251
144.100000000 -19.096575 -16.969996 0.106600 -0.030892 0.015886 -0.613883 -0.788632
144.150000000 -19.147229 -16.969023 0.106232 -0.031131 0.015618 -0.604419 -0.795905
144.200000000 -19.197879 -16.968048 0.105863 -0.031365 0.015346 -0.594863 -0.803068
144.250000000 -19.248525 -16.967070 0.105494 -0.031594 0.015073 -0.585218 -0.810120
144.300000000 -19.299166 -16.966089 0.105125 -0.031819 0.014796 -0.575485 -0.817059
144.350000000 -19.349804 -16.965106 0.104756 -0.032039 0.014518 -0.565665 -0.823885
144.400000000 -19.400437 -16.964119 0.104386 -0.032255 0.014237 -0.555760 -0.830595
144.450000000 -19.451066 -16.963129 0.104016 -0.032466 0.013953 -0.545770 -0.837190
144.500000000 -19.501690 -16.962135 0.103646 -0.032672 0.013668 -0.535698 -0.843667
144.550000000 -19.552310 -16.961140 0.103275 -0.032874 0.013380 -0.525543 -0.850026
144.600000000 -19.602923 -16.960146 0.102904 -0.033071 0.013090 -0.515305 -0.856269
144.650000000 -19.653530 -16.959155 0.102533 -0.033264 0.012798 -0.504979 -0.862395
144.700000000 -19.704128 -16.958171 0.102163 0.033452 -0.012503 0.494563 0.868408
144.750000000 -19.754716 -16.957196 0.101793 0.033636 -0.012205 0.484054 0.874306
144.800000000 -19.805292 -16.956236 0.101424 0.033814 -0.011905 0.473446 0.880093
144.850000000 -19.855855 -16.955292 0.101056 0.033989 -0.011601 0.462735 0.885769
144.900000000 -19.906401 -16.954368 0.100690 0.034158 -0.011294 0.451916 0.891335
144.950000000 -19.956930 -16.953469 0.100325 0.034324 -0.010983 0.440981 0.896792
145.000000000 -20.007439 -16.952599 0.099963 0.034484 -0.010667 0.429926 0.902143
145.050000000 -20.057924 -16.951760 0.099603 0.034640 -0.010348 0.418740 0.907386
145.100000000 -20.108384 -16.950959 0.099247 0.034791 -0.010023 0.407417 0.912524
145.150000000 -20.158814 -16.950199 0.098893 0.034937 -0.009693 0.395947 0.917557
145.200000000 -20.209212 -16.949486 0.098544 0.035078 -0.009357 0.384321 0.922486
145.250000000 -20.259573 -16.948823 0.098199 0.035214 -0.009014 0.372526 0.927310
145.300000000 -20.309893 -16.948218 0.097859 0.035345 -0.008664 0.360551 0.932029
145.350000000 -20.360168 -16.947674 0.097524 0.035471 -0.008306 0.348385 0.936643
145.400000000 -20.410399 -16.947189 0.097195 0.035592 -0.007941 0.336032 0.941144
145.450000000 -20.460595 -16.946749 0.096870 0.035706 -0.007569 0.323521 0.945517
145.500000000 -20.510764 -16.946341 0.096548 0.035814 -0.007191 0.310880 0.949747
145.550000000 -20.560915 -16.945952 0.096228 0.035916 -0.006807 0.298138 0.953822
145.600000000 -20.611058 -16.945570 0.095910 0.036010 -0.006420 0.285325 0.957733
145.650000000 -20.661202 -16.945181 0.095593 0.036097 -0.006030 0.272470 0.961468
145.700000000 -20.711354 -16.944774 0.095275 0.036177 -0.005638 0.259603 0.965021
145.750000000 -20.761522 -16.944335 0.094955 0.036250 -0.005245 0.246753 0.968386
145.800000000 -20.811712 -16.943850 0.094634 0.036315 -0.004852 0.233950 0.971558
145.850000000 -20.861933 -16.943309 0.094309 0.036372 -0.004460 0.221222 0.974535
145.900000000 -20.912189 -16.942699 0.093980 0.036422 -0.004070 0.208598 0.977315
145.950000000 -20.962487 -16.942008 0.093645 0.036465 -0.003682 0.196102 0.979898
146.000000000 -21.012831 -16.941225 0.093306 0.036501 -0.003298 0.183762 0.982287
146.050000000 -21.063226 -16.940339 0.092959 0.036529 -0.002919 0.171600 0.984485
146.100000000 -21.113674 -16.939340 0.092605 0.036551 -0.002544 0.159639 0.986495
146.150000000 -21.164177 -16.938222 0.092243 0.036567 -0.002176 0.147894 0.988325
146.200000000 -21.214733 -16.936982 0.091874 0.036577 -0.001813 0.136369 0.989981
146.250000000 -21.265342 -16.935620 0.091496 0.036581 -0.001456 0.125068 0.991473
146.300000000 -21.316001 -16.934133 0.091110 0.036579 -0.001106 0.113995 0.992807
146.350000000 -21.366708 -16.932521 0.090716 0.036572 -0.000761 0.103153 0.993993
146.400000000 -21.417462 -16.930782 0.090313 0.036561 -0.000423 0.092545 0.995037
146.450000000 -21.468262 -16.928916 0.089903 0.036545 -0.000091 0.082173 0.995948
146.500000000 -21.519104 -16.926921 0.089483 0.036525 0.000234 0.072038 0.996733
146.550000000 -21.569988 -16.924796 0.089056 0.036501 0.000553 0.062144 0.997399
146.600000000 -21.620912 -16.922542 0.088619 0.036474 0.000865 0.052492 0.997955
146.650000000 -21.671873 -16.920157 0.088174 0.036443 0.001171 0.043082 0.998406
146.700000000 -21.722870 -16.917640 0.087720 0.036410 0.001469 0.033916 0.998760
146.750000000 -21.773901 -16.914991 0.087258 0.036373 0.001761 0.024994 0.999024
146.800000000 -21.824965 -16.912211 0.086787 0.036334 0.002046 0.016318 0.999204
146.850000000 -21.876059 -16.909297 0.086307 0.036293 0.002324 0.007888 0.999307
146.900000000 -21.927181 -16.906250 0.085818 0.036250 0.002595 -0.000295 0.999339
146.950000000 -21.978330 -16.903071 0.085320 0.036205 0.002859 -0.008232 0.999306
147.000000000 -22.029504 -16.899757 0.084813 0.036159 0.003115 -0.015922 0.999214
147.050000000 -22.080702 -16.896310 0.084297 0.036111 0.003365 -0.023365 0.999069
147.100000000 -22.131920 -16.892728 0.083772 0.036062 0.003606 -0.030561 0.998876
147.150000000 -22.183159 -16.889012 0.083238 0.036012 0.003841 -0.037510 0.998640
147.200000000 -22.234415 -16.885161 0.082695 0.035962 0.004068 -0.044211 0.998366
147.250000000 -22.285688 -16.881176 0.082143 0.035911 0.004288 -0.050665 0.998061
147.300000000 -22.336976 -16.877056 0.081581 0.035859 0.004500 -0.056871 0.997727
147.350000000 -22.388276 -16.872800 0.081010 0.035808 0.004704 -0.062829 0.997371
147.400000000 -22.439588 -16.868408 0.080430 0.035756 0.004900 -0.068539 0.996995
147.450000000 -22.490909 -16.863880 0.079841 0.035705 0.005089 -0.074000 0.996606
147.500000000 -22.542239 -16.859216 0.079242 0.035653 0.005270 -0.079213 0.996206
147.550000000 -22.593575 -16.854416 0.078634 0.035603 0.005443 -0.084177 0.995800
147.600000000 -22.644916 -16.849477 0.078016 0.035552 0.005608 -0.088890 0.995391
147.650000000 -22.696260 -16.844401 0.077389 0.035503 0.005765 -0.093352 0.994983
147.700000000 -22.747606 -16.839186 0.076752 0.035454 0.005914 -0.097563 0.994580
147.750000000 -22.798952 -16.833833 0.076105 0.035406 0.006054 -0.101521 0.994185
147.800000000 -22.850296 -16.828339 0.075449 0.035359 0.006186 -0.105224 0.993800
147.850000000 -22.901637 -16.822704 0.074783 0.035314 0.006309 -0.108671 0.993430
147.900000000 -22.952973 -16.816928 0.074107 0.035269 0.006424 -0.111860 0.993077
147.950000000 -23.004302 -16.811009 0.073421 0.035226 0.006531 -0.114790 0.992743
148.000000000 -23.055622 -16.804946 0.072725 0.035185 0.006628 -0.117458 0.992432
148.050000000 -23.106933 -16.798737 0.072018 0.035145 0.006716 -0.119861 0.992146
148.100000000 -23.158231 -16.792383 0.071302 0.035106 0.006796 -0.121997 0.991886
148.150000000 -23.209514 -16.785880 0.070575 0.035070 0.006866 -0.123863 0.991656
148.200000000 -23.260782 -16.779227 0.069838 0.035035 0.006926 -0.125454 0.991456
148.250000000 -23.312031 -16.772424 0.069090 0.035002 0.006977 -0.126768 0.991290
148.300000000 -23.363260 -16.765470 0.068331 0.034971 0.007019 -0.127806 0.991158
148.350000000 -23.414468 -16.758376 0.067563 0.034941 0.007051 -0.128586 0.991058
148.400000000 -23.465655 -16.751153 0.066785 0.034913 0.007075 -0.129126 0.990988
148.450000000 -23.516822 -16.743810 0.066000 0.034887 0.007092 -0.129445 0.990947
148.500000000 -23.567968 -16.736358 0.065206 0.034862 0.007101 -0.129559 0.990933
148.550000000 -23.619095 -16.728805 0.064406 0.034839 0.007104 -0.129486 0.990944
148.600000000 -23.670202 -16.721159 0.063599 0.034816 0.007101 -0.129241 0.990976
148.650000000 -23.721292 -16.713430 0.062786 0.034795 0.007092 -0.128838 0.991030
148.700000000 -23.772364 -16.705625 0.061968 0.034775 0.007078 -0.128293 0.991101
148.750000000 -23.823421 -16.697751 0.061145 0.034756 0.007059 -0.127617 0.991189
148.800000000 -23.874463 -16.689814 0.060318 0.034737 0.007037 -0.126825 0.991292
148.850000000 -23.925491 -16.681822 0.059487 0.034719 0.007010 -0.125927 0.991407
148.900000000 -23.976507 -16.673781 0.058652 0.034702 0.006980 -0.124936 0.991533
148.950000000 -24.027512 -16.665696 0.057815 0.034685 0.006947 -0.123862 0.991669
149.000000000 -24.078507 -16.657572 0.056974 0.034669 0.006912 -0.122715 0.991812
149.050000000 -24.129494 -16.649415 0.056132 0.034653 0.006874 -0.121504 0.991962
149.100000000 -24.180472 -16.641230 0.055287 0.034637 0.006834 -0.120239 0.992117
149.150000000 -24.231444 -16.633020 0.054441 0.034622 0.006792 -0.118928 0.992276
149.200000000 -24.282411 -16.624791 0.053593 0.034606 0.006749 -0.117578 0.992438
149.250000000 -24.333373 -16.616545 0.052744 0.034591 0.006705 -0.116198 0.992601
149.300000000 -24.384332 -16.608286 0.051894 0.034576 0.006659 -0.114793 0.992765
149.350000000 -24.435288 -16.600019 0.051043 0.034561 0.006613 -0.113371 0.992929
149.400000000 -24.486243 -16.591745 0.050192 0.034546 0.006566 -0.111936 0.993093
149.450000000 -24.537196 -16.583468 0.049341 0.034531 0.006519 -0.110496 0.993255
149.500000000 -24.588149 -16.575191 0.048490 0.034515 0.006472 -0.109054 0.993415
149.550000000 -24.639103 -16.566915 0.047639 0.034500 0.006425 -0.107615 0.993573
149.600000000 -24.690057 -16.558644 0.046788 0.034484 0.006378 -0.106184 0.993728
149.650000000 -24.741013 -16.550379 0.045937 0.034469 0.006331 -0.104764 0.993879
149.700000000 -24.791969 -16.542122 0.045087 0.034453 0.006285 -0.103359 0.994027
149.750000000 -24.842928 -16.533874 0.044238 0.034437 0.006239 -0.101972 0.994171
149.800000000 -24.893888 -16.525639 0.043390 0.034420 0.006193 -0.100606 0.994311
149.850000000 -24.944850 -16.517416 0.042542 0.034404 0.006149 -0.099264 0.994447
149.900000000 -24.995815 -16.509207 0.041695 0.034387 0.006105 -0.097948 0.994578
149.950000000 -25.046782 -16.501013 0.040850 0.034370 0.006062 -0.096660 0.994705
150.000000000 -25.097752 -16.492835 0.040005 0.034353 0.006020 -0.095402 0.994828
150.050000000 -25.148725 -16.484674 0.039162 0.034335 0.005979 -0.094175 0.994945
150.100000000 -25.199700 -16.476531 0.038320 0.034318 0.005940 -0.092981 0.995059
150.150000000 -25.250679 -16.468406 0.037479 0.034300 0.005901 -0.091821 0.995167
150.200000000 -25.301660 -16.460300 0.036639 0.034281 0.005863 -0.090696 0.995271
150.250000000 -25.352644 -16.452212 0.035801 0.034263 0.005827 -0.089606 0.995371
150.300000000 -25.403632 -16.444145 0.034964 0.034244 0.005792 -0.088552 0.995466
150.350000000 -25.454622 -16.436097 0.034129 0.034225 0.005758 -0.087535 0.995557
150.400000000 -25.505615 -16.428068 0.033294 0.034206 0.005725 -0.086554 0.995643
150.450000000 -25.556611 -16.420060 0.032462 0.034186 0.005693 -0.085610 0.995726
150.500000000 -25.607610 -16.412071 0.031630 0.034166 0.005663 -0.084703 0.995804
150.550000000 -25.658612 -16.404102 0.030800 0.034146 0.005634 -0.083833 0.995879
150.600000000 -25.709617 -16.396153 0.029972 0.034126 0.005606 -0.082999 0.995949
150.650000000 -25.760624 -16.388223 0.029144 0.034105 0.005580 -0.082201 0.996016
150.700000000 -25.811634 -16.380312 0.028318 0.034084 0.005554 -0.081439 0.996080
150.750000000 -25.862647 -16.372421 0.027494 0.034063 0.005530 -0.080713 0.996140
150.800000000 -25.913662 -16.364548 0.026670 0.034042 0.005507 -0.080021 0.996196
150.850000000 -25.964679 -16.356693 0.025848 0.034021 0.005486 -0.079363 0.996250
150.900000000 -26.015699 -16.348856 0.025028 0.033999 0.005465 -0.078739 0.996300
150.950000000 -26.066722 -16.341037 0.024208 0.033977 0.005446 -0.078147 0.996348
151.000000000 -26.117746 -16.333235 0.023390 0.033956 0.005427 -0.077587 0.996392
151.050000000 -26.168773 -16.325450 0.022573 0.033933 0.005410 -0.077058 0.996434
151.100000000 -26.219801 -16.317681 0.021757 0.033911 0.005394 -0.076559 0.996474
151.150000000 -26.270832 -16.309928 0.020942 0.033888 0.005379 -0.076089 0.996510
151.200000000 -26.321864 -16.302190 0.020128 0.033866 0.005365 -0.075648 0.996545
151.250000000 -26.372898 -16.294467 0.019315 0.033843 0.005351 -0.075235 0.996577
151.300000000 -26.423934 -16.286758 0.018503 0.033820 0.005339 -0.074848 0.996607
151.350000000 -26.474972 -16.279064 0.017692 0.033797 0.005328 -0.074487 0.996635
151.400000000 -26.526011 -16.271382 0.016882 0.033774 0.005317 -0.074150 0.996661
151.450000000 -26.577051 -16.263713 0.016073 0.033750 0.005308 -0.073837 0.996685
151.500000000 -26.628093 -16.256057 0.015265 0.033727 0.005299 -0.073547 0.996707
151.550000000 -26.679136 -16.248412 0.014458 0.033703 0.005291 -0.073279 0.996728
151.600000000 -26.730181 -16.240779 0.013652 0.033679 0.005283 -0.073032 0.996747
151.650000000 -26.781227 -16.233156 0.012846 0.033655 0.005277 -0.072804 0.996764
151.700000000 -26.832274 -16.225544 0.012041 0.033631 0.005271 -0.072596 0.996780
151.750000000 -26.883321 -16.217941 0.011237 0.033607 0.005265 -0.072406 0.996795
151.800000000 -26.934370 -16.210348 0.010433 0.033583 0.005261 -0.072234 0.996808
151.850000000 -26.985420 -16.202764 0.009630 0.033559 0.005257 -0.072078 0.996820
151.900000000 -27.036471 -16.195188 0.008828 0.033534 0.005253 -0.071937 0.996831
151.950000000 -27.087522 -16.187621 0.008026 0.033510 0.005250 -0.071812 0.996841
152.000000000 -27.138575 -16.180060 0.007224 0.033485 0.005248 -0.071700 0.996850
152.050000000 -27.189628 -16.172507 0.006424 0.033461 0.005246 -0.071602 0.996858
152.100000000 -27.240682 -16.164961 0.005623 0.033436 0.005244 -0.071516 0.996865
152.150000000 -27.291736 -16.157421 0.004823 0.033411 0.005243 -0.071442 0.996871
152.200000000 -27.342791 -16.149887 0.004024 0.033386 0.005243 -0.071379 0.996877
152.250000000 -27.393847 -16.142358 0.003225 0.033362 0.005242 -0.071326 0.996881
152.300000000 -27.444903 -16.134835 0.002426 0.033337 0.005242 -0.071282 0.996885
152.350000000 -27.495960 -16.127317 0.001628 0.033312 0.005243 -0.071248 0.996888
152.400000000 -27.547017 -16.119803 0.000830 0.033287 0.005243 -0.071222 0.996891
152.450000000 -27.598074 -16.112293 0.000032 0.033262 0.005244 -0.071204 0.996893
152.500000000 -27.649132 -16.104787 -0.000765 0.033236 0.005246 -0.071193 0.996895
152.550000000 -27.700190 -16.097285 -0.001562 0.033211 0.005247 -0.071189 0.996896
152.600000000 -27.751249 -16.089786 -0.002359 0.033186 0.005249 -0.071191 0.996897
152.650000000 -27.802307 -16.082290 -0.003156 0.033161 0.005251 -0.071198 0.996897
152.700000000 -27.853367 -16.074797 -0.003952 0.033136 0.005253 -0.071211 0.996897
152.750000000 -27.904426 -16.067306 -0.004748 0.033110 0.005255 -0.071228 0.996897
152.800000000 -27.955485 -16.059818 -0.005544 0.033085 0.005257 -0.071250 0.996896
152.850000000 -28.006545 -16.052331 -0.006340 0.033060 0.005260 -0.071275 0.996895
152.900000000 -28.057602 -16.044833 -0.007137 0.033045 0.005261 -0.071277 0.996895
152.950000000 -28.108636 -16.037221 -0.007941 0.033025 0.005255 -0.071066 0.996911
153.000000000 -28.159639 -16.029468 -0.008755 0.033002 0.005242 -0.070589 0.996946
153.050000000 -28.210608 -16.021572 -0.009577 0.032980 0.005219 -0.069843 0.996999
153.100000000 -28.261542 -16.013536 -0.010409 0.032959 0.005187 -0.068831 0.997070
153.150000000 -28.312444 -16.005375 -0.011249 0.032940 0.005147 -0.067583 0.997156
153.200000000 -28.363317 -15.997106 -0.012096 0.032922 0.005101 -0.066131 0.997255
153.250000000 -28.414163 -15.988744 -0.012949 0.032905 0.005049 -0.064500 0.997362
153.300000000 -28.464984 -15.980298 -0.013807 0.032888 0.004991 -0.062711 0.997477
153.350000000 -28.515784 -15.971779 -0.014670 0.032872 0.004929 -0.060784 0.997597
153.400000000 -28.566563 -15.963197 -0.015537 0.032856 0.004863 -0.058735 0.997721
153.450000000 -28.617326 -15.954560 -0.016408 0.032841 0.004793 -0.056582 0.997846
153.500000000 -28.668073 -15.945876 -0.017281 0.032826 0.004720 -0.054339 0.997972
153.550000000 -28.718807 -15.937153 -0.018157 0.032811 0.004645 -0.052020 0.998096
153.600000000 -28.769531 -15.928397 -0.019035 0.032796 0.004567 -0.049640 0.998218
153.650000000 -28.820246 -15.919615 -0.019915 0.032782 0.004488 -0.047209 0.998337
153.700000000 -28.870954 -15.910812 -0.020796 0.032767 0.004408 -0.044741 0.998451
153.750000000 -28.921657 -15.901996 -0.021677 0.032752 0.004326 -0.042244 0.998561
153.800000000 -28.972357 -15.893170 -0.022560 0.032737 0.004244 -0.039730 0.998665
153.850000000 -29.023055 -15.884339 -0.023442 0.032722 0.004162 -0.037207 0.998763
153.900000000 -29.073753 -15.875509 -0.024325 0.032706 0.004080 -0.034684 0.998855
153.950000000 -29.124452 -15.866683 -0.025207 0.032691 0.003998 -0.032169 0.998940
154.000000000 -29.175153 -15.857865 -0.026088 0.032675 0.003916 -0.029668 0.999018
154.050000000 -29.225856 -15.849059 -0.026969 0.032659 0.003835 -0.027190 0.999089
154.100000000 -29.276563 -15.840268 -0.027848 0.032642 0.003755 -0.024739 0.999154
154.150000000 -29.327273 -15.831495 -0.028727 0.032625 0.003677 -0.022322 0.999212
154.200000000 -29.377989 -15.822742 -0.029604 0.032608 0.003599 -0.019943 0.999263
154.250000000 -29.428709 -15.814012 -0.030479 0.032590 0.003523 -0.017606 0.999307
154.300000000 -29.479434 -15.805307 -0.031353 0.032572 0.003448 -0.015316 0.999346
154.350000000 -29.530166 -15.796629 -0.032224 0.032554 0.003376 -0.013077 0.999379
154.400000000 -29.580904 -15.787980 -0.033094 0.032536 0.003304 -0.010890 0.999406
154.450000000 -29.631647 -15.779361 -0.033962 0.032517 0.003235 -0.008758 0.999428
154.500000000 -29.682398 -15.770773 -0.034828 0.032497 0.003168 -0.006685 0.999444
154.550000000 -29.733155 -15.762217 -0.035691 0.032478 0.003103 -0.004671 0.999457
154.600000000 -29.783918 -15.753694 -0.036553 0.032458 0.003039 -0.002719 0.999465
154.650000000 -29.834689 -15.745205 -0.037412 0.032438 0.002978 -0.000829 0.999469
154.700000000 -29.885466 -15.736750 -0.038268 0.032417 0.002920 0.000998 0.999470
154.750000000 -29.936249 -15.728330 -0.039123 0.032397 0.002863 0.002760 0.999467
154.800000000 -29.987040 -15.719945 -0.039975 0.032375 0.002808 0.004458 0.999462
154.850000000 -30.037836 -15.711594 -0.040825 0.032354 0.002756 0.006092 0.999454
154.900000000 -30.088639 -15.703279 -0.041672 0.032332 0.002706 0.007661 0.999444
154.950000000 -30.139449 -15.694998 -0.042517 0.032311 0.002658 0.009165 0.999432
155.000000000 -30.190264 -15.686752 -0.043360 0.032289 0.002612 0.010606 0.999419
155.050000000 -30.241086 -15.678541 -0.044200 0.032266 0.002569 0.011984 0.999404
155.100000000 -30.291913 -15.670363 -0.045039 0.032244 0.002527 0.013299 0.999388
155.150000000 -30.342745 -15.662219 -0.045874 0.032221 0.002488 0.014552 0.999372
155.200000000 -30.393583 -15.654108 -0.046708 0.032198 0.002451 0.015745 0.999354
155.250000000 -30.444426 -15.646029 -0.047540 0.032175 0.002416 0.016879 0.999337
155.300000000 -30.495275 -15.637981 -0.048369 0.032151 0.002382 0.017954 0.999319
155.350000000 -30.546127 -15.629965 -0.049196 0.032128 0.002351 0.018972 0.999301
155.400000000 -30.596985 -15.621979 -0.050022 0.032104 0.002322 0.019934 0.999283
155.450000000 -30.647847 -15.614023 -0.050845 0.032080 0.002295 0.020843 0.999265
155.500000000 -30.698713 -15.606095 -0.051667 0.032056 0.002269 0.021698 0.999248
155.550000000 -30.749583 -15.598195 -0.052486 0.032032 0.002245 0.022503 0.999231
155.600000000 -30.800457 -15.590322 -0.053304 0.032008 0.002223 0.023258 0.999215
155.650000000 -30.851334 -15.582475 -0.054120 0.031983 0.002203 0.023965 0.999199
155.700000000 -30.902215 -15.574653 -0.054934 0.031959 0.002184 0.024625 0.999183
155.750000000 -30.953099 -15.566856 -0.055747 0.031934 0.002167 0.025241 0.999169
155.800000000 -31.003986 -15.559083 -0.056558 0.031909 0.002151 0.025813 0.999155
155.850000000 -31.054876 -15.551332 -0.057368 0.031885 0.002137 0.026344 0.999142
155.900000000 -31.105769 -15.543602 -0.058176 0.031860 0.002124 0.026836 0.999130
155.950000000 -31.156664 -15.535894 -0.058982 0.031834 0.002113 0.027289 0.999118
156.000000000 -31.207562 -15.528205 -0.059788 0.031809 0.002102 0.027705 0.999108
156.050000000 -31.258462 -15.520536 -0.060592 0.031784 0.002093 0.028087 0.999098
156.100000000 -31.309364 -15.512884 -0.061395 0.031759 0.002085 0.028435 0.999089
156.150000000 -31.360269 -15.505251 -0.062196 0.031733 0.002079 0.028751 0.999081
156.200000000 -31.411175 -15.497633 -0.062997 0.031708 0.002073 0.029037 0.999073
156.250000000 -31.462083 -15.490031 -0.063797 0.031682 0.002068 0.029294 0.999066
156.300000000 -31.512993 -15.482445 -0.064595 0.031657 0.002065 0.029524 0.999061
156.350000000 -31.563904 -15.474872 -0.065393 0.031631 0.002062 0.029728 0.999055
156.400000000 -31.614817 -15.467312 -0.066189 0.031605 0.002060 0.029908 0.999051
156.450000000 -31.665731 -15.459766 -0.066985 0.031579 0.002059 0.030065 0.999047
156.500000000 -31.716646 -15.452231 -0.067780 0.031554 0.002059 0.030200 0.999044
156.550000000 -31.767563 -15.444707 -0.068575 0.031528 0.002059 0.030314 0.999041
156.600000000 -31.818481 -15.437193 -0.069368 0.031502 0.002060 0.030409 0.999039
156.650000000 -31.869399 -15.429690 -0.070161 0.031476 0.002062 0.030487 0.999037
156.700000000 -31.920319 -15.422195 -0.070953 0.031450 0.002064 0.030547 0.999036
156.750000000 -31.971240 -15.414709 -0.071745 0.031424 0.002067 0.030592 0.999036
156.800000000 -32.022161 -15.407231 -0.072536 0.031397 0.002071 0.030623 0.999036
156.850000000 -32.073083 -15.399761 -0.073327 0.031371 0.002075 0.030640 0.999036
156.900000000 -32.124006 -15.392297 -0.074117 0.031345 0.002079 0.030644 0.999037
156.950000000 -32.174929 -15.384839 -0.074907 0.031319 0.002084 0.030637 0.999038
157.000000000 -32.225853 -15.377387 -0.075696 0.031293 0.002089 0.030620 0.999039
157.050000000 -32.276778 -15.369941 -0.076486 0.031266 0.002094 0.030592 0.999041
157.100000000 -32.327703 -15.362499 -0.077274 0.031240 0.002100 0.030556 0.999043
157.150000000 -32.378628 -15.355062 -0.078063 0.031214 0.002106 0.030512 0.999045
157.200000000 -32.429554 -15.347628 -0.078851 0.031187 0.002113 0.030461 0.999047
157.250000000 -32.480480 -15.340198 -0.079639 0.031161 0.002119 0.030403 0.999050
157.300000000 -32.531407 -15.332772 -0.080426 0.031134 0.002126 0.030340 0.999052
157.350000000 -32.582334 -15.325348 -0.081214 0.031108 0.002133 0.030271 0.999055
157.400000000 -32.633261 -15.317926 -0.082001 0.031081 0.002140 0.030197 0.999058
157.450000000 -32.684188 -15.310507 -0.082788 0.031055 0.002148 0.030120 0.999061
157.500000000 -32.735115 -15.303090 -0.083575 0.031028 0.002155 0.030039 0.999065
157.550000000 -32.786043 -15.295674 -0.084362 0.031002 0.002163 0.029956 0.999068
157.600000000 -32.836970 -15.288259 -0.085149 0.030975 0.002170 0.029870 0.999071
157.650000000 -32.887898 -15.280846 -0.085936 0.030949 0.002178 0.029782 0.999075
157.700000000 -32.938826 -15.273433 -0.086723 0.030922 0.002186 0.029692 0.999078
157.750000000 -32.989754 -15.266021 -0.087509 0.030896 0.002194 0.029602 0.999082
157.800000000 -33.040682 -15.258609 -0.088296 0.030869 0.002201 0.029511 0.999085
157.850000000 -33.091609 -15.251198 -0.089082 0.030843 0.002209 0.029419 0.999089
157.900000000 -33.142537 -15.243786 -0.089869 0.030816 0.002217 0.029327 0.999092
157.950000000 -33.193465 -15.236375 -0.090656 0.030789 0.002225 0.029236 0.999096
158.000000000 -33.244393 -15.228963 -0.091442 0.030763 0.002233 0.029145 0.999099
158.050000000 -33.295321 -15.221551 -0.092229 0.030736 0.002241 0.029054 0.999103
158.100000000 -33.346249 -15.214138 -0.093015 0.030710 0.002248 0.028965 0.999106
158.150000000 -33.397176 -15.206725 -0.093802 0.030683 0.002256 0.028876 0.999109
158.200000000 -33.448104 -15.199311 -0.094589 0.030656 0.002264 0.028789 0.999113
158.250000000 -33.499031 -15.191896 -0.095375 0.030630 0.002272 0.028704 0.999116
158.300000000 -33.549958 -15.184481 -0.096162 0.030603 0.002279 0.028620 0.999119
158.350000000 -33.600885 -15.177064 -0.096949 0.030576 0.002287 0.028538 0.999122
158.400000000 -33.651812 -15.169646 -0.097736 0.030550 0.002294 0.028457 0.999125
158.450000000 -33.702738 -15.162228 -0.098523 0.030523 0.002302 0.028379 0.999128
158.500000000 -33.753664 -15.154808 -0.099310 0.030496 0.002309 0.028303 0.999131
158.550000000 -33.804590 -15.147387 -0.100097 0.030470 0.002316 0.028229 0.999134
158.600000000 -33.855516 -15.139964 -0.100884 0.030443 0.002323 0.028157 0.999137
158.650000000 -33.906442 -15.132541 -0.101671 0.030416 0.002331 0.028087 0.999140
158.700000000 -33.957367 -15.125116 -0.102459 0.030390 0.002338 0.028020 0.999143
158.750000000 -34.008292 -15.117690 -0.103246 0.030363 0.002344 0.027954 0.999145
158.800000000 -34.059217 -15.110263 -0.104034 0.030336 0.002351 0.027892 0.999148
158.850000000 -34.110142 -15.102834 -0.104821 0.030309 0.002358 0.027831 0.999150
158.900000000 -34.161066 -15.095405 -0.105609 0.030283 0.002365 0.027773 0.999153
158.950000000 -34.211990 -15.087974 -0.106396 0.030256 0.002371 0.027717 0.999155
159.000000000 -34.262914 -15.080541 -0.107184 0.030229 0.002378 0.027664 0.999157
159.050000000 -34.313837 -15.073108 -0.107972 0.030203 0.002384 0.027612 0.999159
159.100000000 -34.364761 -15.065673 -0.108760 0.030176 0.002391 0.027564 0.999162
159.150000000 -34.415684 -15.058237 -0.109548 0.030149 0.002397 0.027517 0.999164
159.200000000 -34.466606 -15.050799 -0.110336 0.030122 0.002403 0.027473 0.999166
159.250000000 -34.517529 -15.043361 -0.111124 0.030096 0.002409 0.027430 0.999168
159.300000000 -34.568451 -15.035921 -0.111912 0.030069 0.002415 0.027390 0.999170
159.350000000 -34.619373 -15.028480 -0.112700 0.030042 0.002421 0.027352 0.999171
159.400000000 -34.670295 -15.021038 -0.113489 0.030015 0.002427 0.027316 0.999173
159.450000000 -34.721217 -15.013595 -0.114277 0.029989 0.002433 0.027282 0.999175
159.500000000 -34.772138 -15.006151 -0.115066 0.029962 0.002439 0.027250 0.999177
159.550000000 -34.823060 -14.998706 -0.115854 0.029935 0.002444 0.027220 0.999178
159.600000000 -34.873981 -14.991260 -0.116643 0.029908 0.002450 0.027192 0.999180
159.650000000 -34.924902 -14.983812 -0.117431 0.029882 0.002456 0.027166 0.999181
159.700000000 -34.975822 -14.976364 -0.118220 0.029855 0.002461 0.027141 0.999183
159.750000000 -35.026743 -14.968915 -0.119009 0.029828 0.002466 0.027118 0.999184
159.800000000 -35.077663 -14.961465 -0.119797 0.029801 0.002472 0.027096 0.999185
159.850000000 -35.128583 -14.954015 -0.120586 0.029775 0.002477 0.027077 0.999187
159.900000000 -35.179503 -14.946563 -0.121375 0.029748 0.002482 0.027058 0.999188
159.950000000 -35.230423 -14.939111 -0.122164 0.029721 0.002488 0.027041 0.999189
160.000000000 -35.281343 -14.931658 -0.122953 0.029694 0.002493 0.027026 0.999191
160.050000000 -35.332262 -14.924204 -0.123742 0.029667 0.002498 0.027011 0.999192
160.100000000 -35.383182 -14.916749 -0.124531 0.029640 0.002503 0.026998 0.999193
160.150000000 -35.434101 -14.909294 -0.125320 0.029614 0.002508 0.026986 0.999194
160.200000000 -35.485020 -14.901838 -0.126109 0.029587 0.002513 0.026976 0.999195
160.250000000 -35.535939 -14.894382 -0.126898 0.029560 0.002518 0.026966 0.999196
160.300000000 -35.586858 -14.886925 -0.127687 0.029533 0.002523 0.026958 0.999197
160.350000000 -35.637777 -14.879467 -0.128476 0.029506 0.002527 0.026950 0.999198
160.400000000 -35.688695 -14.872009 -0.129266 0.029479 0.002532 0.026943 0.999199
160.450000000 -35.739614 -14.864551 -0.130055 0.029453 0.002537 0.026938 0.999200
160.500000000 -35.790532 -14.857092 -0.130844 0.029426 0.002542 0.026933 0.999201
160.550000000 -35.841451 -14.849633 -0.131633 0.029399 0.002547 0.026928 0.999202
160.600000000 -35.892369 -14.842173 -0.132422 0.029372 0.002551 0.026925 0.999203
160.650000000 -35.943287 -14.834713 -0.133212 0.029345 0.002556 0.026922 0.999203
160.700000000 -35.994206 -14.827252 -0.134001 0.029318 0.002561 0.026920 0.999204
160.750000000 -36.045124 -14.819792 -0.134790 0.029291 0.002565 0.026918 0.999205
160.800000000 -36.096045 -14.812364 -0.135578 0.029251 0.002571 0.026855 0.999208
160.850000000 -36.146978 -14.805070 -0.136357 0.029221 0.002585 0.026547 0.999217
160.900000000 -36.197922 -14.797917 -0.137129 0.029193 0.002606 0.025980 0.999233
160.950000000 -36.248874 -14.790909 -0.137892 0.029165 0.002635 0.025146 0.999255
161.000000000 -36.299834 -14.784041 -0.138647 0.029136 0.002672 0.024054 0.999282
161.050000000 -36.350798 -14.777296 -0.139395 0.029106 0.002715 0.022737 0.999314
161.100000000 -36.401764 -14.770657 -0.140136 0.029075 0.002764 0.021222 0.999348
161.150000000 -36.452733 -14.764112 -0.140872 0.029044 0.002818 0.019534 0.999383
161.200000000 -36.503702 -14.757650 -0.141604 0.029012 0.002877 0.017694 0.999418
161.250000000 -36.554671 -14.751260 -0.142331 0.028979 0.002939 0.015719 0.999452
161.300000000 -36.605639 -14.744933 -0.143055 0.028946 0.003005 0.013629 0.999484
161.350000000 -36.656607 -14.738661 -0.143775 0.028913 0.003074 0.011437 0.999512
161.400000000 -36.707574 -14.732435 -0.144493 0.028879 0.003146 0.009160 0.999536
161.450000000 -36.758540 -14.726248 -0.145209 0.028845 0.003219 0.006811 0.999556
161.500000000 -36.809505 -14.720093 -0.145922 0.028811 0.003294 0.004403 0.999570
161.550000000 -36.860136 -14.713960 -0.146632 0.028776 0.003372 0.001948 0.999578
161.600000000 -36.909928 -14.707843 -0.147336 0.028741 0.003451 -0.000541 0.999581
161.650000000 -36.958878 -14.701740 -0.148033 0.028706 0.003532 -0.003055 0.999577
161.700000000 -37.006984 -14.695650 -0.148724 0.028670 0.003615 -0.005583 0.999567
161.750000000 -37.054248 -14.689573 -0.149409 0.028634 0.003700 -0.008118 0.999550
161.800000000 -37.100670 -14.683510 -0.150087 0.028598 0.003785 -0.010653 0.999527
161.850000000 -37.146248 -14.677460 -0.150759 0.028562 0.003871 -0.013180 0.999498
161.900000000 -37.190984 -14.671426 -0.151424 0.028526 0.003958 -0.015694 0.999462
161.950000000 -37.234877 -14.665409 -0.152083 0.028489 0.004045 -0.018191 0.999420
162.000000000 -37.277927 -14.659410 -0.152735 0.028453 0.004132 -0.020666 0.999373
162.050000000 -37.320134 -14.653432 -0.153380 0.028416 0.004219 -0.023115 0.999320
162.100000000 -37.361499 -14.647478 -0.154019 0.028380 0.004306 -0.025536 0.999262
162.150000000 -37.402020 -14.641550 -0.154651 0.028343 0.004392 -0.027926 0.999198
162.200000000 -37.441699 -14.635652 -0.155275 0.028307 0.004478 -0.030282 0.999130
162.250000000 -37.480536 -14.629785 -0.155892 0.028270 0.004564 -0.032604 0.999058
162.300000000 -37.518530 -14.623953 -0.156501 0.028233 0.004649 -0.034889 0.998981
162.350000000 -37.555682 -14.618160 -0.157103 0.028197 0.004734 -0.037136 0.998901
162.400000000 -37.591992 -14.612409 -0.157696 0.028160 0.004817 -0.039346 0.998817
162.450000000 -37.627461 -14.606703 -0.158281 0.028124 0.004900 -0.041516 0.998730
162.500000000 -37.662088 -14.601046 -0.158858 0.028087 0.004982 -0.043648 0.998640
162.550000000 -37.695874 -14.595442 -0.159426 0.028051 0.005064 -0.045740 0.998547
162.600000000 -37.728819 -14.589893 -0.159985 0.028015 0.005144 -0.047794 0.998451
162.650000000 -37.760924 -14.584404 -0.160535 0.027979 0.005224 -0.049809 0.998353
162.700000000 -37.792188 -14.578978 -0.161075 0.027942 0.005303 -0.051785 0.998253
162.750000000 -37.822612 -14.573618 -0.161606 0.027906 0.005381 -0.053724 0.998151
162.800000000 -37.852197 -14.568329 -0.162126 0.027870 0.005457 -0.055625 0.998048
162.850000000 -37.880942 -14.563114 -0.162637 0.027835 0.005534 -0.057490 0.997943
162.900000000 -37.908849 -14.557976 -0.163137 0.027799 0.005609 -0.059319 0.997836
162.950000000 -37.935917 -14.552919 -0.163627 0.027763 0.005683 -0.061113 0.997728
163.000000000 -37.962148 -14.547946 -0.164105 0.027728 0.005757 -0.062874 0.997620
163.050000000 -37.987540 -14.543062 -0.164573 0.027692 0.005830 -0.064601 0.997510
163.100000000 -38.012096 -14.538268 -0.165029 0.027657 0.005902 -0.066296 0.997399
163.150000000 -38.035814 -14.533569 -0.165474 0.027622 0.005973 -0.067961 0.997288
163.200000000 -38.058696 -14.528968 -0.165906 0.027586 0.006043 -0.069595 0.997176
163.250000000 -38.080743 -14.524468 -0.166327 0.027551 0.006113 -0.071200 0.997063
163.300000000 -38.101953 -14.520073 -0.166735 0.027516 0.006183 -0.072778 0.996949
163.350000000 -38.122329 -14.515786 -0.167131 0.027481 0.006251 -0.074329 0.996835
163.400000000 -38.141870 -14.511609 -0.167514 0.027447 0.006319 -0.075854 0.996721
163.450000000 -38.160577 -14.507547 -0.167885 0.027412 0.006387 -0.077355 0.996606
163.500000000 -38.178450 -14.503602 -0.168241 0.027377 0.006454 -0.078832 0.996491
163.550000000 -38.195490 -14.499777 -0.168585 0.027343 0.006520 -0.080287 0.996375
163.600000000 -38.211698 -14.496075 -0.168915 0.027308 0.006587 -0.081721 0.996259
163.650000000 -38.227073 -14.492499 -0.169231 0.027274 0.006652 -0.083135 0.996143
163.700000000 -38.241616 -14.489053 -0.169533 0.027240 0.006718 -0.084530 0.996026
163.750000000 -38.255328 -14.485738 -0.169820 0.027206 0.006783 -0.085906 0.995909
163.800000000 -38.268210 -14.482559 -0.170093 0.027171 0.006848 -0.087266 0.995791
163.850000000 -38.280261 -14.479517 -0.170352 0.027137 0.006913 -0.088610 0.995673
163.900000000 -38.291482 -14.476616 -0.170595 0.027103 0.006978 -0.089940 0.995554
163.950000000 -38.301874 -14.473858 -0.170824 0.027069 0.007043 -0.091256 0.995435
164.000000000 -38.311437 -14.471247 -0.171036 0.027036 0.007107 -0.092561 0.995315
164.050000000 -38.320172 -14.468786 -0.171234 0.027002 0.007172 -0.093856 0.995194
164.100000000 -38.328079 -14.466478 -0.171415 0.026968 0.007237 -0.095143 0.995072
164.150000000 -38.335159 -14.464326 -0.171580 0.026934 0.007303 -0.096425 0.994949
164.200000000 -38.341413 -14.462332 -0.171729 0.026901 0.007369 -0.097702 0.994825
164.250000000 -38.346840 -14.460501 -0.171862 0.026867 0.007435 -0.098975 0.994699
164.300000000 -38.351441 -14.458834 -0.171978 0.026833 0.007501 -0.100246 0.994572
164.350000000 -38.355216 -14.457334 -0.172076 0.026799 0.007568 -0.101516 0.994444
164.400000000 -38.358167 -14.456003 -0.172158 0.026766 0.007636 -0.102784 0.994314
164.450000000 -38.360293 -14.454844 -0.172222 0.026732 0.007704 -0.104052 0.994183
164.500000000 -38.361594 -14.453859 -0.172269 0.026699 0.007774 -0.105319 0.994050
164.550000000 -38.362072 -14.453050 -0.172298 0.026665 0.007843 -0.106586 0.993915
164.600000000 -38.361727 -14.452420 -0.172309 0.026631 0.007914 -0.107853 0.993779
164.650000000 -38.360559 -14.451970 -0.172302 0.026598 0.007985 -0.109120 0.993641
164.700000000 -38.358568 -14.451702 -0.172276 0.026564 0.008058 -0.110386 0.993501
164.750000000 -38.355755 -14.451618 -0.172232 0.026531 0.008130 -0.111652 0.993360
164.800000000 -38.352121 -14.451721 -0.172170 0.026497 0.008204 -0.112917 0.993217
164.850000000 -38.347665 -14.452012 -0.172089 0.026464 0.008278 -0.114181 0.993073
164.900000000 -38.342389 -14.452493 -0.171990 0.026431 0.008352 -0.115443 0.992927
164.950000000 -38.336292 -14.453166 -0.171871 0.026397 0.008427 -0.116702 0.992780
165.000000000 -38.329386 -14.454029 -0.171734 0.026364 0.008502 -0.117957 0.992632
165.050000000 -38.322196 -14.454957 -0.171590 0.026331 0.008577 -0.119207 0.992483
165.100000000 -38.315006 -14.455882 -0.171447 0.026297 0.008652 -0.120452 0.992333
165.150000000 -38.307814 -14.456805 -0.171304 0.026264 0.008726 -0.121691 0.992182
165.200000000 -38.300622 -14.457725 -0.171161 0.026230 0.008799 -0.122925 0.992030
165.250000000 -38.293428 -14.458643 -0.171019 0.026197 0.008872 -0.124155 0.991877
165.300000000 -38.286233 -14.459558 -0.170877 0.026163 0.008945 -0.125378 0.991724
165.350000000 -38.279036 -14.460471 -0.170735 0.026130 0.009017 -0.126597 0.991569
165.400000000 -38.271839 -14.461381 -0.170594 0.026096 0.009088 -0.127810 0.991414
165.450000000 -38.264640 -14.462289 -0.170453 0.026062 0.009159 -0.129018 0.991257
165.500000000 -38.257440 -14.463194 -0.170312 0.026028 0.009230 -0.130221 0.991100
165.550000000 -38.250239 -14.464096 -0.170172 0.025995 0.009300 -0.131418 0.990943
165.600000000 -38.243037 -14.464996 -0.170032 0.025961 0.009370 -0.132610 0.990784
165.650000000 -38.235833 -14.465893 -0.169892 0.025927 0.009440 -0.133796 0.990625
165.700000000 -38.228629 -14.466788 -0.169753 0.025893 0.009508 -0.134977 0.990465
165.750000000 -38.221423 -14.467679 -0.169614 0.025859 0.009577 -0.136152 0.990304
165.800000000 -38.214215 -14.468569 -0.169475 0.025825 0.009645 -0.137322 0.990143
165.850000000 -38.207007 -14.469455 -0.169336 0.025791 0.009713 -0.138487 0.989981
165.900000000 -38.199798 -14.470339 -0.169198 0.025757 0.009780 -0.139645 0.989818
165.950000000 -38.192587 -14.471220 -0.169060 0.025723 0.009847 -0.140799 0.989655
166.000000000 -38.185375 -14.472098 -0.168922 0.025689 0.009913 -0.141946 0.989491
166.050000000 -38.178162 -14.472974 -0.168785 0.025655 0.009979 -0.143088 0.989327
166.100000000 -38.170947 -14.473847 -0.168648 0.025621 0.010045 -0.144225 0.989162
166.150000000 -38.163732 -14.474717 -0.168511 0.025587 0.010110 -0.145355 0.988997
166.200000000 -38.156515 -14.475584 -0.168374 0.025552 0.010175 -0.146481 0.988831
166.250000000 -38.149297 -14.476450 -0.168238 0.025518 0.010240 -0.147601 0.988665
166.300000000 -38.142078 -14.477312 -0.168102 0.025484 0.010304 -0.148717 0.988498
166.350000000 -38.134858 -14.478173 -0.167966 0.025450 0.010368 -0.149827 0.988330
166.400000000 -38.127638 -14.479031 -0.167831 0.025415 0.010431 -0.150933 0.988162
166.450000000 -38.120416 -14.479886 -0.167696 0.025381 0.010495 -0.152034 0.987994
166.500000000 -38.113193 -14.480740 -0.167561 0.025347 0.010557 -0.153130 0.987824
166.550000000 -38.105969 -14.481591 -0.167426 0.025312 0.010620 -0.154223 0.987655
166.600000000 -38.098745 -14.482440 -0.167291 0.025278 0.010682 -0.155310 0.987484
166.650000000 -38.091519 -14.483288 -0.167157 0.025244 0.010744 -0.156394 0.987314
166.700000000 -38.084293 -14.484133 -0.167023 0.025209 0.010805 -0.157474 0.987142
166.750000000 -38.077066 -14.484977 -0.166889 0.025175 0.010867 -0.158549 0.986970
166.800000000 -38.069838 -14.485818 -0.166755 0.025140 0.010928 -0.159621 0.986798
166.850000000 -38.062610 -14.486658 -0.166622 0.025106 0.010988 -0.160689 0.986624
166.900000000 -38.055381 -14.487496 -0.166489 0.025071 0.011049 -0.161754 0.986451
166.950000000 -38.048151 -14.488333 -0.166355 0.025037 0.011109 -0.162815 0.986276
167.000000000 -38.040920 -14.489168 -0.166223 0.025002 0.011169 -0.163873 0.986101
167.050000000 -38.033689 -14.490001 -0.166090 0.024967 0.011229 -0.164927 0.985926
167.100000000 -38.026457 -14.490833 -0.165957 0.024933 0.011288 -0.165979 0.985749
167.150000000 -38.019225 -14.491663 -0.165825 0.024898 0.011347 -0.167027 0.985573
167.200000000 -38.011992 -14.492492 -0.165693 0.024863 0.011406 -0.168072 0.985395
167.250000000 -38.004758 -14.493320 -0.165561 0.024829 0.011465 -0.169115 0.985217
167.300000000 -37.997524 -14.494146 -0.165429 0.024794 0.011523 -0.170155 0.985038
167.350000000 -37.990289 -14.494971 -0.165297 0.024759 0.011582 -0.171192 0.984859
167.400000000 -37.983054 -14.495795 -0.165166 0.024724 0.011640 -0.172226 0.984678
167.450000000 -37.975819 -14.496618 -0.165034 0.024689 0.011698 -0.173258 0.984497
167.500000000 -37.968583 -14.497439 -0.164903 0.024654 0.011756 -0.174288 0.984316
167.550000000 -37.961346 -14.498260 -0.164772 0.024619 0.011813 -0.175315 0.984134
167.600000000 -37.954109 -14.499079 -0.164641 0.024584 0.011870 -0.176340 0.983951
167.650000000 -37.946872 -14.499898 -0.164510 0.024549 0.011928 -0.177363 0.983767
167.700000000 -37.939635 -14.500715 -0.164379 0.024514 0.011985 -0.178384 0.983582
167.750000000 -37.932397 -14.501532 -0.164248 0.024479 0.012041 -0.179403 0.983397
167.800000000 -37.925158 -14.502348 -0.164118 0.024444 0.012098 -0.180421 0.983211
167.850000000 -37.917920 -14.503163 -0.163988 0.024409 0.012155 -0.181436 0.983025
167.900000000 -37.910681 -14.503977 -0.163857 0.024374 0.012211 -0.182450 0.982837
167.950000000 -37.903441 -14.504791 -0.163727 0.024338 0.012267 -0.183462 0.982649
168.000000000 -37.896202 -14.505603 -0.163597 0.024303 0.012323 -0.184473 0.982460
168.050000000 -37.888962 -14.506416 -0.163467 0.024268 0.012379 -0.185482 0.982270
168.100000000 -37.881722 -14.507227 -0.163337 0.024232 0.012435 -0.186490 0.982079
168.150000000 -37.874482 -14.508038 -0.163207 0.024197 0.012491 -0.187496 0.981888
168.200000000 -37.867241 -14.508849 -0.163078 0.024162 0.012546 -0.188501 0.981695
168.250000000 -37.860001 -14.509659 -0.162948 0.024126 0.012602 -0.189505 0.981502
168.300000000 -37.852760 -14.510469 -0.162818 0.024091 0.012657 -0.190509 0.981308
168.350000000 -37.845519 -14.511278 -0.162689 0.024055 0.012712 -0.191511 0.981113
168.400000000 -37.838277 -14.512087 -0.162560 0.024020 0.012768 -0.192512 0.980918
168.450000000 -37.831036 -14.512895 -0.162430 0.023984 0.012823 -0.193512 0.980721
168.500000000 -37.823795 -14.513703 -0.162301 0.023948 0.012878 -0.194511 0.980523
168.550000000 -37.816553 -14.514511 -0.162172 0.023913 0.012933 -0.195510 0.980325
168.600000000 -37.809311 -14.515319 -0.162043 0.023877 0.012987 -0.196508 0.980125
168.650000000 -37.802070 -14.516127 -0.161914 0.023841 0.013042 -0.197505 0.979925
168.700000000 -37.794828 -14.516934 -0.161785 0.023806 0.013097 -0.198502 0.979724
168.750000000 -37.787586 -14.517741 -0.161656 0.023770 0.013151 -0.199498 0.979522
168.800000000 -37.780344 -14.518548 -0.161527 0.023734 0.013206 -0.200494 0.979318
