# timestamp x y z q0 q1 q2 q3
0.100000000 -0.000000 -0.000000 -0.000000 -0.000000 -0.000000 0.000000 1.000000
0.150000000 -0.000000 -0.000000 -0.000000 -0.000000 -0.000000 0.000000 1.000000
0.200000000 -0.000000 -0.000000 -0.000000 -0.000000 -0.000000 0.000000 1.000000
0.250000000 -0.000000 -0.000000 -0.000000 -0.000000 -0.000000 0.000000 1.000000
0.300000000 -0.000000 -0.000000 -0.000000 -0.000000 -0.000000 0.000000 1.000000
0.350000000 -0.000000 -0.000000 -0.000000 -0.000000 -0.000000 0.000000 1.000000
0.400000000 -0.000000 -0.000000 -0.000000 -0.000000 -0.000000 0.000000 1.000000
0.450000000 -0.000000 -0.000000 -0.000000 -0.000000 -0.000000 0.000000 1.000000
0.500000000 -0.000000 -0.000000 -0.000000 -0.000000 -0.000000 0.000000 1.000000
0.550000000 -0.000000 -0.000000 -0.000000 -0.000000 -0.000000 0.000000 1.000000
0.600000000 -0.000000 -0.000000 -0.000000 -0.000000 -0.000000 0.000000 1.000000
0.650000000 -0.000000 -0.000000 -0.000000 -0.000000 -0.000000 0.000000 1.000000
0.700000000 -0.000000 -0.000000 -0.000000 -0.000000 -0.000000 0.000000 1.000000
0.750000000 -0.000000 -0.000000 -0.000000 -0.000000 -0.000000 0.000000 1.000000
0.800000000 -0.000000 -0.000000 0.000001 -0.000001 -0.000001 0.000000 1.000000
0.850000000 -0.000000 -0.000000 0.000001 -0.000001 -0.000001 0.000000 1.000000
0.900000000 -0.000000 -0.000000 0.000001 -0.000001 -0.000001 0.000000 1.000000
0.950000000 -0.000000 -0.000000 0.000001 -0.000001 -0.000001 0.000000 1.000000
1.000000000 -0.000000 -0.000000 0.000001 -0.000001 -0.000001 0.000000 1.000000
1.050000000 -0.000000 -0.000000 0.000001 -0.000001 -0.000001 0.000000 1.000000
1.100000000 -0.000000 -0.000000 0.000001 -0.000001 -0.000001 0.000000 1.000000
1.150000000 -0.000000 -0.000000 0.000002 -0.000002 -0.000001 0.000000 1.000000
1.200000000 -0.000000 -0.000000 0.000002 -0.000002 -0.000001 0.000000 1.000000
1.250000000 -0.000000 -0.000000 0.000002 -0.000002 -0.000001 0.000000 1.000000
1.300000000 -0.000000 -0.000000 0.000002 -0.000002 -0.000001 0.000000 1.000000
1.350000000 -0.000000 -0.000000 0.000002 -0.000002 -0.000001 0.000000 1.000000
1.400000000 -0.000000 -0.000000 0.000002 -0.000003 -0.000002 0.000000 1.000000
1.450000000 -0.000000 -0.000000 0.000002 -0.000003 -0.000002 0.000000 1.000000
1.500000000 -0.000000 -0.000000 0.000002 -0.000003 -0.000002 0.000000 1.000000
1.550000000 -0.000000 -0.000000 0.000002 -0.000003 -0.000002 0.000000 1.000000
1.600000000 -0.000000 -0.000000 0.000003 -0.000004 -0.000002 0.000000 1.000000
1.650000000 -0.000000 -0.000000 0.000003 -0.000004 -0.000002 0.000000 1.000000
1.700000000 -0.000000 -0.000000 0.000003 -0.000004 -0.000002 0.000000 1.000000
1.750000000 -0.000000 -0.000000 0.000004 -0.000005 -0.000003 0.000000 1.000000
1.800000000 -0.000000 -0.000000 0.000004 -0.000005 -0.000003 0.000000 1.000000
1.850000000 -0.000000 -0.000000 0.000004 -0.000005 -0.000003 0.000000 1.000000
1.900000000 -0.000000 -0.000000 0.000004 -0.000005 -0.000003 0.000000 1.000000
1.950000000 -0.000000 -0.000000 0.000005 -0.000006 -0.000003 0.000000 1.000000
2.000000000 -0.000000 -0.000000 0.000005 -0.000006 -0.000003 0.000000 1.000000
2.050000000 -0.000000 -0.000000 0.000005 -0.000006 -0.000003 0.000000 1.000000
2.100000000 -0.000000 -0.000000 0.000006 -0.000007 -0.000004 0.000000 1.000000
2.150000000 -0.000000 -0.000000 0.000006 -0.000007 -0.000004 0.000000 1.000000
2.200000000 -0.000000 -0.000000 0.000006 -0.000007 -0.000004 0.000000 1.000000
2.250000000 -0.000000 -0.000000 0.000007 -0.000008 -0.000005 0.000000 1.000000
2.300000000 -0.000000 -0.000000 0.000007 -0.000008 -0.000005 0.000000 1.000000
2.350000000 -0.000000 -0.000000 0.000007 -0.000009 -0.000005 0.000000 1.000000
2.400000000 -0.000000 -0.000000 0.000007 -0.000009 -0.000005 0.000000 1.000000
2.450000000 -0.000000 -0.000000 0.000007 -0.000009 -0.000005 0.000000 1.000000
2.500000000 -0.000000 -0.000000 0.000008 -0.000010 -0.000006 0.000000 1.000000
2.550000000 -0.000000 -0.000000 0.000008 -0.000010 -0.000006 0.000000 1.000000
2.600000000 -0.000000 -0.000000 0.000009 -0.000011 -0.000006 0.000000 1.000000
2.650000000 -0.000000 -0.000000 0.000009 -0.000011 -0.000006 0.000000 1.000000
2.700000000 -0.000000 -0.000000 0.000009 -0.000011 -0.000006 0.000000 1.000000
2.750000000 -0.000000 -0.000000 0.000010 -0.000012 -0.000007 0.000000 1.000000
2.800000000 -0.000000 -0.000000 0.000010 -0.000012 -0.000007 0.000000 1.000000
2.850000000 -0.000000 -0.000000 0.000011 -0.000013 -0.000007 0.000000 1.000000
2.900000000 -0.000000 -0.000000 0.000011 -0.000013 -0.000007 0.000000 1.000000
2.950000000 -0.000000 -0.000000 0.000011 -0.000014 -0.000008 0.000000 1.000000
3.000000000 -0.000000 -0.000000 0.000011 -0.000014 -0.000008 0.000000 1.000000
3.050000000 -0.000000 -0.000000 0.000012 -0.000015 -0.000009 0.000000 1.000000
3.100000000 -0.000000 -0.000000 0.000012 -0.000015 -0.000009 0.000000 1.000000
3.150000000 -0.000000 -0.000000 0.000013 -0.000016 -0.000009 0.000000 1.000000
3.200000000 -0.000000 -0.000000 0.000013 -0.000016 -0.000009 0.000000 1.000000
3.250000000 -0.000000 -0.000000 0.000014 -0.000017 -0.000010 0.000000 1.000000
3.300000000 -0.000000 -0.000000 0.000014 -0.000017 -0.000010 0.000000 1.000000
3.350000000 -0.000000 -0.000000 0.000015 -0.000018 -0.000010 -0.000000 1.000000
3.400000000 -0.000000 -0.000000 0.000015 -0.000018 -0.000010 -0.000000 1.000000
3.450000000 -0.000000 -0.000000 0.000015 -0.000019 -0.000011 -0.000000 1.000000
3.500000000 -0.000000 -0.000000 0.000016 -0.000020 -0.000011 -0.000000 1.000000
3.550000000 -0.000000 -0.000000 0.000016 -0.000020 -0.000011 -0.000000 1.000000
3.600000000 -0.000000 -0.000000 0.000017 -0.000021 -0.000012 -0.000000 1.000000
3.650000000 -0.000000 -0.000000 0.000017 -0.000021 -0.000012 -0.000000 1.000000
3.700000000 -0.000000 -0.000000 0.000018 -0.000012 -0.000013 0.000001 1.000000
3.750000000 -0.000000 -0.000000 0.000018 -0.000009 -0.000013 0.000001 1.000000
3.800000000 -0.000000 -0.000000 0.000018 -0.000009 -0.000013 0.000001 1.000000
3.850000000 -0.000026 -0.000000 0.000020 -0.000010 -0.000014 0.000001 1.000000
3.900000000 -0.000658 0.000000 0.000020 -0.000011 -0.000014 0.000001 1.000000
3.950000000 -0.002133 0.000000 0.000021 -0.000012 -0.000015 0.000001 1.000000
4.000000000 -0.004450 0.000001 0.000021 -0.000013 -0.000015 0.000001 1.000000
4.050000000 -0.007609 0.000002 0.000022 -0.000014 -0.000015 0.000003 1.000000
4.100000000 -0.011611 0.000003 0.000023 -0.000014 -0.000016 0.000005 1.000000
4.150000000 -0.016456 0.000006 0.000023 -0.000015 -0.000016 0.000010 1.000000
4.200000000 -0.022143 0.000011 0.000024 -0.000016 -0.000016 0.000017 1.000000
4.250000000 -0.028673 0.000017 0.000025 -0.000017 -0.000017 0.000028 1.000000
4.300000000 -0.036044 0.000027 0.000026 -0.000017 -0.000017 0.000044 1.000000
4.350000000 -0.044259 0.000039 0.000026 -0.000018 -0.000018 0.000066 1.000000
4.400000000 -0.053315 0.000056 0.000027 -0.000019 -0.000018 0.000096 1.000000
4.450000000 -0.063214 0.000077 0.000028 -0.000019 -0.000018 0.000135 1.000000
4.500000000 -0.073955 0.000104 0.000029 -0.000020 -0.000019 0.000184 1.000000
4.550000000 -0.085538 0.000138 0.000030 -0.000021 -0.000019 0.000247 1.000000
4.600000000 -0.097964 0.000180 0.000031 -0.000022 -0.000019 0.000324 1.000000
4.650000000 -0.111231 0.000230 0.000032 -0.000023 -0.000019 0.000418 1.000000
4.700000000 -0.125340 0.000290 0.000033 -0.000023 -0.000019 0.000532 1.000000
4.750000000 -0.140290 0.000362 0.000035 -0.000024 -0.000020 0.000668 1.000000
4.800000000 -0.156083 0.000445 0.000036 -0.000025 -0.000020 0.000828 1.000000
4.850000000 -0.172716 0.000542 0.000037 -0.000026 -0.000020 0.001016 0.999999
4.900000000 -0.190191 0.000654 0.000038 -0.000027 -0.000019 0.001234 0.999999
4.950000000 -0.208507 0.000781 0.000039 -0.000027 -0.000019 0.001484 0.999999
5.000000000 -0.227664 0.000925 0.000041 -0.000028 -0.000019 0.001769 0.999998
5.050000000 -0.247662 0.001086 0.000042 -0.000029 -0.000018 0.002090 0.999998
5.100000000 -0.268500 0.001264 0.000043 -0.000030 -0.000017 0.002451 0.999997
5.150000000 -0.290178 0.001461 0.000045 -0.000031 -0.000016 0.002854 0.999996
5.200000000 -0.312697 0.001677 0.000046 -0.000032 -0.000015 0.003300 0.999995
5.250000000 -0.336056 0.001912 0.000048 -0.000033 -0.000014 0.003792 0.999993
5.300000000 -0.360254 0.002167 0.000049 -0.000034 -0.000012 0.004331 0.999991
5.350000000 -0.385292 0.002441 0.000050 -0.000035 -0.000011 0.004920 0.999988
5.400000000 -0.411170 0.002735 0.000052 -0.000036 -0.000008 0.005561 0.999985
5.450000000 -0.437887 0.003049 0.000053 -0.000037 -0.000006 0.006254 0.999980
5.500000000 -0.465442 0.003381 0.000054 -0.000038 -0.000003 0.007003 0.999975
5.550000000 -0.493837 0.003733 0.000056 -0.000039 -0.000000 0.007807 0.999970
5.600000000 -0.523070 0.004102 0.000057 -0.000040 0.000003 0.008668 0.999962
5.650000000 -0.553141 0.004488 0.000058 -0.000041 0.000007 0.009587 0.999954
5.700000000 -0.584051 0.004890 0.000059 -0.000042 0.000011 0.010566 0.999944
5.750000000 -0.615799 0.005307 0.000060 -0.000043 0.000015 0.011604 0.999933
5.800000000 -0.648385 0.005737 0.000061 -0.000044 0.000020 0.012703 0.999919
5.850000000 -0.681808 0.006179 0.000061 -0.000046 0.000025 0.013862 0.999904
5.900000000 -0.716070 0.006631 0.000062 -0.000047 0.000031 0.015082 0.999886
5.950000000 -0.751168 0.007090 0.000062 -0.000048 0.000036 0.016362 0.999866
6.000000000 -0.787105 0.007555 0.000062 -0.000049 0.000043 0.017703 0.999843
6.050000000 -0.823878 0.008022 0.000061 -0.000050 0.000050 0.019103 0.999818
6.100000000 -0.861489 0.008489 0.000061 -0.000052 0.000057 0.020563 0.999789
6.150000000 -0.899937 0.008954 0.000060 -0.000053 0.000064 0.022080 0.999756
6.200000000 -0.939222 0.009413 0.000058 -0.000054 0.000072 0.023655 0.999720
6.250000000 -0.979344 0.009862 0.000057 -0.000056 0.000081 0.025286 0.999680
6.300000000 -1.020303 0.010299 0.000055 -0.000057 0.000090 0.026970 0.999636
6.350000000 -1.062099 0.010719 0.000052 -0.000058 0.000099 0.028708 0.999588
6.400000000 -1.104733 0.011118 0.000049 -0.000060 0.000108 0.030496 0.999535
6.450000000 -1.148203 0.011493 0.000045 -0.000061 0.000118 0.032332 0.999477
6.500000000 -1.192510 0.011839 0.000041 -0.000062 0.000128 0.034215 0.999414
6.550000000 -1.237654 0.012152 0.000036 -0.000064 0.000139 0.036143 0.999347
6.600000000 -1.283635 0.012427 0.000030 -0.000065 0.000150 0.038111 0.999273
6.650000000 -1.330452 0.012659 0.000024 -0.000067 0.000161 0.040119 0.999195
6.700000000 -1.378107 0.012844 0.000017 -0.000068 0.000172 0.042163 0.999111
6.750000000 -1.426598 0.012977 0.000009 -0.000070 0.000184 0.044241 0.999021
6.800000000 -1.475927 0.013052 0.000001 -0.000071 0.000195 0.046349 0.998925
6.850000000 -1.526092 0.013064 -0.000009 -0.000073 0.000207 0.048484 0.998824
6.900000000 -1.577093 0.013008 -0.000019 -0.000074 0.000219 0.050643 0.998717
6.950000000 -1.628931 0.012879 -0.000031 -0.000076 0.000232 0.052824 0.998604
7.000000000 -1.681606 0.012668 -0.000043 -0.000086 0.000244 0.055015 0.998485
7.050000000 -1.735120 0.012272 -0.000057 -0.000094 0.000255 0.057038 0.998372
7.100000000 -1.789474 0.011618 -0.000072 -0.000096 0.000267 0.058766 0.998272
7.150000000 -1.844663 0.010698 -0.000088 -0.000097 0.000279 0.060185 0.998187
7.200000000 -1.900686 0.009504 -0.000105 -0.000098 0.000290 0.061288 0.998120
7.250000000 -1.957539 0.008050 -0.000123 -0.000099 0.000300 0.062102 0.998070
7.300000000 -2.015222 0.006350 -0.000143 -0.000101 0.000310 0.062656 0.998035
7.350000000 -2.073732 0.004418 -0.000163 -0.000103 0.000318 0.062975 0.998015
7.400000000 -2.133069 0.002263 -0.000185 -0.000104 0.000325 0.063079 0.998008
7.450000000 -2.193233 -0.000105 -0.000209 -0.000106 0.000332 0.062986 0.998014
7.500000000 -2.254224 -0.002675 -0.000233 -0.000107 0.000337 0.062713 0.998032
7.550000000 -2.316042 -0.005438 -0.000258 -0.000109 0.000340 0.062278 0.998059
7.600000000 -2.378686 -0.008386 -0.000285 -0.000110 0.000343 0.061695 0.998095
7.650000000 -2.442159 -0.011508 -0.000312 -0.000112 0.000344 0.060982 0.998139
7.700000000 -2.506460 -0.014795 -0.000341 -0.000113 0.000345 0.060151 0.998189
7.750000000 -2.571590 -0.018238 -0.000370 -0.000115 0.000344 0.059219 0.998245
7.800000000 -2.637551 -0.021828 -0.000400 -0.000116 0.000342 0.058198 0.998305
7.850000000 -2.704343 -0.025556 -0.000431 -0.000118 0.000339 0.057103 0.998368
7.900000000 -2.771967 -0.029413 -0.000463 -0.000119 0.000335 0.055945 0.998434
7.950000000 -2.840424 -0.033391 -0.000496 -0.000120 0.000330 0.054737 0.998501
8.000000000 -2.909716 -0.037482 -0.000529 -0.000121 0.000325 0.053490 0.998568
8.050000000 -2.979844 -0.041678 -0.000562 -0.000123 0.000318 0.052216 0.998636
8.100000000 -3.050808 -0.045971 -0.000597 -0.000124 0.000311 0.050924 0.998702
8.150000000 -3.122610 -0.050354 -0.000631 -0.000125 0.000304 0.049624 0.998768
8.200000000 -3.195250 -0.054820 -0.000666 -0.000126 0.000296 0.048324 0.998832
8.250000000 -3.268729 -0.059363 -0.000701 -0.000128 0.000287 0.047033 0.998893
8.300000000 -3.343047 -0.063976 -0.000737 -0.000129 0.000279 0.045758 0.998953
8.350000000 -3.418205 -0.068654 -0.000772 -0.000130 0.000270 0.044505 0.999009
8.400000000 -3.494202 -0.073392 -0.000808 -0.000131 0.000261 0.043280 0.999063
8.450000000 -3.571040 -0.078183 -0.000844 -0.000132 0.000252 0.042090 0.999114
8.500000000 -3.648718 -0.083025 -0.000880 -0.000133 0.000243 0.040937 0.999162
8.550000000 -3.727237 -0.087913 -0.000915 -0.000135 0.000235 0.039827 0.999207
8.600000000 -3.806597 -0.092843 -0.000951 -0.000136 0.000226 0.038763 0.999248
8.650000000 -3.886798 -0.097812 -0.000987 -0.000137 0.000218 0.037746 0.999287
8.700000000 -3.967840 -0.102817 -0.001023 -0.000138 0.000209 0.036780 0.999323
8.750000000 -4.049724 -0.107856 -0.001058 -0.000139 0.000202 0.035866 0.999357
8.800000000 -4.132449 -0.112927 -0.001093 -0.000141 0.000194 0.035005 0.999387
8.850000000 -4.216015 -0.118027 -0.001129 -0.000142 0.000187 0.034198 0.999415
8.900000000 -4.300423 -0.123156 -0.001164 -0.000143 0.000181 0.033444 0.999441
8.950000000 -4.385672 -0.128312 -0.001198 -0.000144 0.000175 0.032744 0.999464
9.000000000 -4.471763 -0.133494 -0.001233 -0.000146 0.000169 0.032096 0.999485
9.050000000 -4.558695 -0.138703 -0.001268 -0.000147 0.000164 0.031501 0.999504
9.100000000 -4.646469 -0.143927 -0.001302 -0.000141 0.000160 0.030974 0.999520
9.150000000 -4.735088 -0.148927 -0.001336 -0.000135 0.000156 0.030956 0.999521
9.200000000 -4.824544 -0.153548 -0.001370 -0.000136 0.000153 0.031733 0.999496
9.250000000 -4.914828 -0.157775 -0.001403 -0.000138 0.000151 0.033333 0.999444
9.300000000 -5.005930 -0.161637 -0.001437 -0.000140 0.000151 0.035704 0.999362
9.350000000 -5.097850 -0.165220 -0.001470 -0.000142 0.000153 0.038697 0.999251
9.400000000 -5.190585 -0.168597 -0.001504 -0.000144 0.000157 0.042183 0.999110
9.450000000 -5.284140 -0.171834 -0.001538 -0.000146 0.000163 0.046056 0.998939
9.500000000 -5.378516 -0.174984 -0.001573 -0.000148 0.000171 0.050225 0.998738
9.550000000 -5.473716 -0.178098 -0.001608 -0.000150 0.000180 0.054613 0.998508
9.600000000 -5.569744 -0.181221 -0.001644 -0.000152 0.000191 0.059150 0.998249
9.650000000 -5.666602 -0.184393 -0.001681 -0.000154 0.000203 0.063776 0.997964
9.700000000 -5.764293 -0.187652 -0.001720 -0.000156 0.000216 0.068436 0.997655
9.750000000 -5.862819 -0.191032 -0.001759 -0.000158 0.000230 0.073085 0.997326
9.800000000 -5.962178 -0.194563 -0.001800 -0.000160 0.000245 0.077681 0.996978
9.850000000 -6.062369 -0.198273 -0.001843 -0.000162 0.000260 0.082186 0.996617
9.900000000 -6.163048 -0.202128 -0.001887 -0.000164 0.000274 0.086572 0.996246
9.950000000 -6.263731 -0.206066 -0.001933 -0.000167 0.000287 0.090805 0.995869
10.000000000 -6.364413 -0.210102 -0.001979 -0.000168 0.000297 0.094861 0.995491
10.050000000 -6.465094 -0.214247 -0.002027 -0.000170 0.000305 0.098717 0.995115
10.100000000 -6.565773 -0.218509 -0.002075 -0.000172 0.000312 0.102361 0.994747
10.150000000 -6.666450 -0.222894 -0.002124 -0.000173 0.000318 0.105781 0.994389
10.200000000 -6.767125 -0.227405 -0.002174 -0.000175 0.000322 0.108973 0.994045
10.250000000 -6.867795 -0.232044 -0.002225 -0.000176 0.000324 0.111933 0.993716
10.300000000 -6.968461 -0.236810 -0.002276 -0.000178 0.000326 0.114662 0.993404
10.350000000 -7.069121 -0.241702 -0.002327 -0.000179 0.000327 0.117165 0.993112
10.400000000 -7.169776 -0.246716 -0.002379 -0.000180 0.000328 0.119446 0.992841
10.450000000 -7.270425 -0.251849 -0.002432 -0.000182 0.000327 0.121512 0.992590
10.500000000 -7.371067 -0.257095 -0.002485 -0.000183 0.000326 0.123374 0.992360
10.550000000 -7.471702 -0.262450 -0.002538 -0.000184 0.000325 0.125039 0.992152
10.600000000 -7.572330 -0.267907 -0.002591 -0.000185 0.000323 0.126519 0.991964
10.650000000 -7.672952 -0.273460 -0.002644 -0.000186 0.000320 0.127825 0.991797
10.700000000 -7.773566 -0.279103 -0.002698 -0.000188 0.000318 0.128968 0.991649
10.750000000 -7.874173 -0.284830 -0.002751 -0.000189 0.000315 0.129959 0.991519
10.800000000 -7.974774 -0.290634 -0.002805 -0.000190 0.000313 0.130811 0.991407
10.850000000 -8.075369 -0.296510 -0.002859 -0.000192 0.000310 0.131534 0.991312
10.900000000 -8.175958 -0.302450 -0.002913 -0.000193 0.000307 0.132140 0.991231
10.950000000 -8.276541 -0.308448 -0.002967 -0.000194 0.000304 0.132639 0.991164
11.000000000 -8.377119 -0.314500 -0.003020 -0.000196 0.000301 0.133042 0.991110
11.050000000 -8.477693 -0.320600 -0.003074 -0.000197 0.000299 0.133358 0.991068
11.100000000 -8.578262 -0.326742 -0.003128 -0.000199 0.000296 0.133598 0.991036
11.150000000 -8.678827 -0.332921 -0.003181 -0.000200 0.000294 0.133770 0.991012
11.200000000 -8.779389 -0.339133 -0.003235 -0.000202 0.000291 0.133881 0.990997
11.250000000 -8.879948 -0.345374 -0.003288 -0.000203 0.000289 0.133941 0.990989
11.300000000 -8.980504 -0.351639 -0.003342 -0.000205 0.000287 0.133956 0.990987
11.350000000 -9.081057 -0.357926 -0.003395 -0.000206 0.000285 0.133933 0.990990
11.400000000 -9.181609 -0.364230 -0.003448 -0.000208 0.000283 0.133878 0.990998
11.450000000 -9.282159 -0.370549 -0.003502 -0.000210 0.000281 0.133796 0.991009
11.500000000 -9.382708 -0.376880 -0.003555 -0.000212 0.000279 0.133692 0.991023
11.550000000 -9.483256 -0.383220 -0.003608 -0.000213 0.000278 0.133572 0.991039
11.600000000 -9.583803 -0.389568 -0.003661 -0.000215 0.000277 0.133437 0.991057
11.650000000 -9.684349 -0.395921 -0.003713 -0.000217 0.000276 0.133294 0.991077
11.700000000 -9.784895 -0.402277 -0.003766 -0.000219 0.000274 0.133143 0.991097
11.750000000 -9.885441 -0.408636 -0.003819 -0.000221 0.000274 0.132989 0.991117
11.800000000 -9.985986 -0.414995 -0.003871 -0.000223 0.000273 0.132833 0.991138
11.850000000 -10.086532 -0.421354 -0.003924 -0.000225 0.000272 0.132678 0.991159
11.900000000 -10.187077 -0.427712 -0.003976 -0.000227 0.000271 0.132525 0.991180
11.950000000 -10.287623 -0.434068 -0.004029 -0.000228 0.000271 0.132376 0.991199
12.000000000 -10.388168 -0.440421 -0.004081 -0.000230 0.000270 0.132232 0.991219
12.050000000 -10.488714 -0.446771 -0.004134 -0.000232 0.000270 0.132093 0.991237
12.100000000 -10.589260 -0.453117 -0.004186 -0.000235 0.000270 0.131960 0.991255
12.150000000 -10.689806 -0.459459 -0.004238 -0.000237 0.000270 0.131835 0.991272
12.200000000 -10.790351 -0.465798 -0.004290 -0.000239 0.000269 0.131717 0.991287
12.250000000 -10.890897 -0.472132 -0.004342 -0.000241 0.000269 0.131606 0.991302
12.300000000 -10.991443 -0.478461 -0.004394 -0.000243 0.000269 0.131503 0.991316
12.350000000 -11.091989 -0.484786 -0.004446 -0.000245 0.000269 0.131408 0.991328
12.400000000 -11.192535 -0.491107 -0.004498 -0.000247 0.000269 0.131321 0.991340
12.450000000 -11.293082 -0.497424 -0.004550 -0.000249 0.000269 0.131241 0.991350
12.500000000 -11.393628 -0.503737 -0.004602 -0.000251 0.000269 0.131168 0.991360
12.550000000 -11.494174 -0.510045 -0.004654 -0.000253 0.000270 0.131102 0.991369
12.600000000 -11.594720 -0.516350 -0.004706 -0.000255 0.000270 0.131043 0.991377
12.650000000 -11.695266 -0.522652 -0.004758 -0.000258 0.000270 0.130990 0.991384
12.700000000 -11.795813 -0.528949 -0.004810 -0.000260 0.000270 0.130944 0.991390
12.750000000 -11.896359 -0.535244 -0.004862 -0.000262 0.000270 0.130903 0.991395
12.800000000 -11.996906 -0.541536 -0.004914 -0.000264 0.000270 0.130867 0.991400
12.850000000 -12.097452 -0.547825 -0.004966 -0.000266 0.000271 0.130836 0.991404
12.900000000 -12.197793 -0.554057 -0.005017 -0.000269 0.000271 0.130809 0.991407
12.950000000 -12.297355 -0.560080 -0.005068 -0.000271 0.000271 0.130780 0.991411
13.000000000 -12.396102 -0.565892 -0.005119 -0.000273 0.000271 0.130739 0.991417
13.050000000 -12.494035 -0.571495 -0.005169 -0.000275 0.000271 0.130680 0.991424
13.100000000 -12.591152 -0.576893 -0.005219 -0.000277 0.000272 0.130597 0.991435
13.150000000 -12.687454 -0.582089 -0.005268 -0.000280 0.000272 0.130485 0.991450
13.200000000 -12.782940 -0.587085 -0.005317 -0.000282 0.000272 0.130341 0.991469
13.250000000 -12.877610 -0.591883 -0.005365 -0.000284 0.000273 0.130162 0.991493
13.300000000 -12.971464 -0.596483 -0.005413 -0.000287 0.000273 0.129946 0.991521
13.350000000 -13.064502 -0.600888 -0.005460 -0.000289 0.000274 0.129691 0.991554
13.400000000 -13.156723 -0.605097 -0.005506 -0.000291 0.000274 0.129398 0.991593
13.450000000 -13.248128 -0.609112 -0.005553 -0.000294 0.000275 0.129065 0.991636
13.500000000 -13.338716 -0.612933 -0.005598 -0.000296 0.000276 0.128694 0.991684
13.550000000 -13.428488 -0.616559 -0.005644 -0.000299 0.000277 0.128284 0.991737
13.600000000 -13.517443 -0.619993 -0.005689 -0.000301 0.000278 0.127836 0.991795
13.650000000 -13.605580 -0.623232 -0.005733 -0.000304 0.000279 0.127352 0.991858
13.700000000 -13.692901 -0.626279 -0.005777 -0.000306 0.000280 0.126831 0.991924
13.750000000 -13.779404 -0.629133 -0.005820 -0.000309 0.000281 0.126277 0.991995
13.800000000 -13.865090 -0.631794 -0.005864 -0.000312 0.000283 0.125689 0.992070
13.850000000 -13.949959 -0.634262 -0.005906 -0.000314 0.000284 0.125069 0.992148
13.900000000 -14.034009 -0.636539 -0.005948 -0.000317 0.000286 0.124419 0.992230
13.950000000 -14.117242 -0.638623 -0.005990 -0.000320 0.000288 0.123740 0.992315
14.000000000 -14.199657 -0.640515 -0.006032 -0.000322 0.000290 0.123033 0.992402
14.050000000 -14.281253 -0.642217 -0.006073 -0.000325 0.000292 0.122300 0.992493
14.100000000 -14.362031 -0.643728 -0.006114 -0.000328 0.000294 0.121541 0.992586
14.150000000 -14.441990 -0.645048 -0.006154 -0.000331 0.000296 0.120759 0.992682
14.200000000 -14.521129 -0.646180 -0.006194 -0.000334 0.000299 0.119954 0.992779
14.250000000 -14.599450 -0.647122 -0.006233 -0.000336 0.000301 0.119128 0.992879
14.300000000 -14.676951 -0.647876 -0.006273 -0.000339 0.000304 0.118281 0.992980
14.350000000 -14.753629 -0.648482 -0.006311 -0.000354 0.000305 0.117343 0.993091
14.400000000 -14.829464 -0.649158 -0.006350 -0.000360 0.000308 0.115922 0.993258
14.450000000 -14.904446 -0.649941 -0.006389 -0.000363 0.000311 0.113949 0.993486
14.500000000 -14.978571 -0.650832 -0.006427 -0.000366 0.000315 0.111427 0.993773
14.550000000 -15.051838 -0.651798 -0.006466 -0.000369 0.000319 0.108421 0.994105
14.600000000 -15.124250 -0.652789 -0.006504 -0.000373 0.000325 0.105030 0.994469
14.650000000 -15.195811 -0.653767 -0.006542 -0.000376 0.000331 0.101336 0.994852
14.700000000 -15.266524 -0.654703 -0.006580 -0.000381 0.000339 0.097401 0.995245
14.750000000 -15.336392 -0.655574 -0.006619 -0.000385 0.000348 0.093281 0.995640
14.800000000 -15.405417 -0.656363 -0.006657 -0.000389 0.000358 0.089022 0.996029
14.850000000 -15.473603 -0.657054 -0.006696 -0.000394 0.000369 0.084664 0.996409
14.900000000 -15.540952 -0.657636 -0.006734 -0.000398 0.000381 0.080241 0.996775
14.950000000 -15.607465 -0.658101 -0.006773 -0.000403 0.000394 0.075785 0.997124
15.000000000 -15.673144 -0.658442 -0.006812 -0.000408 0.000407 0.071320 0.997453
15.050000000 -15.737990 -0.658654 -0.006852 -0.000413 0.000422 0.066871 0.997761
15.100000000 -15.802002 -0.658734 -0.006891 -0.000418 0.000437 0.062457 0.998047
15.150000000 -15.865180 -0.658680 -0.006931 -0.000423 0.000453 0.058095 0.998311
15.200000000 -15.927525 -0.658492 -0.006971 -0.000428 0.000469 0.053800 0.998552
15.250000000 -15.989036 -0.658170 -0.007012 -0.000433 0.000486 0.049583 0.998770
15.300000000 -16.049713 -0.657716 -0.007052 -0.000438 0.000503 0.045456 0.998966
15.350000000 -16.109555 -0.657133 -0.007093 -0.000443 0.000521 0.041425 0.999141
15.400000000 -16.168561 -0.656424 -0.007134 -0.000447 0.000538 0.037498 0.999296
15.450000000 -16.226732 -0.655593 -0.007175 -0.000452 0.000556 0.033680 0.999432
15.500000000 -16.284066 -0.654644 -0.007217 -0.000457 0.000574 0.029975 0.999550
15.550000000 -16.340563 -0.653582 -0.007258 -0.000462 0.000591 0.026385 0.999652
15.600000000 -16.396222 -0.652412 -0.007300 -0.000466 0.000609 0.022913 0.999737
15.650000000 -16.451044 -0.651139 -0.007341 -0.000471 0.000626 0.019558 0.999808
15.700000000 -16.505027 -0.649769 -0.007383 -0.000476 0.000643 0.016322 0.999866
15.750000000 -16.558170 -0.648309 -0.007425 -0.000480 0.000660 0.013203 0.999913
15.800000000 -16.610474 -0.646763 -0.007467 -0.000485 0.000677 0.010200 0.999948
15.850000000 -16.661939 -0.645137 -0.007508 -0.000489 0.000693 0.007313 0.999973
15.900000000 -16.712562 -0.643439 -0.007550 -0.000493 0.000709 0.004538 0.999989
15.950000000 -16.762345 -0.641672 -0.007591 -0.000498 0.000725 0.001875 0.999998
16.000000000 -16.811287 -0.639845 -0.007632 -0.000502 0.000740 -0.000681 0.999999
16.050000000 -16.859387 -0.637961 -0.007673 -0.000506 0.000755 -0.003132 0.999995
16.100000000 -16.906645 -0.636027 -0.007713 -0.000510 0.000769 -0.005480 0.999985
16.150000000 -16.953062 -0.634049 -0.007753 -0.000514 0.000783 -0.007730 0.999970
16.200000000 -16.998636 -0.632032 -0.007793 -0.000518 0.000796 -0.009883 0.999951
16.250000000 -17.043368 -0.629982 -0.007832 -0.000522 0.000809 -0.011944 0.999928
16.300000000 -17.087258 -0.627903 -0.007871 -0.000526 0.000822 -0.013915 0.999903
16.350000000 -17.130306 -0.625802 -0.007909 -0.000530 0.000834 -0.015800 0.999875
16.400000000 -17.172510 -0.623682 -0.007946 -0.000533 0.000846 -0.017602 0.999845
16.450000000 -17.213873 -0.621549 -0.007983 -0.000537 0.000857 -0.019324 0.999813
16.500000000 -17.254392 -0.619407 -0.008019 -0.000541 0.000868 -0.020971 0.999780
16.550000000 -17.294069 -0.617260 -0.008055 -0.000544 0.000878 -0.022544 0.999745
16.600000000 -17.332904 -0.615114 -0.008090 -0.000548 0.000888 -0.024047 0.999710
16.650000000 -17.370896 -0.612973 -0.008123 -0.000552 0.000898 -0.025483 0.999675
16.700000000 -17.408045 -0.610839 -0.008156 -0.000555 0.000907 -0.026855 0.999639
16.750000000 -17.444352 -0.608718 -0.008189 -0.000559 0.000915 -0.028165 0.999603
16.800000000 -17.479817 -0.606613 -0.008220 -0.000562 0.000924 -0.029418 0.999567
16.850000000 -17.514440 -0.604527 -0.008250 -0.000566 0.000932 -0.030615 0.999531
16.900000000 -17.548221 -0.602465 -0.008279 -0.000569 0.000939 -0.031759 0.999495
16.950000000 -17.581159 -0.600428 -0.008307 -0.000573 0.000946 -0.032852 0.999460
17.000000000 -17.613256 -0.598421 -0.008335 -0.000576 0.000953 -0.033897 0.999425
17.050000000 -17.644511 -0.596447 -0.008361 -0.000579 0.000960 -0.034897 0.999390
17.100000000 -17.674924 -0.594508 -0.008386 -0.000583 0.000966 -0.035853 0.999356
17.150000000 -17.704496 -0.592607 -0.008409 -0.000586 0.000972 -0.036769 0.999323
17.200000000 -17.733227 -0.590747 -0.008432 -0.000590 0.000977 -0.037645 0.999291
17.250000000 -17.761116 -0.588930 -0.008453 -0.000593 0.000983 -0.038484 0.999259
17.300000000 -17.788165 -0.587159 -0.008473 -0.000596 0.000988 -0.039288 0.999227
17.350000000 -17.814372 -0.585436 -0.008492 -0.000600 0.000993 -0.040058 0.999197
17.400000000 -17.839739 -0.583764 -0.008510 -0.000603 0.000997 -0.040797 0.999167
17.450000000 -17.864265 -0.582145 -0.008526 -0.000606 0.001002 -0.041507 0.999138
17.500000000 -17.887951 -0.580580 -0.008541 -0.000609 0.001006 -0.042188 0.999109
17.550000000 -17.910796 -0.579072 -0.008555 -0.000613 0.001010 -0.042842 0.999081
17.600000000 -17.932801 -0.577622 -0.008567 -0.000616 0.001014 -0.043472 0.999054
17.650000000 -17.953966 -0.576233 -0.008578 -0.000619 0.001017 -0.044078 0.999027
17.700000000 -17.974291 -0.574907 -0.008587 -0.000623 0.001021 -0.044661 0.999001
17.750000000 -17.993776 -0.573644 -0.008595 -0.000626 0.001024 -0.045223 0.998976
17.800000000 -18.012422 -0.572446 -0.008602 -0.000629 0.001027 -0.045766 0.998951
17.850000000 -18.030228 -0.571316 -0.008607 -0.000632 0.001030 -0.046290 0.998927
17.900000000 -18.047194 -0.570254 -0.008610 -0.000636 0.001033 -0.046797 0.998904
17.950000000 -18.063322 -0.569263 -0.008612 -0.000639 0.001036 -0.047287 0.998881
18.000000000 -18.078610 -0.568342 -0.008613 -0.000642 0.001039 -0.047763 0.998858
18.050000000 -18.093059 -0.567495 -0.008612 -0.000645 0.001042 -0.048224 0.998836
18.100000000 -18.106669 -0.566722 -0.008609 -0.000649 0.001044 -0.048672 0.998814
18.150000000 -18.119440 -0.566024 -0.008605 -0.000652 0.001047 -0.049108 0.998793
18.200000000 -18.131373 -0.565403 -0.008600 -0.000655 0.001050 -0.049533 0.998772
18.250000000 -18.142467 -0.564859 -0.008593 -0.000659 0.001052 -0.049947 0.998751
18.300000000 -18.152723 -0.564395 -0.008584 -0.000662 0.001055 -0.050352 0.998731
18.350000000 -18.162140 -0.564010 -0.008573 -0.000665 0.001058 -0.050748 0.998711
18.400000000 -18.170720 -0.563707 -0.008561 -0.000668 0.001060 -0.051136 0.998691
18.450000000 -18.178461 -0.563486 -0.008548 -0.000672 0.001063 -0.051517 0.998671
18.500000000 -18.185364 -0.563349 -0.008532 -0.000675 0.001066 -0.051893 0.998652
18.550000000 -18.191429 -0.563297 -0.008515 -0.000678 0.001069 -0.052264 0.998632
18.600000000 -18.196656 -0.563331 -0.008497 -0.000681 0.001071 -0.052633 0.998613
18.650000000 -18.201046 -0.563453 -0.008476 -0.000685 0.001074 -0.052999 0.998594
18.700000000 -18.204598 -0.563663 -0.008454 -0.000688 0.001078 -0.053363 0.998574
18.750000000 -18.207312 -0.563963 -0.008430 -0.000691 0.001081 -0.053727 0.998555
18.800000000 -18.209189 -0.564353 -0.008405 -0.000694 0.001084 -0.054091 0.998535
18.850000000 -18.210228 -0.564834 -0.008377 -0.000698 0.001088 -0.054455 0.998515
18.900000000 -18.210430 -0.565407 -0.008348 -0.000701 0.001092 -0.054818 0.998496
18.950000000 -18.209794 -0.566072 -0.008318 -0.000704 0.001096 -0.055182 0.998475
19.000000000 -18.208320 -0.566830 -0.008285 -0.000707 0.001100 -0.055545 0.998455
19.050000000 -18.206009 -0.567681 -0.008250 -0.000711 0.001105 -0.055909 0.998435
19.100000000 -18.202861 -0.568627 -0.008214 -0.000714 0.001109 -0.056271 0.998415
19.150000000 -18.198875 -0.569666 -0.008176 -0.000717 0.001114 -0.056633 0.998394
19.200000000 -18.194052 -0.570800 -0.008137 -0.000720 0.001119 -0.056993 0.998374
19.250000000 -18.188391 -0.572028 -0.008095 -0.000724 0.001124 -0.057350 0.998353
19.300000000 -18.181893 -0.573351 -0.008052 -0.000727 0.001129 -0.057703 0.998333
19.350000000 -18.174557 -0.574768 -0.008007 -0.000743 0.001134 -0.058052 0.998313
19.400000000 -18.166384 -0.576281 -0.007960 -0.000748 0.001139 -0.058395 0.998293
19.450000000 -18.157373 -0.577889 -0.007912 -0.000751 0.001144 -0.058733 0.998273
19.500000000 -18.147525 -0.579592 -0.007862 -0.000754 0.001149 -0.059064 0.998253
19.550000000 -18.136840 -0.581390 -0.007810 -0.000757 0.001154 -0.059386 0.998234
19.600000000 -18.125317 -0.583282 -0.007756 -0.000760 0.001159 -0.059697 0.998216
19.650000000 -18.112956 -0.585268 -0.007701 -0.000763 0.001163 -0.059997 0.998198
19.700000000 -18.099758 -0.587347 -0.007644 -0.000766 0.001168 -0.060282 0.998180
19.750000000 -18.085723 -0.589519 -0.007585 -0.000769 0.001172 -0.060550 0.998164
19.800000000 -18.070849 -0.591782 -0.007524 -0.000772 0.001177 -0.060799 0.998149
19.850000000 -18.055138 -0.594137 -0.007462 -0.000776 0.001181 -0.061026 0.998135
19.900000000 -18.038590 -0.596580 -0.007398 -0.000779 0.001185 -0.061229 0.998123
19.950000000 -18.021203 -0.599112 -0.007332 -0.000782 0.001188 -0.061405 0.998112
20.000000000 -18.002978 -0.601731 -0.007265 -0.000785 0.001191 -0.061550 0.998103
20.050000000 -17.983916 -0.604436 -0.007195 -0.000789 0.001195 -0.061662 0.998096
20.100000000 -17.964015 -0.607224 -0.007124 -0.000792 0.001197 -0.061736 0.998091
20.150000000 -17.943277 -0.610094 -0.007051 -0.000795 0.001200 -0.061770 0.998089
20.200000000 -17.921700 -0.613044 -0.006977 -0.000798 0.001202 -0.061759 0.998090
20.250000000 -17.899285 -0.616071 -0.006900 -0.000802 0.001203 -0.061700 0.998094
20.300000000 -17.876032 -0.619174 -0.006822 -0.000805 0.001205 -0.061587 0.998101
20.350000000 -17.851940 -0.622349 -0.006742 -0.000808 0.001206 -0.061418 0.998111
20.400000000 -17.827010 -0.625594 -0.006660 -0.000811 0.001206 -0.061186 0.998125
20.450000000 -17.801243 -0.628905 -0.006577 -0.000814 0.001206 -0.060887 0.998144
20.500000000 -17.774636 -0.632280 -0.006492 -0.000817 0.001206 -0.060516 0.998166
20.550000000 -17.747192 -0.635714 -0.006404 -0.000820 0.001204 -0.060067 0.998193
20.600000000 -17.718909 -0.639206 -0.006315 -0.000823 0.001203 -0.059538 0.998225
20.650000000 -17.689789 -0.642752 -0.006224 -0.000826 0.001201 -0.058926 0.998261
20.700000000 -17.659830 -0.646352 -0.006132 -0.000829 0.001198 -0.058228 0.998302
20.750000000 -17.629034 -0.650002 -0.006037 -0.000832 0.001194 -0.057443 0.998348
20.800000000 -17.597401 -0.653700 -0.005940 -0.000834 0.001190 -0.056569 0.998398
20.850000000 -17.564930 -0.657443 -0.005842 -0.000837 0.001185 -0.055604 0.998452
20.900000000 -17.531621 -0.661229 -0.005742 -0.000840 0.001180 -0.054545 0.998510
20.950000000 -17.497475 -0.665055 -0.005640 -0.000842 0.001173 -0.053391 0.998573
21.000000000 -17.462493 -0.668917 -0.005536 -0.000845 0.001166 -0.052138 0.998639
21.050000000 -17.426673 -0.672813 -0.005430 -0.000848 0.001158 -0.050786 0.998709
21.100000000 -17.390016 -0.676738 -0.005322 -0.000850 0.001150 -0.049331 0.998781
21.150000000 -17.352522 -0.680689 -0.005212 -0.000852 0.001140 -0.047772 0.998857
21.200000000 -17.314192 -0.684662 -0.005101 -0.000855 0.001129 -0.046105 0.998936
21.250000000 -17.275025 -0.688652 -0.004987 -0.000857 0.001118 -0.044328 0.999016
21.300000000 -17.235022 -0.692656 -0.004871 -0.000859 0.001105 -0.042438 0.999098
21.350000000 -17.194182 -0.696668 -0.004754 -0.000862 0.001092 -0.040433 0.999181
21.400000000 -17.152506 -0.700684 -0.004635 -0.000864 0.001077 -0.038310 0.999265
21.450000000 -17.109995 -0.704698 -0.004513 -0.000866 0.001061 -0.036064 0.999349
21.500000000 -17.066647 -0.708704 -0.004390 -0.000868 0.001045 -0.033694 0.999431
21.550000000 -17.022464 -0.712698 -0.004265 -0.000870 0.001027 -0.031196 0.999512
21.600000000 -16.977446 -0.716672 -0.004138 -0.000872 0.001007 -0.028566 0.999591
21.650000000 -16.931593 -0.720620 -0.004010 -0.000873 0.000987 -0.025799 0.999666
21.700000000 -16.884906 -0.724536 -0.003879 -0.000875 0.000965 -0.022893 0.999737
21.750000000 -16.837385 -0.728412 -0.003746 -0.000877 0.000942 -0.019843 0.999802
21.800000000 -16.789030 -0.732240 -0.003612 -0.000878 0.000917 -0.016643 0.999861
21.850000000 -16.739843 -0.736013 -0.003476 -0.000880 0.000891 -0.013290 0.999911
21.900000000 -16.689824 -0.739723 -0.003338 -0.000881 0.000863 -0.009779 0.999951
21.950000000 -16.638973 -0.743360 -0.003198 -0.000882 0.000834 -0.006103 0.999981
22.000000000 -16.587292 -0.746915 -0.003057 -0.000883 0.000803 -0.002258 0.999997
22.050000000 -16.534782 -0.750379 -0.002914 -0.000884 0.000770 0.001763 0.999998
22.100000000 -16.481444 -0.753742 -0.002769 -0.000885 0.000735 0.005965 0.999982
22.150000000 -16.427435 -0.756995 -0.002623 -0.000886 0.000699 0.010356 0.999946
22.200000000 -16.373380 -0.760145 -0.002476 -0.000887 0.000662 0.014937 0.999888
22.250000000 -16.319342 -0.763193 -0.002330 -0.000887 0.000626 0.019707 0.999805
22.300000000 -16.265323 -0.766139 -0.002183 -0.000888 0.000590 0.024666 0.999695
22.350000000 -16.211323 -0.768983 -0.002036 -0.000888 0.000554 0.029814 0.999555
22.400000000 -16.157344 -0.771724 -0.001889 -0.000888 0.000518 0.035152 0.999381
22.450000000 -16.103387 -0.774363 -0.001742 -0.000888 0.000481 0.040682 0.999172
22.500000000 -16.049453 -0.776898 -0.001595 -0.000888 0.000444 0.046404 0.998922
22.550000000 -15.995543 -0.779328 -0.001449 -0.000888 0.000406 0.052320 0.998630
22.600000000 -15.941658 -0.781653 -0.001302 -0.000888 0.000368 0.058433 0.998291
22.650000000 -15.887801 -0.783871 -0.001156 -0.000887 0.000329 0.064745 0.997901
22.700000000 -15.833971 -0.785981 -0.001010 -0.000887 0.000290 0.071259 0.997457
22.750000000 -15.780172 -0.787982 -0.000865 -0.000886 0.000249 0.077977 0.996955
22.800000000 -15.726404 -0.789871 -0.000720 -0.000885 0.000208 0.084903 0.996389
22.850000000 -15.672670 -0.791648 -0.000575 -0.000884 0.000165 0.092039 0.995755
22.900000000 -15.618971 -0.793311 -0.000430 -0.000883 0.000122 0.099389 0.995048
22.950000000 -15.565309 -0.794857 -0.000286 -0.000882 0.000077 0.106955 0.994263
23.000000000 -15.511687 -0.796286 -0.000143 -0.000880 0.000032 0.114741 0.993395
23.050000000 -15.458106 -0.797596 -0.000000 -0.000878 -0.000015 0.122751 0.992437
23.100000000 -15.404568 -0.798784 0.000142 -0.000877 -0.000063 0.130987 0.991384
23.150000000 -15.351076 -0.799850 0.000284 -0.000874 -0.000113 0.139451 0.990229
23.200000000 -15.297632 -0.800792 0.000426 -0.000872 -0.000163 0.148148 0.988965
23.250000000 -15.244238 -0.801608 0.000566 -0.000870 -0.000216 0.157080 0.987586
23.300000000 -15.190898 -0.802297 0.000706 -0.000867 -0.000269 0.166249 0.986083
23.350000000 -15.137613 -0.802858 0.000846 -0.000864 -0.000324 0.175657 0.984451
23.400000000 -15.084386 -0.803290 0.000985 -0.000860 -0.000381 0.185304 0.982681
23.450000000 -15.031217 -0.803597 0.001123 -0.000857 -0.000439 0.195182 0.980767
23.500000000 -14.978106 -0.803784 0.001260 -0.000853 -0.000499 0.205282 0.978702
23.550000000 -14.925053 -0.803854 0.001397 -0.000848 -0.000560 0.215595 0.976482
23.600000000 -14.872058 -0.803812 0.001533 -0.000844 -0.000623 0.226110 0.974101
23.650000000 -14.819120 -0.803663 0.001668 -0.000839 -0.000688 0.236817 0.971554
23.700000000 -14.766238 -0.803411 0.001802 -0.000833 -0.000755 0.247704 0.968835
23.750000000 -14.713411 -0.803062 0.001936 -0.000827 -0.000823 0.258760 0.965941
23.800000000 -14.660887 -0.802767 0.002069 -0.000822 -0.000891 0.269972 0.962867
23.850000000 -14.609123 -0.802819 0.002202 -0.000817 -0.000955 0.281323 0.959612
23.900000000 -14.558114 -0.803248 0.002335 -0.000813 -0.001015 0.292794 0.956175
23.950000000 -14.507846 -0.804080 0.002467 -0.000811 -0.001071 0.304367 0.952554
24.000000000 -14.458303 -0.805337 0.002600 -0.000810 -0.001122 0.316023 0.948750
24.050000000 -14.409469 -0.807045 0.002732 -0.000810 -0.001171 0.327745 0.944765
24.100000000 -14.361327 -0.809225 0.002864 -0.000812 -0.001215 0.339517 0.940599
24.150000000 -14.313860 -0.811900 0.002995 -0.000814 -0.001256 0.351322 0.936253
24.200000000 -14.267051 -0.815093 0.003127 -0.000818 -0.001293 0.363146 0.931731
24.250000000 -14.220881 -0.818824 0.003258 -0.000823 -0.001326 0.374974 0.927034
24.300000000 -14.175333 -0.823114 0.003389 -0.000830 -0.001355 0.386792 0.922166
24.350000000 -14.130389 -0.827984 0.003520 -0.000838 -0.001380 0.398589 0.917128
24.400000000 -14.086030 -0.833451 0.003651 -0.000848 -0.001401 0.410354 0.911925
24.450000000 -14.042237 -0.839535 0.003781 -0.000859 -0.001418 0.422076 0.906559
24.500000000 -13.998992 -0.846253 0.003912 -0.000872 -0.001431 0.433746 0.901034
24.550000000 -13.956276 -0.853622 0.004044 -0.000888 -0.001439 0.445356 0.895352
24.600000000 -13.914070 -0.861659 0.004175 -0.000905 -0.001442 0.456898 0.889518
24.650000000 -13.872356 -0.870378 0.004307 -0.000924 -0.001440 0.468367 0.883533
24.700000000 -13.831115 -0.879793 0.004439 -0.000946 -0.001434 0.479759 0.877399
24.750000000 -13.790329 -0.889916 0.004572 -0.000971 -0.001421 0.491072 0.871117
24.800000000 -13.749979 -0.900757 0.004705 0.000999 0.001403 -0.502306 -0.864688
24.850000000 -13.710048 -0.912329 0.004840 0.001029 0.001380 -0.513456 -0.858114
24.900000000 -13.670514 -0.924641 0.004975 0.001063 0.001350 -0.524523 -0.851395
24.950000000 -13.631360 -0.937703 0.005111 0.001101 0.001314 -0.535503 -0.844531
25.000000000 -13.592565 -0.951524 0.005248 0.001142 0.001271 -0.546396 -0.837525
25.050000000 -13.554110 -0.966114 0.005385 0.001187 0.001223 -0.557198 -0.830378
25.100000000 -13.515975 -0.981482 0.005523 0.001235 0.001168 -0.567909 -0.823090
25.150000000 -13.478138 -0.997633 0.005662 0.001288 0.001107 -0.578526 -0.815662
25.200000000 -13.440464 -1.014233 0.005800 0.001343 0.001043 -0.589047 -0.808097
25.250000000 -13.402790 -1.030831 0.005939 0.001397 0.000978 -0.599471 -0.800395
25.300000000 -13.365116 -1.047426 0.006077 0.001451 0.000914 -0.609796 -0.792557
25.350000000 -13.327442 -1.064018 0.006215 0.001505 0.000850 -0.620019 -0.784585
25.400000000 -13.289769 -1.080607 0.006353 0.001558 0.000786 -0.630140 -0.776480
25.450000000 -13.252096 -1.097193 0.006491 0.001610 0.000722 -0.640156 -0.768243
25.500000000 -13.214425 -1.113777 0.006628 0.001661 0.000659 -0.650067 -0.759874
25.550000000 -13.176756 -1.130360 0.006765 0.001711 0.000597 -0.659873 -0.751375
25.600000000 -13.139091 -1.146943 0.006901 0.001760 0.000537 -0.669574 -0.742743
25.650000000 -13.101433 -1.163526 0.007036 0.001807 0.000477 -0.679169 -0.733979
25.700000000 -13.063782 -1.180111 0.007170 0.001853 0.000418 -0.688660 -0.725082
25.750000000 -13.026157 -1.197095 0.007302 0.001899 0.000360 -0.698046 -0.716050
25.800000000 -12.988567 -1.214925 0.007430 0.001947 0.000298 -0.707331 -0.706879
25.850000000 -12.950995 -1.233604 0.007555 0.001998 0.000233 -0.716519 -0.697565
25.900000000 -12.913423 -1.253132 0.007675 0.002050 0.000166 -0.725613 -0.688099
25.950000000 -12.875835 -1.273510 0.007790 0.002104 0.000097 -0.734619 -0.678477
26.000000000 -12.838205 -1.294736 0.007900 0.002159 0.000027 -0.743528 -0.668701
26.050000000 -12.800505 -1.316802 0.008003 0.002215 -0.000044 -0.752330 -0.658783
26.100000000 -12.762702 -1.339705 0.008100 0.002270 -0.000115 -0.761011 -0.648735
26.150000000 -12.724767 -1.363436 0.008190 0.002324 -0.000186 -0.769557 -0.638574
26.200000000 -12.686665 -1.387987 0.008272 0.002378 -0.000256 -0.777953 -0.628318
26.250000000 -12.648364 -1.413350 0.008346 0.002430 -0.000326 -0.786185 -0.617987
26.300000000 -12.609830 -1.439515 0.008412 0.002481 -0.000394 -0.794237 -0.607602
26.350000000 -12.571028 -1.466470 0.008468 0.002530 -0.000461 -0.802096 -0.597190
26.400000000 -12.531924 -1.494204 0.008515 0.002576 -0.000526 -0.809746 -0.586774
26.450000000 -12.492485 -1.522703 0.008553 0.002619 -0.000588 -0.817175 -0.576383
26.500000000 -12.452678 -1.551957 0.008580 0.002660 -0.000649 -0.824375 -0.566038
26.550000000 -12.412482 -1.581954 0.008598 0.002697 -0.000707 -0.831343 -0.555752
26.600000000 -12.371873 -1.612683 0.008605 0.002731 -0.000762 -0.838081 -0.545538
26.650000000 -12.330828 -1.644134 0.008601 0.002762 -0.000814 -0.844588 -0.535409
26.700000000 -12.289325 -1.676295 0.008587 0.002789 -0.000864 -0.850864 -0.525377
26.750000000 -12.247343 -1.709152 0.008563 0.002812 -0.000910 -0.856911 -0.515456
26.800000000 -12.204861 -1.742695 0.008527 0.002831 -0.000954 -0.862729 -0.505657
26.850000000 -12.161859 -1.776909 0.008480 0.002846 -0.000995 -0.868321 -0.495994
26.900000000 -12.118319 -1.811782 0.008423 0.002858 -0.001033 -0.873688 -0.486478
26.950000000 -12.074221 -1.847300 0.008355 0.002865 -0.001068 -0.878831 -0.477123
27.000000000 -12.029546 -1.883449 0.008276 0.002869 -0.001100 -0.883755 -0.467940
27.050000000 -11.984279 -1.920215 0.008186 0.002869 -0.001129 -0.888461 -0.458942
27.100000000 -11.938402 -1.957585 0.008086 0.002865 -0.001156 -0.892951 -0.450143
27.150000000 -11.891898 -1.995543 0.007975 0.002858 -0.001180 -0.897230 -0.441553
27.200000000 -11.844754 -2.034076 0.007854 0.002848 -0.001201 -0.901300 -0.433185
27.250000000 -11.796952 -2.073169 0.007723 0.002834 -0.001220 -0.905164 -0.425052
27.300000000 -11.748480 -2.112807 0.007582 0.002817 -0.001236 -0.908825 -0.417167
27.350000000 -11.699324 -2.152975 0.007432 0.002797 -0.001250 -0.912286 -0.409542
27.400000000 -11.649470 -2.193660 0.007272 0.002775 -0.001262 -0.915551 -0.402190
27.450000000 -11.598906 -2.234845 0.007103 0.002750 -0.001271 -0.918622 -0.395125
27.500000000 -11.547620 -2.276516 0.006924 0.002723 -0.001279 -0.921503 -0.388359
27.550000000 -11.495600 -2.318659 0.006737 0.002693 -0.001284 -0.924196 -0.381908
27.600000000 -11.442835 -2.361258 0.006542 0.002662 -0.001287 -0.926702 -0.375785
27.650000000 -11.389314 -2.404299 0.006339 0.002629 -0.001289 -0.929025 -0.370005
27.700000000 -11.335028 -2.447766 0.006127 0.002594 -0.001288 -0.931166 -0.364583
27.750000000 -11.279966 -2.491644 0.005909 0.002558 -0.001286 -0.933127 -0.359537
27.800000000 -11.224120 -2.535918 0.005683 0.002521 -0.001282 -0.934907 -0.354882
27.850000000 -11.167479 -2.580573 0.005450 0.002483 -0.001276 -0.936507 -0.350637
27.900000000 -11.110036 -2.625594 0.005210 0.002444 -0.001269 -0.937927 -0.346821
27.950000000 -11.051782 -2.670963 0.004964 0.002404 -0.001260 -0.939165 -0.343455
28.000000000 -10.992710 -2.716666 0.004713 0.002364 -0.001250 -0.940219 -0.340559
28.050000000 -10.932811 -2.762686 0.004455 0.002324 -0.001238 -0.941086 -0.338157
28.100000000 -10.872079 -2.809005 0.004192 0.002284 -0.001225 -0.941761 -0.336273
28.150000000 -10.810507 -2.855606 0.003925 0.002243 -0.001210 -0.942238 -0.334935
28.200000000 -10.748088 -2.902472 0.003652 0.002202 -0.001193 -0.942509 -0.334170
28.250000000 -10.684819 -2.949584 0.003376 0.002162 -0.001175 -0.942569 -0.334002
28.300000000 -10.620716 -2.996957 0.003095 0.002122 -0.001156 -0.942429 -0.334398
28.350000000 -10.555802 -3.044614 0.002811 0.002081 -0.001135 -0.942109 -0.335299
28.400000000 -10.490099 -3.092583 0.002523 0.002041 -0.001113 -0.941628 -0.336646
28.450000000 -10.423627 -3.140890 0.002233 0.002001 -0.001091 -0.941005 -0.338384
28.500000000 -10.356407 -3.189562 0.001939 0.001962 -0.001067 -0.940256 -0.340462
28.550000000 -10.288456 -3.238626 0.001642 0.001923 -0.001043 -0.939396 -0.342827
28.600000000 -10.219790 -3.288107 0.001343 0.001884 -0.001019 -0.938440 -0.345435
28.650000000 -10.150427 -3.338031 0.001042 0.001846 -0.000994 -0.937403 -0.348240
28.700000000 -10.080380 -3.388421 0.000739 0.001809 -0.000970 -0.936297 -0.351202
28.750000000 -10.009664 -3.439302 0.000434 0.001772 -0.000945 -0.935136 -0.354284
28.800000000 -9.938292 -3.490695 0.000127 0.001737 -0.000921 -0.933930 -0.357450
28.850000000 -9.866277 -3.542619 -0.000181 0.001702 -0.000896 -0.932692 -0.360668
28.900000000 -9.793631 -3.595096 -0.000491 0.001669 -0.000873 -0.931432 -0.363911
28.950000000 -9.720365 -3.648142 -0.000802 0.001637 -0.000849 -0.930159 -0.367153
29.000000000 -9.646490 -3.701773 -0.001115 0.001607 -0.000827 -0.928882 -0.370371
29.050000000 -9.572018 -3.756002 -0.001428 0.001577 -0.000805 -0.927611 -0.373544
29.100000000 -9.496957 -3.810844 -0.001743 0.001550 -0.000783 -0.926352 -0.376656
29.150000000 -9.421318 -3.866309 -0.002058 0.001524 -0.000763 -0.925112 -0.379690
29.200000000 -9.345109 -3.922408 -0.002374 0.001500 -0.000743 -0.923898 -0.382635
29.250000000 -9.268336 -3.979149 -0.002691 0.001478 -0.000724 -0.922714 -0.385481
29.300000000 -9.191008 -4.036539 -0.003009 0.001457 -0.000706 -0.921566 -0.388219
29.350000000 -9.113130 -4.094585 -0.003327 0.001438 -0.000689 -0.920456 -0.390844
29.400000000 -9.034707 -4.153293 -0.003647 0.001421 -0.000673 -0.919387 -0.393351
29.450000000 -8.955743 -4.212667 -0.003967 0.001406 -0.000658 -0.918362 -0.395738
29.500000000 -8.876244 -4.272710 -0.004288 0.001392 -0.000644 -0.917383 -0.398004
29.550000000 -8.796212 -4.333425 -0.004609 0.001381 -0.000631 -0.916449 -0.400149
29.600000000 -8.715650 -4.394813 -0.004932 0.001370 -0.000619 -0.915562 -0.402174
29.650000000 -8.634560 -4.456878 -0.005255 0.001362 -0.000607 -0.914721 -0.404083
29.700000000 -8.552944 -4.519618 -0.005580 0.001355 -0.000597 -0.913926 -0.405878
29.750000000 -8.471048 -4.582764 -0.005905 0.001349 -0.000587 -0.913176 -0.407562
29.800000000 -8.389192 -4.645963 -0.006228 0.001346 -0.000578 -0.912473 -0.409135
29.850000000 -8.307378 -4.709216 -0.006550 0.001345 -0.000571 -0.911818 -0.410593
29.900000000 -8.225606 -4.772523 -0.006871 0.001345 -0.000564 -0.911211 -0.411938
29.950000000 -8.143877 -4.835881 -0.007191 0.001347 -0.000559 -0.910653 -0.413170
30.000000000 -8.062189 -4.899291 -0.007511 0.001349 -0.000553 -0.910143 -0.414292
30.050000000 -7.980542 -4.962750 -0.007830 0.001353 -0.000549 -0.909680 -0.415307
30.100000000 -7.898934 -5.026257 -0.008148 0.001358 -0.000545 -0.909262 -0.416221
30.150000000 -7.817363 -5.089809 -0.008466 0.001363 -0.000541 -0.908889 -0.417036
30.200000000 -7.735827 -5.153404 -0.008784 0.001369 -0.000538 -0.908556 -0.417760
30.250000000 -7.654325 -5.217040 -0.009102 0.001375 -0.000535 -0.908263 -0.418397
30.300000000 -7.572854 -5.280712 -0.009419 0.001381 -0.000533 -0.908007 -0.418952
30.350000000 -7.491413 -5.344420 -0.009736 0.001388 -0.000530 -0.907785 -0.419433
30.400000000 -7.409998 -5.408159 -0.010053 0.001395 -0.000528 -0.907595 -0.419844
30.450000000 -7.328609 -5.471928 -0.010371 0.001401 -0.000526 -0.907434 -0.420192
30.500000000 -7.247242 -5.535723 -0.010688 0.001408 -0.000524 -0.907300 -0.420481
30.550000000 -7.165895 -5.599543 -0.011005 0.001414 -0.000522 -0.907190 -0.420719
30.600000000 -7.084567 -5.663384 -0.011322 0.001421 -0.000520 -0.907102 -0.420909
30.650000000 -7.003256 -5.727245 -0.011640 0.001427 -0.000517 -0.907033 -0.421057
30.700000000 -6.921959 -5.791123 -0.011957 0.001433 -0.000515 -0.906982 -0.421167
30.750000000 -6.840676 -5.855016 -0.012275 0.001438 -0.000513 -0.906946 -0.421244
30.800000000 -6.759403 -5.918922 -0.012593 0.001444 -0.000511 -0.906923 -0.421293
30.850000000 -6.678141 -5.982839 -0.012911 0.001449 -0.000508 -0.906912 -0.421317
30.900000000 -6.596887 -6.046767 -0.013229 0.001454 -0.000506 -0.906911 -0.421319
30.950000000 -6.515641 -6.110702 -0.013547 0.001458 -0.000503 -0.906919 -0.421303
31.000000000 -6.434400 -6.174645 -0.013866 0.001463 -0.000500 -0.906933 -0.421272
31.050000000 -6.353164 -6.238593 -0.014184 0.001466 -0.000497 -0.906953 -0.421229
31.100000000 -6.271932 -6.302546 -0.014503 0.001470 -0.000494 -0.906978 -0.421175
31.150000000 -6.190703 -6.366502 -0.014822 0.001474 -0.000491 -0.907006 -0.421114
31.200000000 -6.109477 -6.430461 -0.015141 0.001477 -0.000488 -0.907037 -0.421047
31.250000000 -6.028252 -6.494422 -0.015460 0.001480 -0.000485 -0.907070 -0.420976
31.300000000 -5.947028 -6.558384 -0.015780 0.001483 -0.000481 -0.907105 -0.420902
31.350000000 -5.865805 -6.622346 -0.016099 0.001485 -0.000478 -0.907139 -0.420827
31.400000000 -5.784582 -6.686309 -0.016419 0.001487 -0.000474 -0.907174 -0.420752
31.450000000 -5.703360 -6.750270 -0.016738 0.001490 -0.000470 -0.907209 -0.420678
31.500000000 -5.622447 -6.813866 -0.017056 0.001492 -0.000466 -0.907244 -0.420603
31.550000000 -5.542081 -6.876822 -0.017372 0.001493 -0.000463 -0.907281 -0.420521
31.600000000 -5.462265 -6.939141 -0.017685 0.001495 -0.000459 -0.907326 -0.420425
31.650000000 -5.383001 -7.000826 -0.017996 0.001496 -0.000455 -0.907379 -0.420311
31.700000000 -5.304292 -7.061879 -0.018304 0.001498 -0.000450 -0.907443 -0.420172
31.750000000 -5.226138 -7.122302 -0.018609 0.001499 -0.000446 -0.907520 -0.420007
31.800000000 -5.148541 -7.182097 -0.018912 0.001500 -0.000442 -0.907610 -0.419812
31.850000000 -5.071501 -7.241263 -0.019213 0.001500 -0.000438 -0.907714 -0.419586
31.900000000 -4.995021 -7.299803 -0.019510 0.001501 -0.000434 -0.907834 -0.419327
31.950000000 -4.919099 -7.357717 -0.019805 0.001501 -0.000429 -0.907969 -0.419034
32.000000000 -4.843737 -7.415004 -0.020098 0.001502 -0.000425 -0.908119 -0.418708
32.050000000 -4.768936 -7.471667 -0.020388 0.001502 -0.000421 -0.908285 -0.418349
32.100000000 -4.694695 -7.527704 -0.020675 0.001502 -0.000416 -0.908466 -0.417957
32.150000000 -4.621014 -7.583116 -0.020959 0.001501 -0.000412 -0.908661 -0.417532
32.200000000 -4.547895 -7.637904 -0.021241 0.001501 -0.000408 -0.908871 -0.417075
32.250000000 -4.475337 -7.692066 -0.021520 0.001501 -0.000403 -0.909094 -0.416588
32.300000000 -4.403340 -7.745604 -0.021797 0.001500 -0.000399 -0.909331 -0.416072
32.350000000 -4.331905 -7.798518 -0.022071 0.001499 -0.000394 -0.909580 -0.415526
32.400000000 -4.261033 -7.850807 -0.022342 0.001498 -0.000390 -0.909841 -0.414954
32.450000000 -4.190722 -7.902472 -0.022610 0.001497 -0.000385 -0.910114 -0.414355
32.500000000 -4.120975 -7.953513 -0.022876 0.001496 -0.000381 -0.910398 -0.413732
32.550000000 -4.051790 -8.003929 -0.023139 0.001495 -0.000376 -0.910691 -0.413084
32.600000000 -3.983169 -8.053723 -0.023399 0.001493 -0.000372 -0.910995 -0.412415
32.650000000 -3.915112 -8.102893 -0.023656 0.001492 -0.000367 -0.911308 -0.411723
32.700000000 -3.847620 -8.151440 -0.023911 0.001490 -0.000362 -0.911629 -0.411012
32.750000000 -3.780692 -8.199364 -0.024163 0.001488 -0.000358 -0.911958 -0.410281
32.800000000 -3.714331 -8.246666 -0.024412 0.001487 -0.000353 -0.912295 -0.409532
32.850000000 -3.648536 -8.293346 -0.024659 0.001485 -0.000348 -0.912638 -0.408765
32.900000000 -3.583308 -8.339406 -0.024902 0.001483 -0.000344 -0.912989 -0.407982
32.950000000 -3.518648 -8.384845 -0.025143 0.001481 -0.000339 -0.913345 -0.407183
33.000000000 -3.454556 -8.429663 -0.025381 0.001479 -0.000334 -0.913708 -0.406369
33.050000000 -3.391034 -8.473863 -0.025617 0.001476 -0.000330 -0.914076 -0.405541
33.100000000 -3.328083 -8.517444 -0.025850 0.001474 -0.000325 -0.914449 -0.404699
33.150000000 -3.265703 -8.560407 -0.026080 0.001472 -0.000320 -0.914826 -0.403844
33.200000000 -3.203895 -8.602754 -0.026307 0.001469 -0.000315 -0.915209 -0.402977
33.250000000 -3.142660 -8.644484 -0.026531 0.001467 -0.000310 -0.915596 -0.402097
33.300000000 -3.081999 -8.685600 -0.026753 0.001464 -0.000305 -0.915987 -0.401206
33.350000000 -3.021955 -8.726152 -0.026972 0.001452 -0.000323 -0.916430 -0.400193
33.400000000 -2.962616 -8.766240 -0.027188 0.001447 -0.000324 -0.917020 -0.398838
33.450000000 -2.903964 -8.805837 -0.027401 0.001444 -0.000319 -0.917732 -0.397198
33.500000000 -2.846005 -8.844944 -0.027611 0.001440 -0.000314 -0.918564 -0.395270
33.550000000 -2.788747 -8.883571 -0.027819 0.001436 -0.000310 -0.919522 -0.393036
33.600000000 -2.732198 -8.921725 -0.028023 0.001431 -0.000306 -0.920609 -0.390483
33.650000000 -2.676367 -8.959414 -0.028225 0.001425 -0.000302 -0.921827 -0.387599
33.700000000 -2.621262 -8.996641 -0.028424 0.001418 -0.000298 -0.923175 -0.384377
33.750000000 -2.566890 -9.033414 -0.028619 0.001410 -0.000295 -0.924652 -0.380810
33.800000000 -2.513260 -9.069736 -0.028811 0.001400 -0.000292 -0.926257 -0.376889
33.850000000 -2.460382 -9.105615 -0.029001 0.001389 -0.000288 -0.927988 -0.372607
33.900000000 -2.408265 -9.141055 -0.029187 0.001377 -0.000285 -0.929842 -0.367957
33.950000000 -2.356918 -9.176063 -0.029369 0.001363 -0.000281 -0.931815 -0.362932
34.000000000 -2.306336 -9.210629 -0.029548 0.001347 -0.000278 -0.933886 -0.357567
34.050000000 -2.256498 -9.244734 -0.029724 0.001330 -0.000274 -0.936028 -0.351924
34.100000000 -2.207388 -9.278364 -0.029897 0.001311 -0.000270 -0.938213 -0.346057
34.150000000 -2.158991 -9.311506 -0.030066 0.001291 -0.000265 -0.940419 -0.340015
34.200000000 -2.111296 -9.344152 -0.030231 0.001269 -0.000260 -0.942628 -0.333844
34.250000000 -2.064290 -9.376295 -0.030393 0.001246 -0.000255 -0.944822 -0.327581
34.300000000 -2.017965 -9.407930 -0.030552 0.001221 -0.000249 -0.946989 -0.321265
34.350000000 -1.972313 -9.439056 -0.030707 0.001194 -0.000242 -0.949116 -0.314925
34.400000000 -1.927329 -9.469669 -0.030858 0.001167 -0.000235 -0.951194 -0.308591
34.450000000 -1.883009 -9.499770 -0.031006 0.001138 -0.000228 -0.953216 -0.302288
34.500000000 -1.839351 -9.529358 -0.031151 0.001108 -0.000220 -0.955176 -0.296038
34.550000000 -1.796352 -9.558434 -0.031292 0.001078 -0.000212 -0.957068 -0.289861
34.600000000 -1.754011 -9.587002 -0.031430 0.001046 -0.000204 -0.958891 -0.283774
34.650000000 -1.712330 -9.615064 -0.031565 0.001014 -0.000195 -0.960641 -0.277792
34.700000000 -1.671309 -9.642624 -0.031696 0.000981 -0.000186 -0.962317 -0.271928
34.750000000 -1.630949 -9.669687 -0.031824 0.000947 -0.000177 -0.963920 -0.266191
34.800000000 -1.591253 -9.696257 -0.031949 0.000913 -0.000167 -0.965449 -0.260592
34.850000000 -1.552222 -9.722341 -0.032070 0.000879 -0.000157 -0.966905 -0.255136
34.900000000 -1.513859 -9.747944 -0.032189 0.000845 -0.000147 -0.968289 -0.249831
34.950000000 -1.476168 -9.773072 -0.032304 0.000810 -0.000137 -0.969604 -0.244680
35.000000000 -1.439152 -9.797732 -0.032417 0.000775 -0.000127 -0.970850 -0.239687
35.050000000 -1.402814 -9.821929 -0.032527 0.000740 -0.000116 -0.972030 -0.234855
35.100000000 -1.367158 -9.845672 -0.032634 0.000705 -0.000105 -0.973147 -0.230184
35.150000000 -1.332189 -9.868967 -0.032738 0.000671 -0.000095 -0.974202 -0.225675
35.200000000 -1.297909 -9.891821 -0.032839 0.000636 -0.000084 -0.975199 -0.221329
35.250000000 -1.264324 -9.914240 -0.032938 0.000602 -0.000073 -0.976139 -0.217145
35.300000000 -1.231436 -9.936232 -0.033035 0.000568 -0.000062 -0.977026 -0.213120
35.350000000 -1.199250 -9.957803 -0.033129 0.000534 -0.000051 -0.977861 -0.209254
35.400000000 -1.167770 -9.978962 -0.033221 0.000501 -0.000040 -0.978648 -0.205545
35.450000000 -1.137001 -9.999715 -0.033311 0.000468 -0.000029 -0.979388 -0.201985
35.500000000 -1.106949 -10.020072 -0.033399 0.000435 -0.000019 -0.980087 -0.198568
35.550000000 -1.077619 -10.040041 -0.033484 0.000403 -0.000008 -0.980746 -0.195286
35.600000000 -1.049017 -10.059631 -0.033568 0.000371 0.000003 -0.981369 -0.192132
35.650000000 -1.021146 -10.078849 -0.033650 0.000340 0.000014 -0.981958 -0.189100
35.700000000 -0.994012 -10.097704 -0.033730 0.000309 0.000024 -0.982515 -0.186181
35.750000000 -0.967620 -10.116202 -0.033808 0.000278 0.000035 -0.983044 -0.183371
35.800000000 -0.941973 -10.134352 -0.033885 0.000248 0.000046 -0.983545 -0.180661
35.850000000 -0.917075 -10.152160 -0.033960 0.000219 0.000056 -0.984022 -0.178047
35.900000000 -0.892931 -10.169633 -0.034034 0.000189 0.000067 -0.984476 -0.175520
35.950000000 -0.869544 -10.186778 -0.034107 0.000161 0.000077 -0.984908 -0.173077
36.000000000 -0.846918 -10.203602 -0.034178 0.000132 0.000087 -0.985321 -0.170710
36.050000000 -0.825056 -10.220110 -0.034249 0.000104 0.000098 -0.985716 -0.168415
36.100000000 -0.803962 -10.236309 -0.034318 0.000076 0.000108 -0.986094 -0.166186
36.150000000 -0.783638 -10.252206 -0.034386 0.000048 0.000118 -0.986458 -0.164017
36.200000000 -0.764088 -10.267804 -0.034454 0.000021 0.000128 -0.986807 -0.161903
36.250000000 -0.745315 -10.283111 -0.034520 -0.000006 0.000138 -0.987143 -0.159841
36.300000000 -0.727321 -10.298132 -0.034587 -0.000033 0.000149 -0.987467 -0.157824
36.350000000 -0.710109 -10.312872 -0.034652 -0.000060 0.000159 -0.987781 -0.155849
36.400000000 -0.693682 -10.327335 -0.034717 -0.000087 0.000169 -0.988085 -0.153912
36.450000000 -0.678043 -10.341528 -0.034781 -0.000114 0.000179 -0.988379 -0.152008
36.500000000 -0.663193 -10.355454 -0.034845 -0.000141 0.000189 -0.988666 -0.150133
36.550000000 -0.649135 -10.369119 -0.034909 -0.000169 0.000199 -0.988945 -0.148285
36.600000000 -0.635872 -10.382527 -0.034973 -0.000196 0.000209 -0.989217 -0.146459
36.650000000 -0.623405 -10.395682 -0.035037 -0.000224 0.000220 -0.989482 -0.144653
36.700000000 -0.611737 -10.408588 -0.035100 -0.000251 0.000230 -0.989742 -0.142864
36.750000000 -0.600870 -10.421250 -0.035164 -0.000280 0.000240 -0.989997 -0.141089
36.800000000 -0.590806 -10.433672 -0.035228 -0.000308 0.000251 -0.990247 -0.139325
36.850000000 -0.581547 -10.445856 -0.035292 -0.000338 0.000261 -0.990492 -0.137570
36.900000000 -0.573095 -10.457808 -0.035357 -0.000367 0.000271 -0.990733 -0.135823
36.950000000 -0.565451 -10.469531 -0.035422 -0.000398 0.000282 -0.990970 -0.134081
37.000000000 -0.558618 -10.481027 -0.035487 -0.000429 0.000293 -0.991204 -0.132343
37.050000000 -0.552598 -10.492301 -0.035553 -0.000460 0.000304 -0.991434 -0.130608
37.100000000 -0.547391 -10.503356 -0.035620 -0.000493 0.000315 -0.991661 -0.128874
37.150000000 -0.542999 -10.514194 -0.035688 -0.000526 0.000326 -0.991884 -0.127141
37.200000000 -0.539422 -10.524818 -0.035756 -0.000560 0.000337 -0.992105 -0.125409
37.250000000 -0.536662 -10.535232 -0.035825 -0.000596 0.000348 -0.992322 -0.123679
37.300000000 -0.534719 -10.545439 -0.035896 -0.000632 0.000359 -0.992536 -0.121950
37.350000000 -0.533593 -10.555440 -0.035967 -0.000669 0.000371 -0.992747 -0.120222
37.400000000 -0.533286 -10.565239 -0.036040 -0.000707 0.000383 -0.992954 -0.118496
37.450000000 -0.533797 -10.574838 -0.036114 -0.000746 0.000394 -0.993159 -0.116771
37.500000000 -0.535128 -10.584242 -0.036189 -0.000786 0.000406 -0.993360 -0.115047
37.550000000 -0.537279 -10.593451 -0.036266 -0.000827 0.000418 -0.993558 -0.113324
37.600000000 -0.540250 -10.602470 -0.036344 -0.000869 0.000430 -0.993752 -0.111604
37.650000000 -0.544043 -10.611301 -0.036424 -0.000912 0.000443 -0.993944 -0.109884
37.700000000 -0.548658 -10.619947 -0.036505 -0.000956 0.000455 -0.994132 -0.108167
37.750000000 -0.554095 -10.628411 -0.036588 -0.001001 0.000467 -0.994317 -0.106451
37.800000000 -0.560355 -10.636695 -0.036672 -0.001047 0.000480 -0.994499 -0.104737
37.850000000 -0.567439 -10.644802 -0.036759 -0.001094 0.000493 -0.994678 -0.103024
37.900000000 -0.575346 -10.652736 -0.036847 -0.001141 0.000506 -0.994854 -0.101313
37.950000000 -0.584079 -10.660499 -0.036937 -0.001190 0.000518 -0.995026 -0.099603
38.000000000 -0.593636 -10.668094 -0.037029 -0.001239 0.000531 -0.995196 -0.097896
38.050000000 -0.604019 -10.675524 -0.037123 -0.001290 0.000544 -0.995362 -0.096190
38.100000000 -0.615227 -10.682792 -0.037219 -0.001340 0.000557 -0.995525 -0.094485
38.150000000 -0.627263 -10.689900 -0.037317 -0.001392 0.000571 -0.995685 -0.092782
38.200000000 -0.640125 -10.696852 -0.037418 -0.001443 0.000584 -0.995842 -0.091081
38.250000000 -0.653815 -10.703649 -0.037520 -0.001495 0.000597 -0.995996 -0.089382
38.300000000 -0.668332 -10.710296 -0.037625 -0.001548 0.000610 -0.996147 -0.087685
38.350000000 -0.683678 -10.716795 -0.037732 -0.001600 0.000624 -0.996295 -0.085989
38.400000000 -0.699853 -10.723148 -0.037841 -0.001653 0.000637 -0.996439 -0.084295
38.450000000 -0.716856 -10.729359 -0.037952 -0.001705 0.000650 -0.996581 -0.082603
38.500000000 -0.734689 -10.735430 -0.038066 -0.001758 0.000663 -0.996719 -0.080913
38.550000000 -0.753352 -10.741364 -0.038182 -0.001810 0.000677 -0.996855 -0.079224
38.600000000 -0.772845 -10.747164 -0.038301 -0.001862 0.000690 -0.996987 -0.077539
38.650000000 -0.793169 -10.752832 -0.038422 -0.001913 0.000703 -0.997117 -0.075857
38.700000000 -0.814325 -10.758368 -0.038545 -0.001964 0.000716 -0.997243 -0.074180
38.750000000 -0.836313 -10.763776 -0.038671 -0.002014 0.000729 -0.997365 -0.072512
38.800000000 -0.859134 -10.769056 -0.038800 -0.002064 0.000743 -0.997484 -0.070855
38.850000000 -0.882790 -10.774210 -0.038931 -0.002113 0.000755 -0.997600 -0.069210
38.900000000 -0.907280 -10.779239 -0.039065 -0.002162 0.000768 -0.997711 -0.067580
38.950000000 -0.932605 -10.784144 -0.039202 -0.002209 0.000781 -0.997819 -0.065969
39.000000000 -0.958766 -10.788926 -0.039342 -0.002256 0.000794 -0.997923 -0.064380
39.050000000 -0.985764 -10.793585 -0.039485 -0.002302 0.000807 -0.998022 -0.062816
39.100000000 -1.013599 -10.798123 -0.039630 -0.002347 0.000819 -0.998118 -0.061280
39.150000000 -1.042272 -10.802541 -0.039779 -0.002391 0.000831 -0.998209 -0.059776
39.200000000 -1.071782 -10.806837 -0.039931 -0.002434 0.000844 -0.998295 -0.058309
39.250000000 -1.102131 -10.811013 -0.040086 -0.002477 0.000856 -0.998377 -0.056882
39.300000000 -1.133319 -10.815068 -0.040244 -0.002518 0.000868 -0.998455 -0.055500
39.350000000 -1.165347 -10.819002 -0.040406 -0.002559 0.000879 -0.998528 -0.054168
39.400000000 -1.198214 -10.822815 -0.040572 -0.002598 0.000891 -0.998597 -0.052891
39.450000000 -1.231921 -10.826506 -0.040741 -0.002637 0.000902 -0.998660 -0.051673
39.500000000 -1.266468 -10.830074 -0.040913 -0.002675 0.000913 -0.998719 -0.050522
39.550000000 -1.301855 -10.833518 -0.041090 -0.002712 0.000924 -0.998773 -0.049441
39.600000000 -1.338083 -10.836836 -0.041270 -0.002748 0.000935 -0.998822 -0.048439
39.650000000 -1.375152 -10.840026 -0.041455 -0.002783 0.000945 -0.998866 -0.047520
39.700000000 -1.413060 -10.843087 -0.041643 -0.002818 0.000955 -0.998905 -0.046691
39.750000000 -1.451809 -10.846016 -0.041836 -0.002851 0.000965 -0.998939 -0.045960
39.800000000 -1.491398 -10.848810 -0.042033 -0.002884 0.000974 -0.998967 -0.045334
39.850000000 -1.531827 -10.851467 -0.042235 -0.002917 0.000983 -0.998990 -0.044819
39.900000000 -1.573095 -10.853983 -0.042441 -0.002948 0.000992 -0.999008 -0.044425
39.950000000 -1.615202 -10.856355 -0.042651 -0.002979 0.001000 -0.999020 -0.044159
40.000000000 -1.658147 -10.858578 -0.042867 -0.003010 0.001007 -0.999025 -0.044030
40.050000000 -1.701930 -10.860647 -0.043087 -0.003039 0.001015 -0.999024 -0.044046
40.100000000 -1.746549 -10.862559 -0.043313 -0.003069 0.001021 -0.999017 -0.044217
40.150000000 -1.792004 -10.864307 -0.043543 -0.003097 0.001028 -0.999002 -0.044551
40.200000000 -1.838293 -10.865886 -0.043779 -0.003125 0.001033 -0.998979 -0.045059
40.250000000 -1.885415 -10.867289 -0.044020 -0.003153 0.001038 -0.998947 -0.045751
40.300000000 -1.933368 -10.868511 -0.044267 -0.003180 0.001042 -0.998906 -0.046637
40.350000000 -1.982152 -10.869543 -0.044519 -0.003207 0.001046 -0.998855 -0.047727
40.400000000 -2.031763 -10.870379 -0.044776 -0.003233 0.001049 -0.998791 -0.049033
40.450000000 -2.082199 -10.871010 -0.045040 -0.003259 0.001051 -0.998715 -0.050565
40.500000000 -2.133460 -10.871427 -0.045309 -0.003284 0.001052 -0.998624 -0.052335
40.550000000 -2.185540 -10.871622 -0.045585 -0.003309 0.001053 -0.998516 -0.054356
40.600000000 -2.238439 -10.871584 -0.045867 -0.003333 0.001052 -0.998389 -0.056638
40.650000000 -2.292152 -10.871303 -0.046154 -0.003357 0.001050 -0.998240 -0.059194
40.700000000 -2.346675 -10.870770 -0.046449 -0.003380 0.001048 -0.998068 -0.062036
40.750000000 -2.402006 -10.869972 -0.046749 -0.003402 0.001044 -0.997867 -0.065178
40.800000000 -2.458140 -10.868897 -0.047057 -0.003424 0.001039 -0.997636 -0.068630
40.850000000 -2.515073 -10.867534 -0.047371 -0.003445 0.001033 -0.997369 -0.072407
40.900000000 -2.572799 -10.865870 -0.047692 -0.003466 0.001025 -0.997061 -0.076520
40.950000000 -2.631292 -10.863900 -0.048019 -0.003486 0.001017 -0.996710 -0.080973
41.000000000 -2.689987 -10.861714 -0.048349 -0.003506 0.001007 -0.996309 -0.085758
41.050000000 -2.748636 -10.859359 -0.048680 -0.003529 0.000996 -0.995857 -0.090863
41.100000000 -2.807237 -10.856839 -0.049012 -0.003552 0.000984 -0.995348 -0.096278
41.150000000 -2.865791 -10.854160 -0.049345 -0.003578 0.000971 -0.994778 -0.101994
41.200000000 -2.924296 -10.851325 -0.049679 -0.003604 0.000956 -0.994143 -0.108005
41.250000000 -2.982750 -10.848338 -0.050013 -0.003632 0.000941 -0.993439 -0.114305
41.300000000 -3.041152 -10.845201 -0.050348 -0.003661 0.000925 -0.992659 -0.120890
41.350000000 -3.099501 -10.841916 -0.050683 -0.003692 0.000908 -0.991798 -0.127757
41.400000000 -3.157795 -10.838483 -0.051020 -0.003723 0.000890 -0.990851 -0.134904
41.450000000 -3.216031 -10.834905 -0.051357 -0.003756 0.000871 -0.989812 -0.142329
41.500000000 -3.274208 -10.831180 -0.051694 -0.003790 0.000851 -0.988673 -0.150033
41.550000000 -3.332324 -10.827309 -0.052032 -0.003825 0.000830 -0.987429 -0.158015
41.600000000 -3.390376 -10.823292 -0.052371 -0.003861 0.000808 -0.986072 -0.166275
41.650000000 -3.448361 -10.819129 -0.052710 -0.003898 0.000784 -0.984593 -0.174814
41.700000000 -3.506278 -10.814820 -0.053050 -0.003936 0.000760 -0.982987 -0.183634
41.750000000 -3.564123 -10.810363 -0.053390 -0.003975 0.000735 -0.981243 -0.192735
41.800000000 -3.621892 -10.805757 -0.053731 -0.004015 0.000709 -0.979353 -0.202118
41.850000000 -3.679584 -10.801004 -0.054072 -0.004056 0.000681 -0.977308 -0.211785
41.900000000 -3.737196 -10.796102 -0.054414 -0.004098 0.000652 -0.975098 -0.221734
41.950000000 -3.794727 -10.791056 -0.054756 -0.004141 0.000623 -0.972717 -0.231956
42.000000000 -3.852177 -10.785871 -0.055099 -0.004185 0.000592 -0.970157 -0.242440
42.050000000 -3.909546 -10.780552 -0.055442 -0.004229 0.000560 -0.967411 -0.253174
42.100000000 -3.966836 -10.775105 -0.055786 -0.004275 0.000528 -0.964473 -0.264146
42.150000000 -4.024047 -10.769535 -0.056130 -0.004321 0.000494 -0.961336 -0.275343
42.200000000 -4.081181 -10.763848 -0.056475 -0.004368 0.000459 -0.957995 -0.286751
42.250000000 -4.138240 -10.758049 -0.056820 -0.004415 0.000424 -0.954445 -0.298355
42.300000000 -4.195225 -10.752145 -0.057166 -0.004464 0.000388 -0.950680 -0.310141
42.350000000 -4.252139 -10.746142 -0.057512 -0.004512 0.000351 -0.946697 -0.322093
42.400000000 -4.308985 -10.740045 -0.057859 -0.004562 0.000314 -0.942493 -0.334195
42.450000000 -4.365765 -10.733860 -0.058206 -0.004612 0.000276 -0.938064 -0.346432
42.500000000 -4.422483 -10.727594 -0.058554 -0.004662 0.000238 -0.933408 -0.358787
42.550000000 -4.479142 -10.721253 -0.058902 -0.004713 0.000199 -0.928524 -0.371243
42.600000000 -4.535746 -10.714841 -0.059251 -0.004764 0.000160 -0.923411 -0.383784
42.650000000 -4.592298 -10.708365 -0.059601 -0.004815 0.000120 -0.918068 -0.396394
42.700000000 -4.648802 -10.701831 -0.059951 -0.004867 0.000081 -0.912497 -0.409056
42.750000000 -4.705262 -10.695243 -0.060301 -0.004919 0.000041 -0.906697 -0.421753
42.800000000 -4.761682 -10.688607 -0.060652 -0.004971 0.000001 -0.900672 -0.434471
42.850000000 -4.818066 -10.681929 -0.061004 -0.005023 -0.000039 -0.894423 -0.447194
42.900000000 -4.874417 -10.675213 -0.061356 -0.005075 -0.000078 -0.887953 -0.459906
42.950000000 -4.930721 -10.668493 -0.061708 -0.005127 -0.000118 -0.881265 -0.472594
43.000000000 -4.986654 -10.662272 -0.062056 -0.005184 -0.000154 -0.874365 -0.485241
43.050000000 -5.042123 -10.656744 -0.062396 -0.005248 -0.000187 -0.867257 -0.497833
43.100000000 -5.097152 -10.651927 -0.062728 -0.005318 -0.000215 -0.859949 -0.510352
43.150000000 -5.151768 -10.647838 -0.063053 -0.005395 -0.000239 -0.852446 -0.522788
43.200000000 -5.205996 -10.644493 -0.063371 -0.005477 -0.000259 -0.844754 -0.535126
43.250000000 -5.259861 -10.641907 -0.063681 -0.005564 -0.000274 -0.836880 -0.547358
43.300000000 -5.313386 -10.640092 -0.063983 -0.005657 -0.000286 -0.828826 -0.559477
43.350000000 -5.366594 -10.639058 -0.064277 -0.005756 -0.000292 -0.820595 -0.571482
43.400000000 -5.419508 -10.638812 -0.064563 -0.005860 -0.000294 -0.812186 -0.583368
43.450000000 -5.472151 -10.639362 -0.064842 -0.005968 -0.000292 -0.803603 -0.595135
43.500000000 -5.524546 -10.640717 -0.065112 -0.006082 -0.000284 -0.794847 -0.606780
43.550000000 -5.576718 -10.642882 -0.065374 -0.006201 -0.000272 -0.785919 -0.618299
43.600000000 -5.628689 -10.645863 -0.065629 -0.006325 -0.000255 -0.776821 -0.629690
43.650000000 -5.680483 -10.649666 -0.065875 -0.006454 -0.000233 -0.767554 -0.640951
43.700000000 -5.732125 -10.654295 -0.066113 -0.006588 -0.000205 -0.758121 -0.652080
43.750000000 -5.783640 -10.659754 -0.066343 -0.006727 -0.000172 -0.748524 -0.663074
43.800000000 -5.835050 -10.666046 -0.066564 -0.006870 -0.000133 -0.738764 -0.673930
43.850000000 -5.886381 -10.673173 -0.066777 -0.007018 -0.000090 -0.728843 -0.684645
43.900000000 -5.937658 -10.681137 -0.066981 -0.007161 -0.000031 -0.718763 -0.695218
43.950000000 -5.988904 -10.689939 -0.067177 -0.007316 0.000026 -0.708528 -0.705645
44.000000000 -6.040145 -10.699580 -0.067364 -0.007476 0.000086 -0.698138 -0.715925
44.050000000 -6.091405 -10.710058 -0.067541 -0.007641 0.000151 -0.687595 -0.726054
44.100000000 -6.142707 -10.721373 -0.067709 -0.007809 0.000222 -0.676903 -0.736031
44.150000000 -6.194078 -10.733522 -0.067867 -0.007980 0.000298 -0.666062 -0.745853
44.200000000 -6.245541 -10.746504 -0.068015 -0.008153 0.000379 -0.655076 -0.755519
44.250000000 -6.297117 -10.760319 -0.068152 -0.008328 0.000464 -0.643940 -0.765030
44.300000000 -6.348826 -10.774966 -0.068277 -0.008505 0.000553 -0.632651 -0.774390
44.350000000 -6.400688 -10.790447 -0.068390 -0.008683 0.000644 -0.621202 -0.783602
44.400000000 -6.452721 -10.806758 -0.068490 -0.008860 0.000738 -0.609585 -0.792671
44.450000000 -6.504942 -10.823901 -0.068576 -0.009037 0.000832 -0.597789 -0.801602
44.500000000 -6.557368 -10.841871 -0.068646 -0.009212 0.000926 -0.585802 -0.810402
44.550000000 -6.610014 -10.860668 -0.068701 -0.009386 0.001019 -0.573608 -0.819075
44.600000000 -6.662893 -10.880290 -0.068739 -0.009556 0.001110 -0.561191 -0.827631
44.650000000 -6.716018 -10.900732 -0.068760 -0.009724 0.001197 -0.548529 -0.836074
44.700000000 -6.769401 -10.921993 -0.068761 -0.009887 0.001279 -0.535600 -0.844413
44.750000000 -6.823060 -10.944061 -0.068744 -0.010046 0.001356 -0.522397 -0.852642
44.800000000 -6.877038 -10.966913 -0.068707 -0.010201 0.001427 -0.508950 -0.860734
44.850000000 -6.931376 -10.990525 -0.068650 0.010349 -0.001491 0.495299 0.868659
44.900000000 -6.986121 -11.014870 -0.068573 0.010492 -0.001549 0.481486 0.876390
44.950000000 -7.041318 -11.039921 -0.068477 0.010629 -0.001600 0.467556 0.883898
45.000000000 -7.097010 -11.065647 -0.068362 0.010759 -0.001644 0.453557 0.891161
45.050000000 -7.153242 -11.092018 -0.068227 0.010883 -0.001681 0.439541 0.898155
45.100000000 -7.210058 -11.119001 -0.068074 0.010999 -0.001711 0.425558 0.904862
45.150000000 -7.267499 -11.146562 -0.067902 0.011109 -0.001735 0.411663 0.911267
45.200000000 -7.325605 -11.174667 -0.067713 0.011211 -0.001752 0.397908 0.917355
45.250000000 -7.384415 -11.203282 -0.067506 0.011306 -0.001763 0.384344 0.923119
45.300000000 -7.443963 -11.232372 -0.067283 0.011395 -0.001768 0.371021 0.928553
45.350000000 -7.504281 -11.261901 -0.067044 0.011476 -0.001767 0.357986 0.933655
45.400000000 -7.565398 -11.291835 -0.066789 0.011550 -0.001760 0.345285 0.938425
45.450000000 -7.627340 -11.322141 -0.066519 0.011618 -0.001749 0.332959 0.942868
45.500000000 -7.690128 -11.352788 -0.066236 0.011679 -0.001732 0.321040 0.946992
45.550000000 -7.753778 -11.383748 -0.065939 0.011734 -0.001711 0.309554 0.950808
45.600000000 -7.818304 -11.414993 -0.065629 0.011782 -0.001685 0.298524 0.954328
45.650000000 -7.883718 -11.446497 -0.065308 0.011825 -0.001655 0.287974 0.957564
45.700000000 -7.950033 -11.478232 -0.064975 0.011863 -0.001621 0.277927 0.960528
45.750000000 -8.017259 -11.510172 -0.064631 0.011895 -0.001583 0.268408 0.963231
45.800000000 -8.085403 -11.542293 -0.064278 0.011923 -0.001543 0.259433 0.965686
45.850000000 -8.154468 -11.574576 -0.063915 0.011946 -0.001500 0.251008 0.967910
45.900000000 -8.224453 -11.607007 -0.063545 0.011965 -0.001455 0.243133 0.969918
45.950000000 -8.295358 -11.639574 -0.063166 0.011980 -0.001407 0.235807 0.971725
46.000000000 -8.367180 -11.672266 -0.062780 0.011991 -0.001358 0.229021 0.973347
46.050000000 -8.439914 -11.705076 -0.062387 0.011999 -0.001307 0.222768 0.974797
46.100000000 -8.513556 -11.737999 -0.061988 0.012004 -0.001255 0.217033 0.976090
46.150000000 -8.588102 -11.771031 -0.061582 0.012006 -0.001202 0.211802 0.977238
46.200000000 -8.663544 -11.804171 -0.061172 0.012006 -0.001148 0.207058 0.978254
46.250000000 -8.739878 -11.837421 -0.060756 0.012003 -0.001094 0.202781 0.979150
46.300000000 -8.817096 -11.870782 -0.060336 0.011999 -0.001040 0.198951 0.979935
46.350000000 -8.895193 -11.904258 -0.059911 0.011993 -0.000986 0.195545 0.980621
46.400000000 -8.974162 -11.937856 -0.059483 0.011985 -0.000932 0.192541 0.981215
46.450000000 -9.053997 -11.971580 -0.059050 0.011976 -0.000879 0.189916 0.981727
46.500000000 -9.134691 -12.005438 -0.058614 0.011966 -0.000826 0.187644 0.982164
46.550000000 -9.216240 -12.039439 -0.058175 0.011955 -0.000775 0.185702 0.982533
46.600000000 -9.298637 -12.073592 -0.057733 0.011943 -0.000724 0.184065 0.982841
46.650000000 -9.381876 -12.107905 -0.057288 0.011930 -0.000676 0.182709 0.983094
46.700000000 -9.465954 -12.142388 -0.056840 0.011917 -0.000628 0.181610 0.983298
46.750000000 -9.550864 -12.177052 -0.056389 0.011904 -0.000583 0.180746 0.983458
46.800000000 -9.636602 -12.211906 -0.055936 0.011890 -0.000539 0.180092 0.983578
46.850000000 -9.723164 -12.246961 -0.055481 0.011876 -0.000497 0.179629 0.983663
46.900000000 -9.810545 -12.282226 -0.055023 0.011862 -0.000457 0.179333 0.983717
46.950000000 -9.898742 -12.317711 -0.054562 0.011848 -0.000419 0.179187 0.983744
47.000000000 -9.987751 -12.353426 -0.054100 0.011834 -0.000383 0.179169 0.983747
47.050000000 -10.077568 -12.389379 -0.053635 0.011820 -0.000350 0.179264 0.983730
47.100000000 -10.168191 -12.425580 -0.053167 0.011806 -0.000318 0.179453 0.983696
47.150000000 -10.259616 -12.462037 -0.052698 0.011792 -0.000289 0.179722 0.983647
47.200000000 -10.351840 -12.498758 -0.052226 0.011779 -0.000262 0.180055 0.983586
47.250000000 -10.444862 -12.535750 -0.051751 0.011765 -0.000237 0.180441 0.983515
47.300000000 -10.538678 -12.573021 -0.051274 0.011752 -0.000215 0.180866 0.983437
47.350000000 -10.633287 -12.610575 -0.050795 0.011740 -0.000194 0.181321 0.983354
47.400000000 -10.728686 -12.648420 -0.050313 0.011727 -0.000175 0.181795 0.983267
47.450000000 -10.824873 -12.686561 -0.049829 0.011715 -0.000158 0.182279 0.983177
47.500000000 -10.921848 -12.725001 -0.049341 0.011703 -0.000144 0.182767 0.983087
47.550000000 -11.019608 -12.763746 -0.048851 0.011692 -0.000131 0.183251 0.982997
47.600000000 -11.118153 -12.802799 -0.048359 0.011681 -0.000119 0.183727 0.982908
47.650000000 -11.217480 -12.842163 -0.047863 0.011670 -0.000109 0.184189 0.982822
47.700000000 -11.317588 -12.881841 -0.047364 0.011660 -0.000101 0.184633 0.982738
47.750000000 -11.418477 -12.921835 -0.046863 0.011650 -0.000094 0.185057 0.982659
47.800000000 -11.520145 -12.962147 -0.046358 0.011640 -0.000089 0.185457 0.982583
47.850000000 -11.622593 -13.002778 -0.045850 0.011630 -0.000084 0.185833 0.982512
47.900000000 -11.725819 -13.043730 -0.045339 0.011621 -0.000081 0.186183 0.982446
47.950000000 -11.829823 -13.085003 -0.044825 0.011612 -0.000079 0.186506 0.982385
48.000000000 -11.934606 -13.126597 -0.044307 0.011607 -0.000077 0.186806 0.982328
48.050000000 -12.040257 -13.168238 -0.043793 0.011608 -0.000080 0.187606 0.982176
48.100000000 -12.146897 -13.209514 -0.043291 0.011600 -0.000101 0.189680 0.981777
48.150000000 -12.254505 -13.250421 -0.042803 0.011590 -0.000137 0.193028 0.981125
48.200000000 -12.363026 -13.291101 -0.042325 0.011579 -0.000184 0.197380 0.980259
48.250000000 -12.472412 -13.331715 -0.041852 0.011568 -0.000239 0.202445 0.979225
48.300000000 -12.582627 -13.372395 -0.041383 0.011556 -0.000298 0.207989 0.978063
48.350000000 -12.693645 -13.413251 -0.040914 0.011544 -0.000359 0.213824 0.976804
48.400000000 -12.805445 -13.454375 -0.040443 0.011530 -0.000421 0.219803 0.975476
48.450000000 -12.918008 -13.495841 -0.039970 0.011517 -0.000483 0.225806 0.974104
48.500000000 -13.031317 -13.537713 -0.039492 0.011502 -0.000543 0.231736 0.972711
48.550000000 -13.145354 -13.580042 -0.039008 0.011487 -0.000600 0.237513 0.971316
48.600000000 -13.260102 -13.622870 -0.038517 0.011472 -0.000656 0.243076 0.969939
48.650000000 -13.375527 -13.666221 -0.038020 0.011457 -0.000708 0.248378 0.968595
48.700000000 -13.491107 -13.709841 -0.037519 0.011442 -0.000759 0.253380 0.967299
48.750000000 -13.606627 -13.753637 -0.037015 0.011428 -0.000809 0.258051 0.966063
48.800000000 -13.722083 -13.797618 -0.036507 0.011415 -0.000857 0.262373 0.964899
48.850000000 -13.837472 -13.841790 -0.035997 0.011403 -0.000903 0.266334 0.963813
48.900000000 -13.952790 -13.886156 -0.035482 0.011391 -0.000946 0.269933 0.962811
48.950000000 -14.068037 -13.930711 -0.034964 0.011379 -0.000987 0.273174 0.961897
49.000000000 -14.183215 -13.975450 -0.034441 0.011368 -0.001024 0.276069 0.961070
49.050000000 -14.298323 -14.020366 -0.033916 0.011358 -0.001059 0.278632 0.960330
49.100000000 -14.413366 -14.065448 -0.033386 0.011349 -0.001090 0.280879 0.959675
49.150000000 -14.528345 -14.110688 -0.032853 0.011339 -0.001118 0.282831 0.959102
49.200000000 -14.643265 -14.156072 -0.032316 0.011330 -0.001144 0.284510 0.958606
49.250000000 -14.758128 -14.201589 -0.031776 0.011322 -0.001166 0.285936 0.958181
49.300000000 -14.872941 -14.247228 -0.031234 0.011314 -0.001186 0.287131 0.957824
49.350000000 -14.987706 -14.292976 -0.030689 0.011306 -0.001204 0.288119 0.957527
49.400000000 -15.102428 -14.338822 -0.030141 0.011298 -0.001219 0.288920 0.957286
49.450000000 -15.217112 -14.384755 -0.029591 0.011290 -0.001232 0.289556 0.957094
49.500000000 -15.331763 -14.430766 -0.029039 0.011283 -0.001243 0.290045 0.956946
49.550000000 -15.446383 -14.476842 -0.028485 0.011276 -0.001253 0.290406 0.956836
49.600000000 -15.560977 -14.522977 -0.027930 0.011268 -0.001261 0.290657 0.956760
49.650000000 -15.675549 -14.569160 -0.027374 0.011261 -0.001267 0.290814 0.956712
49.700000000 -15.790102 -14.615386 -0.026816 0.011254 -0.001272 0.290891 0.956689
49.750000000 -15.904639 -14.661645 -0.026257 0.011247 -0.001276 0.290902 0.956686
49.800000000 -16.019163 -14.707933 -0.025697 0.011239 -0.001279 0.290859 0.956699
49.850000000 -16.133677 -14.754244 -0.025137 0.011232 -0.001282 0.290773 0.956725
49.900000000 -16.248183 -14.800572 -0.024576 0.011225 -0.001283 0.290652 0.956762
49.950000000 -16.362682 -14.846913 -0.024014 0.011217 -0.001284 0.290506 0.956806
50.000000000 -16.477177 -14.893264 -0.023452 0.011210 -0.001285 0.290342 0.956856
50.050000000 -16.591669 -14.939622 -0.022890 0.011202 -0.001285 0.290166 0.956910
50.100000000 -16.706160 -14.985983 -0.022328 0.011195 -0.001285 0.289982 0.956966
50.150000000 -16.820650 -15.032345 -0.021765 0.011187 -0.001284 0.289796 0.957022
50.200000000 -16.935140 -15.078706 -0.021202 0.011179 -0.001284 0.289612 0.957078
50.250000000 -17.049631 -15.125065 -0.020640 0.011171 -0.001283 0.289431 0.957133
50.300000000 -17.164123 -15.171421 -0.020077 0.011164 -0.001282 0.289258 0.957185
50.350000000 -17.278617 -15.217772 -0.019514 0.011156 -0.001282 0.289092 0.957236
50.400000000 -17.393112 -15.264117 -0.018952 0.011148 -0.001281 0.288936 0.957283
50.450000000 -17.507610 -15.310457 -0.018389 0.011140 -0.001280 0.288790 0.957327
50.500000000 -17.622109 -15.356791 -0.017827 0.011132 -0.001279 0.288655 0.957368
50.550000000 -17.736611 -15.403119 -0.017264 0.011123 -0.001279 0.288532 0.957405
50.600000000 -17.851115 -15.449440 -0.016702 0.011115 -0.001278 0.288420 0.957439
50.650000000 -17.965621 -15.495755 -0.016140 0.011107 -0.001278 0.288319 0.957469
50.700000000 -18.080130 -15.542065 -0.015578 0.011099 -0.001277 0.288229 0.957496
50.750000000 -18.194640 -15.588368 -0.015016 0.011091 -0.001277 0.288149 0.957520
50.800000000 -18.309152 -15.634666 -0.014454 0.011082 -0.001277 0.288079 0.957542
50.850000000 -18.423666 -15.680959 -0.013892 0.011074 -0.001277 0.288019 0.957560
50.900000000 -18.538182 -15.727247 -0.013330 0.011066 -0.001277 0.287967 0.957576
50.950000000 -18.652699 -15.773531 -0.012769 0.011057 -0.001277 0.287923 0.957589
51.000000000 -18.767217 -15.819811 -0.012207 0.011049 -0.001277 0.287886 0.957600
51.050000000 -18.881737 -15.866088 -0.011646 0.011040 -0.001277 0.287855 0.957609
51.100000000 -18.996257 -15.912361 -0.011085 0.011032 -0.001278 0.287831 0.957617
51.150000000 -19.110779 -15.958631 -0.010523 0.011023 -0.001278 0.287811 0.957623
51.200000000 -19.225302 -16.004899 -0.009962 0.011015 -0.001279 0.287797 0.957627
51.250000000 -19.339825 -16.051164 -0.009401 0.011007 -0.001279 0.287786 0.957631
51.300000000 -19.454349 -16.097428 -0.008840 0.010998 -0.001280 0.287778 0.957633
51.350000000 -19.568874 -16.143690 -0.008279 0.010990 -0.001280 0.287774 0.957635
51.400000000 -19.683399 -16.189951 -0.007718 0.010981 -0.001281 0.287772 0.957635
51.450000000 -19.797924 -16.236210 -0.007157 0.010973 -0.001282 0.287772 0.957635
51.500000000 -19.912450 -16.282469 -0.006596 0.010964 -0.001283 0.287773 0.957635
51.550000000 -20.026976 -16.328727 -0.006035 0.010956 -0.001283 0.287776 0.957634
51.600000000 -20.141502 -16.374984 -0.005474 0.010947 -0.001284 0.287780 0.957633
51.650000000 -20.256029 -16.421241 -0.004913 0.010939 -0.001285 0.287785 0.957632
51.700000000 -20.370555 -16.467498 -0.004352 0.010930 -0.001286 0.287790 0.957630
51.750000000 -20.485082 -16.513754 -0.003791 0.010922 -0.001287 0.287796 0.957629
51.800000000 -20.599608 -16.560011 -0.003230 0.010913 -0.001288 0.287802 0.957627
51.850000000 -20.714135 -16.606267 -0.002669 0.010904 -0.001288 0.287808 0.957625
51.900000000 -20.828661 -16.652523 -0.002108 0.010896 -0.001289 0.287814 0.957624
51.950000000 -20.943188 -16.698780 -0.001547 0.010887 -0.001290 0.287819 0.957622
52.000000000 -21.057714 -16.745036 -0.000986 0.010879 -0.001291 0.287825 0.957620
52.050000000 -21.172241 -16.791293 -0.000425 0.010870 -0.001292 0.287830 0.957619
52.100000000 -21.286767 -16.837550 0.000136 0.010862 -0.001293 0.287835 0.957618
52.150000000 -21.401293 -16.883807 0.000697 0.010853 -0.001294 0.287839 0.957616
52.200000000 -21.515819 -16.930064 0.001258 0.010844 -0.001295 0.287843 0.957615
52.250000000 -21.630345 -16.976322 0.001819 0.010836 -0.001296 0.287847 0.957614
52.300000000 -21.744871 -17.022579 0.002381 0.010827 -0.001297 0.287850 0.957613
52.350000000 -21.859397 -17.068837 0.002942 0.010819 -0.001297 0.287853 0.957613
52.400000000 -21.973923 -17.115095 0.003503 0.010810 -0.001298 0.287856 0.957612
52.450000000 -22.088449 -17.161353 0.004064 0.010801 -0.001299 0.287858 0.957611
52.500000000 -22.202974 -17.207612 0.004625 0.010793 -0.001300 0.287860 0.957611
52.550000000 -22.317500 -17.253870 0.005186 0.010784 -0.001301 0.287862 0.957610
52.600000000 -22.432025 -17.300129 0.005747 0.010775 -0.001302 0.287863 0.957610
52.650000000 -22.546551 -17.346387 0.006309 0.010767 -0.001303 0.287865 0.957610
52.700000000 -22.661076 -17.392646 0.006870 0.010758 -0.001304 0.287865 0.957610
52.750000000 -22.775602 -17.438905 0.007431 0.010749 -0.001304 0.287866 0.957609
52.800000000 -22.890127 -17.485164 0.007992 0.010741 -0.001305 0.287867 0.957609
52.850000000 -23.004652 -17.531423 0.008553 0.010732 -0.001306 0.287867 0.957609
52.900000000 -23.119177 -17.577683 0.009115 0.010723 -0.001307 0.287868 0.957609
52.950000000 -23.233703 -17.623942 0.009676 0.010714 -0.001308 0.287868 0.957609
53.000000000 -23.348228 -17.670201 0.010237 0.010706 -0.001309 0.287868 0.957609
53.050000000 -23.462753 -17.716461 0.010798 0.010697 -0.001310 0.287868 0.957609
53.100000000 -23.577278 -17.762720 0.011360 0.010688 -0.001311 0.287868 0.957610
53.150000000 -23.691803 -17.808980 0.011921 0.010679 -0.001311 0.287868 0.957610
53.200000000 -23.806328 -17.855239 0.012482 0.010671 -0.001312 0.287868 0.957610
53.250000000 -23.920853 -17.901498 0.013044 0.010662 -0.001313 0.287867 0.957610
53.300000000 -24.035378 -17.947758 0.013605 0.010653 -0.001314 0.287867 0.957610
53.350000000 -24.149904 -17.994017 0.014166 0.010644 -0.001315 0.287867 0.957610
53.400000000 -24.264429 -18.040277 0.014728 0.010636 -0.001316 0.287867 0.957611
53.450000000 -24.378954 -18.086536 0.015289 0.010627 -0.001317 0.287866 0.957611
53.500000000 -24.493479 -18.132796 0.015851 0.010618 -0.001318 0.287866 0.957611
53.550000000 -24.607846 -18.178952 0.016410 0.010609 -0.001318 0.287865 0.957611
53.600000000 -24.721547 -18.224672 0.016963 0.010600 -0.001319 0.287857 0.957614
53.650000000 -24.834541 -18.269936 0.017509 0.010591 -0.001320 0.287832 0.957621
53.700000000 -24.946826 -18.314749 0.018048 0.010583 -0.001320 0.287783 0.957636
53.750000000 -25.058401 -18.359113 0.018580 0.010574 -0.001320 0.287704 0.957660
53.800000000 -25.169264 -18.403031 0.019105 0.010565 -0.001319 0.287591 0.957694
53.850000000 -25.279416 -18.446503 0.019624 0.010556 -0.001319 0.287441 0.957739
53.900000000 -25.388855 -18.489532 0.020135 0.010548 -0.001317 0.287253 0.957796
53.950000000 -25.497582 -18.532118 0.020640 0.010539 -0.001315 0.287025 0.957864
54.000000000 -25.605596 -18.574262 0.021138 0.010530 -0.001313 0.286758 0.957944
54.050000000 -25.712896 -18.615963 0.021629 0.010522 -0.001310 0.286452 0.958036
54.100000000 -25.819483 -18.657221 0.022114 0.010513 -0.001306 0.286108 0.958139
54.150000000 -25.925357 -18.698036 0.022592 0.010505 -0.001302 0.285727 0.958252
54.200000000 -26.030518 -18.738408 0.023062 0.010496 -0.001298 0.285312 0.958376
54.250000000 -26.134965 -18.778337 0.023526 0.010488 -0.001293 0.284864 0.958510
54.300000000 -26.238700 -18.817822 0.023984 0.010479 -0.001287 0.284384 0.958652
54.350000000 -26.341721 -18.856863 0.024434 0.010470 -0.001281 0.283876 0.958803
54.400000000 -26.444029 -18.895460 0.024877 0.010462 -0.001275 0.283339 0.958962
54.450000000 -26.545624 -18.933612 0.025314 0.010453 -0.001268 0.282778 0.959128
54.500000000 -26.646506 -18.971320 0.025744 0.010445 -0.001261 0.282193 0.959300
54.550000000 -26.746674 -19.008583 0.026166 0.010436 -0.001254 0.281586 0.959479
54.600000000 -26.846129 -19.045401 0.026582 0.010428 -0.001246 0.280959 0.959662
54.650000000 -26.944870 -19.081774 0.026991 0.010419 -0.001239 0.280313 0.959851
54.700000000 -27.042896 -19.117703 0.027393 0.010410 -0.001230 0.279651 0.960045
54.750000000 -27.140209 -19.153187 0.027788 0.010402 -0.001222 0.278973 0.960242
54.800000000 -27.236807 -19.188228 0.028177 0.010393 -0.001213 0.278281 0.960443
54.850000000 -27.332689 -19.222825 0.028558 0.010385 -0.001205 0.277575 0.960647
54.900000000 -27.427857 -19.256979 0.028933 0.010376 -0.001196 0.276858 0.960854
54.950000000 -27.522308 -19.290691 0.029300 0.010367 -0.001187 0.276129 0.961064
55.000000000 -27.616043 -19.323960 0.029661 0.010359 -0.001177 0.275391 0.961276
55.050000000 -27.709061 -19.356789 0.030015 0.010350 -0.001168 0.274643 0.961490
55.100000000 -27.801362 -19.389177 0.030363 0.010341 -0.001158 0.273886 0.961706
55.150000000 -27.892944 -19.421126 0.030703 0.010332 -0.001149 0.273121 0.961924
55.200000000 -27.983808 -19.452636 0.031037 0.010324 -0.001139 0.272348 0.962143
55.250000000 -28.073953 -19.483708 0.031364 0.010315 -0.001129 0.271568 0.962363
55.300000000 -28.163378 -19.514343 0.031684 0.010306 -0.001119 0.270781 0.962585
55.350000000 -28.252083 -19.544543 0.031997 0.010297 -0.001109 0.269988 0.962808
55.400000000 -28.340067 -19.574308 0.032304 0.010289 -0.001099 0.269188 0.963032
55.450000000 -28.427328 -19.603639 0.032604 0.010280 -0.001089 0.268382 0.963257
55.500000000 -28.513868 -19.632537 0.032898 0.010271 -0.001079 0.267570 0.963483
55.550000000 -28.599684 -19.661005 0.033185 0.010262 -0.001069 0.266753 0.963710
55.600000000 -28.684776 -19.689042 0.033466 0.010254 -0.001058 0.265930 0.963937
55.650000000 -28.769144 -19.716650 0.033740 0.010245 -0.001048 0.265101 0.964166
55.700000000 -28.852786 -19.743830 0.034007 0.010236 -0.001037 0.264267 0.964395
55.750000000 -28.935702 -19.770583 0.034268 0.010227 -0.001027 0.263427 0.964625
55.800000000 -29.017891 -19.796912 0.034523 0.010218 -0.001016 0.262582 0.964855
55.850000000 -29.099361 -19.822821 0.034771 0.010209 -0.001005 0.261731 0.965086
55.900000000 -29.180568 -19.848578 0.035017 0.010200 -0.000995 0.260876 0.965318
55.950000000 -29.261775 -19.874333 0.035263 0.010192 -0.000985 0.260024 0.965548
56.000000000 -29.342984 -19.900083 0.035508 0.010183 -0.000975 0.259182 0.965774
56.050000000 -29.424195 -19.925824 0.035753 0.010174 -0.000966 0.258355 0.965996
56.100000000 -29.505409 -19.951554 0.035998 0.010166 -0.000958 0.257548 0.966212
56.150000000 -29.586627 -19.977270 0.036242 0.010157 -0.000950 0.256765 0.966420
56.200000000 -29.667850 -20.002971 0.036485 0.010149 -0.000942 0.256010 0.966620
56.250000000 -29.748871 -20.028539 0.036727 0.010140 -0.000935 0.255284 0.966812
56.300000000 -29.829186 -20.053688 0.036962 0.010132 -0.000928 0.254585 0.966997
56.350000000 -29.908771 -20.078412 0.037191 0.010123 -0.000921 0.253907 0.967175
56.400000000 -29.987625 -20.102712 0.037414 0.010114 -0.000914 0.253245 0.967349
56.450000000 -30.065745 -20.126594 0.037631 0.010105 -0.000908 0.252593 0.967519
56.500000000 -30.143132 -20.150059 0.037842 0.010097 -0.000901 0.251950 0.967687
56.550000000 -30.219783 -20.173112 0.038047 0.010088 -0.000894 0.251309 0.967854
56.600000000 -30.295699 -20.195755 0.038246 0.010079 -0.000887 0.250670 0.968020
56.650000000 -30.370877 -20.217990 0.038440 0.010070 -0.000879 0.250027 0.968186
56.700000000 -30.445317 -20.239820 0.038627 0.010061 -0.000872 0.249380 0.968353
56.750000000 -30.519018 -20.261246 0.038809 0.010052 -0.000865 0.248726 0.968521
56.800000000 -30.591979 -20.282272 0.038985 0.010043 -0.000857 0.248063 0.968691
56.850000000 -30.664199 -20.302898 0.039155 0.010033 -0.000849 0.247390 0.968864
56.900000000 -30.735677 -20.323126 0.039320 0.010024 -0.000841 0.246704 0.969039
56.950000000 -30.806413 -20.342959 0.039479 0.010015 -0.000833 0.246006 0.969216
57.000000000 -30.876406 -20.362397 0.039633 0.010006 -0.000824 0.245293 0.969397
57.050000000 -30.945654 -20.381443 0.039781 0.009997 -0.000815 0.244566 0.969581
57.100000000 -31.014158 -20.400097 0.039924 0.009988 -0.000806 0.243824 0.969768
57.150000000 -31.081917 -20.418361 0.040062 0.009978 -0.000797 0.243065 0.969958
57.200000000 -31.148929 -20.436237 0.040194 0.009969 -0.000787 0.242290 0.970152
57.250000000 -31.215195 -20.453726 0.040320 0.009960 -0.000778 0.241498 0.970350
57.300000000 -31.280713 -20.470829 0.040442 0.009950 -0.000767 0.240689 0.970551
57.350000000 -31.345484 -20.487547 0.040558 0.009941 -0.000757 0.239864 0.970755
57.400000000 -31.409505 -20.503882 0.040668 0.009932 -0.000746 0.239021 0.970963
57.450000000 -31.472778 -20.519836 0.040774 0.009922 -0.000735 0.238160 0.971175
57.500000000 -31.535300 -20.535408 0.040874 0.009913 -0.000724 0.237283 0.971390
57.550000000 -31.597071 -20.550602 0.040969 0.009903 -0.000712 0.236388 0.971608
57.600000000 -31.658091 -20.565418 0.041059 0.009894 -0.000700 0.235475 0.971830
57.650000000 -31.718359 -20.579857 0.041144 0.009884 -0.000688 0.234546 0.972055
57.700000000 -31.777873 -20.593922 0.041224 0.009875 -0.000676 0.233600 0.972283
57.750000000 -31.836635 -20.607612 0.041298 0.009865 -0.000663 0.232636 0.972514
57.800000000 -31.894642 -20.620931 0.041368 0.009855 -0.000650 0.231656 0.972748
57.850000000 -31.951894 -20.633878 0.041433 0.009846 -0.000636 0.230659 0.972985
57.900000000 -32.008390 -20.646457 0.041493 0.009836 -0.000623 0.229645 0.973225
57.950000000 -32.064130 -20.658667 0.041548 0.009826 -0.000609 0.228615 0.973467
58.000000000 -32.119113 -20.670512 0.041598 0.009816 -0.000594 0.227568 0.973712
58.050000000 -32.173338 -20.681991 0.041643 0.009806 -0.000580 0.226505 0.973960
58.100000000 -32.226803 -20.693108 0.041683 0.009797 -0.000565 0.225426 0.974211
58.150000000 -32.279510 -20.703863 0.041719 0.009787 -0.000550 0.224331 0.974464
58.200000000 -32.331456 -20.714258 0.041750 0.009777 -0.000534 0.223220 0.974719
58.250000000 -32.382641 -20.724296 0.041776 0.009767 -0.000518 0.222093 0.974976
58.300000000 -32.433064 -20.733976 0.041798 0.009757 -0.000502 0.220950 0.975236
58.350000000 -32.482724 -20.743302 0.041815 0.009746 -0.000486 0.219792 0.975498
58.400000000 -32.531620 -20.752275 0.041828 0.009736 -0.000469 0.218617 0.975762
58.450000000 -32.579752 -20.760897 0.041836 0.009726 -0.000452 0.217427 0.976028
58.500000000 -32.627119 -20.769170 0.041840 0.009716 -0.000434 0.216222 0.976296
58.550000000 -32.673720 -20.777095 0.041839 0.009705 -0.000416 0.215001 0.976566
58.600000000 -32.719553 -20.784675 0.041834 0.009695 -0.000398 0.213764 0.976837
58.650000000 -32.764619 -20.791912 0.041825 0.009685 -0.000380 0.212512 0.977110
58.700000000 -32.808916 -20.798806 0.041811 0.009674 -0.000361 0.211244 0.977385
58.750000000 -32.852443 -20.805362 0.041794 0.009664 -0.000342 0.209960 0.977662
58.800000000 -32.895200 -20.811579 0.041772 0.009653 -0.000323 0.208661 0.977940
58.850000000 -32.937186 -20.817461 0.041746 0.009642 -0.000303 0.207347 0.978220
58.900000000 -32.978399 -20.823010 0.041716 0.009632 -0.000283 0.206016 0.978501
58.950000000 -33.018839 -20.828228 0.041682 0.009621 -0.000262 0.204670 0.978784
59.000000000 -33.058505 -20.833116 0.041644 0.009610 -0.000241 0.203309 0.979067
59.050000000 -33.097396 -20.837677 0.041603 0.009599 -0.000220 0.201931 0.979353
59.100000000 -33.135511 -20.841914 0.041557 0.009588 -0.000199 0.200538 0.979639
59.150000000 -33.172849 -20.845828 0.041508 0.009577 -0.000177 0.199129 0.979927
59.200000000 -33.209409 -20.849421 0.041456 0.009566 -0.000154 0.197703 0.980215
59.250000000 -33.245191 -20.852697 0.041399 0.009554 -0.000131 0.196262 0.980505
59.300000000 -33.280193 -20.855658 0.041339 0.009543 -0.000108 0.194804 0.980796
59.350000000 -33.314414 -20.858305 0.041276 0.009532 -0.000085 0.193331 0.981087
59.400000000 -33.347854 -20.860641 0.041209 0.009520 -0.000061 0.191841 0.981380
59.450000000 -33.380511 -20.862668 0.041139 0.009509 -0.000036 0.190334 0.981673
59.500000000 -33.412385 -20.864390 0.041066 0.009497 -0.000011 0.188812 0.981967
59.550000000 -33.443475 -20.865808 0.040989 0.009485 0.000014 0.187272 0.982262
59.600000000 -33.473779 -20.866925 0.040910 0.009474 0.000040 0.185716 0.982558
59.650000000 -33.503297 -20.867744 0.040827 0.009462 0.000067 0.184144 0.982854
59.700000000 -33.532028 -20.868267 0.040741 0.009450 0.000094 0.182554 0.983150
59.750000000 -33.559971 -20.868496 0.040653 0.009438 0.000121 0.180948 0.983447
59.800000000 -33.587125 -20.868434 0.040561 0.009425 0.000149 0.179325 0.983745
59.850000000 -33.613489 -20.868085 0.040467 0.009413 0.000177 0.177686 0.984042
59.900000000 -33.639062 -20.867450 0.040370 0.009401 0.000206 0.176029 0.984340
59.950000000 -33.663843 -20.866532 0.040271 0.009388 0.000236 0.174355 0.984638
60.000000000 -33.687832 -20.865334 0.040169 0.009376 0.000266 0.172664 0.984936
60.050000000 -33.711027 -20.863859 0.040065 0.009363 0.000297 0.170957 0.985234
60.100000000 -33.733427 -20.862109 0.039958 0.009350 0.000328 0.169232 0.985532
60.150000000 -33.755032 -20.860087 0.039849 0.009337 0.000360 0.167491 0.985829
60.200000000 -33.775840 -20.857796 0.039738 0.009324 0.000393 0.165732 0.986127
60.250000000 -33.795851 -20.855239 0.039625 0.009311 0.000426 0.163957 0.986423
60.300000000 -33.815063 -20.852419 0.039510 0.009297 0.000460 0.162165 0.986720
60.350000000 -33.833477 -20.849338 0.039393 0.009284 0.000495 0.160357 0.987015
60.400000000 -33.851091 -20.845999 0.039275 0.009270 0.000530 0.158532 0.987310
60.450000000 -33.867904 -20.842406 0.039154 0.009256 0.000566 0.156691 0.987604
60.500000000 -33.883915 -20.838560 0.039032 0.009242 0.000603 0.154834 0.987897
60.550000000 -33.899124 -20.834466 0.038909 0.009228 0.000641 0.152962 0.988189
60.600000000 -33.913529 -20.830125 0.038784 0.009214 0.000680 0.151073 0.988479
60.650000000 -33.927130 -20.825541 0.038658 0.009199 0.000719 0.149170 0.988768
60.700000000 -33.939926 -20.820717 0.038531 0.009185 0.000759 0.147253 0.989056
60.750000000 -33.951917 -20.815654 0.038402 0.009170 0.000800 0.145322 0.989342
60.800000000 -33.963100 -20.810355 0.038273 0.009155 0.000842 0.143381 0.989625
60.850000000 -33.973477 -20.804822 0.038142 0.009140 0.000885 0.141432 0.989905
60.900000000 -33.983045 -20.799057 0.038011 0.009125 0.000929 0.139475 0.990183
60.950000000 -33.991803 -20.793062 0.037880 0.009109 0.000974 0.137513 0.990458
61.000000000 -33.999751 -20.786840 0.037747 0.009094 0.001020 0.135546 0.990729
61.050000000 -34.006888 -20.780393 0.037615 0.009078 0.001067 0.133577 0.990996
61.100000000 -34.013213 -20.773724 0.037482 0.009062 0.001115 0.131605 0.991260
61.150000000 -34.018724 -20.766836 0.037348 0.009046 0.001163 0.129631 0.991520
61.200000000 -34.023421 -20.759732 0.037215 0.009029 0.001213 0.127657 0.991776
61.250000000 -34.027303 -20.752414 0.037082 0.009013 0.001264 0.125682 0.992029
61.300000000 -34.030369 -20.744887 0.036949 0.008996 0.001317 0.123707 0.992277
61.350000000 -34.032618 -20.737153 0.036816 0.008979 0.001370 0.121731 0.992522
61.400000000 -34.034049 -20.729215 0.036684 0.008962 0.001424 0.119754 0.992762
61.450000000 -34.034662 -20.721077 0.036552 0.008945 0.001480 0.117777 0.992999
61.500000000 -34.034456 -20.712742 0.036421 0.008927 0.001537 0.115799 0.993231
61.550000000 -34.033429 -20.704214 0.036291 0.008910 0.001595 0.113820 0.993460
61.600000000 -34.031582 -20.695495 0.036161 0.008892 0.001654 0.111841 0.993685
61.650000000 -34.028914 -20.686589 0.036033 0.008874 0.001714 0.109861 0.993906
61.700000000 -34.025423 -20.677499 0.035906 0.008856 0.001774 0.107881 0.994123
61.750000000 -34.021109 -20.668229 0.035780 0.008838 0.001836 0.105900 0.994336
61.800000000 -34.015972 -20.658782 0.035655 0.008819 0.001899 0.103918 0.994545
61.850000000 -34.010010 -20.649161 0.035532 0.008801 0.001962 0.101934 0.994750
61.900000000 -34.003222 -20.639371 0.035411 0.008782 0.002027 0.099947 0.994952
61.950000000 -33.995608 -20.629415 0.035291 0.008763 0.002091 0.097957 0.995150
62.000000000 -33.987166 -20.619296 0.035172 0.008744 0.002157 0.095963 0.995344
62.050000000 -33.977897 -20.609019 0.035056 0.008725 0.002223 0.093963 0.995535
62.100000000 -33.967798 -20.598588 0.034942 0.008706 0.002290 0.091957 0.995722
62.150000000 -33.956870 -20.588007 0.034830 0.008687 0.002357 0.089943 0.995906
62.200000000 -33.945110 -20.577279 0.034720 0.008668 0.002424 0.087919 0.996087
62.250000000 -33.932520 -20.566409 0.034613 0.008649 0.002492 0.085884 0.996264
62.300000000 -33.919096 -20.555402 0.034509 0.008629 0.002561 0.083836 0.996439
62.350000000 -33.904840 -20.544262 0.034407 0.008609 0.002630 0.081774 0.996610
62.400000000 -33.889749 -20.532992 0.034308 0.008590 0.002699 0.079695 0.996779
62.450000000 -33.873823 -20.521599 0.034212 0.008570 0.002769 0.077598 0.996944
62.500000000 -33.857062 -20.510086 0.034119 0.008550 0.002839 0.075479 0.997107
62.550000000 -33.839464 -20.498458 0.034030 0.008530 0.002910 0.073338 0.997266
62.600000000 -33.821029 -20.486720 0.033944 0.008510 0.002981 0.071170 0.997423
62.650000000 -33.801756 -20.474878 0.033861 0.008489 0.003052 0.068974 0.997578
62.700000000 -33.781644 -20.462936 0.033783 0.008469 0.003124 0.066748 0.997729
62.750000000 -33.760693 -20.450900 0.033709 0.008448 0.003196 0.064487 0.997878
62.800000000 -33.738901 -20.438774 0.033639 0.008427 0.003269 0.062189 0.998023
62.850000000 -33.716269 -20.426566 0.033573 0.008406 0.003343 0.059852 0.998166
62.900000000 -33.692794 -20.414279 0.033512 0.008385 0.003417 0.057471 0.998306
62.950000000 -33.668478 -20.401921 0.033455 0.008363 0.003492 0.055043 0.998443
63.000000000 -33.643319 -20.389497 0.033404 0.008342 0.003567 0.052565 0.998576
63.050000000 -33.617316 -20.377013 0.033358 0.008320 0.003644 0.050033 0.998706
63.100000000 -33.590469 -20.364475 0.033317 0.008297 0.003721 0.047443 0.998833
63.150000000 -33.562870 -20.351899 0.033281 0.008275 0.003799 0.044791 0.998955
63.200000000 -33.535148 -20.339347 0.033247 0.008252 0.003877 0.042076 0.999073
63.250000000 -33.507421 -20.326828 0.033212 0.008229 0.003955 0.039297 0.999186
63.300000000 -33.479688 -20.314343 0.033177 0.008205 0.004032 0.036455 0.999293
63.350000000 -33.451949 -20.301891 0.033143 0.008182 0.004109 0.033550 0.999395
63.400000000 -33.424206 -20.289474 0.033109 0.008158 0.004186 0.030582 0.999490
63.450000000 -33.396459 -20.277089 0.033075 0.008133 0.004263 0.027552 0.999578
63.500000000 -33.368706 -20.264739 0.033042 0.008109 0.004340 0.024459 0.999659
63.550000000 -33.340950 -20.252421 0.033008 0.008084 0.004418 0.021305 0.999731
63.600000000 -33.313189 -20.240136 0.032976 0.008058 0.004495 0.018089 0.999794
63.650000000 -33.285425 -20.227884 0.032944 0.008032 0.004573 0.014813 0.999848
63.700000000 -33.257656 -20.215664 0.032912 0.008006 0.004651 0.011476 0.999891
63.750000000 -33.229885 -20.203477 0.032880 0.007980 0.004729 0.008080 0.999924
63.800000000 -33.202110 -20.191321 0.032850 0.007953 0.004808 0.004624 0.999946
63.850000000 -33.174331 -20.179198 0.032819 0.007926 0.004888 0.001109 0.999956
63.900000000 -33.146550 -20.167106 0.032790 0.007898 0.004967 -0.002463 0.999953
63.950000000 -33.118767 -20.155045 0.032761 0.007870 0.005048 -0.006094 0.999938
64.000000000 -33.090980 -20.143015 0.032732 0.007842 0.005129 -0.009781 0.999908
64.050000000 -33.063192 -20.131015 0.032704 0.007813 0.005210 -0.013524 0.999864
64.100000000 -33.035401 -20.119046 0.032677 0.007784 0.005292 -0.017322 0.999806
64.150000000 -33.007609 -20.107106 0.032650 0.007754 0.005375 -0.021176 0.999731
64.200000000 -32.979814 -20.095196 0.032624 0.007724 0.005458 -0.025083 0.999641
64.250000000 -32.952018 -20.083315 0.032599 0.007694 0.005543 -0.029043 0.999533
64.300000000 -32.924221 -20.071462 0.032574 0.007663 0.005628 -0.033055 0.999408
64.350000000 -32.896422 -20.059638 0.032550 0.007632 0.005713 -0.037119 0.999265
64.400000000 -32.868622 -20.047842 0.032527 0.007600 0.005800 -0.041233 0.999104
64.450000000 -32.840821 -20.036073 0.032504 0.007568 0.005887 -0.045397 0.998923
64.500000000 -32.813020 -20.024331 0.032482 0.007536 0.005975 -0.049609 0.998722
64.550000000 -32.785217 -20.012615 0.032461 0.007503 0.006064 -0.053869 0.998501
64.600000000 -32.757415 -20.000926 0.032440 0.007470 0.006154 -0.058175 0.998259
64.650000000 -32.729612 -19.989262 0.032420 0.007436 0.006244 -0.062527 0.997996
64.700000000 -32.701808 -19.977622 0.032401 0.007402 0.006336 -0.066923 0.997711
64.750000000 -32.674005 -19.966008 0.032382 0.007368 0.006428 -0.071363 0.997402
64.800000000 -32.646201 -19.954417 0.032365 0.007333 0.006521 -0.075845 0.997071
64.850000000 -32.618398 -19.942850 0.032348 0.007298 0.006615 -0.080368 0.996717
64.900000000 -32.590595 -19.931306 0.032331 0.007263 0.006710 -0.084931 0.996338
64.950000000 -32.562792 -19.919784 0.032316 0.007227 0.006806 -0.089533 0.995934
65.000000000 -32.534990 -19.908284 0.032301 0.007190 0.006903 -0.094173 0.995506
65.050000000 -32.507188 -19.896805 0.032286 0.007154 0.007001 -0.098849 0.995052
65.100000000 -32.479386 -19.885347 0.032273 0.007117 0.007099 -0.103561 0.994572
65.150000000 -32.451586 -19.873909 0.032260 0.007080 0.007198 -0.108307 0.994066
65.200000000 -32.423786 -19.862491 0.032248 0.007042 0.007299 -0.113085 0.993534
65.250000000 -32.395987 -19.851091 0.032236 0.007004 0.007400 -0.117895 0.992974
65.300000000 -32.368189 -19.839710 0.032226 0.006966 0.007502 -0.122735 0.992387
65.350000000 -32.340392 -19.828347 0.032216 0.006927 0.007605 -0.127604 0.991772
65.400000000 -32.312595 -19.817000 0.032206 0.006888 0.007709 -0.132501 0.991129
65.450000000 -32.284800 -19.805670 0.032197 0.006849 0.007814 -0.137424 0.990458
65.500000000 -32.257006 -19.794356 0.032189 0.006810 0.007920 -0.142373 0.989758
65.550000000 -32.229213 -19.783058 0.032182 0.006770 0.008026 -0.147345 0.989029
65.600000000 -32.201422 -19.771774 0.032175 0.006730 0.008134 -0.152340 0.988272
65.650000000 -32.173631 -19.760504 0.032169 0.006690 0.008242 -0.157356 0.987485
65.700000000 -32.145842 -19.749247 0.032164 0.006649 0.008351 -0.162392 0.986669
65.750000000 -32.118054 -19.738003 0.032159 0.006608 0.008461 -0.167446 0.985823
65.800000000 -32.090268 -19.726772 0.032155 0.006568 0.008572 -0.172518 0.984947
65.850000000 -32.062482 -19.715552 0.032152 0.006526 0.008683 -0.177605 0.984042
65.900000000 -32.034698 -19.704342 0.032149 0.006485 0.008796 -0.182708 0.983107
65.950000000 -32.006916 -19.693144 0.032146 0.006444 0.008909 -0.187824 0.982141
66.000000000 -31.979135 -19.681954 0.032145 0.006402 0.009023 -0.192951 0.981146
66.050000000 -31.951355 -19.670774 0.032143 0.006360 0.009138 -0.198090 0.980121
66.100000000 -31.923577 -19.659603 0.032143 0.006318 0.009253 -0.203239 0.979065
66.150000000 -31.895800 -19.648439 0.032143 0.006276 0.009370 -0.208395 0.977980
66.200000000 -31.868024 -19.637282 0.032143 0.006234 0.009487 -0.213559 0.976864
66.250000000 -31.840251 -19.626132 0.032145 0.006192 0.009604 -0.218729 0.975719
66.300000000 -31.812478 -19.614988 0.032146 0.006150 0.009723 -0.223903 0.974543
66.350000000 -31.784707 -19.603849 0.032148 0.006107 0.009842 -0.229081 0.973338
66.400000000 -31.756938 -19.592715 0.032151 0.006065 0.009962 -0.234262 0.972104
66.450000000 -31.729170 -19.581585 0.032154 0.006022 0.010082 -0.239443 0.970839
66.500000000 -31.701404 -19.570458 0.032158 0.005979 0.010203 -0.244625 0.969546
66.550000000 -31.673640 -19.559335 0.032162 0.005937 0.010325 -0.249806 0.968223
66.600000000 -31.645877 -19.548213 0.032166 0.005894 0.010447 -0.254984 0.966871
66.650000000 -31.618116 -19.537094 0.032171 0.005852 0.010570 -0.260159 0.965490
66.700000000 -31.590356 -19.525975 0.032176 0.005809 0.010693 -0.265331 0.964081
66.750000000 -31.562598 -19.514858 0.032182 0.005766 0.010817 -0.270497 0.962643
66.800000000 -31.534842 -19.503740 0.032188 0.005724 0.010942 -0.275657 0.961177
66.850000000 -31.507088 -19.492623 0.032195 0.005681 0.011066 -0.280812 0.959682
66.900000000 -31.479336 -19.481506 0.032201 0.005639 0.011192 -0.285960 0.958159
66.950000000 -31.451585 -19.470390 0.032209 0.005596 0.011318 -0.291103 0.956608
67.000000000 -31.423836 -19.459274 0.032216 0.005554 0.011444 -0.296240 0.955029
67.050000000 -31.396089 -19.448158 0.032224 0.005511 0.011570 -0.301370 0.953421
67.100000000 -31.368343 -19.437043 0.032232 0.005469 0.011697 -0.306494 0.951785
67.150000000 -31.340599 -19.425928 0.032241 0.005427 0.011825 -0.311611 0.950121
67.200000000 -31.312857 -19.414814 0.032250 0.005384 0.011953 -0.316722 0.948428
67.250000000 -31.285117 -19.403700 0.032259 0.005342 0.012081 -0.321826 0.946707
67.300000000 -31.257378 -19.392587 0.032268 0.005300 0.012209 -0.326923 0.944957
67.350000000 -31.229641 -19.381474 0.032278 0.005257 0.012338 -0.332013 0.943179
67.400000000 -31.201906 -19.370361 0.032288 0.005215 0.012467 -0.337096 0.941373
67.450000000 -31.174173 -19.359249 0.032298 0.005173 0.012596 -0.342172 0.939539
67.500000000 -31.146441 -19.348137 0.032309 0.005131 0.012726 -0.347241 0.937676
67.550000000 -31.118711 -19.337026 0.032320 0.005089 0.012855 -0.352301 0.935785
67.600000000 -31.090983 -19.325916 0.032331 0.005046 0.012985 -0.357354 0.933865
67.650000000 -31.063257 -19.314806 0.032342 0.005004 0.013115 -0.362400 0.931917
67.700000000 -31.035532 -19.303696 0.032353 0.004962 0.013245 -0.367437 0.929941
67.750000000 -31.007809 -19.292587 0.032365 0.004920 0.013375 -0.372467 0.927936
67.800000000 -30.980087 -19.281479 0.032377 0.004878 0.013506 -0.377488 0.925903
67.850000000 -30.952368 -19.270371 0.032389 0.004835 0.013636 -0.382500 0.923842
67.900000000 -30.924650 -19.259264 0.032401 0.004793 0.013767 -0.387505 0.921752
67.950000000 -30.896934 -19.248158 0.032414 0.004751 0.013897 -0.392501 0.919634
68.000000000 -30.869219 -19.237052 0.032426 0.004709 0.014027 -0.397488 0.917488
68.050000000 -30.841506 -19.225946 0.032439 0.004666 0.014158 -0.402466 0.915314
68.100000000 -30.813795 -19.214842 0.032452 0.004624 0.014288 -0.407435 0.913111
68.150000000 -30.786086 -19.203738 0.032465 0.004582 0.014419 -0.412395 0.910880
68.200000000 -30.758378 -19.192635 0.032478 0.004539 0.014549 -0.417346 0.908620
68.250000000 -30.730673 -19.181532 0.032491 0.004497 0.014679 -0.422287 0.906332
68.300000000 -30.702968 -19.170430 0.032504 0.004454 0.014809 -0.427219 0.904016
68.350000000 -30.675266 -19.159329 0.032518 0.004412 0.014939 -0.432141 0.901672
68.400000000 -30.647565 -19.148229 0.032531 0.004369 0.015068 -0.437053 0.899299
68.450000000 -30.619866 -19.137129 0.032545 0.004326 0.015198 -0.441955 0.896898
68.500000000 -30.592169 -19.126030 0.032558 0.004283 0.015327 -0.446847 0.894469
68.550000000 -30.564473 -19.114932 0.032572 0.004240 0.015456 -0.451728 0.892012
68.600000000 -30.536779 -19.103835 0.032585 0.004197 0.015585 -0.456600 0.889526
68.650000000 -30.509087 -19.092738 0.032599 0.004154 0.015713 -0.461460 0.887012
68.700000000 -30.481397 -19.081643 0.032613 0.004111 0.015841 -0.466310 0.884470
68.750000000 -30.453708 -19.070548 0.032627 0.004068 0.015969 -0.471149 0.881899
68.800000000 -30.426021 -19.059454 0.032641 0.004024 0.016097 -0.475977 0.879301
68.850000000 -30.398336 -19.048361 0.032654 0.003981 0.016224 -0.480794 0.876674
68.900000000 -30.370653 -19.037269 0.032668 0.003937 0.016351 -0.485600 0.874019
68.950000000 -30.342971 -19.026178 0.032682 0.003894 0.016478 -0.490394 0.871336
69.000000000 -30.315291 -19.015088 0.032696 0.003850 0.016604 -0.495176 0.868625
69.050000000 -30.287613 -19.003999 0.032710 0.003806 0.016730 -0.499947 0.865886
69.100000000 -30.259936 -18.992910 0.032724 0.003762 0.016855 -0.504706 0.863119
69.150000000 -30.232262 -18.981823 0.032737 0.003718 0.016980 -0.509453 0.860323
69.200000000 -30.204589 -18.970737 0.032751 0.003673 0.017105 -0.514187 0.857500
69.250000000 -30.176918 -18.959652 0.032765 0.003629 0.017230 -0.518909 0.854648
69.300000000 -30.149248 -18.948568 0.032779 0.003584 0.017353 -0.523618 0.851769
69.350000000 -30.121581 -18.937485 0.032793 0.003540 0.017477 -0.528315 0.848861
69.400000000 -30.093915 -18.926402 0.032807 0.003495 0.017600 -0.532998 0.845926
69.450000000 -30.066250 -18.915321 0.032820 0.003450 0.017723 -0.537669 0.842963
69.500000000 -30.038587 -18.904242 0.032834 0.003405 0.017845 -0.542325 0.839972
69.550000000 -30.010926 -18.893163 0.032848 0.003360 0.017967 -0.546968 0.836954
69.600000000 -29.983267 -18.882085 0.032862 0.003306 0.018094 -0.551598 0.833907
69.650000000 -29.955609 -18.871008 0.032875 0.003257 0.018217 -0.556214 0.830833
69.700000000 -29.927953 -18.859933 0.032889 0.003211 0.018338 -0.560815 0.827732
69.750000000 -29.900299 -18.848859 0.032903 0.003166 0.018458 -0.565402 0.824603
69.800000000 -29.872646 -18.837785 0.032917 0.003121 0.018577 -0.569975 0.821446
69.850000000 -29.844995 -18.826714 0.032930 0.003075 0.018696 -0.574533 0.818262
69.900000000 -29.817346 -18.815643 0.032944 0.003030 0.018814 -0.579076 0.815051
69.950000000 -29.789698 -18.804573 0.032958 0.002984 0.018932 -0.583605 0.811812
70.000000000 -29.762052 -18.793505 0.032972 0.002938 0.019050 -0.588118 0.808546
70.050000000 -29.734407 -18.782438 0.032985 0.002892 0.019167 -0.592616 0.805252
70.100000000 -29.706765 -18.771372 0.032999 0.002845 0.019284 -0.597098 0.801932
70.150000000 -29.679123 -18.760308 0.033013 0.002799 0.019400 -0.601564 0.798584
70.200000000 -29.651484 -18.749245 0.033026 0.002752 0.019516 -0.606014 0.795209
70.250000000 -29.623846 -18.738183 0.033040 0.002706 0.019631 -0.610449 0.791808
70.300000000 -29.596209 -18.727122 0.033054 0.002659 0.019745 -0.614866 0.788380
70.350000000 -29.568574 -18.716063 0.033068 0.002613 0.019860 -0.619267 0.784925
70.400000000 -29.540941 -18.705005 0.033081 0.002566 0.019973 -0.623652 0.781443
70.450000000 -29.513402 -18.693529 0.033080 0.002518 0.020085 -0.628019 0.777935
70.500000000 -29.486043 -18.681231 0.033051 0.002468 0.020195 -0.632369 0.774400
70.550000000 -29.458852 -18.668110 0.032992 0.002417 0.020301 -0.636702 0.770839
70.600000000 -29.431822 -18.654163 0.032904 0.002363 0.020404 -0.641017 0.767252
70.650000000 -29.404943 -18.639389 0.032788 0.002307 0.020505 -0.645315 0.763638
70.700000000 -29.378205 -18.623787 0.032643 0.002250 0.020603 -0.649594 0.759999
70.750000000 -29.351599 -18.607355 0.032469 0.002190 0.020698 -0.653855 0.756333
70.800000000 -29.325115 -18.590091 0.032267 0.002129 0.020791 -0.658098 0.752642
70.850000000 -29.298745 -18.571995 0.032037 0.002066 0.020881 -0.662323 0.748925
70.900000000 -29.272479 -18.553065 0.031779 0.002002 0.020970 -0.666529 0.745182
70.950000000 -29.246309 -18.533300 0.031493 0.001936 0.021056 -0.670717 0.741412
71.000000000 -29.220226 -18.512697 0.031179 0.001869 0.021140 -0.674889 0.737614
71.050000000 -29.194223 -18.491255 0.030837 0.001801 0.021222 -0.679047 0.733786
71.100000000 -29.168292 -18.468971 0.030468 0.001731 0.021303 -0.683194 0.729924
71.150000000 -29.142428 -18.445844 0.030071 0.001660 0.021382 -0.687333 0.726026
71.200000000 -29.116621 -18.421872 0.029647 0.001588 0.021460 -0.691466 0.722088
71.250000000 -29.090866 -18.397054 0.029195 0.001514 0.021537 -0.695598 0.718107
71.300000000 -29.065157 -18.371387 0.028716 0.001440 0.021612 -0.699730 0.714079
71.350000000 -29.039486 -18.344871 0.028210 0.001363 0.021686 -0.703868 0.709998
71.400000000 -29.013847 -18.317503 0.027677 0.001286 0.021760 -0.708016 0.705860
71.450000000 -28.988235 -18.289284 0.027117 0.001207 0.021832 -0.712178 0.701658
71.500000000 -28.962644 -18.260211 0.026530 0.001127 0.021904 -0.716359 0.697387
71.550000000 -28.937068 -18.230284 0.025917 0.001045 0.021975 -0.720563 0.693040
71.600000000 -28.911502 -18.199502 0.025276 0.000961 0.022045 -0.724797 0.688609
71.650000000 -28.885941 -18.167865 0.024609 0.000875 0.022114 -0.729066 0.684086
71.700000000 -28.860380 -18.135371 0.023915 0.000786 0.022183 -0.733375 0.679461
71.750000000 -28.834815 -18.102020 0.023194 0.000695 0.022251 -0.737733 0.674726
71.800000000 -28.809242 -18.067812 0.022446 0.000601 0.022317 -0.742144 0.669869
71.850000000 -28.783656 -18.032748 0.021671 0.000504 0.022383 -0.746616 0.664878
71.900000000 -28.758054 -17.996827 0.020870 0.000403 0.022447 -0.751156 0.659743
71.950000000 -28.732422 -17.960052 0.020042 0.000299 0.022511 -0.755759 0.654462
72.000000000 -28.706740 -17.922429 0.019188 0.000191 0.022573 -0.760411 0.649050
72.050000000 -28.680984 -17.883962 0.018309 0.000080 0.022633 -0.765096 0.643519
72.100000000 -28.655131 -17.844657 0.017405 -0.000033 0.022691 -0.769798 0.637884
72.150000000 -28.629159 -17.804517 0.016477 -0.000149 0.022748 -0.774503 0.632161
72.200000000 -28.603043 -17.763549 0.015526 -0.000267 0.022803 -0.779196 0.626366
72.250000000 -28.576761 -17.721755 0.014553 -0.000386 0.022856 -0.783862 0.620514
72.300000000 -28.550288 -17.679143 0.013558 -0.000506 0.022907 -0.788489 0.614622
72.350000000 -28.523603 -17.635717 0.012541 -0.000627 0.022955 -0.793062 0.608707
72.400000000 -28.496681 -17.591483 0.011504 -0.000748 0.023002 -0.797570 0.602787
72.450000000 -28.469500 -17.546449 0.010448 -0.000869 0.023047 -0.802001 0.596877
72.500000000 -28.442038 -17.500621 0.009372 -0.000990 0.023089 -0.806344 0.590995
72.550000000 -28.414274 -17.454005 0.008278 -0.001109 0.023130 -0.810588 0.585159
72.600000000 -28.386187 -17.406609 0.007166 -0.001228 0.023168 -0.814725 0.579383
72.650000000 -28.357738 -17.358446 0.006038 -0.001337 0.023195 -0.818727 0.573713
72.700000000 -28.328860 -17.309542 0.004896 -0.001446 0.023227 -0.822531 0.568243
72.750000000 -28.299547 -17.259901 0.003741 -0.001552 0.023260 -0.826148 0.562971
72.800000000 -28.269784 -17.209532 0.002573 -0.001653 0.023293 -0.829574 0.557909
72.850000000 -28.239555 -17.158444 0.001394 -0.001749 0.023324 -0.832805 0.553071
72.900000000 -28.208844 -17.106645 0.000202 -0.001838 0.023354 -0.835838 0.548476
72.950000000 -28.177636 -17.054144 -0.001000 -0.001921 0.023383 -0.838668 0.544137
73.000000000 -28.145916 -17.000951 -0.002213 -0.001997 0.023412 -0.841292 0.540070
73.050000000 -28.113672 -16.947074 -0.003435 -0.002065 0.023439 -0.843706 0.536290
73.100000000 -28.080890 -16.892522 -0.004667 -0.002126 0.023467 -0.845905 0.532812
73.150000000 -28.047558 -16.837305 -0.005907 -0.002180 0.023494 -0.847887 0.529652
73.200000000 -28.013663 -16.781434 -0.007155 -0.002224 0.023522 -0.849644 0.526827
73.250000000 -27.979194 -16.724917 -0.008411 -0.002260 0.023549 -0.851172 0.524354
73.300000000 -27.944139 -16.667766 -0.009674 -0.002286 0.023577 -0.852462 0.522252
73.350000000 -27.908485 -16.609991 -0.010943 -0.002302 0.023605 -0.853509 0.520539
73.400000000 -27.872224 -16.551604 -0.012218 -0.002308 0.023634 -0.854302 0.519234
73.450000000 -27.835357 -16.492607 -0.013499 -0.002303 0.023664 -0.854848 0.518333
73.500000000 -27.797900 -16.432995 -0.014787 -0.002288 0.023695 -0.855165 0.517809
73.550000000 -27.759868 -16.372763 -0.016082 -0.002264 0.023726 -0.855270 0.517634
73.600000000 -27.721278 -16.311902 -0.017385 -0.002232 0.023758 -0.855180 0.517781
73.650000000 -27.682145 -16.250406 -0.018698 -0.002192 0.023790 -0.854913 0.518222
73.700000000 -27.642483 -16.188265 -0.020022 -0.002146 0.023822 -0.854482 0.518930
73.750000000 -27.602309 -16.125470 -0.021356 -0.002093 0.023855 -0.853904 0.519880
73.800000000 -27.561636 -16.062011 -0.022703 -0.002034 0.023888 -0.853193 0.521045
73.850000000 -27.520482 -15.997880 -0.024063 -0.001971 0.023922 -0.852362 0.522401
73.900000000 -27.478858 -15.933066 -0.025437 -0.001904 0.023955 -0.851426 0.523924
73.950000000 -27.436781 -15.867559 -0.026825 -0.001833 0.023988 -0.850397 0.525591
74.000000000 -27.394263 -15.801349 -0.028230 -0.001759 0.024021 -0.849288 0.527381
74.050000000 -27.351317 -15.734428 -0.029652 -0.001683 0.024053 -0.848109 0.529272
74.100000000 -27.307958 -15.666786 -0.031091 -0.001606 0.024085 -0.846873 0.531247
74.150000000 -27.264198 -15.598414 -0.032548 -0.001527 0.024117 -0.845590 0.533286
74.200000000 -27.220048 -15.529303 -0.034025 -0.001448 0.024148 -0.844269 0.535373
74.250000000 -27.175520 -15.459445 -0.035522 -0.001369 0.024178 -0.842921 0.537493
74.300000000 -27.130625 -15.388833 -0.037039 -0.001290 0.024208 -0.841553 0.539630
74.350000000 -27.085374 -15.317459 -0.038578 -0.001212 0.024236 -0.840175 0.541773
74.400000000 -27.039777 -15.245318 -0.040139 -0.001135 0.024264 -0.838793 0.543908
74.450000000 -26.993844 -15.172403 -0.041722 -0.001059 0.024292 -0.837415 0.546027
74.500000000 -26.947583 -15.098709 -0.043328 -0.000985 0.024318 -0.836047 0.548118
74.550000000 -26.901003 -15.024232 -0.044957 -0.000914 0.024343 -0.834694 0.550174
74.600000000 -26.854113 -14.948968 -0.046611 -0.000844 0.024367 -0.833363 0.552188
74.650000000 -26.806918 -14.872912 -0.048288 -0.000777 0.024391 -0.832057 0.554154
74.700000000 -26.759427 -14.796062 -0.049990 -0.000712 0.024414 -0.830779 0.556066
74.750000000 -26.711658 -14.718406 -0.051718 -0.000656 0.024442 -0.829550 0.557897
74.800000000 -26.663851 -14.639802 -0.053484 -0.000614 0.024468 -0.828651 0.559230
74.850000000 -26.616133 -14.560187 -0.055294 -0.000591 0.024487 -0.828227 0.559857
74.900000000 -26.568522 -14.479564 -0.057149 -0.000591 0.024503 -0.828296 0.559755
74.950000000 -26.521002 -14.397952 -0.059047 -0.000613 0.024518 -0.828834 0.558957
75.000000000 -26.473499 -14.315401 -0.060984 -0.000654 0.024530 -0.829752 0.557593
75.050000000 -26.425945 -14.231947 -0.062956 -0.000711 0.024541 -0.830969 0.555777
75.100000000 -26.378281 -14.147621 -0.064961 -0.000780 0.024550 -0.832420 0.553601
75.150000000 -26.330456 -14.062448 -0.066996 -0.000860 0.024557 -0.834048 0.551145
75.200000000 -26.282424 -13.976449 -0.069058 -0.000948 0.024563 -0.835805 0.548476
75.250000000 -26.234144 -13.889642 -0.071145 -0.001041 0.024567 -0.837648 0.545656
75.300000000 -26.185578 -13.802042 -0.073257 -0.001139 0.024569 -0.839542 0.542738
75.350000000 -26.136693 -13.713665 -0.075389 -0.001239 0.024571 -0.841454 0.539768
75.400000000 -26.087457 -13.624521 -0.077543 -0.001340 0.024571 -0.843358 0.536789
75.450000000 -26.037846 -13.534625 -0.079715 -0.001442 0.024571 -0.845229 0.533837
75.500000000 -25.987835 -13.443988 -0.081904 -0.001542 0.024570 -0.847049 0.530944
75.550000000 -25.937406 -13.352620 -0.084110 -0.001639 0.024569 -0.848803 0.528135
75.600000000 -25.886540 -13.260531 -0.086332 -0.001734 0.024567 -0.850478 0.525434
75.650000000 -25.835224 -13.167728 -0.088568 -0.001825 0.024566 -0.852063 0.522859
75.700000000 -25.783445 -13.074217 -0.090818 -0.001911 0.024565 -0.853553 0.520423
75.750000000 -25.731195 -12.980005 -0.093081 -0.001993 0.024564 -0.854943 0.518136
75.800000000 -25.678493 -12.885146 -0.095357 -0.002070 0.024564 -0.856230 0.516007
75.850000000 -25.625623 -12.790190 -0.097630 -0.002140 0.024565 -0.857413 0.514038
75.900000000 -25.572663 -12.695285 -0.099898 -0.002205 0.024567 -0.858494 0.512231
75.950000000 -25.519615 -12.600430 -0.102160 -0.002263 0.024571 -0.859475 0.510582
76.000000000 -25.466481 -12.505625 -0.104417 -0.002316 0.024575 -0.860360 0.509088
76.050000000 -25.413266 -12.410867 -0.106669 -0.002363 0.024580 -0.861154 0.507744
76.100000000 -25.359972 -12.316155 -0.108917 -0.002406 0.024587 -0.861860 0.506543
76.150000000 -25.306604 -12.221487 -0.111160 -0.002444 0.024594 -0.862485 0.505478
76.200000000 -25.253167 -12.126861 -0.113399 -0.002477 0.024602 -0.863033 0.504541
76.250000000 -25.199666 -12.032273 -0.115634 -0.002506 0.024610 -0.863511 0.503724
76.300000000 -25.146105 -11.937722 -0.117866 -0.002532 0.024619 -0.863922 0.503016
76.350000000 -25.092490 -11.843204 -0.120094 -0.002555 0.024629 -0.864274 0.502411
76.400000000 -25.038825 -11.748716 -0.122320 -0.002574 0.024639 -0.864571 0.501899
76.450000000 -24.985115 -11.654257 -0.124543 -0.002591 0.024649 -0.864819 0.501472
76.500000000 -24.931364 -11.559823 -0.126764 -0.002606 0.024660 -0.865022 0.501121
76.550000000 -24.877511 -11.465453 -0.128979 -0.002609 0.024662 -0.865113 0.500964
76.600000000 -24.823191 -11.371388 -0.131169 -0.002591 0.024673 -0.864689 0.501695
76.650000000 -24.768336 -11.277693 -0.133327 -0.002545 0.024691 -0.863661 0.503461
76.700000000 -24.712982 -11.184364 -0.135457 -0.002472 0.024712 -0.862055 0.506207
76.750000000 -24.657249 -11.091326 -0.137563 -0.002377 0.024734 -0.859995 0.509698
76.800000000 -24.601247 -10.998504 -0.139653 -0.002266 0.024758 -0.857598 0.513719
76.850000000 -24.545061 -10.905834 -0.141732 -0.002145 0.024782 -0.854960 0.518097
76.900000000 -24.488758 -10.813262 -0.143803 -0.002017 0.024805 -0.852155 0.522698
76.950000000 -24.432392 -10.720744 -0.145870 -0.001885 0.024829 -0.849245 0.527411
77.000000000 -24.376006 -10.628243 -0.147935 -0.001752 0.024851 -0.846285 0.532148
77.050000000 -24.319637 -10.535732 -0.150002 -0.001620 0.024872 -0.843318 0.536836
77.100000000 -24.263317 -10.443187 -0.152072 -0.001491 0.024893 -0.840384 0.541418
77.150000000 -24.207071 -10.350592 -0.154145 -0.001366 0.024912 -0.837514 0.545845
77.200000000 -24.150922 -10.257932 -0.156224 -0.001246 0.024931 -0.834737 0.550083
77.250000000 -24.094883 -10.165198 -0.158310 -0.001133 0.024948 -0.832073 0.554104
77.300000000 -24.038968 -10.072382 -0.160402 -0.001026 0.024965 -0.829539 0.557889
77.350000000 -23.983186 -9.979481 -0.162501 -0.000926 0.024980 -0.827150 0.561426
77.400000000 -23.927541 -9.886491 -0.164608 -0.000833 0.024995 -0.824912 0.564707
77.450000000 -23.872036 -9.793413 -0.166723 -0.000748 0.025010 -0.822833 0.567732
77.500000000 -23.816673 -9.700247 -0.168845 -0.000671 0.025024 -0.820915 0.570501
77.550000000 -23.761450 -9.606996 -0.170975 -0.000601 0.025037 -0.819158 0.573020
77.600000000 -23.706364 -9.513662 -0.173112 -0.000538 0.025050 -0.817561 0.575297
77.650000000 -23.651410 -9.420250 -0.175257 -0.000482 0.025063 -0.816118 0.577341
77.700000000 -23.596584 -9.326763 -0.177408 -0.000432 0.025075 -0.814825 0.579164
77.750000000 -23.541938 -9.233174 -0.179568 -0.000399 0.025096 -0.813747 0.580677
77.800000000 -23.487793 -9.139310 -0.181754 -0.000387 0.025111 -0.813272 0.581341
77.850000000 -23.434199 -9.045165 -0.183968 -0.000401 0.025123 -0.813455 0.581085
77.900000000 -23.381179 -8.950745 -0.186211 -0.000444 0.025133 -0.814316 0.579877
77.950000000 -23.328700 -8.856083 -0.188479 -0.000514 0.025142 -0.815806 0.577778
78.000000000 -23.276642 -8.761243 -0.190766 -0.000605 0.025152 -0.817775 0.574987
78.050000000 -23.224901 -8.666278 -0.193069 -0.000712 0.025160 -0.820095 0.571674
78.100000000 -23.173389 -8.571224 -0.195382 -0.000830 0.025168 -0.822660 0.567975
78.150000000 -23.122037 -8.476112 -0.197702 -0.000956 0.025175 -0.825385 0.564008
78.200000000 -23.070783 -8.380964 -0.200026 -0.001087 0.025182 -0.828199 0.559867
78.250000000 -23.019575 -8.285799 -0.202352 -0.001220 0.025188 -0.831043 0.555636
78.300000000 -22.968372 -8.190635 -0.204679 -0.001353 0.025193 -0.833870 0.551384
78.350000000 -22.917139 -8.095485 -0.207004 -0.001485 0.025198 -0.836641 0.547170
78.400000000 -22.865847 -8.000363 -0.209326 -0.001613 0.025202 -0.839325 0.543043
78.450000000 -22.814474 -7.905281 -0.211644 -0.001737 0.025206 -0.841899 0.539044
78.500000000 -22.763001 -7.810247 -0.213957 -0.001856 0.025209 -0.844345 0.535204
78.550000000 -22.711417 -7.715269 -0.216265 -0.001970 0.025213 -0.846650 0.531548
78.600000000 -22.659711 -7.620352 -0.218567 -0.002077 0.025217 -0.848807 0.528096
78.650000000 -22.607878 -7.525500 -0.220862 -0.002177 0.025221 -0.850811 0.524861
78.700000000 -22.555914 -7.430716 -0.223151 -0.002271 0.025225 -0.852661 0.521850
78.750000000 -22.503818 -7.336002 -0.225433 -0.002357 0.025229 -0.854358 0.519067
78.800000000 -22.451593 -7.241357 -0.227708 -0.002437 0.025234 -0.855904 0.516513
78.850000000 -22.399239 -7.146781 -0.229977 -0.002511 0.025239 -0.857305 0.514184
78.900000000 -22.346762 -7.052273 -0.232239 -0.002578 0.025245 -0.858566 0.512075
78.950000000 -22.294168 -6.957832 -0.234495 -0.002638 0.025251 -0.859694 0.510178
79.000000000 -22.241461 -6.863454 -0.236745 -0.002693 0.025258 -0.860697 0.508483
79.050000000 -22.188648 -6.769137 -0.238990 -0.002742 0.025265 -0.861582 0.506981
79.100000000 -22.135736 -6.674878 -0.241229 -0.002787 0.025272 -0.862358 0.505660
79.150000000 -22.082733 -6.580672 -0.243464 -0.002826 0.025280 -0.863033 0.504507
79.200000000 -22.029644 -6.486517 -0.245694 -0.002861 0.025289 -0.863614 0.503511
79.250000000 -21.976478 -6.392409 -0.247919 -0.002891 0.025298 -0.864109 0.502660
79.300000000 -21.923264 -6.298384 -0.250140 -0.002918 0.025307 -0.864527 0.501940
79.350000000 -21.870311 -6.204965 -0.252344 -0.002942 0.025316 -0.864875 0.501339
79.400000000 -21.817719 -6.112311 -0.254528 -0.002962 0.025327 -0.865161 0.500845
79.450000000 -21.765496 -6.020420 -0.256693 -0.002979 0.025337 -0.865391 0.500447
79.500000000 -21.713650 -5.929286 -0.258837 -0.002993 0.025348 -0.865573 0.500133
79.550000000 -21.662185 -5.838906 -0.260963 -0.003006 0.025359 -0.865711 0.499893
79.600000000 -21.611107 -5.749277 -0.263070 -0.003017 0.025370 -0.865812 0.499717
79.650000000 -21.560421 -5.660396 -0.265158 -0.003026 0.025382 -0.865880 0.499598
79.700000000 -21.510132 -5.572261 -0.267229 -0.003034 0.025393 -0.865921 0.499527
79.750000000 -21.460244 -5.484868 -0.269281 -0.003041 0.025405 -0.865938 0.499497
79.800000000 -21.410758 -5.398216 -0.271315 -0.003047 0.025416 -0.865934 0.499502
79.850000000 -21.361680 -5.312302 -0.273331 -0.003053 0.025428 -0.865914 0.499537
79.900000000 -21.313011 -5.227126 -0.275330 -0.003057 0.025440 -0.865880 0.499595
79.950000000 -21.264754 -5.142685 -0.277311 -0.003062 0.025452 -0.865834 0.499674
80.000000000 -21.216910 -5.058979 -0.279275 -0.003066 0.025463 -0.865780 0.499768
80.050000000 -21.169482 -4.976007 -0.281222 -0.003069 0.025475 -0.865718 0.499874
80.100000000 -21.122470 -4.893767 -0.283151 -0.003073 0.025486 -0.865651 0.499990
80.150000000 -21.075876 -4.812258 -0.285063 -0.003077 0.025498 -0.865580 0.500112
80.200000000 -21.029701 -4.731480 -0.286958 -0.003080 0.025510 -0.865506 0.500238
80.250000000 -20.983946 -4.651434 -0.288836 -0.003084 0.025521 -0.865431 0.500368
80.300000000 -20.938610 -4.572117 -0.290697 -0.003087 0.025533 -0.865356 0.500497
80.350000000 -20.893696 -4.493530 -0.292541 -0.003091 0.025544 -0.865281 0.500627
80.400000000 -20.849203 -4.415672 -0.294368 -0.003094 0.025556 -0.865207 0.500754
80.450000000 -20.805131 -4.338544 -0.296177 -0.003098 0.025567 -0.865134 0.500879
80.500000000 -20.761481 -4.262145 -0.297970 -0.003102 0.025579 -0.865063 0.501001
80.550000000 -20.718253 -4.186476 -0.299746 -0.003106 0.025590 -0.864994 0.501119
80.600000000 -20.675447 -4.111536 -0.301504 -0.003110 0.025602 -0.864929 0.501232
80.650000000 -20.633063 -4.037325 -0.303246 -0.003115 0.025613 -0.864865 0.501341
80.700000000 -20.591100 -3.963843 -0.304971 -0.003119 0.025624 -0.864805 0.501444
80.750000000 -20.549560 -3.891091 -0.306679 -0.003124 0.025636 -0.864748 0.501542
80.800000000 -20.508441 -3.819068 -0.308369 -0.003128 0.025647 -0.864693 0.501635
80.850000000 -20.467743 -3.747775 -0.310043 -0.003133 0.025659 -0.864642 0.501723
80.900000000 -20.427467 -3.677212 -0.311699 -0.003138 0.025670 -0.864594 0.501806
80.950000000 -20.387612 -3.607378 -0.313339 -0.003143 0.025682 -0.864548 0.501883
81.000000000 -20.348178 -3.538274 -0.314961 -0.003148 0.025693 -0.864506 0.501956
81.050000000 -20.309165 -3.469900 -0.316567 -0.003154 0.025704 -0.864466 0.502023
81.100000000 -20.270572 -3.402256 -0.318155 -0.003159 0.025716 -0.864429 0.502086
81.150000000 -20.232400 -3.335342 -0.319727 -0.003165 0.025727 -0.864395 0.502144
81.200000000 -20.194648 -3.269159 -0.321281 -0.003170 0.025739 -0.864364 0.502198
81.250000000 -20.157315 -3.203706 -0.322818 -0.003176 0.025750 -0.864334 0.502248
81.300000000 -20.120403 -3.138983 -0.324338 -0.003182 0.025762 -0.864307 0.502294
81.350000000 -20.083910 -3.074992 -0.325841 -0.003188 0.025773 -0.864282 0.502336
81.400000000 -20.047836 -3.011730 -0.327327 -0.003194 0.025785 -0.864260 0.502374
81.450000000 -20.012182 -2.949200 -0.328795 -0.003200 0.025796 -0.864239 0.502410
81.500000000 -19.976947 -2.887400 -0.330247 -0.003206 0.025808 -0.864220 0.502442
81.550000000 -19.942130 -2.826332 -0.331681 -0.003212 0.025819 -0.864203 0.502471
81.600000000 -19.907732 -2.765994 -0.333098 -0.003218 0.025831 -0.864187 0.502497
81.650000000 -19.873753 -2.706388 -0.334499 -0.003225 0.025843 -0.864173 0.502521
81.700000000 -19.840192 -2.647513 -0.335882 -0.003231 0.025854 -0.864160 0.502542
81.750000000 -19.807049 -2.589369 -0.337247 -0.003237 0.025866 -0.864149 0.502561
81.800000000 -19.774325 -2.531957 -0.338596 -0.003244 0.025877 -0.864138 0.502578
81.850000000 -19.742019 -2.475276 -0.339927 -0.003250 0.025889 -0.864129 0.502593
81.900000000 -19.710130 -2.419326 -0.341242 -0.003257 0.025901 -0.864121 0.502607
81.950000000 -19.678660 -2.364108 -0.342539 -0.003263 0.025912 -0.864114 0.502618
82.000000000 -19.647477 -2.309393 -0.343824 -0.003270 0.025924 -0.864108 0.502628
82.050000000 -19.616304 -2.254694 -0.345109 -0.003276 0.025936 -0.864102 0.502637
82.100000000 -19.585132 -2.199994 -0.346394 -0.003283 0.025947 -0.864097 0.502645
82.150000000 -19.553960 -2.145294 -0.347679 -0.003290 0.025959 -0.864093 0.502651
82.200000000 -19.522789 -2.090594 -0.348964 -0.003296 0.025971 -0.864090 0.502656
82.250000000 -19.491619 -2.035893 -0.350249 -0.003303 0.025982 -0.864087 0.502660
82.300000000 -19.460449 -1.981193 -0.351534 -0.003310 0.025994 -0.864085 0.502663
82.350000000 -19.429280 -1.926491 -0.352819 -0.003316 0.026006 -0.864083 0.502665
82.400000000 -19.398111 -1.871790 -0.354104 -0.003323 0.026018 -0.864082 0.502667
82.450000000 -19.366943 -1.817089 -0.355390 -0.003330 0.026029 -0.864081 0.502668
82.500000000 -19.335775 -1.762387 -0.356675 -0.003336 0.026041 -0.864081 0.502668
82.550000000 -19.304607 -1.707685 -0.357960 -0.003343 0.026053 -0.864081 0.502667
82.600000000 -19.273439 -1.652983 -0.359245 -0.003350 0.026065 -0.864081 0.502666
82.650000000 -19.242272 -1.598281 -0.360530 -0.003357 0.026077 -0.864082 0.502665
82.700000000 -19.211105 -1.543579 -0.361815 -0.003364 0.026088 -0.864082 0.502663
82.750000000 -19.179939 -1.488876 -0.363100 -0.003370 0.026100 -0.864083 0.502660
82.800000000 -19.148772 -1.434174 -0.364385 -0.003377 0.026112 -0.864084 0.502658
82.850000000 -19.117574 -1.379492 -0.365668 -0.003376 0.026113 -0.864051 0.502715
82.900000000 -19.086215 -1.324914 -0.366942 -0.003371 0.026124 -0.863839 0.503079
82.950000000 -19.054677 -1.270458 -0.368205 -0.003356 0.026139 -0.863426 0.503786
83.000000000 -19.022959 -1.216129 -0.369457 -0.003332 0.026156 -0.862809 0.504842
83.050000000 -18.991078 -1.161917 -0.370698 -0.003297 0.026173 -0.862003 0.506217
83.100000000 -18.959061 -1.107806 -0.371931 -0.003254 0.026192 -0.861037 0.507857
83.150000000 -18.926930 -1.053782 -0.373157 -0.003205 0.026211 -0.859935 0.509720
83.200000000 -18.894704 -0.999833 -0.374376 -0.003150 0.026231 -0.858716 0.511771
83.250000000 -18.862399 -0.945947 -0.375590 -0.003089 0.026251 -0.857397 0.513977
83.300000000 -18.830028 -0.892114 -0.376800 -0.003025 0.026271 -0.855993 0.516311
83.350000000 -18.797603 -0.838325 -0.378006 -0.002958 0.026291 -0.854517 0.518750
83.400000000 -18.765135 -0.784572 -0.379209 -0.002888 0.026312 -0.852982 0.521269
83.450000000 -18.732634 -0.730846 -0.380410 -0.002816 0.026332 -0.851399 0.523850
83.500000000 -18.700110 -0.677139 -0.381610 -0.002742 0.026353 -0.849779 0.526472
83.550000000 -18.667571 -0.623446 -0.382808 -0.002668 0.026373 -0.848132 0.529121
83.600000000 -18.635024 -0.569760 -0.384006 -0.002593 0.026393 -0.846468 0.531779
83.650000000 -18.602476 -0.516074 -0.385203 -0.002518 0.026413 -0.844793 0.534434
83.700000000 -18.569934 -0.462384 -0.386401 -0.002443 0.026433 -0.843118 0.537074
83.750000000 -18.537404 -0.408687 -0.387600 -0.002369 0.026452 -0.841448 0.539686
83.800000000 -18.504890 -0.354978 -0.388799 -0.002296 0.026471 -0.839790 0.542261
83.850000000 -18.472399 -0.301254 -0.390000 -0.002224 0.026489 -0.838151 0.544790
83.900000000 -18.439935 -0.247513 -0.391202 -0.002153 0.026507 -0.836536 0.547266
83.950000000 -18.407500 -0.193752 -0.392407 -0.002085 0.026525 -0.834950 0.549683
84.000000000 -18.375099 -0.139968 -0.393613 -0.002018 0.026543 -0.833396 0.552034
84.050000000 -18.342734 -0.086161 -0.394821 -0.001953 0.026560 -0.831880 0.554315
84.100000000 -18.310407 -0.032328 -0.396031 -0.001891 0.026577 -0.830405 0.556523
84.150000000 -18.278121 0.021531 -0.397244 -0.001830 0.026593 -0.828973 0.558654
84.200000000 -18.245878 0.075417 -0.398459 -0.001772 0.026609 -0.827586 0.560705
84.250000000 -18.213678 0.129332 -0.399677 -0.001717 0.026625 -0.826247 0.562675
84.300000000 -18.181522 0.183274 -0.400897 -0.001664 0.026641 -0.824958 0.564563
84.350000000 -18.149412 0.237245 -0.402120 -0.001613 0.026656 -0.823719 0.566368
84.400000000 -18.117348 0.291245 -0.403346 -0.001565 0.026671 -0.822532 0.568090
84.450000000 -18.085329 0.345273 -0.404574 -0.001520 0.026686 -0.821398 0.569729
84.500000000 -18.053357 0.399329 -0.405805 -0.001477 0.026701 -0.820315 0.571286
84.550000000 -18.021430 0.453413 -0.407038 -0.001437 0.026715 -0.819286 0.572761
84.600000000 -17.989548 0.507524 -0.408274 -0.001399 0.026730 -0.818308 0.574156
84.650000000 -17.957711 0.561662 -0.409513 -0.001363 0.026744 -0.817383 0.575472
84.700000000 -17.925918 0.615825 -0.410754 -0.001330 0.026758 -0.816509 0.576710
84.750000000 -17.894168 0.670014 -0.411997 -0.001300 0.026772 -0.815686 0.577874
84.800000000 -17.862460 0.724228 -0.413243 -0.001271 0.026786 -0.814912 0.578964
84.850000000 -17.830793 0.778465 -0.414491 -0.001245 0.026799 -0.814187 0.579983
84.900000000 -17.799166 0.832726 -0.415741 -0.001221 0.026813 -0.813509 0.580933
84.950000000 -17.767578 0.887008 -0.416994 -0.001199 0.026826 -0.812877 0.581816
85.000000000 -17.736027 0.941311 -0.418248 -0.001179 0.026840 -0.812289 0.582636
85.050000000 -17.704513 0.995635 -0.419505 -0.001161 0.026853 -0.811745 0.583393
85.100000000 -17.673033 1.049977 -0.420763 -0.001145 0.026867 -0.811242 0.584092
85.150000000 -17.641586 1.104339 -0.422023 -0.001131 0.026880 -0.810779 0.584734
85.200000000 -17.610172 1.158717 -0.423285 -0.001118 0.026893 -0.810354 0.585322
85.250000000 -17.578788 1.213113 -0.424548 -0.001107 0.026906 -0.809966 0.585859
85.300000000 -17.547433 1.267524 -0.425814 -0.001097 0.026919 -0.809612 0.586347
85.350000000 -17.516105 1.321950 -0.427080 -0.001089 0.026933 -0.809292 0.586788
85.400000000 -17.484804 1.376390 -0.428348 -0.001083 0.026946 -0.809003 0.587185
85.450000000 -17.453527 1.430843 -0.429618 -0.001078 0.026959 -0.808745 0.587541
85.500000000 -17.422274 1.485308 -0.430888 -0.001074 0.026972 -0.808514 0.587857
85.550000000 -17.391043 1.539786 -0.432160 -0.001071 0.026985 -0.808310 0.588137
85.600000000 -17.359833 1.594274 -0.433433 -0.001069 0.026998 -0.808131 0.588382
85.650000000 -17.328643 1.648772 -0.434707 -0.001068 0.027011 -0.807976 0.588595
85.700000000 -17.297470 1.703280 -0.435982 -0.001068 0.027024 -0.807842 0.588778
85.750000000 -17.266314 1.757797 -0.437257 -0.001069 0.027037 -0.807729 0.588933
85.800000000 -17.235174 1.812321 -0.438534 -0.001071 0.027050 -0.807635 0.589061
85.850000000 -17.204049 1.866854 -0.439811 -0.001074 0.027063 -0.807559 0.589165
85.900000000 -17.172937 1.921393 -0.441089 -0.001078 0.027077 -0.807499 0.589247
85.950000000 -17.141838 1.975938 -0.442368 -0.001082 0.027090 -0.807453 0.589308
86.000000000 -17.110750 2.030490 -0.443648 -0.001086 0.027103 -0.807422 0.589350
86.050000000 -17.079673 2.085047 -0.444927 -0.001091 0.027116 -0.807403 0.589375
86.100000000 -17.048605 2.139608 -0.446208 -0.001097 0.027129 -0.807396 0.589385
86.150000000 -17.017546 2.194174 -0.447489 -0.001103 0.027142 -0.807399 0.589380
86.200000000 -16.986494 2.248744 -0.448770 -0.001110 0.027155 -0.807412 0.589362
86.250000000 -16.955450 2.303318 -0.450052 -0.001117 0.027168 -0.807433 0.589332
86.300000000 -16.924411 2.357895 -0.451334 -0.001124 0.027181 -0.807462 0.589292
86.350000000 -16.893379 2.412474 -0.452616 -0.001132 0.027194 -0.807497 0.589243
86.400000000 -16.862351 2.467056 -0.453898 -0.001140 0.027208 -0.807538 0.589186
86.450000000 -16.831327 2.521640 -0.455181 -0.001148 0.027221 -0.807584 0.589122
86.500000000 -16.800307 2.576226 -0.456464 -0.001156 0.027234 -0.807635 0.589052
86.550000000 -16.769291 2.630814 -0.457747 -0.001164 0.027247 -0.807690 0.588977
86.600000000 -16.738277 2.685403 -0.459030 -0.001173 0.027260 -0.807747 0.588897
86.650000000 -16.707265 2.739992 -0.460313 -0.001182 0.027273 -0.807807 0.588814
86.700000000 -16.676254 2.794583 -0.461597 -0.001190 0.027287 -0.807870 0.588728
86.750000000 -16.645245 2.849175 -0.462880 -0.001199 0.027300 -0.807934 0.588640
86.800000000 -16.614237 2.903767 -0.464163 -0.001208 0.027313 -0.807998 0.588550
86.850000000 -16.583230 2.958359 -0.465447 -0.001217 0.027326 -0.808064 0.588459
86.900000000 -16.552223 3.012951 -0.466730 -0.001226 0.027339 -0.808130 0.588368
86.950000000 -16.521216 3.067544 -0.468014 -0.001235 0.027353 -0.808196 0.588277
87.000000000 -16.490208 3.122136 -0.469297 -0.001244 0.027366 -0.808262 0.588186
87.050000000 -16.459201 3.176728 -0.470581 -0.001253 0.027379 -0.808327 0.588096
87.100000000 -16.428192 3.231319 -0.471864 -0.001261 0.027392 -0.808391 0.588007
87.150000000 -16.397183 3.285910 -0.473147 -0.001270 0.027406 -0.808455 0.587919
87.200000000 -16.366173 3.340501 -0.474431 -0.001279 0.027419 -0.808517 0.587833
87.250000000 -16.335161 3.395090 -0.475714 -0.001288 0.027432 -0.808577 0.587749
87.300000000 -16.304149 3.449679 -0.476997 -0.001296 0.027445 -0.808637 0.587667
87.350000000 -16.273135 3.504268 -0.478280 -0.001305 0.027459 -0.808694 0.587587
87.400000000 -16.242120 3.558855 -0.479563 -0.001314 0.027472 -0.808750 0.587509
87.450000000 -16.211103 3.613441 -0.480846 -0.001322 0.027485 -0.808804 0.587434
87.500000000 -16.180085 3.668026 -0.482128 -0.001330 0.027498 -0.808856 0.587362
87.550000000 -16.149065 3.722611 -0.483411 -0.001339 0.027512 -0.808906 0.587293
87.600000000 -16.118044 3.777194 -0.484694 -0.001347 0.027525 -0.808954 0.587226
87.650000000 -16.087021 3.831776 -0.485976 -0.001355 0.027538 -0.809000 0.587162
87.700000000 -16.055996 3.886358 -0.487258 -0.001363 0.027552 -0.809044 0.587100
87.750000000 -16.024970 3.940938 -0.488541 -0.001371 0.027565 -0.809086 0.587042
87.800000000 -15.993942 3.995517 -0.489823 -0.001379 0.027578 -0.809126 0.586986
87.850000000 -15.962912 4.050095 -0.491105 -0.001387 0.027592 -0.809164 0.586934
87.900000000 -15.931881 4.104672 -0.492387 -0.001394 0.027605 -0.809199 0.586884
87.950000000 -15.900848 4.159248 -0.493668 -0.001402 0.027618 -0.809233 0.586836
88.000000000 -15.869814 4.213823 -0.494950 -0.001410 0.027632 -0.809265 0.586792
88.050000000 -15.838778 4.268397 -0.496232 -0.001417 0.027645 -0.809295 0.586750
88.100000000 -15.807740 4.322971 -0.497513 -0.001424 0.027658 -0.809323 0.586711
88.150000000 -15.776701 4.377543 -0.498794 -0.001432 0.027672 -0.809349 0.586674
88.200000000 -15.745661 4.432114 -0.500076 -0.001439 0.027685 -0.809374 0.586639
88.250000000 -15.714620 4.486685 -0.501357 -0.001446 0.027698 -0.809397 0.586607
88.300000000 -15.683576 4.541254 -0.502638 -0.001453 0.027712 -0.809418 0.586577
88.350000000 -15.652532 4.595823 -0.503919 -0.001460 0.027725 -0.809437 0.586550
88.400000000 -15.621487 4.650391 -0.505200 -0.001467 0.027739 -0.809455 0.586524
88.450000000 -15.590440 4.704958 -0.506481 -0.001474 0.027752 -0.809472 0.586501
88.500000000 -15.559392 4.759525 -0.507762 -0.001481 0.027765 -0.809487 0.586479
88.550000000 -15.528343 4.814091 -0.509043 -0.001488 0.027779 -0.809500 0.586460
88.600000000 -15.497293 4.868656 -0.510323 -0.001495 0.027792 -0.809513 0.586442
88.650000000 -15.466242 4.923220 -0.511604 -0.001501 0.027806 -0.809524 0.586426
88.700000000 -15.435190 4.977784 -0.512884 -0.001508 0.027819 -0.809534 0.586411
88.750000000 -15.404138 5.032348 -0.514165 -0.001515 0.027833 -0.809543 0.586398
88.800000000 -15.373084 5.086911 -0.515445 -0.001521 0.027846 -0.809551 0.586386
88.850000000 -15.342030 5.141473 -0.516726 -0.001528 0.027859 -0.809558 0.586376
88.900000000 -15.310975 5.196035 -0.518006 -0.001534 0.027873 -0.809564 0.586367
88.950000000 -15.279919 5.250596 -0.519286 -0.001541 0.027886 -0.809570 0.586359
89.000000000 -15.248863 5.305157 -0.520566 -0.001547 0.027900 -0.809574 0.586352
89.050000000 -15.217806 5.359718 -0.521847 -0.001553 0.027913 -0.809578 0.586347
89.100000000 -15.186748 5.414278 -0.523127 -0.001560 0.027927 -0.809581 0.586342
89.150000000 -15.155690 5.468838 -0.524407 -0.001566 0.027940 -0.809583 0.586338
89.200000000 -15.124631 5.523398 -0.525687 -0.001573 0.027954 -0.809585 0.586335
89.250000000 -15.093572 5.577957 -0.526967 -0.001579 0.027967 -0.809586 0.586333
89.300000000 -15.062513 5.632517 -0.528247 -0.001585 0.027981 -0.809587 0.586331
89.350000000 -15.031453 5.687076 -0.529527 -0.001591 0.027994 -0.809587 0.586330
89.400000000 -15.000393 5.741634 -0.530807 -0.001598 0.028008 -0.809587 0.586330
89.450000000 -14.969333 5.796193 -0.532087 -0.001604 0.028021 -0.809586 0.586330
89.500000000 -14.938272 5.850751 -0.533366 -0.001610 0.028035 -0.809585 0.586330
89.550000000 -14.907211 5.905309 -0.534646 -0.001617 0.028048 -0.809584 0.586331
89.600000000 -14.876150 5.959867 -0.535926 -0.001623 0.028062 -0.809582 0.586333
89.650000000 -14.845089 6.014425 -0.537206 -0.001629 0.028075 -0.809581 0.586335
89.700000000 -14.814027 6.068983 -0.538486 -0.001635 0.028089 -0.809579 0.586337
89.750000000 -14.782965 6.123541 -0.539765 -0.001641 0.028102 -0.809577 0.586339
89.800000000 -14.751904 6.178098 -0.541045 -0.001648 0.028116 -0.809574 0.586342
89.850000000 -14.720842 6.232656 -0.542325 -0.001654 0.028130 -0.809572 0.586344
89.900000000 -14.689780 6.287213 -0.543605 -0.001660 0.028143 -0.809569 0.586347
89.950000000 -14.658718 6.341771 -0.544884 -0.001666 0.028157 -0.809566 0.586350
90.000000000 -14.627656 6.396328 -0.546164 -0.001672 0.028170 -0.809564 0.586353
90.050000000 -14.596600 6.450889 -0.547444 -0.001684 0.028191 -0.809569 0.586344
90.100000000 -14.565673 6.505514 -0.548731 -0.001702 0.028209 -0.809728 0.586124
90.150000000 -14.534938 6.560231 -0.550030 -0.001727 0.028222 -0.810116 0.585587
90.200000000 -14.504398 6.615037 -0.551339 -0.001762 0.028233 -0.810734 0.584730
90.250000000 -14.474049 6.669928 -0.552659 -0.001809 0.028243 -0.811576 0.583561
90.300000000 -14.443863 6.724889 -0.553988 -0.001865 0.028253 -0.812606 0.582125
90.350000000 -14.413815 6.779906 -0.555324 -0.001928 0.028263 -0.813793 0.580464
90.400000000 -14.383884 6.834969 -0.556666 -0.001998 0.028272 -0.815111 0.578611
90.450000000 -14.354052 6.890071 -0.558014 -0.002074 0.028280 -0.816538 0.576595
90.500000000 -14.324302 6.945203 -0.559366 -0.002154 0.028288 -0.818054 0.574441
90.550000000 -14.294622 7.000361 -0.560721 -0.002238 0.028296 -0.819642 0.572172
90.600000000 -14.264996 7.055539 -0.562080 -0.002325 0.028303 -0.821286 0.569810
90.650000000 -14.235415 7.110733 -0.563440 -0.002415 0.028310 -0.822971 0.567373
90.700000000 -14.205865 7.165937 -0.564803 -0.002506 0.028316 -0.824684 0.564879
90.750000000 -14.176337 7.221150 -0.566166 -0.002598 0.028322 -0.826414 0.562344
90.800000000 -14.146823 7.276366 -0.567531 -0.002691 0.028328 -0.828151 0.559782
90.850000000 -14.117313 7.331583 -0.568895 -0.002784 0.028333 -0.829884 0.557209
90.900000000 -14.087983 7.386355 -0.570247 -0.002877 0.028338 -0.831606 0.554636
90.950000000 -14.058967 7.440346 -0.571575 -0.002967 0.028345 -0.833308 0.552073
91.000000000 -14.030264 7.493554 -0.572881 -0.003055 0.028352 -0.834986 0.549532
91.050000000 -14.001876 7.545979 -0.574164 -0.003141 0.028359 -0.836634 0.547019
91.100000000 -13.973802 7.597621 -0.575424 -0.003225 0.028367 -0.838247 0.544543
91.150000000 -13.946044 7.648481 -0.576662 -0.003306 0.028376 -0.839823 0.542108
91.200000000 -13.918603 7.698559 -0.577877 -0.003384 0.028385 -0.841359 0.539720
91.250000000 -13.891482 7.747857 -0.579069 -0.003460 0.028394 -0.842852 0.537384
91.300000000 -13.864683 7.796375 -0.580239 -0.003534 0.028404 -0.844302 0.535102
91.350000000 -13.838209 7.844114 -0.581388 -0.003604 0.028415 -0.845708 0.532877
91.400000000 -13.812063 7.891076 -0.582514 -0.003673 0.028425 -0.847068 0.530712
91.450000000 -13.786248 7.937262 -0.583619 -0.003738 0.028436 -0.848382 0.528607
91.500000000 -13.760768 7.982673 -0.584702 -0.003802 0.028448 -0.849651 0.526564
91.550000000 -13.735627 8.027312 -0.585763 -0.003863 0.028459 -0.850875 0.524582
91.600000000 -13.710827 8.071180 -0.586804 -0.003921 0.028471 -0.852054 0.522664
91.650000000 -13.686373 8.114279 -0.587823 -0.003977 0.028483 -0.853190 0.520807
91.700000000 -13.662268 8.156609 -0.588822 -0.004032 0.028495 -0.854282 0.519013
91.750000000 -13.638516 8.198175 -0.589800 -0.004083 0.028508 -0.855332 0.517279
91.800000000 -13.615121 8.238976 -0.590758 -0.004133 0.028521 -0.856341 0.515606
91.850000000 -13.592087 8.279015 -0.591696 -0.004181 0.028533 -0.857310 0.513992
91.900000000 -13.569416 8.318293 -0.592613 -0.004227 0.028546 -0.858241 0.512436
91.950000000 -13.547114 8.356813 -0.593511 -0.004271 0.028560 -0.859133 0.510936
92.000000000 -13.525182 8.394576 -0.594389 -0.004314 0.028573 -0.859990 0.509492
92.050000000 -13.503625 8.431585 -0.595248 -0.004354 0.028586 -0.860812 0.508101
92.100000000 -13.482446 8.467839 -0.596087 -0.004394 0.028600 -0.861600 0.506763
92.150000000 -13.461577 8.503471 -0.596910 -0.004431 0.028613 -0.862355 0.505475
92.200000000 -13.440715 8.539025 -0.597730 -0.004468 0.028627 -0.863079 0.504237
92.250000000 -13.419826 8.574564 -0.598550 -0.004504 0.028639 -0.863772 0.503047
92.300000000 -13.398909 8.610087 -0.599368 -0.004540 0.028652 -0.864436 0.501906
92.350000000 -13.377967 8.645596 -0.600185 -0.004574 0.028665 -0.865069 0.500812
92.400000000 -13.356998 8.681090 -0.601001 -0.004608 0.028677 -0.865674 0.499765
92.450000000 -13.336005 8.716570 -0.601816 -0.004641 0.028689 -0.866251 0.498763
92.500000000 -13.314987 8.752036 -0.602630 -0.004673 0.028700 -0.866801 0.497806
92.550000000 -13.293945 8.787487 -0.603443 -0.004705 0.028712 -0.867324 0.496892
92.600000000 -13.272880 8.822925 -0.604255 -0.004735 0.028723 -0.867822 0.496022
92.650000000 -13.251862 8.858232 -0.605063 -0.004765 0.028735 -0.868294 0.495193
92.700000000 -13.231212 8.892867 -0.605854 -0.004794 0.028746 -0.868743 0.494405
92.750000000 -13.210972 8.926767 -0.606628 -0.004821 0.028758 -0.869169 0.493655
92.800000000 -13.191144 8.959931 -0.607384 -0.004848 0.028769 -0.869573 0.492942
92.850000000 -13.171730 8.992361 -0.608122 -0.004873 0.028781 -0.869956 0.492264
92.900000000 -13.152733 9.024059 -0.608843 -0.004898 0.028793 -0.870320 0.491620
92.950000000 -13.134154 9.055025 -0.609546 -0.004921 0.028805 -0.870665 0.491007
93.000000000 -13.115995 9.085261 -0.610232 -0.004944 0.028817 -0.870993 0.490424
93.050000000 -13.098258 9.114767 -0.610900 -0.004966 0.028829 -0.871304 0.489870
93.100000000 -13.080944 9.143544 -0.611552 -0.004987 0.028841 -0.871600 0.489344
93.150000000 -13.064056 9.171595 -0.612186 -0.005008 0.028853 -0.871880 0.488843
93.200000000 -13.047595 9.198919 -0.612804 -0.005028 0.028866 -0.872146 0.488367
93.250000000 -13.031562 9.225517 -0.613404 -0.005047 0.028878 -0.872399 0.487914
93.300000000 -13.015959 9.251390 -0.613988 -0.005065 0.028890 -0.872640 0.487483
93.350000000 -13.000787 9.276540 -0.614555 -0.005083 0.028903 -0.872868 0.487073
93.400000000 -12.986047 9.300966 -0.615105 -0.005101 0.028915 -0.873085 0.486683
93.450000000 -12.971741 9.324670 -0.615638 -0.005118 0.028928 -0.873291 0.486312
93.500000000 -12.957870 9.347652 -0.616155 -0.005134 0.028940 -0.873488 0.485958
93.550000000 -12.944434 9.369913 -0.616655 -0.005151 0.028953 -0.873675 0.485621
93.600000000 -12.931436 9.391454 -0.617139 -0.005166 0.028966 -0.873853 0.485300
93.650000000 -12.918875 9.412275 -0.617607 -0.005182 0.028978 -0.874022 0.484994
93.700000000 -12.906753 9.432377 -0.618058 -0.005197 0.028991 -0.874184 0.484701
93.750000000 -12.895070 9.451760 -0.618493 -0.005211 0.029004 -0.874338 0.484422
93.800000000 -12.883829 9.470425 -0.618911 -0.005226 0.029017 -0.874485 0.484156
93.850000000 -12.873028 9.488372 -0.619314 -0.005240 0.029029 -0.874625 0.483901
93.900000000 -12.862670 9.505603 -0.619700 -0.005253 0.029042 -0.874760 0.483657
93.950000000 -12.852755 9.522117 -0.620070 -0.005267 0.029055 -0.874888 0.483424
94.000000000 -12.843284 9.537914 -0.620423 -0.005280 0.029068 -0.875011 0.483200
94.050000000 -12.834256 9.552996 -0.620761 -0.005293 0.029081 -0.875129 0.482985
94.100000000 -12.825674 9.567363 -0.621083 -0.005306 0.029094 -0.875243 0.482779
94.150000000 -12.817538 9.581015 -0.621388 -0.005319 0.029107 -0.875351 0.482581
94.200000000 -12.809848 9.593953 -0.621678 -0.005331 0.029119 -0.875456 0.482390
94.250000000 -12.802604 9.606176 -0.621952 -0.005343 0.029132 -0.875557 0.482206
94.300000000 -12.795808 9.617686 -0.622210 -0.005355 0.029145 -0.875654 0.482029
94.350000000 -12.789460 9.628482 -0.622451 -0.005367 0.029158 -0.875748 0.481857
94.400000000 -12.783560 9.638565 -0.622678 -0.005379 0.029172 -0.875839 0.481690
94.450000000 -12.778110 9.647935 -0.622888 -0.005391 0.029185 -0.875927 0.481529
94.500000000 -12.773108 9.656593 -0.623082 -0.005402 0.029198 -0.876013 0.481372
94.550000000 -12.768557 9.664539 -0.623261 -0.005413 0.029211 -0.876096 0.481220
94.600000000 -12.764449 9.671783 -0.623424 -0.005425 0.029224 -0.876178 0.481071
94.650000000 -12.760496 9.678782 -0.623581 -0.005436 0.029237 -0.876257 0.480925
94.700000000 -12.756540 9.685779 -0.623738 -0.005447 0.029250 -0.876335 0.480783
94.750000000 -12.752583 9.692776 -0.623896 -0.005458 0.029263 -0.876410 0.480645
94.800000000 -12.748624 9.699771 -0.624053 -0.005469 0.029276 -0.876484 0.480509
94.850000000 -12.744663 9.706765 -0.624210 -0.005480 0.029290 -0.876556 0.480377
94.900000000 -12.740701 9.713759 -0.624368 -0.005491 0.029303 -0.876626 0.480248
94.950000000 -12.736737 9.720751 -0.624525 -0.005502 0.029316 -0.876694 0.480122
95.000000000 -12.732771 9.727743 -0.624682 -0.005513 0.029329 -0.876761 0.480000
95.050000000 -12.728803 9.734733 -0.624839 -0.005524 0.029342 -0.876826 0.479880
95.100000000 -12.724834 9.741722 -0.624995 -0.005535 0.029355 -0.876889 0.479764
95.150000000 -12.720863 9.748711 -0.625152 -0.005546 0.029368 -0.876950 0.479651
95.200000000 -12.716891 9.755698 -0.625309 -0.005557 0.029381 -0.877010 0.479540
95.250000000 -12.712916 9.762685 -0.625466 -0.005567 0.029394 -0.877068 0.479433
95.300000000 -12.708941 9.769670 -0.625622 -0.005578 0.029407 -0.877125 0.479329
95.350000000 -12.704963 9.776655 -0.625779 -0.005589 0.029420 -0.877180 0.479228
95.400000000 -12.700985 9.783639 -0.625935 -0.005600 0.029433 -0.877233 0.479129
95.450000000 -12.697004 9.790622 -0.626092 -0.005611 0.029445 -0.877284 0.479034
95.500000000 -12.693022 9.797604 -0.626248 -0.005621 0.029458 -0.877334 0.478941
95.550000000 -12.689039 9.804585 -0.626404 -0.005632 0.029471 -0.877383 0.478852
95.600000000 -12.685054 9.811565 -0.626560 -0.005643 0.029484 -0.877430 0.478765
95.650000000 -12.681068 9.818544 -0.626717 -0.005653 0.029497 -0.877475 0.478681
95.700000000 -12.677182 9.825363 -0.626869 -0.005664 0.029510 -0.877519 0.478599
95.750000000 -12.673727 9.831513 -0.627007 -0.005674 0.029523 -0.877562 0.478520
95.800000000 -12.670728 9.836953 -0.627130 -0.005685 0.029536 -0.877603 0.478444
95.850000000 -12.668184 9.841686 -0.627237 -0.005695 0.029549 -0.877643 0.478369
95.900000000 -12.666097 9.845710 -0.627328 -0.005705 0.029562 -0.877682 0.478296
95.950000000 -12.664466 9.849026 -0.627404 -0.005716 0.029574 -0.877721 0.478224
96.000000000 -12.663291 9.851634 -0.627465 -0.005726 0.029587 -0.877759 0.478154
96.050000000 -12.662573 9.853535 -0.627511 -0.005736 0.029600 -0.877797 0.478083
96.100000000 -12.662313 9.854728 -0.627541 -0.005746 0.029613 -0.877834 0.478013
96.150000000 -12.662510 9.855214 -0.627555 -0.005757 0.029626 -0.877872 0.477943
96.200000000 -12.663165 9.854992 -0.627555 -0.005767 0.029640 -0.877910 0.477873
96.250000000 -12.664278 9.854063 -0.627539 -0.005777 0.029653 -0.877947 0.477803
96.300000000 -12.665848 9.852427 -0.627507 -0.005787 0.029666 -0.877985 0.477733
96.350000000 -12.667876 9.850084 -0.627461 -0.005797 0.029679 -0.878022 0.477664
96.400000000 -12.670362 9.847033 -0.627399 -0.005807 0.029692 -0.878058 0.477596
96.450000000 -12.673305 9.843275 -0.627321 -0.005817 0.029705 -0.878094 0.477530
96.500000000 -12.676631 9.838924 -0.627231 -0.005827 0.029718 -0.878129 0.477465
96.550000000 -12.679998 9.834508 -0.627139 -0.005837 0.029731 -0.878163 0.477401
96.600000000 -12.683365 9.830090 -0.627048 -0.005847 0.029745 -0.878196 0.477340
96.650000000 -12.686731 9.825672 -0.626956 -0.005857 0.029758 -0.878228 0.477280
96.700000000 -12.690096 9.821254 -0.626864 -0.005866 0.029771 -0.878259 0.477222
96.750000000 -12.693460 9.816834 -0.626772 -0.005876 0.029784 -0.878289 0.477165
96.800000000 -12.696824 9.812415 -0.626680 -0.005886 0.029797 -0.878318 0.477111
96.850000000 -12.700186 9.807994 -0.626588 -0.005896 0.029810 -0.878347 0.477057
96.900000000 -12.703548 9.803573 -0.626496 -0.005906 0.029823 -0.878374 0.477006
96.950000000 -12.706909 9.799152 -0.626404 -0.005916 0.029837 -0.878401 0.476956
97.000000000 -12.710269 9.794729 -0.626312 -0.005926 0.029850 -0.878426 0.476908
97.050000000 -12.713629 9.790307 -0.626220 -0.005935 0.029863 -0.878451 0.476861
97.100000000 -12.716987 9.785883 -0.626128 -0.005945 0.029876 -0.878475 0.476816
97.150000000 -12.720345 9.781460 -0.626036 -0.005955 0.029889 -0.878499 0.476772
97.200000000 -12.723702 9.777035 -0.625944 -0.005965 0.029902 -0.878521 0.476730
97.250000000 -12.727058 9.772610 -0.625852 -0.005975 0.029915 -0.878543 0.476689
97.300000000 -12.730414 9.768185 -0.625759 -0.005984 0.029928 -0.878563 0.476650
97.350000000 -12.733769 9.763759 -0.625667 -0.005994 0.029941 -0.878583 0.476612
97.400000000 -12.737080 9.759398 -0.625576 -0.006004 0.029954 -0.878602 0.476576
97.450000000 -12.740006 9.755627 -0.625498 -0.006014 0.029967 -0.878621 0.476541
97.500000000 -12.742471 9.752562 -0.625435 -0.006024 0.029980 -0.878639 0.476507
97.550000000 -12.744476 9.750202 -0.625387 -0.006033 0.029993 -0.878656 0.476474
97.600000000 -12.746021 9.748548 -0.625354 -0.006043 0.030006 -0.878673 0.476442
97.650000000 -12.747105 9.747600 -0.625336 -0.006053 0.030019 -0.878690 0.476410
97.700000000 -12.747730 9.747357 -0.625333 -0.006063 0.030032 -0.878706 0.476378
97.750000000 -12.747894 9.747819 -0.625346 -0.006073 0.030045 -0.878723 0.476347
97.800000000 -12.747598 9.748988 -0.625374 -0.006083 0.030058 -0.878740 0.476315
97.850000000 -12.746841 9.750862 -0.625416 -0.006093 0.030071 -0.878756 0.476283
97.900000000 -12.745624 9.753441 -0.625474 -0.006103 0.030084 -0.878773 0.476252
97.950000000 -12.743946 9.756725 -0.625547 -0.006113 0.030097 -0.878789 0.476222
98.000000000 -12.741998 9.760423 -0.625629 -0.006123 0.030110 -0.878804 0.476193
98.050000000 -12.740048 9.764123 -0.625711 -0.006133 0.030123 -0.878819 0.476164
98.100000000 -12.738096 9.767823 -0.625792 -0.006143 0.030136 -0.878833 0.476137
98.150000000 -12.736145 9.771523 -0.625874 -0.006153 0.030149 -0.878847 0.476111
98.200000000 -12.734193 9.775222 -0.625956 -0.006163 0.030162 -0.878860 0.476086
98.250000000 -12.732240 9.778921 -0.626037 -0.006173 0.030175 -0.878872 0.476062
98.300000000 -12.730286 9.782619 -0.626119 -0.006183 0.030187 -0.878884 0.476039
98.350000000 -12.728333 9.786318 -0.626201 -0.006193 0.030200 -0.878896 0.476017
98.400000000 -12.726378 9.790016 -0.626282 -0.006204 0.030213 -0.878907 0.475996
98.450000000 -12.724423 9.793713 -0.626364 -0.006214 0.030226 -0.878917 0.475976
98.500000000 -12.722468 9.797411 -0.626445 -0.006224 0.030239 -0.878927 0.475957
98.550000000 -12.720512 9.801108 -0.626527 -0.006234 0.030252 -0.878936 0.475938
98.600000000 -12.718555 9.804805 -0.626608 -0.006244 0.030265 -0.878945 0.475921
98.650000000 -12.716598 9.808501 -0.626690 -0.006254 0.030278 -0.878953 0.475905
98.700000000 -12.714641 9.812197 -0.626771 -0.006264 0.030291 -0.878961 0.475890
98.750000000 -12.712683 9.815893 -0.626853 -0.006274 0.030304 -0.878968 0.475876
98.800000000 -12.710724 9.819589 -0.626934 -0.006284 0.030316 -0.878975 0.475862
98.850000000 -12.708765 9.823284 -0.627015 -0.006294 0.030329 -0.878981 0.475850
98.900000000 -12.706806 9.826979 -0.627097 -0.006304 0.030342 -0.878987 0.475839
98.950000000 -12.704846 9.830674 -0.627178 -0.006314 0.030355 -0.878992 0.475828
99.000000000 -12.702885 9.834368 -0.627259 -0.006324 0.030368 -0.878996 0.475818
99.050000000 -12.700924 9.838062 -0.627341 -0.006334 0.030381 -0.879001 0.475810
99.100000000 -12.698963 9.841756 -0.627422 -0.006344 0.030394 -0.879004 0.475802
99.150000000 -12.697001 9.845450 -0.627503 -0.006354 0.030407 -0.879007 0.475795
99.200000000 -12.695038 9.849143 -0.627584 -0.006364 0.030420 -0.879010 0.475789
99.250000000 -12.693075 9.852836 -0.627665 -0.006374 0.030432 -0.879012 0.475784
99.300000000 -12.691112 9.856529 -0.627746 -0.006384 0.030445 -0.879014 0.475780
99.350000000 -12.689148 9.860221 -0.627828 -0.006394 0.030458 -0.879015 0.475777
99.400000000 -12.687184 9.863914 -0.627909 -0.006404 0.030471 -0.879016 0.475774
99.450000000 -12.685219 9.867605 -0.627990 -0.006414 0.030484 -0.879016 0.475773
99.500000000 -12.683254 9.871297 -0.628071 -0.006424 0.030497 -0.879016 0.475772
99.550000000 -12.681288 9.874988 -0.628152 -0.006434 0.030510 -0.879016 0.475772
99.600000000 -12.679322 9.878680 -0.628233 -0.006444 0.030523 -0.879015 0.475773
99.650000000 -12.677355 9.882370 -0.628314 -0.006454 0.030535 -0.879013 0.475775
99.700000000 -12.675388 9.886061 -0.628395 -0.006464 0.030548 -0.879011 0.475778
99.750000000 -12.673421 9.889751 -0.628475 -0.006474 0.030561 -0.879009 0.475781
99.800000000 -12.671453 9.893441 -0.628556 -0.006484 0.030574 -0.879006 0.475786
99.850000000 -12.669485 9.897131 -0.628637 -0.006494 0.030587 -0.879002 0.475791
99.900000000 -12.667516 9.900821 -0.628718 -0.006504 0.030600 -0.878999 0.475797
99.950000000 -12.665547 9.904510 -0.628799 -0.006514 0.030613 -0.878994 0.475804
100.000000000 -12.663577 9.908199 -0.628880 -0.006524 0.030625 -0.878990 0.475811
100.050000000 -12.661607 9.911888 -0.628960 -0.006534 0.030638 -0.878985 0.475820
100.100000000 -12.659637 9.915576 -0.629041 -0.006544 0.030651 -0.878979 0.475829
100.150000000 -12.657666 9.919264 -0.629122 -0.006554 0.030664 -0.878973 0.475839
100.200000000 -12.655694 9.922952 -0.629203 -0.006564 0.030677 -0.878967 0.475850
100.250000000 -12.653723 9.926640 -0.629283 -0.006574 0.030690 -0.878960 0.475862
100.300000000 -12.651751 9.930328 -0.629364 -0.006584 0.030703 -0.878953 0.475874
100.350000000 -12.649778 9.934015 -0.629445 -0.006594 0.030715 -0.878945 0.475887
100.400000000 -12.647805 9.937702 -0.629525 -0.006604 0.030728 -0.878937 0.475901
100.450000000 -12.645832 9.941389 -0.629606 -0.006614 0.030741 -0.878929 0.475915
100.500000000 -12.643858 9.945075 -0.629686 -0.006624 0.030754 -0.878920 0.475931
100.550000000 -12.641884 9.948762 -0.629767 -0.006634 0.030767 -0.878911 0.475947
100.600000000 -12.639910 9.952448 -0.629847 -0.006644 0.030780 -0.878901 0.475964
100.650000000 -12.637935 9.956133 -0.629928 -0.006654 0.030793 -0.878891 0.475981
100.700000000 -12.635959 9.959819 -0.630008 -0.006664 0.030805 -0.878880 0.476000
100.750000000 -12.633984 9.963504 -0.630089 -0.006674 0.030818 -0.878870 0.476019
100.800000000 -12.632008 9.967189 -0.630169 -0.006684 0.030831 -0.878858 0.476038
100.850000000 -12.630031 9.970874 -0.630250 -0.006694 0.030844 -0.878847 0.476059
100.900000000 -12.628055 9.974559 -0.630330 -0.006704 0.030857 -0.878835 0.476080
100.950000000 -12.626078 9.978243 -0.630410 -0.006714 0.030870 -0.878822 0.476102
101.000000000 -12.624100 9.981928 -0.630491 -0.006724 0.030882 -0.878810 0.476125
