# timestamp x y z q0 q1 q2 q3
0.100000000 0.000000 0.000000 0.000000 0.000000 0.000000 -0.000000 -1.000000
0.150000000 0.000000 0.000000 0.000000 0.000000 0.000000 -0.000000 -1.000000
0.200000000 0.000000 0.000000 0.000000 0.000000 0.000000 -0.000000 -1.000000
0.250000000 0.000000 0.000000 0.000000 0.000000 0.000000 -0.000000 -1.000000
0.300000000 0.000000 0.000000 0.000000 0.000000 0.000000 -0.000000 -1.000000
0.350000000 0.000000 0.000000 0.000000 0.000000 0.000000 -0.000000 -1.000000
0.400000000 0.000000 0.000000 0.000000 0.000000 0.000000 -0.000000 -1.000000
0.450000000 0.000000 0.000000 0.000000 0.000000 0.000000 -0.000000 -1.000000
0.500000000 0.000000 0.000000 0.000000 0.000000 0.000000 -0.000000 -1.000000
0.550000000 0.000000 0.000000 0.000000 0.000000 0.000000 -0.000000 -1.000000
0.600000000 0.000000 0.000000 0.000000 0.000000 0.000000 -0.000000 -1.000000
0.650000000 0.000000 0.000000 0.000000 0.000000 0.000000 -0.000000 -1.000000
0.700000000 0.000000 0.000000 0.000000 0.000000 0.000000 -0.000000 -1.000000
0.750000000 0.000000 0.000000 0.000000 0.000000 0.000000 -0.000000 -1.000000
0.800000000 0.000000 0.000000 -0.000001 0.000001 0.000001 -0.000000 -1.000000
0.850000000 0.000000 0.000000 -0.000001 0.000001 0.000001 -0.000000 -1.000000
0.900000000 0.000000 0.000000 -0.000001 0.000001 0.000001 -0.000000 -1.000000
0.950000000 0.000000 0.000000 -0.000001 0.000001 0.000001 -0.000000 -1.000000
1.000000000 0.000000 0.000000 -0.000001 0.000001 0.000001 -0.000000 -1.000000
1.050000000 0.000000 0.000000 -0.000001 0.000001 0.000001 -0.000000 -1.000000
1.100000000 0.000000 0.000000 -0.000001 0.000001 0.000001 -0.000000 -1.000000
1.150000000 0.000000 0.000000 -0.000002 0.000002 0.000001 -0.000000 -1.000000
1.200000000 0.000000 0.000000 -0.000002 0.000002 0.000001 -0.000000 -1.000000
1.250000000 0.000000 0.000000 -0.000002 0.000002 0.000001 -0.000000 -1.000000
1.300000000 0.000000 0.000000 -0.000002 0.000002 0.000001 -0.000000 -1.000000
1.350000000 0.000000 0.000000 -0.000002 0.000002 0.000001 -0.000000 -1.000000
1.400000000 0.000000 0.000000 -0.000002 0.000003 0.000002 -0.000000 -1.000000
1.450000000 0.000000 0.000000 -0.000002 0.000003 0.000002 -0.000000 -1.000000
1.500000000 0.000000 0.000000 -0.000002 0.000003 0.000002 -0.000000 -1.000000
1.550000000 0.000000 0.000000 -0.000002 0.000003 0.000002 -0.000000 -1.000000
1.600000000 0.000000 0.000000 -0.000003 0.000004 0.000002 -0.000000 -1.000000
1.650000000 0.000000 0.000000 -0.000003 0.000004 0.000002 -0.000000 -1.000000
1.700000000 0.000000 0.000000 -0.000003 0.000004 0.000002 -0.000000 -1.000000
1.750000000 0.000000 0.000000 -0.000004 0.000005 0.000003 -0.000000 -1.000000
1.800000000 0.000000 0.000000 -0.000004 0.000005 0.000003 -0.000000 -1.000000
1.850000000 0.000000 0.000000 -0.000004 0.000005 0.000003 -0.000000 -1.000000
1.900000000 0.000000 0.000000 -0.000004 0.000005 0.000003 -0.000000 -1.000000
1.950000000 0.000000 0.000000 -0.000005 0.000006 0.000003 -0.000000 -1.000000
2.000000000 0.000000 0.000000 -0.000005 0.000006 0.000003 -0.000000 -1.000000
2.050000000 0.000000 0.000000 -0.000005 0.000006 0.000003 -0.000000 -1.000000
2.100000000 0.000000 0.000000 -0.000006 0.000007 0.000004 -0.000000 -1.000000
2.150000000 0.000000 0.000000 -0.000006 0.000007 0.000004 -0.000000 -1.000000
2.200000000 0.000000 0.000000 -0.000006 0.000007 0.000004 -0.000000 -1.000000
2.250000000 0.000000 0.000000 -0.000007 0.000008 0.000005 -0.000000 -1.000000
2.300000000 0.000000 0.000000 -0.000007 0.000008 0.000005 -0.000000 -1.000000
2.350000000 0.000000 0.000000 -0.000007 0.000009 0.000005 -0.000000 -1.000000
2.400000000 0.000000 0.000000 -0.000007 0.000009 0.000005 -0.000000 -1.000000
2.450000000 0.000000 0.000000 -0.000007 0.000009 0.000005 -0.000000 -1.000000
2.500000000 0.000000 0.000000 -0.000008 0.000010 0.000006 -0.000000 -1.000000
2.550000000 0.000000 0.000000 -0.000008 0.000010 0.000006 -0.000000 -1.000000
2.600000000 0.000000 0.000000 -0.000009 0.000011 0.000006 -0.000000 -1.000000
2.650000000 0.000000 0.000000 -0.000009 0.000011 0.000006 -0.000000 -1.000000
2.700000000 0.000000 0.000000 -0.000009 0.000011 0.000006 -0.000000 -1.000000
2.750000000 0.000000 0.000000 -0.000010 0.000012 0.000007 -0.000000 -1.000000
2.800000000 0.000000 0.000000 -0.000010 0.000012 0.000007 -0.000000 -1.000000
2.850000000 0.000000 0.000000 -0.000011 0.000013 0.000007 -0.000000 -1.000000
2.900000000 0.000000 0.000000 -0.000011 0.000013 0.000007 -0.000000 -1.000000
2.950000000 0.000000 0.000000 -0.000011 0.000014 0.000008 -0.000000 -1.000000
3.000000000 0.000000 0.000000 -0.000011 0.000014 0.000008 -0.000000 -1.000000
3.050000000 0.000000 0.000000 -0.000012 0.000015 0.000009 -0.000000 -1.000000
3.100000000 0.000000 0.000000 -0.000012 0.000015 0.000009 -0.000000 -1.000000
3.150000000 0.000000 0.000000 -0.000013 0.000016 0.000009 -0.000000 -1.000000
3.200000000 0.000000 0.000000 -0.000013 0.000016 0.000009 -0.000000 -1.000000
3.250000000 0.000000 0.000000 -0.000014 0.000017 0.000010 -0.000000 -1.000000
3.300000000 0.000000 0.000000 -0.000014 0.000017 0.000010 -0.000000 -1.000000
3.350000000 0.000000 0.000000 -0.000015 0.000018 0.000010 0.000000 -1.000000
3.400000000 0.000000 0.000000 -0.000015 0.000018 0.000010 0.000000 -1.000000
3.450000000 0.000000 0.000000 -0.000015 0.000019 0.000011 0.000000 -1.000000
3.500000000 0.000000 0.000000 -0.000016 0.000020 0.000011 0.000000 -1.000000
3.550000000 0.000000 0.000000 -0.000016 0.000020 0.000011 0.000000 -1.000000
3.600000000 0.000000 0.000000 -0.000017 0.000021 0.000012 0.000000 -1.000000
3.650000000 0.000000 0.000000 -0.000017 0.000021 0.000012 0.000000 -1.000000
3.700000000 -0.000000 0.000000 -0.000018 0.000022 0.000013 0.000000 -1.000000
3.750000000 -0.000000 0.000000 -0.000018 0.000022 0.000013 0.000000 -1.000000
3.800000000 -0.000000 0.000000 -0.000019 0.000023 0.000013 0.000000 -1.000000
3.850000000 -0.000000 0.000000 -0.000020 0.000024 0.000014 0.000000 -1.000000
3.900000000 -0.000000 0.000000 -0.000020 0.000024 0.000014 0.000000 -1.000000
3.950000000 -0.000000 0.000000 -0.000020 0.000025 0.000014 0.000000 -1.000000
4.000000000 -0.000000 0.000000 -0.000021 0.000026 0.000015 0.000000 -1.000000
4.050000000 -0.000000 0.000000 -0.000021 0.000026 0.000015 0.000000 -1.000000
4.100000000 -0.000000 0.000000 -0.000022 0.000027 0.000015 0.000000 -1.000000
4.150000000 -0.000000 0.000000 -0.000023 0.000028 0.000016 0.000000 -1.000000
4.200000000 -0.000000 0.000000 -0.000023 0.000028 0.000016 0.000000 -1.000000
4.250000000 -0.000000 0.000000 -0.000024 0.000029 0.000017 0.000000 -1.000000
4.300000000 -0.000000 0.000000 -0.000024 0.000030 0.000017 0.000000 -1.000000
4.350000000 -0.000000 0.000000 -0.000024 0.000030 0.000017 0.000000 -1.000000
4.400000000 -0.000000 0.000000 -0.000025 0.000031 0.000018 0.000000 -1.000000
4.450000000 -0.000000 0.000000 -0.000026 0.000032 0.000018 0.000000 -1.000000
4.500000000 -0.000000 0.000000 -0.000027 0.000033 0.000019 0.000000 -1.000000
4.550000000 -0.000000 0.000000 -0.000027 0.000033 0.000019 0.000000 -1.000000
4.600000000 -0.000000 0.000000 -0.000028 0.000034 0.000019 0.000000 -1.000000
4.650000000 -0.000000 0.000000 -0.000029 0.000035 0.000020 0.000000 -1.000000
4.700000000 -0.000000 0.000000 -0.000029 0.000036 0.000021 0.000000 -1.000000
4.750000000 -0.000000 0.000000 -0.000029 0.000036 0.000021 0.000000 -1.000000
4.800000000 -0.000000 0.000000 -0.000030 0.000037 0.000021 0.000000 -1.000000
4.850000000 -0.000000 0.000000 -0.000031 0.000038 0.000022 0.000000 -1.000000
4.900000000 -0.000000 0.000000 -0.000032 0.000039 0.000022 0.000000 -1.000000
4.950000000 -0.000000 0.000000 -0.000032 0.000039 0.000022 0.000000 -1.000000
5.000000000 -0.000000 0.000000 -0.000033 0.000040 0.000023 0.000000 -1.000000
5.050000000 -0.000000 0.000000 -0.000033 0.000041 0.000023 0.000000 -1.000000
5.100000000 -0.000000 0.000000 -0.000034 0.000042 0.000024 0.000000 -1.000000
5.150000000 -0.000000 0.000000 -0.000035 0.000043 0.000024 0.000000 -1.000000
5.200000000 -0.000000 0.000000 -0.000036 0.000044 0.000025 0.000000 -1.000000
5.250000000 -0.000000 0.000000 -0.000036 0.000044 0.000025 0.000000 -1.000000
5.300000000 -0.000000 0.000000 -0.000037 0.000045 0.000026 0.000000 -1.000000
5.350000000 -0.000000 0.000000 -0.000037 0.000046 0.000026 0.000000 -1.000000
5.400000000 -0.000000 0.000000 -0.000038 0.000047 0.000027 0.000000 -1.000000
5.450000000 -0.000000 0.000000 -0.000039 0.000048 0.000027 0.000000 -1.000000
5.500000000 -0.000000 0.000000 -0.000040 0.000049 0.000028 0.000000 -1.000000
5.550000000 -0.000000 0.000000 -0.000041 0.000050 0.000029 0.000000 -1.000000
5.600000000 -0.000000 0.000000 -0.000042 0.000051 0.000029 0.000000 -1.000000
5.650000000 -0.000000 0.000000 -0.000042 0.000052 0.000030 0.000000 -1.000000
5.700000000 -0.000000 0.000000 -0.000042 0.000052 0.000030 0.000000 -1.000000
5.750000000 -0.000000 0.000000 -0.000043 0.000053 0.000030 0.000000 -1.000000
5.800000000 -0.000000 0.000000 -0.000044 0.000054 0.000031 0.000000 -1.000000
5.850000000 -0.000000 0.000000 -0.000045 0.000055 0.000031 0.000000 -1.000000
5.900000000 -0.000000 0.000000 -0.000046 0.000056 0.000032 0.000000 -1.000000
5.950000000 -0.000000 0.000000 -0.000046 0.000057 0.000033 0.000000 -1.000000
6.000000000 -0.000000 0.000000 -0.000047 0.000058 0.000033 0.000000 -1.000000
6.050000000 -0.000000 0.000000 -0.000048 0.000059 0.000034 0.000000 -1.000000
6.100000000 -0.000000 0.000000 -0.000049 0.000060 0.000034 0.000000 -1.000000
6.150000000 -0.000000 0.000000 -0.000050 0.000061 0.000035 0.000000 -1.000000
6.200000000 -0.000000 0.000000 -0.000051 0.000062 0.000035 0.000000 -1.000000
6.250000000 -0.000000 0.000000 -0.000051 0.000063 0.000036 0.000000 -1.000000
6.300000000 -0.000000 0.000000 -0.000052 0.000064 0.000037 0.000000 -1.000000
6.350000000 -0.000000 0.000000 -0.000053 0.000065 0.000037 0.000000 -1.000000
6.400000000 -0.000000 0.000000 -0.000054 0.000067 0.000038 0.000000 -1.000000
6.450000000 -0.000000 0.000000 -0.000055 0.000068 0.000038 0.000000 -1.000000
6.500000000 -0.000000 0.000000 -0.000055 0.000069 0.000039 0.000000 -1.000000
6.550000000 -0.000000 0.000000 -0.000056 0.000070 0.000039 0.000000 -1.000000
6.600000000 -0.000000 0.000000 -0.000057 0.000071 0.000040 0.000000 -1.000000
6.650000000 -0.000000 0.000000 -0.000058 0.000072 0.000041 0.000000 -1.000000
6.700000000 -0.000000 0.000000 -0.000060 0.000074 0.000042 0.000000 -1.000000
6.750000000 -0.000000 0.000000 -0.000060 0.000075 0.000042 0.000000 -1.000000
6.800000000 -0.000000 0.000000 -0.000061 0.000076 0.000043 0.000000 -1.000000
6.850000000 -0.000000 0.000000 -0.000062 0.000077 0.000043 0.000000 -1.000000
6.900000000 -0.000000 0.000000 -0.000063 0.000078 0.000044 0.000000 -1.000000
6.950000000 -0.000000 0.000000 -0.000064 0.000079 0.000045 0.000000 -1.000000
7.000000000 -0.000000 0.000000 -0.000064 0.000080 0.000045 0.000000 -1.000000
7.050000000 -0.000000 0.000000 -0.000065 0.000081 0.000046 0.000000 -1.000000
7.100000000 -0.000000 0.000000 -0.000067 0.000083 0.000047 0.000000 -1.000000
7.150000000 -0.000000 0.000000 -0.000068 0.000084 0.000047 0.000000 -1.000000
7.200000000 -0.000000 0.000000 -0.000069 0.000085 0.000048 0.000000 -1.000000
7.250000000 -0.000000 0.000000 -0.000069 0.000086 0.000049 0.000000 -1.000000
7.300000000 -0.000000 0.000000 -0.000070 0.000087 0.000049 0.000000 -1.000000
7.350000000 -0.000000 0.000000 -0.000071 0.000088 0.000050 0.000000 -1.000000
7.400000000 -0.000000 0.000000 -0.000073 0.000090 0.000051 0.000000 -1.000000
7.450000000 -0.000000 0.000000 -0.000074 0.000091 0.000051 0.000000 -1.000000
7.500000000 -0.000000 0.000000 -0.000074 0.000092 0.000052 0.000000 -1.000000
7.550000000 -0.000000 0.000000 -0.000075 0.000093 0.000053 0.000000 -1.000000
7.600000000 -0.000000 0.000000 -0.000076 0.000094 0.000053 0.000000 -1.000000
7.650000000 -0.000000 0.000000 -0.000078 0.000096 0.000054 0.000000 -1.000000
7.700000000 -0.000000 0.000000 -0.000078 0.000097 0.000055 0.000000 -1.000000
7.750000000 -0.000000 0.000000 -0.000079 0.000098 0.000055 0.000000 -1.000000
7.800000000 -0.000000 0.000000 -0.000080 0.000099 0.000056 0.000000 -1.000000
7.850000000 -0.000000 0.000000 -0.000082 0.000101 0.000057 0.000000 -1.000000
7.900000000 -0.000000 0.000000 -0.000083 0.000102 0.000058 0.000000 -1.000000
7.950000000 -0.000000 0.000000 -0.000083 0.000103 0.000058 0.000000 -1.000000
8.000000000 -0.000000 0.000000 -0.000085 0.000105 0.000059 0.000000 -1.000000
8.050000000 -0.000000 0.000000 -0.000086 0.000106 0.000060 0.000000 -1.000000
8.100000000 -0.000000 0.000000 -0.000087 0.000107 0.000061 0.000000 -1.000000
8.150000000 -0.000000 0.000000 -0.000087 0.000108 0.000061 0.000000 -1.000000
8.200000000 -0.000000 0.000000 -0.000089 0.000110 0.000062 0.000000 -1.000000
8.250000000 -0.000000 0.000000 -0.000090 0.000111 0.000063 0.000000 -1.000000
8.300000000 -0.000000 0.000000 -0.000091 0.000112 0.000063 0.000000 -1.000000
8.350000000 -0.000000 0.000000 -0.000092 0.000114 0.000065 0.000000 -1.000000
8.400000000 -0.000000 0.000000 -0.000093 0.000115 0.000065 0.000000 -1.000000
8.450000000 -0.000000 0.000000 -0.000095 0.000110 0.000066 -0.000000 -1.000000
8.500000000 -0.000000 0.000000 -0.000096 0.000105 0.000067 -0.000001 -1.000000
8.550000000 -0.000000 0.000000 -0.000097 0.000104 0.000068 -0.000001 -1.000000
8.600000000 -0.000000 0.000000 -0.000098 0.000106 0.000069 -0.000001 -1.000000
8.650000000 -0.000000 0.000000 -0.000099 0.000108 0.000069 -0.000001 -1.000000
8.700000000 0.000290 -0.000000 -0.000101 0.000111 0.000070 -0.000001 -1.000000
8.750000000 0.001411 -0.000000 -0.000102 0.000112 0.000071 -0.000001 -1.000000
8.800000000 0.003374 -0.000000 -0.000103 0.000114 0.000072 -0.000001 -1.000000
8.850000000 0.006180 -0.000001 -0.000105 0.000115 0.000073 -0.000002 -1.000000
8.900000000 0.009828 -0.000003 -0.000107 0.000117 0.000074 -0.000004 -1.000000
8.950000000 0.014319 -0.000005 -0.000108 0.000118 0.000074 -0.000007 -1.000000
9.000000000 0.019652 -0.000009 -0.000110 0.000120 0.000075 -0.000013 -1.000000
9.050000000 0.025828 -0.000014 -0.000113 0.000121 0.000076 -0.000023 -1.000000
9.100000000 0.032846 -0.000022 -0.000115 0.000123 0.000077 -0.000037 -1.000000
9.150000000 0.040706 -0.000033 -0.000117 0.000124 0.000078 -0.000056 -1.000000
9.200000000 0.049409 -0.000048 -0.000120 0.000126 0.000079 -0.000082 -1.000000
9.250000000 0.058954 -0.000068 -0.000122 0.000127 0.000079 -0.000117 -1.000000
9.300000000 0.069342 -0.000092 -0.000125 0.000129 0.000080 -0.000162 -1.000000
9.350000000 0.080571 -0.000123 -0.000128 0.000130 0.000081 -0.000219 -1.000000
9.400000000 0.092643 -0.000161 -0.000131 0.000132 0.000081 -0.000290 -1.000000
9.450000000 0.105556 -0.000208 -0.000134 0.000134 0.000082 -0.000377 -1.000000
9.500000000 0.119311 -0.000264 -0.000138 0.000135 0.000083 -0.000482 -1.000000
9.550000000 0.133909 -0.000330 -0.000141 0.000137 0.000083 -0.000608 -1.000000
9.600000000 0.149347 -0.000409 -0.000145 0.000138 0.000084 -0.000758 -1.000000
9.650000000 0.165628 -0.000500 -0.000149 0.000140 0.000084 -0.000934 -1.000000
9.700000000 0.182749 -0.000605 -0.000153 0.000142 0.000084 -0.001139 -0.999999
9.750000000 0.200712 -0.000726 -0.000157 0.000143 0.000084 -0.001375 -0.999999
9.800000000 0.219516 -0.000863 -0.000161 0.000145 0.000084 -0.001645 -0.999999
9.850000000 0.239160 -0.001016 -0.000166 0.000147 0.000084 -0.001951 -0.999998
9.900000000 0.259645 -0.001187 -0.000170 0.000148 0.000084 -0.002295 -0.999997
9.950000000 0.280971 -0.001376 -0.000175 0.000150 0.000084 -0.002680 -0.999996
10.000000000 0.303137 -0.001584 -0.000180 0.000152 0.000083 -0.003107 -0.999995
10.050000000 0.326143 -0.001811 -0.000185 0.000154 0.000082 -0.003580 -0.999994
10.100000000 0.349931 -0.002058 -0.000190 0.000155 0.000081 -0.004099 -0.999992
10.150000000 0.373884 -0.002329 -0.000195 0.000157 0.000080 -0.004665 -0.999989
10.200000000 0.397833 -0.002625 -0.000200 0.000159 0.000079 -0.005277 -0.999986
10.250000000 0.421780 -0.002944 -0.000205 0.000161 0.000078 -0.005931 -0.999982
10.300000000 0.445725 -0.003285 -0.000210 0.000163 0.000077 -0.006627 -0.999978
10.350000000 0.469666 -0.003647 -0.000215 0.000164 0.000076 -0.007361 -0.999973
10.400000000 0.493605 -0.004030 -0.000220 0.000166 0.000075 -0.008132 -0.999967
10.450000000 0.517542 -0.004431 -0.000225 0.000168 0.000074 -0.008938 -0.999960
10.500000000 0.541475 -0.004850 -0.000230 0.000170 0.000073 -0.009777 -0.999952
10.550000000 0.565407 -0.005286 -0.000235 0.000172 0.000072 -0.010648 -0.999943
10.600000000 0.589336 -0.005738 -0.000240 0.000174 0.000071 -0.011547 -0.999933
10.650000000 0.613262 -0.006205 -0.000245 0.000176 0.000071 -0.012474 -0.999922
10.700000000 0.637187 -0.006686 -0.000250 0.000178 0.000070 -0.013428 -0.999910
10.750000000 0.661109 -0.007181 -0.000255 0.000180 0.000070 -0.014405 -0.999896
10.800000000 0.685030 -0.007688 -0.000260 0.000182 0.000069 -0.015406 -0.999881
10.850000000 0.708948 -0.008206 -0.000265 0.000184 0.000068 -0.016427 -0.999865
10.900000000 0.732865 -0.008735 -0.000270 0.000186 0.000068 -0.017468 -0.999847
10.950000000 0.756780 -0.009274 -0.000275 0.000188 0.000067 -0.018528 -0.999828
11.000000000 0.780694 -0.009822 -0.000280 0.000190 0.000067 -0.019604 -0.999808
11.050000000 0.804606 -0.010379 -0.000285 0.000192 0.000067 -0.020695 -0.999786
11.100000000 0.828517 -0.010943 -0.000290 0.000194 0.000066 -0.021801 -0.999762
11.150000000 0.852426 -0.011515 -0.000295 0.000196 0.000066 -0.022919 -0.999737
11.200000000 0.876335 -0.012092 -0.000300 0.000198 0.000066 -0.024049 -0.999711
11.250000000 0.900242 -0.012676 -0.000305 0.000200 0.000065 -0.025189 -0.999683
11.300000000 0.924149 -0.013264 -0.000310 0.000202 0.000065 -0.026339 -0.999653
11.350000000 0.948054 -0.013857 -0.000315 0.000204 0.000065 -0.027496 -0.999622
11.400000000 0.971959 -0.014453 -0.000320 0.000206 0.000065 -0.028660 -0.999589
11.450000000 0.995864 -0.015053 -0.000325 0.000209 0.000064 -0.029831 -0.999555
11.500000000 1.019767 -0.015656 -0.000329 0.000211 0.000064 -0.031006 -0.999519
11.550000000 1.043671 -0.016260 -0.000334 0.000213 0.000064 -0.032185 -0.999482
11.600000000 1.067574 -0.016866 -0.000339 0.000215 0.000064 -0.033366 -0.999443
11.650000000 1.091477 -0.017474 -0.000344 0.000217 0.000064 -0.034550 -0.999403
11.700000000 1.115380 -0.018082 -0.000349 0.000219 0.000064 -0.035735 -0.999361
11.750000000 1.139283 -0.018690 -0.000354 0.000221 0.000064 -0.036920 -0.999318
11.800000000 1.163185 -0.019298 -0.000359 0.000224 0.000064 -0.038105 -0.999274
11.850000000 1.187088 -0.019905 -0.000364 0.000226 0.000064 -0.039288 -0.999228
11.900000000 1.210991 -0.020511 -0.000369 0.000228 0.000064 -0.040469 -0.999181
11.950000000 1.234894 -0.021115 -0.000374 0.000230 0.000064 -0.041647 -0.999132
12.000000000 1.258797 -0.021718 -0.000379 0.000232 0.000064 -0.042822 -0.999083
12.050000000 1.282700 -0.022318 -0.000383 0.000234 0.000064 -0.043992 -0.999032
12.100000000 1.306604 -0.022915 -0.000388 0.000237 0.000064 -0.045157 -0.998980
12.150000000 1.330508 -0.023510 -0.000393 0.000239 0.000064 -0.046317 -0.998927
12.200000000 1.354411 -0.024101 -0.000398 0.000241 0.000065 -0.047470 -0.998873
12.250000000 1.378316 -0.024689 -0.000403 0.000243 0.000065 -0.048617 -0.998817
12.300000000 1.402220 -0.025272 -0.000408 0.000246 0.000065 -0.049757 -0.998761
12.350000000 1.426125 -0.025852 -0.000413 0.000248 0.000065 -0.050889 -0.998704
12.400000000 1.450030 -0.026426 -0.000418 0.000250 0.000065 -0.052012 -0.998646
12.450000000 1.473935 -0.026996 -0.000423 0.000252 0.000065 -0.053127 -0.998588
12.500000000 1.497841 -0.027561 -0.000428 0.000254 0.000066 -0.054232 -0.998528
12.550000000 1.521747 -0.028121 -0.000433 0.000257 0.000066 -0.055328 -0.998468
12.600000000 1.545654 -0.028675 -0.000438 0.000259 0.000066 -0.056414 -0.998407
12.650000000 1.569579 -0.029222 -0.000443 0.000261 0.000066 -0.057490 -0.998346
12.700000000 1.594081 -0.029696 -0.000448 0.000264 0.000066 -0.058555 -0.998284
12.750000000 1.619419 -0.030067 -0.000453 0.000266 0.000066 -0.059612 -0.998222
12.800000000 1.645594 -0.030335 -0.000458 0.000268 0.000064 -0.060663 -0.998158
12.850000000 1.672606 -0.030498 -0.000463 0.000271 0.000062 -0.061708 -0.998094
12.900000000 1.700454 -0.030555 -0.000468 0.000273 0.000060 -0.062751 -0.998029
12.950000000 1.729138 -0.030507 -0.000474 0.000276 0.000057 -0.063793 -0.997963
13.000000000 1.758657 -0.030352 -0.000479 0.000278 0.000054 -0.064835 -0.997896
13.050000000 1.789012 -0.030089 -0.000484 0.000281 0.000050 -0.065880 -0.997827
13.100000000 1.820202 -0.029719 -0.000489 0.000283 0.000046 -0.066931 -0.997758
13.150000000 1.852226 -0.029240 -0.000494 0.000286 0.000042 -0.067987 -0.997686
13.200000000 1.885085 -0.028651 -0.000500 0.000289 0.000037 -0.069052 -0.997613
13.250000000 1.918778 -0.027951 -0.000505 0.000291 0.000032 -0.070126 -0.997538
13.300000000 1.953304 -0.027141 -0.000509 0.000294 0.000026 -0.071212 -0.997461
13.350000000 1.988663 -0.026218 -0.000514 0.000297 0.000020 -0.072311 -0.997382
13.400000000 2.024856 -0.025181 -0.000519 0.000300 0.000014 -0.073425 -0.997301
13.450000000 2.061881 -0.024030 -0.000523 0.000303 0.000007 -0.074554 -0.997217
13.500000000 2.099739 -0.022764 -0.000527 0.000305 0.000000 -0.075701 -0.997131
13.550000000 2.138429 -0.021381 -0.000531 0.000308 -0.000007 -0.076866 -0.997041
13.600000000 2.177950 -0.019879 -0.000535 0.000311 -0.000014 -0.078051 -0.996949
13.650000000 2.218303 -0.018258 -0.000538 0.000314 -0.000021 -0.079256 -0.996854
13.700000000 2.259487 -0.016516 -0.000541 0.000317 -0.000029 -0.080482 -0.996756
13.750000000 2.301502 -0.014651 -0.000544 0.000320 -0.000037 -0.081730 -0.996654
13.800000000 2.344347 -0.012661 -0.000546 0.000323 -0.000045 -0.083000 -0.996550
13.850000000 2.388022 -0.010545 -0.000548 0.000326 -0.000054 -0.084293 -0.996441
13.900000000 2.432527 -0.008300 -0.000549 0.000329 -0.000062 -0.085609 -0.996329
13.950000000 2.477862 -0.005924 -0.000550 0.000332 -0.000071 -0.086948 -0.996213
14.000000000 2.524025 -0.003416 -0.000551 0.000336 -0.000079 -0.088310 -0.996093
14.050000000 2.571017 -0.000772 -0.000551 0.000339 -0.000088 -0.089695 -0.995969
14.100000000 2.618838 0.002010 -0.000550 0.000342 -0.000097 -0.091103 -0.995841
14.150000000 2.667486 0.004931 -0.000549 0.000345 -0.000106 -0.092533 -0.995710
14.200000000 2.716962 0.007996 -0.000547 0.000348 -0.000115 -0.093985 -0.995574
14.250000000 2.767264 0.011206 -0.000544 0.000351 -0.000124 -0.095458 -0.995433
14.300000000 2.818394 0.014565 -0.000541 0.000355 -0.000133 -0.096951 -0.995289
14.350000000 2.870349 0.018075 -0.000537 0.000358 -0.000142 -0.098464 -0.995141
14.400000000 2.923131 0.021740 -0.000532 0.000361 -0.000151 -0.099995 -0.994988
14.450000000 2.976737 0.025563 -0.000526 0.000364 -0.000160 -0.101544 -0.994831
14.500000000 3.031168 0.029547 -0.000520 0.000367 -0.000169 -0.103108 -0.994670
14.550000000 3.086424 0.033694 -0.000513 0.000371 -0.000178 -0.104688 -0.994505
14.600000000 3.142503 0.038010 -0.000505 0.000374 -0.000187 -0.106281 -0.994336
14.650000000 3.199406 0.042497 -0.000496 0.000377 -0.000196 -0.107886 -0.994163
14.700000000 3.257131 0.047158 -0.000486 0.000380 -0.000205 -0.109501 -0.993987
14.750000000 3.315679 0.051997 -0.000475 0.000383 -0.000213 -0.111126 -0.993806
14.800000000 3.375048 0.057018 -0.000463 0.000387 -0.000222 -0.112758 -0.993622
14.850000000 3.435238 0.062224 -0.000450 0.000390 -0.000230 -0.114397 -0.993435
14.900000000 3.496249 0.067619 -0.000436 0.000393 -0.000238 -0.116039 -0.993245
14.950000000 3.558079 0.073206 -0.000421 0.000396 -0.000246 -0.117684 -0.993051
15.000000000 3.620728 0.078989 -0.000405 0.000399 -0.000254 -0.119331 -0.992854
15.050000000 3.684196 0.084972 -0.000388 0.000402 -0.000262 -0.120976 -0.992655
15.100000000 3.748482 0.091158 -0.000369 0.000406 -0.000269 -0.122620 -0.992454
15.150000000 3.813585 0.097551 -0.000350 0.000409 -0.000277 -0.124260 -0.992250
15.200000000 3.879504 0.104155 -0.000329 0.000412 -0.000284 -0.125894 -0.992044
15.250000000 3.946238 0.110972 -0.000307 0.000415 -0.000291 -0.127522 -0.991836
15.300000000 4.013787 0.118007 -0.000284 0.000418 -0.000297 -0.129141 -0.991626
15.350000000 4.082150 0.125263 -0.000260 0.000421 -0.000304 -0.130751 -0.991415
15.400000000 4.151326 0.132743 -0.000234 0.000424 -0.000310 -0.132349 -0.991203
15.450000000 4.221315 0.140450 -0.000208 0.000427 -0.000316 -0.133935 -0.990990
15.500000000 4.292115 0.148389 -0.000180 0.000430 -0.000321 -0.135508 -0.990776
15.550000000 4.363725 0.156561 -0.000150 0.000433 -0.000327 -0.137066 -0.990562
15.600000000 4.436145 0.164971 -0.000120 0.000436 -0.000332 -0.138608 -0.990347
15.650000000 4.509375 0.173621 -0.000088 0.000439 -0.000337 -0.140133 -0.990132
15.700000000 4.583197 0.182451 -0.000055 0.000441 -0.000341 -0.141641 -0.989918
15.750000000 4.657047 0.191303 -0.000022 0.000444 -0.000344 -0.143125 -0.989705
15.800000000 4.730895 0.200172 0.000012 0.000447 -0.000347 -0.144578 -0.989493
15.850000000 4.804740 0.209060 0.000047 0.000449 -0.000348 -0.145996 -0.989285
15.900000000 4.878582 0.217970 0.000081 0.000451 -0.000349 -0.147372 -0.989081
15.950000000 4.952421 0.226906 0.000117 0.000454 -0.000349 -0.148703 -0.988882
16.000000000 5.026257 0.235868 0.000152 0.000456 -0.000349 -0.149984 -0.988688
16.050000000 5.100089 0.244859 0.000188 0.000458 -0.000348 -0.151214 -0.988501
16.100000000 5.173916 0.253879 0.000224 0.000460 -0.000346 -0.152391 -0.988320
16.150000000 5.247740 0.262929 0.000261 0.000462 -0.000344 -0.153512 -0.988147
16.200000000 5.321559 0.272011 0.000297 0.000464 -0.000342 -0.154577 -0.987981
16.250000000 5.395374 0.281123 0.000334 0.000466 -0.000339 -0.155585 -0.987822
16.300000000 5.469184 0.290267 0.000371 0.000468 -0.000336 -0.156537 -0.987672
16.350000000 5.542990 0.299441 0.000408 0.000470 -0.000333 -0.157432 -0.987530
16.400000000 5.616791 0.308646 0.000445 0.000472 -0.000330 -0.158271 -0.987396
16.450000000 5.690588 0.317881 0.000482 0.000474 -0.000326 -0.159056 -0.987269
16.500000000 5.764381 0.327146 0.000520 0.000476 -0.000323 -0.159786 -0.987151
16.550000000 5.838169 0.336440 0.000557 0.000478 -0.000319 -0.160465 -0.987041
16.600000000 5.911952 0.345761 0.000594 0.000480 -0.000315 -0.161093 -0.986939
16.650000000 5.985732 0.355109 0.000632 0.000482 -0.000312 -0.161672 -0.986844
16.700000000 6.059507 0.364483 0.000669 0.000484 -0.000308 -0.162203 -0.986757
16.750000000 6.133279 0.373882 0.000706 0.000486 -0.000304 -0.162690 -0.986677
16.800000000 6.207046 0.383305 0.000744 0.000489 -0.000301 -0.163133 -0.986604
16.850000000 6.280810 0.392750 0.000781 0.000491 -0.000297 -0.163535 -0.986537
16.900000000 6.354570 0.402217 0.000818 0.000493 -0.000294 -0.163897 -0.986477
16.950000000 6.428327 0.411704 0.000855 0.000495 -0.000291 -0.164223 -0.986423
17.000000000 6.502081 0.421210 0.000892 0.000497 -0.000287 -0.164514 -0.986375
17.050000000 6.575832 0.430735 0.000929 0.000499 -0.000284 -0.164772 -0.986332
17.100000000 6.649580 0.440276 0.000966 0.000502 -0.000281 -0.164999 -0.986294
17.150000000 6.723325 0.449833 0.001003 0.000504 -0.000278 -0.165198 -0.986260
17.200000000 6.797067 0.459405 0.001040 0.000507 -0.000276 -0.165369 -0.986232
17.250000000 6.870808 0.468990 0.001077 0.000509 -0.000273 -0.165516 -0.986207
17.300000000 6.944546 0.478588 0.001113 0.000511 -0.000271 -0.165639 -0.986186
17.350000000 7.018282 0.488197 0.001150 0.000514 -0.000268 -0.165742 -0.986169
17.400000000 7.092016 0.497818 0.001187 0.000516 -0.000266 -0.165825 -0.986155
17.450000000 7.165748 0.507448 0.001223 0.000519 -0.000264 -0.165890 -0.986144
17.500000000 7.239479 0.517086 0.001259 0.000521 -0.000262 -0.165939 -0.986136
17.550000000 7.313209 0.526733 0.001296 0.000524 -0.000260 -0.165973 -0.986130
17.600000000 7.386937 0.536388 0.001332 0.000527 -0.000258 -0.165994 -0.986127
17.650000000 7.460664 0.546048 0.001368 0.000529 -0.000257 -0.166003 -0.986125
17.700000000 7.534390 0.555715 0.001404 0.000532 -0.000255 -0.166001 -0.986125
17.750000000 7.608115 0.565387 0.001440 0.000535 -0.000254 -0.165990 -0.986127
17.800000000 7.681839 0.575063 0.001476 0.000538 -0.000253 -0.165971 -0.986130
17.850000000 7.755562 0.584743 0.001512 0.000540 -0.000252 -0.165944 -0.986135
17.900000000 7.829285 0.594427 0.001548 0.000543 -0.000250 -0.165911 -0.986141
17.950000000 7.903008 0.604113 0.001583 0.000546 -0.000250 -0.165873 -0.986147
18.000000000 7.976729 0.613802 0.001619 0.000549 -0.000249 -0.165830 -0.986154
18.050000000 8.050451 0.623494 0.001655 0.000552 -0.000248 -0.165784 -0.986162
18.100000000 8.124172 0.633186 0.001690 0.000555 -0.000247 -0.165734 -0.986170
18.150000000 8.197893 0.642880 0.001726 0.000558 -0.000247 -0.165682 -0.986179
18.200000000 8.271614 0.652575 0.001761 0.000561 -0.000246 -0.165628 -0.986188
18.250000000 8.345335 0.662271 0.001797 0.000564 -0.000246 -0.165573 -0.986197
18.300000000 8.419055 0.671967 0.001832 0.000567 -0.000245 -0.165518 -0.986207
18.350000000 8.492776 0.681663 0.001868 0.000570 -0.000245 -0.165462 -0.986216
18.400000000 8.566496 0.691360 0.001903 0.000573 -0.000245 -0.165406 -0.986225
18.450000000 8.640217 0.701056 0.001938 0.000576 -0.000244 -0.165350 -0.986235
18.500000000 8.713938 0.710751 0.001973 0.000579 -0.000244 -0.165296 -0.986244
18.550000000 8.787658 0.720446 0.002008 0.000582 -0.000244 -0.165242 -0.986253
18.600000000 8.861379 0.730140 0.002044 0.000585 -0.000244 -0.165189 -0.986262
18.650000000 8.935100 0.739834 0.002079 0.000588 -0.000244 -0.165138 -0.986270
18.700000000 9.008821 0.749527 0.002114 0.000591 -0.000244 -0.165088 -0.986279
18.750000000 9.082542 0.759218 0.002149 0.000594 -0.000244 -0.165041 -0.986287
18.800000000 9.156263 0.768909 0.002184 0.000598 -0.000244 -0.164994 -0.986294
18.850000000 9.229984 0.778599 0.002219 0.000601 -0.000244 -0.164950 -0.986302
18.900000000 9.303705 0.788287 0.002254 0.000604 -0.000244 -0.164908 -0.986309
18.950000000 9.377426 0.797975 0.002289 0.000607 -0.000244 -0.164868 -0.986315
19.000000000 9.451147 0.807661 0.002324 0.000610 -0.000244 -0.164829 -0.986322
19.050000000 9.524869 0.817346 0.002359 0.000614 -0.000244 -0.164793 -0.986328
19.100000000 9.598590 0.827030 0.002394 0.000617 -0.000245 -0.164759 -0.986334
19.150000000 9.672312 0.836713 0.002429 0.000620 -0.000245 -0.164727 -0.986339
19.200000000 9.746034 0.846394 0.002464 0.000623 -0.000245 -0.164697 -0.986344
19.250000000 9.819756 0.856075 0.002499 0.000626 -0.000245 -0.164669 -0.986349
19.300000000 9.893477 0.865754 0.002533 0.000630 -0.000245 -0.164642 -0.986353
19.350000000 9.967199 0.875433 0.002568 0.000633 -0.000245 -0.164618 -0.986357
19.400000000 10.040922 0.885110 0.002603 0.000636 -0.000246 -0.164595 -0.986361
19.450000000 10.114644 0.894786 0.002638 0.000640 -0.000246 -0.164575 -0.986364
19.500000000 10.188366 0.904462 0.002673 0.000643 -0.000246 -0.164555 -0.986368
19.550000000 10.262088 0.914136 0.002708 0.000646 -0.000246 -0.164538 -0.986371
19.600000000 10.335811 0.923810 0.002742 0.000649 -0.000246 -0.164522 -0.986373
19.650000000 10.409533 0.933483 0.002777 0.000653 -0.000246 -0.164507 -0.986376
19.700000000 10.483255 0.943155 0.002812 0.000656 -0.000247 -0.164494 -0.986378
19.750000000 10.556978 0.952826 0.002847 0.000659 -0.000247 -0.164483 -0.986380
19.800000000 10.630701 0.962497 0.002882 0.000663 -0.000247 -0.164472 -0.986381
19.850000000 10.704423 0.972167 0.002916 0.000666 -0.000247 -0.164463 -0.986383
19.900000000 10.778146 0.981836 0.002951 0.000669 -0.000247 -0.164455 -0.986384
19.950000000 10.851869 0.991505 0.002986 0.000673 -0.000247 -0.164447 -0.986386
20.000000000 10.925592 1.001173 0.003021 0.000676 -0.000247 -0.164441 -0.986387
20.050000000 10.999314 1.010840 0.003055 0.000680 -0.000248 -0.164436 -0.986388
20.100000000 11.073037 1.020507 0.003090 0.000683 -0.000248 -0.164431 -0.986388
20.150000000 11.146760 1.030174 0.003125 0.000686 -0.000248 -0.164427 -0.986389
20.200000000 11.220483 1.039841 0.003159 0.000690 -0.000248 -0.164424 -0.986389
20.250000000 11.294206 1.049507 0.003194 0.000693 -0.000248 -0.164422 -0.986390
20.300000000 11.367929 1.059172 0.003229 0.000696 -0.000248 -0.164420 -0.986390
20.350000000 11.441652 1.068838 0.003264 0.000700 -0.000248 -0.164419 -0.986390
20.400000000 11.515375 1.078503 0.003298 0.000703 -0.000248 -0.164418 -0.986390
20.450000000 11.589098 1.088167 0.003333 0.000707 -0.000248 -0.164418 -0.986391
20.500000000 11.662821 1.097832 0.003368 0.000710 -0.000248 -0.164418 -0.986391
20.550000000 11.736544 1.107497 0.003402 0.000714 -0.000249 -0.164418 -0.986390
20.600000000 11.810267 1.117161 0.003437 0.000717 -0.000249 -0.164419 -0.986390
20.650000000 11.883991 1.126825 0.003471 0.000721 -0.000249 -0.164419 -0.986390
20.700000000 11.957714 1.136489 0.003506 0.000724 -0.000249 -0.164421 -0.986390
20.750000000 12.031437 1.146153 0.003541 0.000727 -0.000249 -0.164422 -0.986390
20.800000000 12.105160 1.155817 0.003575 0.000731 -0.000249 -0.164423 -0.986390
20.850000000 12.178704 1.165419 0.003610 0.000734 -0.000249 -0.164425 -0.986389
20.900000000 12.251494 1.174766 0.003644 0.000738 -0.000249 -0.164421 -0.986390
20.950000000 12.323486 1.183845 0.003677 0.000741 -0.000249 -0.164407 -0.986392
21.000000000 12.394680 1.192661 0.003710 0.000745 -0.000249 -0.164376 -0.986397
21.050000000 12.465074 1.201215 0.003742 0.000748 -0.000249 -0.164324 -0.986406
21.100000000 12.534669 1.209509 0.003773 0.000752 -0.000249 -0.164247 -0.986419
21.150000000 12.603465 1.217546 0.003804 0.000756 -0.000249 -0.164142 -0.986436
21.200000000 12.671460 1.225328 0.003834 0.000759 -0.000249 -0.164005 -0.986459
21.250000000 12.738655 1.232855 0.003864 0.000763 -0.000250 -0.163835 -0.986487
21.300000000 12.805049 1.240130 0.003893 0.000766 -0.000250 -0.163630 -0.986522
21.350000000 12.870643 1.247152 0.003921 0.000770 -0.000250 -0.163388 -0.986562
21.400000000 12.935436 1.253924 0.003949 0.000774 -0.000250 -0.163109 -0.986608
21.450000000 12.999427 1.260445 0.003976 0.000778 -0.000251 -0.162791 -0.986660
21.500000000 13.062618 1.266717 0.004003 0.000781 -0.000251 -0.162435 -0.986719
21.550000000 13.125006 1.272741 0.004029 0.000785 -0.000252 -0.162040 -0.986784
21.600000000 13.186593 1.278516 0.004055 0.000789 -0.000253 -0.161606 -0.986855
21.650000000 13.247379 1.284044 0.004080 0.000793 -0.000254 -0.161133 -0.986932
21.700000000 13.307362 1.289326 0.004105 0.000797 -0.000255 -0.160622 -0.987016
21.750000000 13.366543 1.294361 0.004129 0.000801 -0.000256 -0.160072 -0.987105
21.800000000 13.424921 1.299151 0.004152 0.000805 -0.000257 -0.159485 -0.987200
21.850000000 13.482497 1.303696 0.004175 0.000809 -0.000259 -0.158861 -0.987301
21.900000000 13.539269 1.307997 0.004197 0.000813 -0.000261 -0.158201 -0.987407
21.950000000 13.595238 1.312054 0.004219 0.000817 -0.000262 -0.157505 -0.987518
22.000000000 13.650404 1.315868 0.004240 0.000821 -0.000265 -0.156774 -0.987634
22.050000000 13.704766 1.319441 0.004261 0.000825 -0.000267 -0.156008 -0.987755
22.100000000 13.758323 1.322772 0.004281 0.000830 -0.000269 -0.155209 -0.987881
22.150000000 13.811076 1.325864 0.004301 0.000834 -0.000272 -0.154377 -0.988012
22.200000000 13.863025 1.328715 0.004320 0.000838 -0.000275 -0.153512 -0.988146
22.250000000 13.914168 1.331329 0.004339 0.000843 -0.000278 -0.152617 -0.988285
22.300000000 13.964505 1.333706 0.004358 0.000847 -0.000281 -0.151690 -0.988428
22.350000000 14.014036 1.335846 0.004375 0.000852 -0.000284 -0.150734 -0.988574
22.400000000 14.062761 1.337751 0.004393 0.000856 -0.000288 -0.149748 -0.988724
22.450000000 14.110679 1.339423 0.004410 0.000861 -0.000292 -0.148734 -0.988877
22.500000000 14.157790 1.340862 0.004426 0.000866 -0.000296 -0.147691 -0.989033
22.550000000 14.204094 1.342070 0.004442 0.000870 -0.000300 -0.146621 -0.989192
22.600000000 14.249589 1.343049 0.004457 0.000875 -0.000305 -0.145524 -0.989354
22.650000000 14.294275 1.343800 0.004472 0.000880 -0.000309 -0.144401 -0.989519
22.700000000 14.338153 1.344324 0.004486 0.000885 -0.000314 -0.143252 -0.989686
22.750000000 14.381220 1.344622 0.004500 0.000890 -0.000320 -0.142078 -0.989855
22.800000000 14.423478 1.344698 0.004514 0.000895 -0.000325 -0.140879 -0.990026
22.850000000 14.464925 1.344552 0.004526 0.000900 -0.000331 -0.139656 -0.990200
22.900000000 14.505561 1.344186 0.004539 0.000905 -0.000337 -0.138409 -0.990375
22.950000000 14.545386 1.343602 0.004551 0.000910 -0.000343 -0.137138 -0.990551
23.000000000 14.584398 1.342802 0.004562 0.000915 -0.000349 -0.135844 -0.990730
23.050000000 14.622598 1.341788 0.004573 0.000920 -0.000356 -0.134528 -0.990909
23.100000000 14.659984 1.340562 0.004583 0.000925 -0.000363 -0.133189 -0.991090
23.150000000 14.696557 1.339125 0.004593 0.000931 -0.000370 -0.131827 -0.991272
23.200000000 14.732315 1.337480 0.004602 0.000936 -0.000377 -0.130444 -0.991455
23.250000000 14.767258 1.335629 0.004611 0.000941 -0.000385 -0.129039 -0.991639
23.300000000 14.801386 1.333574 0.004619 0.000947 -0.000393 -0.127613 -0.991824
23.350000000 14.834698 1.331318 0.004627 0.000952 -0.000401 -0.126165 -0.992009
23.400000000 14.867194 1.328862 0.004634 0.000958 -0.000410 -0.124696 -0.992194
23.450000000 14.898872 1.326210 0.004640 0.000964 -0.000419 -0.123207 -0.992380
23.500000000 14.929733 1.323362 0.004646 0.000969 -0.000428 -0.121697 -0.992567
23.550000000 14.959775 1.320322 0.004652 0.000975 -0.000438 -0.120167 -0.992753
23.600000000 14.988999 1.317093 0.004656 0.000981 -0.000448 -0.118616 -0.992940
23.650000000 15.017403 1.313676 0.004660 0.000987 -0.000458 -0.117045 -0.993126
23.700000000 15.044987 1.310074 0.004664 0.000992 -0.000469 -0.115455 -0.993312
23.750000000 15.071751 1.306290 0.004666 0.000998 -0.000480 -0.113844 -0.993498
23.800000000 15.097694 1.302326 0.004668 0.001004 -0.000491 -0.112214 -0.993683
23.850000000 15.122815 1.298185 0.004670 0.001010 -0.000503 -0.110564 -0.993868
23.900000000 15.147114 1.293869 0.004670 0.001017 -0.000515 -0.108895 -0.994053
23.950000000 15.170590 1.289382 0.004670 0.001023 -0.000528 -0.107207 -0.994236
24.000000000 15.193243 1.284726 0.004669 0.001029 -0.000541 -0.105499 -0.994419
24.050000000 15.215072 1.279903 0.004667 0.001035 -0.000554 -0.103773 -0.994600
24.100000000 15.236077 1.274917 0.004665 0.001042 -0.000568 -0.102028 -0.994781
24.150000000 15.256257 1.269769 0.004661 0.001048 -0.000582 -0.100264 -0.994960
24.200000000 15.275612 1.264464 0.004657 0.001055 -0.000597 -0.098482 -0.995138
24.250000000 15.294141 1.259004 0.004652 0.001061 -0.000613 -0.096682 -0.995315
24.300000000 15.311844 1.253392 0.004646 0.001068 -0.000629 -0.094864 -0.995489
24.350000000 15.328720 1.247630 0.004639 0.001075 -0.000645 -0.093029 -0.995663
24.400000000 15.344768 1.241722 0.004631 0.001081 -0.000663 -0.091176 -0.995834
24.450000000 15.359989 1.235670 0.004622 0.001088 -0.000680 -0.089306 -0.996003
24.500000000 15.374382 1.229478 0.004612 0.001095 -0.000699 -0.087420 -0.996171
24.550000000 15.387946 1.223148 0.004600 0.001102 -0.000718 -0.085517 -0.996336
24.600000000 15.400681 1.216683 0.004588 0.001109 -0.000738 -0.083599 -0.996499
24.650000000 15.412586 1.210086 0.004575 0.001116 -0.000758 -0.081666 -0.996659
24.700000000 15.423662 1.203358 0.004560 0.001124 -0.000780 -0.079722 -0.996816
24.750000000 15.433906 1.196502 0.004544 0.001131 -0.000802 -0.077767 -0.996971
24.800000000 15.443320 1.189520 0.004527 0.001138 -0.000825 -0.075805 -0.997122
24.850000000 15.451901 1.182414 0.004508 0.001146 -0.000848 -0.073836 -0.997269
24.900000000 15.459650 1.175186 0.004488 0.001153 -0.000873 -0.071862 -0.997414
24.950000000 15.466566 1.167840 0.004466 0.001161 -0.000898 -0.069884 -0.997554
25.000000000 15.472648 1.160378 0.004443 0.001168 -0.000925 -0.067904 -0.997691
25.050000000 15.477895 1.152803 0.004418 0.001176 -0.000953 -0.065922 -0.997824
25.100000000 15.482308 1.145118 0.004392 0.001184 -0.000981 -0.063939 -0.997953
25.150000000 15.485884 1.137325 0.004364 0.001192 -0.001011 -0.061955 -0.998078
25.200000000 15.488625 1.129428 0.004333 0.001200 -0.001042 -0.059971 -0.998199
25.250000000 15.490529 1.121431 0.004302 0.001208 -0.001073 -0.057987 -0.998316
25.300000000 15.491595 1.113336 0.004268 0.001216 -0.001106 -0.056002 -0.998429
25.350000000 15.491825 1.105147 0.004232 0.001224 -0.001141 -0.054017 -0.998539
25.400000000 15.491217 1.096867 0.004194 0.001232 -0.001176 -0.052031 -0.998644
25.450000000 15.489771 1.088500 0.004154 0.001241 -0.001212 -0.050045 -0.998745
25.500000000 15.487486 1.080049 0.004112 0.001249 -0.001250 -0.048059 -0.998843
25.550000000 15.484363 1.071517 0.004068 0.001258 -0.001288 -0.046072 -0.998936
25.600000000 15.480401 1.062908 0.004022 0.001266 -0.001328 -0.044085 -0.999026
25.650000000 15.475600 1.054225 0.003973 0.001274 -0.001368 -0.042098 -0.999112
25.700000000 15.469959 1.045471 0.003922 0.001283 -0.001409 -0.040110 -0.999193
25.750000000 15.463478 1.036650 0.003869 0.001292 -0.001452 -0.038121 -0.999271
25.800000000 15.456157 1.027766 0.003814 0.001300 -0.001494 -0.036131 -0.999345
25.850000000 15.447996 1.018822 0.003756 0.001309 -0.001538 -0.034138 -0.999415
25.900000000 15.438993 1.009823 0.003696 0.001318 -0.001582 -0.032142 -0.999481
25.950000000 15.429149 1.000771 0.003633 0.001326 -0.001627 -0.030142 -0.999543
26.000000000 15.418462 0.991672 0.003568 0.001335 -0.001672 -0.028137 -0.999602
26.050000000 15.406934 0.982529 0.003501 0.001344 -0.001718 -0.026125 -0.999656
26.100000000 15.394564 0.973346 0.003431 0.001353 -0.001764 -0.024106 -0.999707
26.150000000 15.381350 0.964127 0.003358 0.001361 -0.001811 -0.022077 -0.999754
26.200000000 15.367294 0.954877 0.003283 0.001370 -0.001857 -0.020037 -0.999797
26.250000000 15.352394 0.945600 0.003204 0.001379 -0.001905 -0.017985 -0.999836
26.300000000 15.336650 0.936301 0.003124 0.001388 -0.001952 -0.015918 -0.999870
26.350000000 15.320063 0.926984 0.003040 0.001397 -0.002000 -0.013834 -0.999901
26.400000000 15.302632 0.917653 0.002954 0.001406 -0.002047 -0.011732 -0.999928
26.450000000 15.284356 0.908314 0.002864 0.001415 -0.002095 -0.009610 -0.999951
26.500000000 15.265236 0.898972 0.002772 0.001424 -0.002143 -0.007464 -0.999969
26.550000000 15.245272 0.889631 0.002677 0.001433 -0.002192 -0.005292 -0.999983
26.600000000 15.224463 0.880296 0.002578 0.001442 -0.002240 -0.003093 -0.999992
26.650000000 15.202809 0.870973 0.002477 0.001452 -0.002288 -0.000862 -0.999996
26.700000000 15.180311 0.861667 0.002372 0.001461 -0.002337 0.001402 -0.999995
26.750000000 15.156968 0.852383 0.002264 0.001470 -0.002386 0.003703 -0.999989
26.800000000 15.132780 0.843127 0.002152 0.001480 -0.002435 0.006044 -0.999978
26.850000000 15.107748 0.833905 0.002038 0.001489 -0.002484 0.008429 -0.999960
26.900000000 15.081871 0.824723 0.001919 0.001499 -0.002533 0.010860 -0.999937
26.950000000 15.055150 0.815586 0.001797 0.001509 -0.002583 0.013341 -0.999907
27.000000000 15.027584 0.806501 0.001672 0.001519 -0.002632 0.015876 -0.999869
27.050000000 14.999175 0.797474 0.001542 0.001529 -0.002682 0.018468 -0.999825
27.100000000 14.969923 0.788512 0.001409 0.001539 -0.002733 0.021122 -0.999772
27.150000000 14.939827 0.779621 0.001272 0.001550 -0.002783 0.023841 -0.999711
27.200000000 14.908889 0.770809 0.001132 0.001560 -0.002835 0.026630 -0.999640
27.250000000 14.877109 0.762081 0.000987 0.001571 -0.002886 0.029493 -0.999560
27.300000000 14.844487 0.753446 0.000837 0.001582 -0.002938 0.032435 -0.999468
27.350000000 14.811024 0.744912 0.000684 0.001593 -0.002991 0.035459 -0.999365
27.400000000 14.776722 0.736484 0.000527 0.001604 -0.003045 0.038571 -0.999250
27.450000000 14.741580 0.728172 0.000365 0.001616 -0.003099 0.041775 -0.999121
27.500000000 14.705601 0.719984 0.000198 0.001628 -0.003154 0.045077 -0.998977
27.550000000 14.668784 0.711927 0.000027 0.001640 -0.003210 0.048480 -0.998818
27.600000000 14.631132 0.704010 -0.000149 0.001652 -0.003267 0.051991 -0.998641
27.650000000 14.592645 0.696243 -0.000329 0.001665 -0.003325 0.055615 -0.998445
27.700000000 14.553325 0.688633 -0.000514 0.001678 -0.003384 0.059356 -0.998230
27.750000000 14.513173 0.681190 -0.000704 0.001691 -0.003444 0.063220 -0.997992
27.800000000 14.472192 0.673924 -0.000899 0.001704 -0.003506 0.067213 -0.997731
27.850000000 14.430383 0.666844 -0.001100 0.001718 -0.003570 0.071339 -0.997444
27.900000000 14.387783 0.659954 -0.001305 0.001732 -0.003634 0.075605 -0.997130
27.950000000 14.344982 0.653174 -0.001511 0.001747 -0.003699 0.080013 -0.996785
28.000000000 14.302191 0.646470 -0.001717 0.001762 -0.003763 0.084564 -0.996409
28.050000000 14.259411 0.639844 -0.001922 0.001778 -0.003827 0.089255 -0.996000
28.100000000 14.216641 0.633294 -0.002128 0.001794 -0.003890 0.094087 -0.995555
28.150000000 14.173883 0.626820 -0.002333 0.001810 -0.003954 0.099056 -0.995072
28.200000000 14.131137 0.620421 -0.002537 0.001827 -0.004017 0.104162 -0.994551
28.250000000 14.088403 0.614095 -0.002742 0.001845 -0.004080 0.109402 -0.993987
28.300000000 14.045683 0.607843 -0.002947 0.001863 -0.004144 0.114776 -0.993381
28.350000000 14.002976 0.601662 -0.003152 0.001881 -0.004208 0.120280 -0.992729
28.400000000 13.960283 0.595552 -0.003357 0.001900 -0.004272 0.125913 -0.992030
28.450000000 13.917605 0.589512 -0.003562 0.001919 -0.004337 0.131672 -0.991282
28.500000000 13.874941 0.583541 -0.003767 0.001939 -0.004403 0.137555 -0.990482
28.550000000 13.832292 0.577637 -0.003972 0.001958 -0.004469 0.143559 -0.989630
28.600000000 13.789659 0.571799 -0.004178 0.001979 -0.004535 0.149681 -0.988722
28.650000000 13.747041 0.566025 -0.004384 0.001999 -0.004603 0.155917 -0.987757
28.700000000 13.704439 0.560315 -0.004591 0.002020 -0.004671 0.162266 -0.986734
28.750000000 13.661853 0.554666 -0.004798 0.002041 -0.004741 0.168724 -0.985650
28.800000000 13.619283 0.549080 -0.005005 0.002073 -0.004813 0.175292 -0.984503
28.850000000 13.576731 0.543567 -0.005213 0.002098 -0.004885 0.181988 -0.983286
28.900000000 13.534196 0.538116 -0.005421 0.002120 -0.004957 0.188791 -0.982002
28.950000000 13.491677 0.532729 -0.005629 0.002141 -0.005030 0.195705 -0.980648
29.000000000 13.449176 0.527413 -0.005839 0.002162 -0.005104 0.202739 -0.979217
29.050000000 13.406697 0.522172 -0.006048 0.002184 -0.005179 0.209902 -0.977706
29.100000000 13.364239 0.517006 -0.006258 0.002207 -0.005255 0.217193 -0.976112
29.150000000 13.321804 0.511913 -0.006469 0.002229 -0.005333 0.224608 -0.974432
29.200000000 13.279389 0.506890 -0.006680 0.002252 -0.005411 0.232141 -0.972664
29.250000000 13.237127 0.501869 -0.006890 0.002276 -0.005490 0.239787 -0.970807
29.300000000 13.195568 0.496551 -0.007094 0.002300 -0.005566 0.247537 -0.968860
29.350000000 13.154767 0.490888 -0.007290 0.002325 -0.005639 0.255379 -0.966822
29.400000000 13.114716 0.484862 -0.007479 0.002352 -0.005709 0.263303 -0.964693
29.450000000 13.075407 0.478457 -0.007661 0.002379 -0.005776 0.271298 -0.962475
29.500000000 13.036830 0.471654 -0.007835 0.002408 -0.005840 0.279353 -0.960168
29.550000000 12.998976 0.464439 -0.008003 0.002437 -0.005901 0.287457 -0.957772
29.600000000 12.961836 0.456794 -0.008163 0.002468 -0.005960 0.295603 -0.955289
29.650000000 12.925401 0.448704 -0.008315 0.002499 -0.006015 0.303781 -0.952720
29.700000000 12.889661 0.440152 -0.008461 0.002531 -0.006067 0.311982 -0.950065
29.750000000 12.854605 0.431123 -0.008599 0.002564 -0.006116 0.320199 -0.947327
29.800000000 12.820225 0.421603 -0.008729 0.002598 -0.006161 0.328425 -0.944507
29.850000000 12.786509 0.411576 -0.008853 0.002633 -0.006204 0.336652 -0.941605
29.900000000 12.753448 0.401028 -0.008969 0.002669 -0.006242 0.344874 -0.938624
29.950000000 12.721031 0.389945 -0.009077 0.002706 -0.006278 0.353087 -0.935565
30.000000000 12.689249 0.378313 -0.009178 0.002744 -0.006309 0.361285 -0.932430
30.050000000 12.658089 0.366120 -0.009272 0.002783 -0.006337 0.369464 -0.929219
30.100000000 12.627543 0.353351 -0.009358 0.002824 -0.006361 0.377620 -0.925934
30.150000000 12.597600 0.339996 -0.009437 0.002866 -0.006380 0.385750 -0.922577
30.200000000 12.568248 0.326041 -0.009508 0.002909 -0.006395 0.393851 -0.919147
30.250000000 12.539478 0.311477 -0.009571 0.002954 -0.006406 0.401923 -0.915646
30.300000000 12.511278 0.296294 -0.009627 0.003000 -0.006412 0.409966 -0.912073
30.350000000 12.483638 0.280482 -0.009675 0.003048 -0.006413 0.417979 -0.908429
30.400000000 12.456546 0.264031 -0.009716 0.003098 -0.006410 0.425960 -0.904714
30.450000000 12.429991 0.246932 -0.009749 0.003149 -0.006401 0.433910 -0.900928
30.500000000 12.403962 0.229176 -0.009775 0.003203 -0.006388 0.441829 -0.897071
30.550000000 12.378446 0.210753 -0.009793 0.003258 -0.006370 0.449714 -0.893144
30.600000000 12.353431 0.191654 -0.009805 0.003316 -0.006347 0.457567 -0.889147
30.650000000 12.328907 0.171872 -0.009809 0.003375 -0.006318 0.465385 -0.885079
30.700000000 12.304859 0.151397 -0.009807 0.003437 -0.006285 0.473169 -0.880943
30.750000000 12.281277 0.130221 -0.009798 0.003500 -0.006248 0.480917 -0.876737
30.800000000 12.258148 0.108336 -0.009784 0.003566 -0.006205 0.488630 -0.872462
30.850000000 12.235458 0.085735 -0.009763 0.003633 -0.006159 0.496306 -0.868118
30.900000000 12.213196 0.062410 -0.009736 0.003703 -0.006107 0.503944 -0.863707
30.950000000 12.191348 0.038353 -0.009705 0.003774 -0.006053 0.511545 -0.859227
31.000000000 12.169902 0.013558 -0.009668 0.003847 -0.005994 0.519108 -0.854679
31.050000000 12.148844 -0.011983 -0.009628 0.003921 -0.005932 0.526633 -0.850063
31.100000000 12.128165 -0.038277 -0.009583 0.003996 -0.005867 0.534122 -0.845378
31.150000000 12.107853 -0.065331 -0.009536 0.004073 -0.005800 0.541578 -0.840621
31.200000000 12.087897 -0.093150 -0.009485 0.004150 -0.005731 0.549002 -0.835791
31.250000000 12.068285 -0.121741 -0.009432 0.004227 -0.005660 0.556399 -0.830885
31.300000000 12.049008 -0.151111 -0.009377 0.004305 -0.005588 0.563772 -0.825900
31.350000000 12.030054 -0.181263 -0.009320 0.004383 -0.005515 0.571125 -0.820833
31.400000000 12.011413 -0.212203 -0.009263 0.004461 -0.005441 0.578462 -0.815679
31.450000000 11.993076 -0.243936 -0.009206 0.004539 -0.005368 0.585788 -0.810434
31.500000000 11.975032 -0.276465 -0.009148 0.004615 -0.005294 0.593110 -0.805091
31.550000000 11.957272 -0.309796 -0.009091 0.004691 -0.005221 0.600433 -0.799644
31.600000000 11.939787 -0.343931 -0.009035 0.004766 -0.005148 0.607763 -0.794087
31.650000000 11.922567 -0.378873 -0.008980 0.004840 -0.005076 0.615108 -0.788411
31.700000000 11.905603 -0.414625 -0.008927 0.004912 -0.005005 0.622475 -0.782609
31.750000000 11.888878 -0.451191 -0.008876 0.004983 -0.004935 0.629859 -0.776678
31.800000000 11.872370 -0.488574 -0.008827 0.005052 -0.004866 0.637247 -0.770627
31.850000000 11.856055 -0.526777 -0.008782 0.005119 -0.004799 0.644628 -0.764464
31.900000000 11.839909 -0.565806 -0.008740 0.005183 -0.004733 0.651986 -0.758198
31.950000000 11.823906 -0.605663 -0.008703 0.005246 -0.004670 0.659309 -0.751840
32.000000000 11.808021 -0.646352 -0.008669 0.005306 -0.004608 0.666581 -0.745400
32.050000000 11.792228 -0.687878 -0.008641 0.005363 -0.004547 0.673788 -0.738891
32.100000000 11.776501 -0.730231 -0.008618 0.005417 -0.004490 0.680916 -0.732328
32.150000000 11.760777 -0.772888 -0.008601 0.005467 -0.004436 0.687951 -0.725723
32.200000000 11.745021 -0.815546 -0.008588 0.005510 -0.004388 0.694881 -0.719090
32.250000000 11.729225 -0.858204 -0.008580 0.005547 -0.004346 0.701694 -0.712444
32.300000000 11.713380 -0.900862 -0.008576 0.005578 -0.004310 0.708379 -0.705797
32.350000000 11.697477 -0.943522 -0.008577 0.005603 -0.004278 0.714927 -0.699164
32.400000000 11.681510 -0.986182 -0.008582 0.005623 -0.004251 0.721329 -0.692556
32.450000000 11.665470 -1.028843 -0.008591 0.005637 -0.004228 0.727579 -0.685988
32.500000000 11.649349 -1.071504 -0.008605 0.005642 -0.004204 0.733669 -0.679471
32.550000000 11.633137 -1.114163 -0.008622 0.005642 -0.004184 0.739586 -0.673026
32.600000000 11.616844 -1.156818 -0.008642 0.005643 -0.004173 0.745347 -0.666640
32.650000000 11.600474 -1.199468 -0.008666 0.005640 -0.004165 0.750958 -0.660313
32.700000000 11.584025 -1.242113 -0.008693 0.005633 -0.004161 0.756420 -0.654048
32.750000000 11.567496 -1.284750 -0.008723 0.005623 -0.004159 0.761735 -0.647851
32.800000000 11.550888 -1.327381 -0.008756 0.005609 -0.004160 0.766905 -0.641723
32.850000000 11.534199 -1.370004 -0.008791 0.005593 -0.004162 0.771930 -0.635669
32.900000000 11.517431 -1.412617 -0.008828 0.005574 -0.004167 0.776815 -0.629690
32.950000000 11.500583 -1.455221 -0.008867 0.005552 -0.004174 0.781563 -0.623788
33.000000000 11.483656 -1.497815 -0.008909 0.005528 -0.004182 0.786174 -0.617966
33.050000000 11.466652 -1.540398 -0.008952 0.005502 -0.004191 0.790654 -0.612224
33.100000000 11.449569 -1.582968 -0.008997 0.005475 -0.004202 0.795004 -0.606564
33.150000000 11.432410 -1.625527 -0.009043 0.005446 -0.004214 0.799228 -0.600988
33.200000000 11.415175 -1.668072 -0.009090 0.005415 -0.004227 0.803328 -0.595497
33.250000000 11.397864 -1.710603 -0.009139 0.005384 -0.004241 0.807307 -0.590091
33.300000000 11.380478 -1.753120 -0.009189 0.005351 -0.004255 0.811168 -0.584773
33.350000000 11.363018 -1.795621 -0.009240 0.005318 -0.004270 0.814914 -0.579542
33.400000000 11.345484 -1.838107 -0.009292 0.005284 -0.004285 0.818547 -0.574400
33.450000000 11.327878 -1.880577 -0.009344 0.005250 -0.004301 0.822069 -0.569347
33.500000000 11.310200 -1.923030 -0.009397 0.005216 -0.004317 0.825484 -0.564385
33.550000000 11.292450 -1.965466 -0.009451 0.005181 -0.004333 0.828794 -0.559513
33.600000000 11.274629 -2.007884 -0.009506 0.005146 -0.004349 0.832001 -0.554734
33.650000000 11.256739 -2.050283 -0.009560 0.005112 -0.004365 0.835107 -0.550046
33.700000000 11.238747 -2.092735 -0.009616 0.005077 -0.004382 0.838115 -0.545452
33.750000000 11.220399 -2.135812 -0.009674 0.005045 -0.004396 0.841027 -0.540952
33.800000000 11.201629 -2.179634 -0.009736 0.005016 -0.004409 0.843839 -0.536555
33.850000000 11.182426 -2.224196 -0.009802 0.004989 -0.004421 0.846552 -0.532264
33.900000000 11.162780 -2.269492 -0.009871 0.004965 -0.004431 0.849164 -0.528087
33.950000000 11.142680 -2.315518 -0.009944 0.004943 -0.004440 0.851674 -0.524030
34.000000000 11.122117 -2.362267 -0.010021 0.004923 -0.004448 0.854080 -0.520099
34.050000000 11.101080 -2.409733 -0.010102 0.004905 -0.004455 0.856381 -0.516302
34.100000000 11.079559 -2.457911 -0.010187 0.004889 -0.004461 0.858575 -0.512645
34.150000000 11.057546 -2.506796 -0.010276 0.004874 -0.004467 0.860660 -0.509137
34.200000000 11.035030 -2.556381 -0.010370 0.004862 -0.004472 0.862635 -0.505784
34.250000000 11.012002 -2.606661 -0.010468 0.004850 -0.004476 0.864497 -0.502595
34.300000000 10.988453 -2.657629 -0.010570 0.004840 -0.004480 0.866244 -0.499578
34.350000000 10.964374 -2.709281 -0.010677 0.004831 -0.004484 0.867873 -0.496742
34.400000000 10.939756 -2.761609 -0.010789 0.004823 -0.004488 0.869382 -0.494097
34.450000000 10.914591 -2.814607 -0.010905 0.004816 -0.004492 0.870767 -0.491652
34.500000000 10.888869 -2.868271 -0.011026 0.004809 -0.004496 0.872025 -0.489418
34.550000000 10.862582 -2.922592 -0.011153 0.004802 -0.004501 0.873151 -0.487405
34.600000000 10.835722 -2.977566 -0.011284 0.004796 -0.004506 0.874143 -0.485624
34.650000000 10.808280 -3.033185 -0.011421 0.004789 -0.004512 0.874994 -0.484089
34.700000000 10.780248 -3.089442 -0.011563 0.004783 -0.004519 0.875699 -0.482812
34.750000000 10.751618 -3.146332 -0.011710 0.004775 -0.004527 0.876253 -0.481806
34.800000000 10.722382 -3.203847 -0.011863 0.004767 -0.004536 0.876649 -0.481086
34.850000000 10.692532 -3.261980 -0.012021 0.004758 -0.004546 0.876878 -0.480667
34.900000000 10.662059 -3.320722 -0.012185 0.004748 -0.004558 0.876934 -0.480566
34.950000000 10.630957 -3.380068 -0.012354 0.004737 -0.004572 0.876805 -0.480801
35.000000000 10.599216 -3.440007 -0.012530 0.004724 -0.004587 0.876482 -0.481389
35.050000000 10.566829 -3.500531 -0.012711 0.004709 -0.004605 0.875953 -0.482352
35.100000000 10.533788 -3.561631 -0.012899 0.004691 -0.004625 0.875204 -0.483710
35.150000000 10.500085 -3.623296 -0.013092 0.004672 -0.004647 0.874220 -0.485486
35.200000000 10.465712 -3.685515 -0.013291 0.004649 -0.004672 0.872984 -0.487704
35.250000000 10.430676 -3.748287 -0.013497 0.004624 -0.004699 0.871494 -0.490363
35.300000000 10.395007 -3.811629 -0.013707 0.004596 -0.004729 0.869772 -0.493410
35.350000000 10.358739 -3.875561 -0.013922 0.004566 -0.004761 0.867845 -0.496791
35.400000000 10.321902 -3.940104 -0.014142 0.004533 -0.004795 0.865738 -0.500453
35.450000000 10.284526 -4.005278 -0.014365 0.004498 -0.004831 0.863475 -0.504348
35.500000000 10.246641 -4.071105 -0.014591 0.004461 -0.004868 0.861078 -0.508430
35.550000000 10.208273 -4.137606 -0.014819 0.004423 -0.004906 0.858570 -0.512654
35.600000000 10.169449 -4.204799 -0.015049 0.004383 -0.004945 0.855972 -0.516980
35.650000000 10.130194 -4.272704 -0.015281 0.004342 -0.004984 0.853304 -0.521372
35.700000000 10.090533 -4.341339 -0.015513 0.004301 -0.005024 0.850585 -0.525795
35.750000000 10.050488 -4.410721 -0.015746 0.004259 -0.005064 0.847835 -0.530219
35.800000000 10.010081 -4.480865 -0.015979 0.004217 -0.005103 0.845070 -0.534615
35.850000000 9.969338 -4.551776 -0.016211 0.004175 -0.005143 0.842307 -0.538958
35.900000000 9.928501 -4.622985 -0.016442 0.004135 -0.005181 0.839562 -0.543224
35.950000000 9.887710 -4.694227 -0.016670 0.004098 -0.005216 0.836852 -0.547389
36.000000000 9.846980 -4.765508 -0.016897 0.004064 -0.005250 0.834194 -0.551431
36.050000000 9.806319 -4.836835 -0.017120 0.004032 -0.005282 0.831600 -0.555335
36.100000000 9.765736 -4.908214 -0.017342 0.004003 -0.005311 0.829083 -0.559085
36.150000000 9.725238 -4.979648 -0.017561 0.003976 -0.005339 0.826653 -0.562673
36.200000000 9.684830 -5.051140 -0.017778 0.003952 -0.005365 0.824317 -0.566089
36.250000000 9.644517 -5.122693 -0.017993 0.003930 -0.005389 0.822082 -0.569330
36.300000000 9.604301 -5.194306 -0.018205 0.003911 -0.005411 0.819954 -0.572391
36.350000000 9.564184 -5.265980 -0.018415 0.003893 -0.005432 0.817935 -0.575272
36.400000000 9.524167 -5.337716 -0.018623 0.003878 -0.005451 0.816029 -0.577972
36.450000000 9.484250 -5.409511 -0.018829 0.003864 -0.005468 0.814236 -0.580495
36.500000000 9.444432 -5.481365 -0.019033 0.003853 -0.005484 0.812558 -0.582842
36.550000000 9.404713 -5.553276 -0.019235 0.003843 -0.005499 0.810992 -0.585019
36.600000000 9.365089 -5.625243 -0.019435 0.003835 -0.005513 0.809538 -0.587029
36.650000000 9.325559 -5.697262 -0.019634 0.003828 -0.005525 0.808194 -0.588878
36.700000000 9.286119 -5.769332 -0.019831 0.003823 -0.005536 0.806957 -0.590572
36.750000000 9.246767 -5.841450 -0.020026 0.003819 -0.005547 0.805823 -0.592119
36.800000000 9.207499 -5.913613 -0.020220 0.003816 -0.005557 0.804788 -0.593524
36.850000000 9.168311 -5.985820 -0.020413 0.003814 -0.005565 0.803850 -0.594794
36.900000000 9.129199 -6.058067 -0.020605 0.003813 -0.005573 0.803003 -0.595937
36.950000000 9.090159 -6.130352 -0.020795 0.003813 -0.005581 0.802242 -0.596960
37.000000000 9.051188 -6.202672 -0.020984 0.003814 -0.005588 0.801564 -0.597870
37.050000000 9.012281 -6.275026 -0.021173 0.003816 -0.005594 0.800964 -0.598675
37.100000000 8.973434 -6.347410 -0.021360 0.003818 -0.005600 0.800435 -0.599381
37.150000000 8.934644 -6.419822 -0.021547 0.003821 -0.005605 0.799975 -0.599995
37.200000000 8.895905 -6.492260 -0.021733 0.003824 -0.005611 0.799578 -0.600524
37.250000000 8.857215 -6.564723 -0.021918 0.003828 -0.005615 0.799239 -0.600975
37.300000000 8.818569 -6.637207 -0.022103 0.003832 -0.005620 0.798954 -0.601353
37.350000000 8.779963 -6.709711 -0.022287 0.003837 -0.005624 0.798719 -0.601666
37.400000000 8.741395 -6.782233 -0.022471 0.003841 -0.005629 0.798529 -0.601918
37.450000000 8.702863 -6.854766 -0.022655 0.003846 -0.005633 0.798379 -0.602116
37.500000000 8.664501 -6.926825 -0.022838 0.003852 -0.005636 0.798268 -0.602263
37.550000000 8.626403 -6.998089 -0.023022 0.003857 -0.005640 0.798196 -0.602359
37.600000000 8.588567 -7.068559 -0.023205 0.003863 -0.005644 0.798161 -0.602405
37.650000000 8.550994 -7.138233 -0.023390 0.003869 -0.005647 0.798166 -0.602399
37.700000000 8.513683 -7.207111 -0.023574 0.003875 -0.005651 0.798207 -0.602344
37.750000000 8.476634 -7.275195 -0.023758 0.003881 -0.005654 0.798287 -0.602239
37.800000000 8.439846 -7.342482 -0.023943 0.003887 -0.005657 0.798403 -0.602085
37.850000000 8.403320 -7.408974 -0.024128 0.003893 -0.005660 0.798554 -0.601884
37.900000000 8.367054 -7.474670 -0.024313 0.003900 -0.005664 0.798740 -0.601637
37.950000000 8.331048 -7.539568 -0.024498 0.003906 -0.005667 0.798959 -0.601346
38.000000000 8.295302 -7.603671 -0.024683 0.003913 -0.005670 0.799211 -0.601012
38.050000000 8.259816 -7.666976 -0.024868 0.003919 -0.005673 0.799493 -0.600636
38.100000000 8.224588 -7.729483 -0.025054 0.003925 -0.005677 0.799805 -0.600221
38.150000000 8.189620 -7.791194 -0.025240 0.003932 -0.005680 0.800145 -0.599767
38.200000000 8.154911 -7.852106 -0.025425 0.003938 -0.005683 0.800512 -0.599277
38.250000000 8.120460 -7.912221 -0.025611 0.003945 -0.005687 0.800905 -0.598751
38.300000000 8.086269 -7.971537 -0.025797 0.003951 -0.005690 0.801323 -0.598192
38.350000000 8.052337 -8.030055 -0.025984 0.003957 -0.005693 0.801763 -0.597601
38.400000000 8.018664 -8.087775 -0.026170 0.003963 -0.005697 0.802226 -0.596980
38.450000000 7.985251 -8.144697 -0.026356 0.003969 -0.005701 0.802710 -0.596329
38.500000000 7.952098 -8.200820 -0.026542 0.003975 -0.005704 0.803214 -0.595650
38.550000000 7.919206 -8.256145 -0.026728 0.003981 -0.005708 0.803736 -0.594945
38.600000000 7.886575 -8.310672 -0.026914 0.003987 -0.005712 0.804277 -0.594214
38.650000000 7.854207 -8.364401 -0.027101 0.003993 -0.005715 0.804834 -0.593459
38.700000000 7.822101 -8.417332 -0.027287 0.003999 -0.005719 0.805408 -0.592680
38.750000000 7.790260 -8.469465 -0.027473 0.004004 -0.005723 0.805996 -0.591879
38.800000000 7.758683 -8.520801 -0.027659 0.004010 -0.005727 0.806600 -0.591057
38.850000000 7.727373 -8.571339 -0.027845 0.004015 -0.005731 0.807217 -0.590214
38.900000000 7.696330 -8.621081 -0.028030 0.004021 -0.005735 0.807847 -0.589351
38.950000000 7.665555 -8.670025 -0.028216 0.004026 -0.005740 0.808489 -0.588470
39.000000000 7.635049 -8.718174 -0.028401 0.004032 -0.005744 0.809143 -0.587570
39.050000000 7.604815 -8.765527 -0.028586 0.004037 -0.005748 0.809809 -0.586652
39.100000000 7.574853 -8.812084 -0.028771 0.004042 -0.005752 0.810485 -0.585717
39.150000000 7.545167 -8.857846 -0.028956 0.004050 -0.005761 0.811173 -0.584764
39.200000000 7.515823 -8.902850 -0.029140 0.004061 -0.005772 0.811952 -0.583681
39.250000000 7.486879 -8.947122 -0.029321 0.004069 -0.005776 0.812887 -0.582379
39.300000000 7.458335 -8.990659 -0.029500 0.004076 -0.005777 0.813971 -0.580863
39.350000000 7.430192 -9.033461 -0.029677 0.004085 -0.005778 0.815203 -0.579132
39.400000000 7.402450 -9.075526 -0.029851 0.004095 -0.005779 0.816576 -0.577194
39.450000000 7.375097 -9.116847 -0.030024 0.004105 -0.005779 0.818070 -0.575076
39.500000000 7.348120 -9.157416 -0.030195 0.004116 -0.005778 0.819663 -0.572802
39.550000000 7.321512 -9.197228 -0.030364 0.004127 -0.005778 0.821341 -0.570393
39.600000000 7.295265 -9.236280 -0.030531 0.004138 -0.005777 0.823089 -0.567868
39.650000000 7.269375 -9.274569 -0.030697 0.004148 -0.005777 0.824894 -0.565243
39.700000000 7.243838 -9.312093 -0.030861 0.004159 -0.005777 0.826745 -0.562532
39.750000000 7.218650 -9.348849 -0.031024 0.004169 -0.005776 0.828632 -0.559749
39.800000000 7.193811 -9.384837 -0.031185 0.004179 -0.005776 0.830547 -0.556903
39.850000000 7.169317 -9.420057 -0.031345 0.004188 -0.005776 0.832481 -0.554007
39.900000000 7.145171 -9.454508 -0.031503 0.004197 -0.005777 0.834428 -0.551070
39.950000000 7.121370 -9.488190 -0.031660 0.004205 -0.005777 0.836382 -0.548100
40.000000000 7.097917 -9.521103 -0.031816 0.004212 -0.005778 0.838337 -0.545106
40.050000000 7.074812 -9.553249 -0.031970 0.004219 -0.005780 0.840288 -0.542093
40.100000000 7.052058 -9.584628 -0.032122 0.004225 -0.005781 0.842231 -0.539069
40.150000000 7.029656 -9.615242 -0.032274 0.004231 -0.005783 0.844163 -0.536038
40.200000000 7.007609 -9.645091 -0.032423 0.004236 -0.005786 0.846081 -0.533007
40.250000000 6.985921 -9.674177 -0.032572 0.004240 -0.005788 0.847981 -0.529979
40.300000000 6.964594 -9.702501 -0.032718 0.004243 -0.005791 0.849861 -0.526958
40.350000000 6.943632 -9.730066 -0.032864 0.004246 -0.005795 0.851720 -0.523947
40.400000000 6.923038 -9.756872 -0.033007 0.004247 -0.005798 0.853557 -0.520951
40.450000000 6.902818 -9.782922 -0.033149 0.004249 -0.005802 0.855369 -0.517970
40.500000000 6.882974 -9.808218 -0.033290 0.004249 -0.005807 0.857155 -0.515008
40.550000000 6.863511 -9.832762 -0.033428 0.004249 -0.005812 0.858916 -0.512066
40.600000000 6.844434 -9.856556 -0.033565 0.004248 -0.005817 0.860650 -0.509146
40.650000000 6.825746 -9.879604 -0.033701 0.004246 -0.005823 0.862357 -0.506250
40.700000000 6.807452 -9.901906 -0.033834 0.004244 -0.005828 0.864037 -0.503377
40.750000000 6.789557 -9.923467 -0.033966 0.004241 -0.005835 0.865689 -0.500530
40.800000000 6.772066 -9.944288 -0.034096 0.004237 -0.005841 0.867314 -0.497709
40.850000000 6.754982 -9.964372 -0.034225 0.004233 -0.005848 0.868912 -0.494913
40.900000000 6.738312 -9.983722 -0.034352 0.004228 -0.005855 0.870484 -0.492144
40.950000000 6.722058 -10.002340 -0.034476 0.004223 -0.005863 0.872028 -0.489402
41.000000000 6.706227 -10.020230 -0.034599 0.004216 -0.005871 0.873547 -0.486686
41.050000000 6.690822 -10.037394 -0.034720 0.004209 -0.005879 0.875041 -0.483996
41.100000000 6.675849 -10.053836 -0.034840 0.004202 -0.005888 0.876509 -0.481331
41.150000000 6.661312 -10.069558 -0.034957 0.004193 -0.005897 0.877953 -0.478693
41.200000000 6.647215 -10.084562 -0.035073 0.004185 -0.005906 0.879373 -0.476079
41.250000000 6.633564 -10.098853 -0.035187 0.004175 -0.005916 0.880770 -0.473489
41.300000000 6.620362 -10.112433 -0.035298 0.004165 -0.005926 0.882145 -0.470923
41.350000000 6.607615 -10.125305 -0.035408 0.004154 -0.005936 0.883498 -0.468379
41.400000000 6.595327 -10.137471 -0.035517 0.004142 -0.005947 0.884830 -0.465858
41.450000000 6.583503 -10.148936 -0.035623 0.004130 -0.005958 0.886142 -0.463358
41.500000000 6.572146 -10.159703 -0.035727 0.004117 -0.005969 0.887434 -0.460878
41.550000000 6.561263 -10.169774 -0.035830 0.004103 -0.005981 0.888709 -0.458415
41.600000000 6.550858 -10.179153 -0.035930 0.004088 -0.005993 0.889967 -0.455967
41.650000000 6.540937 -10.187843 -0.036029 0.004073 -0.006005 0.891211 -0.453531
41.700000000 6.531504 -10.195849 -0.036126 0.004057 -0.006018 0.892441 -0.451106
41.750000000 6.522564 -10.203173 -0.036221 0.004040 -0.006031 0.893658 -0.448690
41.800000000 6.514122 -10.209819 -0.036314 0.004022 -0.006045 0.894864 -0.446280
41.850000000 6.506183 -10.215790 -0.036406 0.004004 -0.006059 0.896059 -0.443876
41.900000000 6.498750 -10.221088 -0.036495 0.003984 -0.006073 0.897244 -0.441474
41.950000000 6.491829 -10.225718 -0.036583 0.003964 -0.006088 0.898421 -0.439075
42.000000000 6.485423 -10.229682 -0.036669 0.003943 -0.006103 0.899589 -0.436677
42.050000000 6.479536 -10.232983 -0.036753 0.003920 -0.006118 0.900749 -0.434279
42.100000000 6.474174 -10.235625 -0.036836 0.003897 -0.006134 0.901902 -0.431879
42.150000000 6.469338 -10.237610 -0.036917 0.003873 -0.006151 0.903048 -0.429478
42.200000000 6.465035 -10.238941 -0.036997 0.003847 -0.006168 0.904187 -0.427074
42.250000000 6.461266 -10.239622 -0.037075 0.003820 -0.006186 0.905320 -0.424668
42.300000000 6.458036 -10.239654 -0.037151 0.003791 -0.006204 0.906446 -0.422258
42.350000000 6.455348 -10.239041 -0.037226 0.003762 -0.006223 0.907566 -0.419846
42.400000000 6.453206 -10.237786 -0.037300 0.003730 -0.006242 0.908680 -0.417431
42.450000000 6.451613 -10.235892 -0.037372 0.003698 -0.006262 0.909786 -0.415013
42.500000000 6.450363 -10.233602 -0.037444 0.003664 -0.006283 0.910887 -0.412592
42.550000000 6.449117 -10.231306 -0.037516 0.003631 -0.006303 0.911981 -0.410169
42.600000000 6.447872 -10.229010 -0.037587 0.003597 -0.006323 0.913068 -0.407742
42.650000000 6.446626 -10.226715 -0.037659 0.003563 -0.006344 0.914149 -0.405313
42.700000000 6.445381 -10.224418 -0.037731 0.003530 -0.006364 0.915223 -0.402881
42.750000000 6.444135 -10.222122 -0.037802 0.003496 -0.006384 0.916291 -0.400447
42.800000000 6.442890 -10.219826 -0.037874 0.003462 -0.006405 0.917353 -0.398009
42.850000000 6.441644 -10.217530 -0.037945 0.003428 -0.006425 0.918407 -0.395569
42.900000000 6.440399 -10.215233 -0.038017 0.003394 -0.006445 0.919456 -0.393126
42.950000000 6.439153 -10.212937 -0.038089 0.003361 -0.006465 0.920497 -0.390681
43.000000000 6.437908 -10.210640 -0.038160 0.003327 -0.006485 0.921533 -0.388232
43.050000000 6.436663 -10.208343 -0.038232 0.003293 -0.006505 0.922561 -0.385782
43.100000000 6.435417 -10.206047 -0.038304 0.003258 -0.006525 0.923583 -0.383328
43.150000000 6.434172 -10.203750 -0.038375 0.003224 -0.006545 0.924599 -0.380872
43.200000000 6.432926 -10.201452 -0.038447 0.003190 -0.006565 0.925608 -0.378413
43.250000000 6.431681 -10.199155 -0.038519 0.003156 -0.006585 0.926610 -0.375952
43.300000000 6.430436 -10.196858 -0.038591 0.003122 -0.006605 0.927606 -0.373488
43.350000000 6.429191 -10.194561 -0.038662 0.003088 -0.006625 0.928595 -0.371022
43.400000000 6.427946 -10.192263 -0.038734 0.003053 -0.006645 0.929578 -0.368553
43.450000000 6.426700 -10.189966 -0.038806 0.003019 -0.006665 0.930554 -0.366081
43.500000000 6.425455 -10.187668 -0.038877 0.002984 -0.006685 0.931524 -0.363607
43.550000000 6.424210 -10.185370 -0.038949 0.002950 -0.006705 0.932486 -0.361131
43.600000000 6.422965 -10.183072 -0.039021 0.002915 -0.006725 0.933443 -0.358652
43.650000000 6.421720 -10.180774 -0.039093 0.002881 -0.006744 0.934392 -0.356171
43.700000000 6.420475 -10.178476 -0.039164 0.002846 -0.006764 0.935335 -0.353687
43.750000000 6.419230 -10.176178 -0.039236 0.002812 -0.006784 0.936271 -0.351201
43.800000000 6.417985 -10.173880 -0.039308 0.002777 -0.006803 0.937201 -0.348712
43.850000000 6.416740 -10.171581 -0.039380 0.002742 -0.006823 0.938124 -0.346222
43.900000000 6.415495 -10.169283 -0.039451 0.002708 -0.006843 0.939040 -0.343728
43.950000000 6.414251 -10.166984 -0.039523 0.002673 -0.006862 0.939950 -0.341233
44.000000000 6.413006 -10.164686 -0.039595 0.002638 -0.006882 0.940853 -0.338735
44.050000000 6.411761 -10.162387 -0.039667 0.002603 -0.006901 0.941749 -0.336235
44.100000000 6.410516 -10.160088 -0.039738 0.002568 -0.006921 0.942639 -0.333732
44.150000000 6.409272 -10.157789 -0.039810 0.002533 -0.006940 0.943522 -0.331228
44.200000000 6.408027 -10.155490 -0.039882 0.002498 -0.006960 0.944398 -0.328721
44.250000000 6.406782 -10.153190 -0.039954 0.002463 -0.006979 0.945268 -0.326211
44.300000000 6.405538 -10.150891 -0.040026 0.002428 -0.006998 0.946131 -0.323700
44.350000000 6.404293 -10.148592 -0.040098 0.002393 -0.007018 0.946987 -0.321186
44.400000000 6.403049 -10.146292 -0.040169 0.002357 -0.007037 0.947836 -0.318671
44.450000000 6.401805 -10.143993 -0.040241 0.002322 -0.007056 0.948679 -0.316153
44.500000000 6.400560 -10.141693 -0.040313 0.002287 -0.007076 0.949515 -0.313633
44.550000000 6.399316 -10.139393 -0.040385 0.002252 -0.007095 0.950345 -0.311111
44.600000000 6.398072 -10.137093 -0.040457 0.002216 -0.007114 0.951167 -0.308586
44.650000000 6.396828 -10.134793 -0.040529 0.002181 -0.007133 0.951983 -0.306060
44.700000000 6.395583 -10.132493 -0.040601 0.002145 -0.007152 0.952792 -0.303531
44.750000000 6.394339 -10.130193 -0.040672 0.002110 -0.007171 0.953595 -0.301001
44.800000000 6.393095 -10.127893 -0.040744 0.002074 -0.007190 0.954390 -0.298468
44.850000000 6.391851 -10.125592 -0.040816 0.002039 -0.007209 0.955179 -0.295934
44.900000000 6.390607 -10.123292 -0.040888 0.002003 -0.007228 0.955961 -0.293397
44.950000000 6.389363 -10.120991 -0.040960 0.001967 -0.007247 0.956736 -0.290859
45.000000000 6.388120 -10.118690 -0.041032 0.001932 -0.007266 0.957505 -0.288319
45.050000000 6.386876 -10.116390 -0.041104 0.001896 -0.007285 0.958267 -0.285776
45.100000000 6.385632 -10.114089 -0.041176 0.001860 -0.007304 0.959022 -0.283232
45.150000000 6.384388 -10.111788 -0.041248 0.001824 -0.007322 0.959770 -0.280686
45.200000000 6.383145 -10.109486 -0.041320 0.001788 -0.007341 0.960512 -0.278138
45.250000000 6.381901 -10.107185 -0.041392 0.001753 -0.007360 0.961246 -0.275588
45.300000000 6.380658 -10.104884 -0.041464 0.001717 -0.007379 0.961974 -0.273036
45.350000000 6.379414 -10.102583 -0.041536 0.001681 -0.007397 0.962695 -0.270482
45.400000000 6.378171 -10.100281 -0.041608 0.001645 -0.007416 0.963409 -0.267927
45.450000000 6.376927 -10.097979 -0.041680 0.001608 -0.007434 0.964117 -0.265370
45.500000000 6.375684 -10.095678 -0.041752 0.001572 -0.007453 0.964817 -0.262811
45.550000000 6.374441 -10.093376 -0.041824 0.001536 -0.007471 0.965511 -0.260250
45.600000000 6.373198 -10.091074 -0.041896 0.001500 -0.007490 0.966198 -0.257687
45.650000000 6.371955 -10.088772 -0.041968 0.001464 -0.007508 0.966878 -0.255123
45.700000000 6.370712 -10.086470 -0.042040 0.001428 -0.007527 0.967552 -0.252557
45.750000000 6.369469 -10.084168 -0.042112 0.001391 -0.007545 0.968218 -0.249990
45.800000000 6.368226 -10.081866 -0.042184 0.001355 -0.007563 0.968878 -0.247421
45.850000000 6.366983 -10.079563 -0.042256 0.001319 -0.007582 0.969531 -0.244850
45.900000000 6.365740 -10.077261 -0.042328 0.001282 -0.007600 0.970176 -0.242277
45.950000000 6.364498 -10.074958 -0.042400 0.001246 -0.007618 0.970816 -0.239703
46.000000000 6.363255 -10.072655 -0.042472 0.001209 -0.007636 0.971448 -0.237127
46.050000000 6.362013 -10.070353 -0.042544 0.001173 -0.007654 0.972073 -0.234550
46.100000000 6.360770 -10.068050 -0.042616 0.001136 -0.007673 0.972692 -0.231971
46.150000000 6.359528 -10.065747 -0.042688 0.001099 -0.007691 0.973303 -0.229391
46.200000000 6.358285 -10.063444 -0.042761 0.001063 -0.007709 0.973908 -0.226809
46.250000000 6.357043 -10.061141 -0.042833 0.001026 -0.007727 0.974506 -0.224225
46.300000000 6.355801 -10.058837 -0.042905 0.000989 -0.007744 0.975097 -0.221641
46.350000000 6.354559 -10.056534 -0.042977 0.000953 -0.007762 0.975681 -0.219054
46.400000000 6.353317 -10.054231 -0.043049 0.000916 -0.007780 0.976259 -0.216466
46.450000000 6.352075 -10.051927 -0.043121 0.000879 -0.007798 0.976829 -0.213877
46.500000000 6.350833 -10.049624 -0.043193 0.000842 -0.007816 0.977393 -0.211287
46.550000000 6.349591 -10.047320 -0.043266 0.000805 -0.007834 0.977949 -0.208695
46.600000000 6.348349 -10.045016 -0.043338 0.000768 -0.007851 0.978499 -0.206101
46.650000000 6.347107 -10.042712 -0.043410 0.000731 -0.007869 0.979042 -0.203506
46.700000000 6.345866 -10.040408 -0.043482 0.000694 -0.007886 0.979578 -0.200910
46.750000000 6.344624 -10.038104 -0.043554 0.000657 -0.007904 0.980107 -0.198313
46.800000000 6.343383 -10.035800 -0.043627 0.000620 -0.007922 0.980629 -0.195714
46.850000000 6.342142 -10.033496 -0.043699 0.000583 -0.007939 0.981144 -0.193114
46.900000000 6.340900 -10.031191 -0.043771 0.000546 -0.007956 0.981652 -0.190513
46.950000000 6.339659 -10.028887 -0.043843 0.000509 -0.007974 0.982154 -0.187911
47.000000000 6.338418 -10.026583 -0.043915 0.000472 -0.007991 0.982648 -0.185307
47.050000000 6.337177 -10.024278 -0.043988 0.000434 -0.008009 0.983136 -0.182702
47.100000000 6.335936 -10.021973 -0.044060 0.000397 -0.008026 0.983616 -0.180096
47.150000000 6.334695 -10.019668 -0.044132 0.000360 -0.008043 0.984090 -0.177489
47.200000000 6.333454 -10.017364 -0.044204 0.000322 -0.008060 0.984557 -0.174880
47.250000000 6.332214 -10.015059 -0.044277 0.000285 -0.008077 0.985016 -0.172271
47.300000000 6.330973 -10.012754 -0.044349 0.000248 -0.008094 0.985469 -0.169660
47.350000000 6.329733 -10.010449 -0.044421 0.000210 -0.008112 0.985915 -0.167048
47.400000000 6.328492 -10.008143 -0.044494 0.000173 -0.008129 0.986354 -0.164435
47.450000000 6.327252 -10.005838 -0.044566 0.000135 -0.008145 0.986786 -0.161822
47.500000000 6.326012 -10.003533 -0.044638 0.000098 -0.008162 0.987212 -0.159207
47.550000000 6.324771 -10.001227 -0.044710 0.000060 -0.008179 0.987630 -0.156591
47.600000000 6.323531 -9.998922 -0.044783 0.000022 -0.008196 0.988041 -0.153974
47.650000000 6.322291 -9.996616 -0.044855 -0.000015 -0.008213 0.988445 -0.151356
47.700000000 6.321052 -9.994310 -0.044927 -0.000053 -0.008230 0.988843 -0.148737
47.750000000 6.319812 -9.992004 -0.045000 -0.000091 -0.008246 0.989233 -0.146117
47.800000000 6.318572 -9.989699 -0.045072 -0.000128 -0.008263 0.989616 -0.143496
47.850000000 6.317332 -9.987393 -0.045145 -0.000166 -0.008280 0.989993 -0.140874
47.900000000 6.316093 -9.985087 -0.045217 -0.000204 -0.008296 0.990362 -0.138252
47.950000000 6.314853 -9.982780 -0.045289 -0.000242 -0.008313 0.990725 -0.135628
48.000000000 6.313614 -9.980474 -0.045362 -0.000280 -0.008329 0.991080 -0.133004
48.050000000 6.312375 -9.978168 -0.045434 -0.000317 -0.008346 0.991429 -0.130379
48.100000000 6.311136 -9.975862 -0.045506 -0.000355 -0.008362 0.991771 -0.127753
48.150000000 6.309897 -9.973555 -0.045579 -0.000393 -0.008378 0.992105 -0.125126
48.200000000 6.308658 -9.971249 -0.045651 -0.000431 -0.008395 0.992433 -0.122499
48.250000000 6.307419 -9.968942 -0.045724 -0.000469 -0.008411 0.992754 -0.119870
48.300000000 6.306180 -9.966635 -0.045796 -0.000507 -0.008427 0.993068 -0.117241
48.350000000 6.304942 -9.964329 -0.045869 -0.000545 -0.008443 0.993374 -0.114611
48.400000000 6.303703 -9.962022 -0.045941 -0.000583 -0.008459 0.993674 -0.111981
48.450000000 6.302465 -9.959715 -0.046013 -0.000621 -0.008475 0.993967 -0.109350
48.500000000 6.301226 -9.957408 -0.046086 -0.000660 -0.008491 0.994253 -0.106718
48.550000000 6.299988 -9.955101 -0.046158 -0.000698 -0.008507 0.994532 -0.104085
48.600000000 6.298750 -9.952794 -0.046231 -0.000736 -0.008523 0.994804 -0.101452
48.650000000 6.297512 -9.950486 -0.046303 -0.000774 -0.008539 0.995069 -0.098818
48.700000000 6.296274 -9.948179 -0.046376 -0.000812 -0.008555 0.995326 -0.096184
48.750000000 6.295036 -9.945872 -0.046448 -0.000851 -0.008570 0.995577 -0.093549
48.800000000 6.293799 -9.943564 -0.046521 -0.000889 -0.008586 0.995821 -0.090914
48.850000000 6.292561 -9.941257 -0.046593 -0.000927 -0.008602 0.996058 -0.088278
48.900000000 6.291323 -9.938949 -0.046666 -0.000965 -0.008617 0.996288 -0.085641
48.950000000 6.290086 -9.936642 -0.046738 -0.001004 -0.008633 0.996511 -0.083004
49.000000000 6.288849 -9.934334 -0.046811 -0.001042 -0.008648 0.996727 -0.080367
49.050000000 6.287612 -9.932026 -0.046883 -0.001081 -0.008664 0.996936 -0.077729
49.100000000 6.286375 -9.929718 -0.046956 -0.001119 -0.008679 0.997138 -0.075090
49.150000000 6.285138 -9.927410 -0.047028 -0.001157 -0.008695 0.997333 -0.072451
49.200000000 6.283901 -9.925102 -0.047101 -0.001196 -0.008710 0.997521 -0.069812
49.250000000 6.282664 -9.922794 -0.047173 -0.001234 -0.008725 0.997702 -0.067173
49.300000000 6.281427 -9.920486 -0.047246 -0.001273 -0.008740 0.997877 -0.064533
49.350000000 6.280191 -9.918178 -0.047318 -0.001311 -0.008756 0.998044 -0.061892
49.400000000 6.278954 -9.915869 -0.047391 -0.001350 -0.008771 0.998204 -0.059252
49.450000000 6.277718 -9.913561 -0.047464 -0.001388 -0.008786 0.998357 -0.056611
49.500000000 6.276482 -9.911252 -0.047536 -0.001427 -0.008801 0.998503 -0.053969
49.550000000 6.275246 -9.908944 -0.047609 -0.001465 -0.008816 0.998642 -0.051328
49.600000000 6.274010 -9.906635 -0.047681 -0.001504 -0.008830 0.998774 -0.048686
49.650000000 6.272774 -9.904327 -0.047754 -0.001542 -0.008845 0.998899 -0.046044
49.700000000 6.271538 -9.902018 -0.047826 -0.001581 -0.008860 0.999017 -0.043401
49.750000000 6.270303 -9.899709 -0.047899 -0.001620 -0.008875 0.999128 -0.040759
49.800000000 6.269067 -9.897400 -0.047971 -0.001658 -0.008889 0.999232 -0.038116
49.850000000 6.267832 -9.895091 -0.048044 -0.001697 -0.008904 0.999330 -0.035473
49.900000000 6.266597 -9.892783 -0.048117 -0.001735 -0.008919 0.999420 -0.032831
49.950000000 6.265362 -9.890473 -0.048189 -0.001774 -0.008933 0.999503 -0.030187
50.000000000 6.264127 -9.888164 -0.048262 -0.001813 -0.008948 0.999579 -0.027544
50.050000000 6.262892 -9.885855 -0.048334 -0.001851 -0.008962 0.999648 -0.024901
50.100000000 6.261657 -9.883546 -0.048407 -0.001890 -0.008976 0.999710 -0.022258
50.150000000 6.260422 -9.881237 -0.048479 -0.001929 -0.008991 0.999765 -0.019614
50.200000000 6.259188 -9.878927 -0.048552 -0.001968 -0.009005 0.999813 -0.016971
50.250000000 6.257953 -9.876618 -0.048625 -0.002006 -0.009019 0.999855 -0.014327
50.300000000 6.256719 -9.874308 -0.048697 -0.002045 -0.009033 0.999889 -0.011684
50.350000000 6.255485 -9.871999 -0.048770 -0.002084 -0.009047 0.999916 -0.009040
50.400000000 6.254251 -9.869689 -0.048842 -0.002122 -0.009061 0.999936 -0.006397
50.450000000 6.253017 -9.867380 -0.048915 -0.002161 -0.009075 0.999949 -0.003754
50.500000000 6.251783 -9.865070 -0.048987 -0.002200 -0.009089 0.999956 -0.001111
50.550000000 6.250550 -9.862760 -0.049060 -0.002239 -0.009103 0.999955 0.001533
50.600000000 6.249316 -9.860450 -0.049133 -0.002277 -0.009117 0.999947 0.004176
50.650000000 6.248083 -9.858140 -0.049205 -0.002316 -0.009131 0.999932 0.006818
50.700000000 6.246849 -9.855830 -0.049278 -0.002355 -0.009144 0.999911 0.009461
50.750000000 6.245616 -9.853520 -0.049350 -0.002394 -0.009158 0.999882 0.012104
50.800000000 6.244383 -9.851210 -0.049423 -0.002432 -0.009171 0.999846 0.014746
50.850000000 6.243150 -9.848900 -0.049495 -0.002471 -0.009185 0.999804 0.017388
50.900000000 6.241917 -9.846590 -0.049568 -0.002510 -0.009198 0.999754 0.020030
50.950000000 6.240685 -9.844280 -0.049641 -0.002548 -0.009212 0.999697 0.022671
51.000000000 6.239452 -9.841969 -0.049713 -0.002587 -0.009225 0.999634 0.025313
51.050000000 6.238220 -9.839659 -0.049786 -0.002626 -0.009238 0.999563 0.027954
51.100000000 6.236988 -9.837349 -0.049858 -0.002665 -0.009252 0.999486 0.030595
51.150000000 6.235756 -9.835038 -0.049931 -0.002703 -0.009265 0.999401 0.033235
51.200000000 6.234524 -9.832728 -0.050003 -0.002742 -0.009278 0.999309 0.035875
51.250000000 6.233292 -9.830417 -0.050076 -0.002781 -0.009291 0.999211 0.038515
51.300000000 6.232060 -9.828106 -0.050149 -0.002820 -0.009304 0.999106 0.041154
51.350000000 6.230828 -9.825796 -0.050221 -0.002858 -0.009317 0.998993 0.043793
51.400000000 6.229597 -9.823485 -0.050294 -0.002897 -0.009330 0.998874 0.046432
51.450000000 6.228366 -9.821174 -0.050366 -0.002936 -0.009343 0.998747 0.049070
51.500000000 6.227134 -9.818863 -0.050439 -0.002974 -0.009355 0.998614 0.051707
51.550000000 6.225903 -9.816553 -0.050511 -0.003013 -0.009368 0.998474 0.054344
51.600000000 6.224673 -9.814242 -0.050584 -0.003052 -0.009381 0.998327 0.056981
51.650000000 6.223442 -9.811931 -0.050656 -0.003090 -0.009393 0.998172 0.059617
51.700000000 6.222211 -9.809620 -0.050729 -0.003129 -0.009406 0.998011 0.062253
51.750000000 6.220981 -9.807309 -0.050801 -0.003168 -0.009418 0.997843 0.064888
51.800000000 6.219750 -9.804997 -0.050874 -0.003206 -0.009431 0.997668 0.067522
51.850000000 6.218520 -9.802686 -0.050946 -0.003245 -0.009443 0.997486 0.070156
51.900000000 6.217290 -9.800375 -0.051019 -0.003283 -0.009455 0.997297 0.072789
51.950000000 6.216060 -9.798064 -0.051091 -0.003322 -0.009467 0.997101 0.075422
52.000000000 6.214830 -9.795752 -0.051164 -0.003361 -0.009480 0.996898 0.078054
52.050000000 6.213601 -9.793441 -0.051236 -0.003399 -0.009492 0.996689 0.080685
52.100000000 6.212371 -9.791130 -0.051308 -0.003438 -0.009504 0.996472 0.083315
52.150000000 6.211142 -9.788818 -0.051381 -0.003476 -0.009516 0.996248 0.085945
52.200000000 6.209913 -9.786507 -0.051453 -0.003515 -0.009528 0.996018 0.088575
52.250000000 6.208684 -9.784195 -0.051526 -0.003553 -0.009540 0.995780 0.091203
52.300000000 6.207455 -9.781884 -0.051598 -0.003592 -0.009551 0.995536 0.093831
52.350000000 6.206226 -9.779572 -0.051671 -0.003630 -0.009563 0.995285 0.096457
52.400000000 6.204997 -9.777260 -0.051743 -0.003668 -0.009575 0.995026 0.099084
52.450000000 6.203769 -9.774949 -0.051815 -0.003707 -0.009587 0.994761 0.101709
52.500000000 6.202540 -9.772637 -0.051888 -0.003745 -0.009598 0.994489 0.104333
52.550000000 6.201312 -9.770325 -0.051960 -0.003784 -0.009610 0.994210 0.106957
52.600000000 6.200084 -9.768013 -0.052032 -0.003822 -0.009621 0.993924 0.109579
52.650000000 6.198856 -9.765701 -0.052105 -0.003860 -0.009633 0.993631 0.112201
52.700000000 6.197628 -9.763389 -0.052177 -0.003899 -0.009644 0.993332 0.114822
52.750000000 6.196401 -9.761078 -0.052250 -0.003937 -0.009655 0.993025 0.117442
52.800000000 6.195173 -9.758766 -0.052322 -0.003975 -0.009666 0.992711 0.120061
52.850000000 6.193946 -9.756454 -0.052394 -0.004013 -0.009678 0.992391 0.122679
52.900000000 6.192719 -9.754141 -0.052466 -0.004051 -0.009689 0.992064 0.125296
52.950000000 6.191492 -9.751829 -0.052539 -0.004090 -0.009700 0.991730 0.127912
53.000000000 6.190265 -9.749517 -0.052611 -0.004128 -0.009711 0.991389 0.130527
53.050000000 6.189038 -9.747205 -0.052683 -0.004166 -0.009722 0.991041 0.133141
53.100000000 6.187812 -9.744893 -0.052756 -0.004204 -0.009732 0.990686 0.135754
53.150000000 6.186586 -9.742581 -0.052828 -0.004242 -0.009743 0.990324 0.138366
53.200000000 6.185359 -9.740268 -0.052900 -0.004280 -0.009754 0.989956 0.140977
53.250000000 6.184133 -9.737956 -0.052972 -0.004318 -0.009765 0.989580 0.143586
53.300000000 6.182907 -9.735644 -0.053044 -0.004356 -0.009775 0.989198 0.146195
53.350000000 6.181682 -9.733331 -0.053117 -0.004394 -0.009786 0.988809 0.148802
53.400000000 6.180456 -9.731019 -0.053189 -0.004432 -0.009796 0.988413 0.151408
53.450000000 6.179231 -9.728707 -0.053261 -0.004470 -0.009807 0.988010 0.154013
53.500000000 6.178005 -9.726394 -0.053333 -0.004507 -0.009817 0.987600 0.156617
53.550000000 6.176780 -9.724082 -0.053405 -0.004545 -0.009827 0.987184 0.159219
53.600000000 6.175555 -9.721769 -0.053477 -0.004583 -0.009838 0.986761 0.161821
53.650000000 6.174330 -9.719456 -0.053549 -0.004621 -0.009848 0.986330 0.164421
53.700000000 6.173106 -9.717144 -0.053621 -0.004658 -0.009858 0.985893 0.167019
53.750000000 6.171881 -9.714831 -0.053694 -0.004696 -0.009868 0.985450 0.169617
53.800000000 6.170657 -9.712519 -0.053766 -0.004734 -0.009878 0.984999 0.172213
53.850000000 6.169433 -9.710206 -0.053838 -0.004771 -0.009888 0.984541 0.174808
53.900000000 6.168209 -9.707893 -0.053910 -0.004809 -0.009898 0.984077 0.177401
53.950000000 6.166985 -9.705581 -0.053982 -0.004846 -0.009908 0.983606 0.179993
54.000000000 6.165761 -9.703268 -0.054054 -0.004884 -0.009918 0.983128 0.182583
54.050000000 6.164538 -9.700955 -0.054126 -0.004921 -0.009927 0.982644 0.185173
54.100000000 6.163314 -9.698642 -0.054198 -0.004958 -0.009937 0.982152 0.187760
54.150000000 6.162091 -9.696329 -0.054270 -0.004996 -0.009947 0.981654 0.190347
54.200000000 6.160868 -9.694017 -0.054342 -0.005033 -0.009956 0.981149 0.192931
54.250000000 6.159645 -9.691704 -0.054413 -0.005070 -0.009966 0.980637 0.195515
54.300000000 6.158423 -9.689391 -0.054485 -0.005107 -0.009975 0.980118 0.198097
54.350000000 6.157200 -9.687078 -0.054557 -0.005144 -0.009984 0.979593 0.200677
54.400000000 6.155978 -9.684765 -0.054629 -0.005182 -0.009994 0.979061 0.203256
54.450000000 6.154756 -9.682452 -0.054701 -0.005219 -0.010003 0.978522 0.205833
54.500000000 6.153534 -9.680139 -0.054773 -0.005256 -0.010012 0.977977 0.208408
54.550000000 6.152312 -9.677826 -0.054845 -0.005293 -0.010021 0.977424 0.210982
54.600000000 6.151090 -9.675513 -0.054916 -0.005330 -0.010030 0.976865 0.213555
54.650000000 6.149869 -9.673200 -0.054988 -0.005366 -0.010039 0.976299 0.216126
54.700000000 6.148647 -9.670887 -0.055060 -0.005403 -0.010048 0.975727 0.218695
54.750000000 6.147426 -9.668574 -0.055132 -0.005440 -0.010057 0.975147 0.221262
54.800000000 6.146205 -9.666261 -0.055203 -0.005477 -0.010066 0.974561 0.223828
54.850000000 6.144985 -9.663948 -0.055275 -0.005513 -0.010075 0.973969 0.226392
54.900000000 6.143764 -9.661635 -0.055347 -0.005550 -0.010083 0.973369 0.228954
54.950000000 6.142543 -9.659322 -0.055418 -0.005587 -0.010092 0.972763 0.231514
55.000000000 6.141323 -9.657009 -0.055490 -0.005623 -0.010101 0.972150 0.234073
55.050000000 6.140103 -9.654695 -0.055562 -0.005660 -0.010109 0.971531 0.236630
55.100000000 6.138883 -9.652382 -0.055633 -0.005696 -0.010118 0.970905 0.239185
55.150000000 6.137663 -9.650069 -0.055705 -0.005732 -0.010126 0.970272 0.241739
55.200000000 6.136444 -9.647756 -0.055776 -0.005769 -0.010134 0.969632 0.244290
55.250000000 6.135224 -9.645443 -0.055848 -0.005805 -0.010143 0.968986 0.246840
55.300000000 6.134005 -9.643130 -0.055919 -0.005841 -0.010151 0.968333 0.249388
55.350000000 6.132786 -9.640816 -0.055991 -0.005877 -0.010159 0.967673 0.251934
55.400000000 6.131567 -9.638503 -0.056062 -0.005913 -0.010167 0.967007 0.254477
55.450000000 6.130349 -9.636190 -0.056134 -0.005950 -0.010175 0.966334 0.257019
55.500000000 6.129130 -9.633877 -0.056205 -0.005986 -0.010183 0.965655 0.259560
55.550000000 6.127912 -9.631563 -0.056277 -0.006021 -0.010191 0.964969 0.262098
55.600000000 6.126694 -9.629250 -0.056348 -0.006057 -0.010199 0.964276 0.264634
55.650000000 6.125476 -9.626937 -0.056419 -0.006093 -0.010207 0.963577 0.267168
55.700000000 6.124258 -9.624624 -0.056491 -0.006129 -0.010215 0.962871 0.269700
55.750000000 6.123041 -9.622310 -0.056562 -0.006165 -0.010222 0.962158 0.272230
55.800000000 6.121823 -9.619997 -0.056633 -0.006200 -0.010230 0.961439 0.274758
55.850000000 6.120606 -9.617684 -0.056705 -0.006236 -0.010237 0.960713 0.277284
55.900000000 6.119389 -9.615371 -0.056776 -0.006271 -0.010245 0.959981 0.279808
55.950000000 6.118172 -9.613057 -0.056847 -0.006307 -0.010252 0.959242 0.282330
56.000000000 6.116955 -9.610744 -0.056918 -0.006342 -0.010260 0.958496 0.284849
56.050000000 6.115739 -9.608431 -0.056990 -0.006378 -0.010267 0.957744 0.287367
56.100000000 6.114523 -9.606118 -0.057061 -0.006413 -0.010275 0.956986 0.289882
56.150000000 6.113307 -9.603804 -0.057132 -0.006448 -0.010282 0.956221 0.292395
56.200000000 6.112091 -9.601491 -0.057203 -0.006483 -0.010289 0.955449 0.294906
56.250000000 6.110875 -9.599178 -0.057274 -0.006518 -0.010296 0.954671 0.297415
56.300000000 6.109659 -9.596865 -0.057345 -0.006554 -0.010303 0.953886 0.299921
56.350000000 6.108444 -9.594551 -0.057416 -0.006588 -0.010310 0.953095 0.302425
56.400000000 6.107229 -9.592238 -0.057487 -0.006623 -0.010317 0.952297 0.304927
56.450000000 6.106014 -9.589925 -0.057558 -0.006658 -0.010324 0.951492 0.307427
56.500000000 6.104799 -9.587612 -0.057629 -0.006693 -0.010331 0.950682 0.309924
56.550000000 6.103585 -9.585298 -0.057700 -0.006728 -0.010337 0.949864 0.312419
56.600000000 6.102370 -9.582985 -0.057771 -0.006762 -0.010344 0.949040 0.314912
56.650000000 6.101156 -9.580672 -0.057842 -0.006797 -0.010351 0.948210 0.317402
56.700000000 6.099942 -9.578359 -0.057913 -0.006832 -0.010357 0.947373 0.319890
56.750000000 6.098728 -9.576046 -0.057984 -0.006866 -0.010364 0.946530 0.322376
56.800000000 6.097515 -9.573732 -0.058055 -0.006900 -0.010370 0.945681 0.324859
56.850000000 6.096301 -9.571419 -0.058126 -0.006935 -0.010377 0.944824 0.327339
56.900000000 6.095088 -9.569106 -0.058196 -0.006969 -0.010383 0.943962 0.329818
56.950000000 6.093875 -9.566793 -0.058267 -0.007003 -0.010389 0.943093 0.332293
57.000000000 6.092662 -9.564480 -0.058338 -0.007037 -0.010396 0.942217 0.334767
57.050000000 6.091450 -9.562167 -0.058409 -0.007072 -0.010402 0.941336 0.337237
57.100000000 6.090237 -9.559854 -0.058479 -0.007106 -0.010408 0.940447 0.339706
57.150000000 6.089025 -9.557540 -0.058550 -0.007139 -0.010414 0.939553 0.342171
57.200000000 6.087813 -9.555227 -0.058621 -0.007173 -0.010420 0.938652 0.344634
57.250000000 6.086601 -9.552914 -0.058691 -0.007207 -0.010426 0.937744 0.347095
57.300000000 6.085390 -9.550601 -0.058762 -0.007241 -0.010432 0.936831 0.349553
57.350000000 6.084178 -9.548288 -0.058833 -0.007275 -0.010438 0.935910 0.352008
57.400000000 6.082967 -9.545975 -0.058903 -0.007308 -0.010444 0.934984 0.354461
57.450000000 6.081756 -9.543662 -0.058974 -0.007342 -0.010449 0.934051 0.356911
57.500000000 6.080545 -9.541349 -0.059044 -0.007375 -0.010455 0.933112 0.359359
57.550000000 6.079335 -9.539036 -0.059115 -0.007409 -0.010461 0.932166 0.361804
57.600000000 6.078124 -9.536724 -0.059185 -0.007442 -0.010466 0.931214 0.364246
57.650000000 6.076914 -9.534411 -0.059255 -0.007475 -0.010472 0.930256 0.366685
57.700000000 6.075704 -9.532098 -0.059326 -0.007508 -0.010477 0.929292 0.369122
57.750000000 6.074494 -9.529785 -0.059396 -0.007541 -0.010483 0.928321 0.371556
57.800000000 6.073285 -9.527472 -0.059467 -0.007574 -0.010488 0.927344 0.373987
57.850000000 6.072075 -9.525159 -0.059537 -0.007607 -0.010493 0.926360 0.376415
57.900000000 6.070866 -9.522847 -0.059607 -0.007640 -0.010498 0.925371 0.378841
57.950000000 6.069657 -9.520534 -0.059678 -0.007673 -0.010503 0.924375 0.381263
58.000000000 6.068448 -9.518221 -0.059748 -0.007706 -0.010509 0.923373 0.383683
58.050000000 6.067240 -9.515908 -0.059818 -0.007739 -0.010514 0.922364 0.386100
58.100000000 6.066031 -9.513596 -0.059888 -0.007771 -0.010519 0.921350 0.388515
58.150000000 6.064823 -9.511283 -0.059958 -0.007804 -0.010524 0.920329 0.390926
58.200000000 6.063615 -9.508971 -0.060029 -0.007836 -0.010528 0.919302 0.393334
58.250000000 6.062408 -9.506658 -0.060099 -0.007869 -0.010533 0.918269 0.395740
58.300000000 6.061200 -9.504346 -0.060169 -0.007901 -0.010538 0.917229 0.398142
58.350000000 6.059993 -9.502033 -0.060239 -0.007933 -0.010543 0.916183 0.400542
58.400000000 6.058786 -9.499721 -0.060309 -0.007965 -0.010547 0.915131 0.402939
58.450000000 6.057579 -9.497408 -0.060379 -0.007998 -0.010552 0.914073 0.405332
58.500000000 6.056372 -9.495096 -0.060449 -0.008030 -0.010557 0.913009 0.407723
58.550000000 6.055166 -9.492784 -0.060519 -0.008061 -0.010561 0.911939 0.410111
58.600000000 6.053960 -9.490471 -0.060589 -0.008093 -0.010565 0.910862 0.412495
58.650000000 6.052754 -9.488159 -0.060659 -0.008125 -0.010570 0.909780 0.414877
58.700000000 6.051548 -9.485847 -0.060729 -0.008157 -0.010574 0.908691 0.417256
58.750000000 6.050342 -9.483535 -0.060799 -0.008189 -0.010578 0.907596 0.419631
58.800000000 6.049137 -9.481223 -0.060869 -0.008220 -0.010583 0.906495 0.422003
58.850000000 6.047932 -9.478910 -0.060938 -0.008252 -0.010587 0.905388 0.424373
58.900000000 6.046727 -9.476598 -0.061008 -0.008283 -0.010591 0.904275 0.426739
58.950000000 6.045522 -9.474286 -0.061078 -0.008315 -0.010595 0.903156 0.429102
59.000000000 6.044317 -9.471974 -0.061148 -0.008346 -0.010599 0.902031 0.431461
59.050000000 6.043113 -9.469663 -0.061218 -0.008377 -0.010603 0.900899 0.433818
59.100000000 6.041909 -9.467351 -0.061287 -0.008408 -0.010607 0.899762 0.436171
59.150000000 6.040705 -9.465039 -0.061357 -0.008439 -0.010610 0.898618 0.438522
59.200000000 6.039502 -9.462727 -0.061427 -0.008470 -0.010614 0.897469 0.440869
59.250000000 6.038298 -9.460415 -0.061496 -0.008501 -0.010618 0.896314 0.443212
59.300000000 6.037095 -9.458104 -0.061566 -0.008532 -0.010621 0.895152 0.445553
59.350000000 6.035892 -9.455792 -0.061635 -0.008563 -0.010625 0.893985 0.447890
59.400000000 6.034689 -9.453481 -0.061705 -0.008594 -0.010629 0.892811 0.450224
59.450000000 6.033487 -9.451169 -0.061775 -0.008624 -0.010632 0.891632 0.452554
59.500000000 6.032284 -9.448858 -0.061844 -0.008655 -0.010635 0.890446 0.454881
59.550000000 6.031082 -9.446546 -0.061914 -0.008685 -0.010639 0.889255 0.457205
59.600000000 6.029881 -9.444235 -0.061983 -0.008716 -0.010642 0.888058 0.459526
59.650000000 6.028679 -9.441924 -0.062052 -0.008746 -0.010645 0.886855 0.461843
59.700000000 6.027477 -9.439612 -0.062122 -0.008776 -0.010648 0.885646 0.464157
59.750000000 6.026276 -9.437301 -0.062191 -0.008806 -0.010652 0.884431 0.466467
59.800000000 6.025075 -9.434990 -0.062261 -0.008836 -0.010655 0.883210 0.468774
59.850000000 6.023875 -9.432679 -0.062330 -0.008866 -0.010658 0.881983 0.471077
59.900000000 6.022674 -9.430368 -0.062399 -0.008896 -0.010661 0.880750 0.473377
59.950000000 6.021474 -9.428057 -0.062469 -0.008926 -0.010664 0.879512 0.475674
60.000000000 6.020274 -9.425746 -0.062538 -0.008956 -0.010666 0.878267 0.477967
60.050000000 6.019074 -9.423436 -0.062607 -0.008986 -0.010669 0.877017 0.480257
60.100000000 6.017874 -9.421125 -0.062676 -0.009015 -0.010672 0.875761 0.482543
60.150000000 6.016675 -9.418814 -0.062746 -0.009045 -0.010675 0.874499 0.484825
60.200000000 6.015476 -9.416504 -0.062815 -0.009075 -0.010677 0.873232 0.487104
60.250000000 6.014277 -9.414193 -0.062884 -0.009104 -0.010680 0.871958 0.489379
60.300000000 6.013078 -9.411883 -0.062953 -0.009133 -0.010682 0.870679 0.491651
60.350000000 6.011879 -9.409572 -0.063022 -0.009163 -0.010685 0.869394 0.493919
60.400000000 6.010681 -9.407262 -0.063091 -0.009192 -0.010687 0.868103 0.496184
60.450000000 6.009483 -9.404952 -0.063160 -0.009221 -0.010689 0.866806 0.498445
60.500000000 6.008285 -9.402642 -0.063229 -0.009250 -0.010692 0.865504 0.500702
60.550000000 6.007088 -9.400332 -0.063298 -0.009279 -0.010694 0.864196 0.502956
60.600000000 6.005890 -9.398022 -0.063367 -0.009308 -0.010696 0.862882 0.505206
60.650000000 6.004693 -9.395712 -0.063436 -0.009337 -0.010698 0.861563 0.507452
60.700000000 6.003497 -9.393402 -0.063505 -0.009365 -0.010700 0.860238 0.509695
60.750000000 6.002300 -9.391092 -0.063574 -0.009394 -0.010702 0.858907 0.511934
60.800000000 6.001103 -9.388782 -0.063643 -0.009423 -0.010704 0.857570 0.514169
60.850000000 5.999907 -9.386473 -0.063712 -0.009451 -0.010706 0.856228 0.516400
60.900000000 5.998711 -9.384163 -0.063781 -0.009480 -0.010708 0.854881 0.518628
60.950000000 5.997516 -9.381854 -0.063850 -0.009508 -0.010709 0.853527 0.520852
61.000000000 5.996320 -9.379544 -0.063919 -0.009536 -0.010711 0.852168 0.523072
61.050000000 5.995125 -9.377235 -0.063988 -0.009565 -0.010713 0.850803 0.525288
61.100000000 5.993930 -9.374926 -0.064056 -0.009593 -0.010714 0.849433 0.527500
61.150000000 5.992735 -9.372617 -0.064125 -0.009621 -0.010716 0.848057 0.529709
61.200000000 5.991541 -9.370308 -0.064194 -0.009649 -0.010717 0.846676 0.531913
61.250000000 5.990346 -9.367999 -0.064263 -0.009677 -0.010719 0.845289 0.534114
61.300000000 5.989152 -9.365690 -0.064331 -0.009705 -0.010720 0.843896 0.536311
61.350000000 5.987958 -9.363381 -0.064400 -0.009732 -0.010721 0.842498 0.538504
61.400000000 5.986765 -9.361072 -0.064469 -0.009760 -0.010723 0.841095 0.540693
61.450000000 5.985571 -9.358764 -0.064537 -0.009788 -0.010724 0.839686 0.542879
61.500000000 5.984378 -9.356455 -0.064606 -0.009815 -0.010725 0.838271 0.545060
61.550000000 5.983185 -9.354147 -0.064675 -0.009843 -0.010726 0.836851 0.547237
61.600000000 5.981993 -9.351839 -0.064743 -0.009870 -0.010727 0.835425 0.549410
61.650000000 5.980800 -9.349531 -0.064812 -0.009897 -0.010728 0.833994 0.551580
61.700000000 5.979608 -9.347222 -0.064880 -0.009925 -0.010729 0.832558 0.553745
61.750000000 5.978416 -9.344914 -0.064949 -0.009952 -0.010729 0.831116 0.555906
61.800000000 5.977224 -9.342607 -0.065017 -0.009979 -0.010730 0.829669 0.558064
61.850000000 5.976033 -9.340299 -0.065086 -0.010006 -0.010731 0.828216 0.560217
61.900000000 5.974842 -9.337991 -0.065154 -0.010033 -0.010732 0.826758 0.562366
61.950000000 5.973651 -9.335683 -0.065223 -0.010060 -0.010732 0.825294 0.564511
62.000000000 5.972460 -9.333376 -0.065291 -0.010087 -0.010733 0.823826 0.566652
62.050000000 5.971269 -9.331069 -0.065359 -0.010113 -0.010733 0.822351 0.568789
62.100000000 5.970079 -9.328761 -0.065428 -0.010140 -0.010733 0.820872 0.570922
62.150000000 5.968889 -9.326454 -0.065496 -0.010167 -0.010734 0.819387 0.573050
62.200000000 5.967699 -9.324147 -0.065565 -0.010193 -0.010734 0.817896 0.575175
62.250000000 5.966510 -9.321840 -0.065633 -0.010220 -0.010734 0.816401 0.577295
62.300000000 5.965320 -9.319533 -0.065701 -0.010246 -0.010734 0.814900 0.579411
62.350000000 5.964131 -9.317226 -0.065770 -0.010272 -0.010734 0.813394 0.581523
62.400000000 5.962943 -9.314920 -0.065838 -0.010299 -0.010734 0.811883 0.583631
62.450000000 5.961754 -9.312613 -0.065906 -0.010325 -0.010734 0.810366 0.585735
62.500000000 5.960566 -9.310307 -0.065974 -0.010351 -0.010734 0.808844 0.587834
62.550000000 5.959377 -9.308001 -0.066043 -0.010377 -0.010734 0.807317 0.589929
62.600000000 5.958190 -9.305694 -0.066111 -0.010403 -0.010734 0.805785 0.592020
62.650000000 5.957002 -9.303388 -0.066179 -0.010429 -0.010734 0.804247 0.594107
62.700000000 5.955815 -9.301082 -0.066247 -0.010455 -0.010733 0.802704 0.596189
62.750000000 5.954627 -9.298777 -0.066315 -0.010480 -0.010733 0.801156 0.598267
62.800000000 5.953441 -9.296471 -0.066384 -0.010506 -0.010732 0.799603 0.600341
62.850000000 5.952254 -9.294165 -0.066452 -0.010532 -0.010732 0.798045 0.602410
62.900000000 5.951067 -9.291860 -0.066520 -0.010557 -0.010731 0.796482 0.604475
62.950000000 5.949881 -9.289555 -0.066588 -0.010583 -0.010730 0.794913 0.606536
63.000000000 5.948695 -9.287249 -0.066656 -0.010608 -0.010730 0.793340 0.608592
63.050000000 5.947510 -9.284944 -0.066724 -0.010633 -0.010729 0.791761 0.610644
63.100000000 5.946324 -9.282639 -0.066792 -0.010659 -0.010728 0.790177 0.612692
63.150000000 5.945139 -9.280335 -0.066860 -0.010684 -0.010727 0.788589 0.614735
63.200000000 5.943954 -9.278030 -0.066928 -0.010709 -0.010726 0.786995 0.616774
63.250000000 5.942769 -9.275725 -0.066996 -0.010734 -0.010725 0.785396 0.618808
63.300000000 5.941585 -9.273421 -0.067064 -0.010759 -0.010724 0.783792 0.620838
63.350000000 5.940401 -9.271117 -0.067132 -0.010784 -0.010723 0.782183 0.622863
63.400000000 5.939217 -9.268812 -0.067200 -0.010809 -0.010722 0.780569 0.624884
63.450000000 5.938033 -9.266508 -0.067268 -0.010834 -0.010720 0.778950 0.626900
63.500000000 5.936849 -9.264205 -0.067336 -0.010858 -0.010719 0.777326 0.628912
63.550000000 5.935666 -9.261901 -0.067404 -0.010883 -0.010717 0.775698 0.630920
63.600000000 5.934483 -9.259597 -0.067472 -0.010907 -0.010716 0.774064 0.632923
63.650000000 5.933300 -9.257294 -0.067540 -0.010932 -0.010714 0.772425 0.634921
63.700000000 5.932118 -9.254990 -0.067608 -0.010956 -0.010713 0.770782 0.636915
63.750000000 5.930936 -9.252687 -0.067676 -0.010981 -0.010711 0.769133 0.638904
63.800000000 5.929754 -9.250384 -0.067744 -0.011005 -0.010709 0.767480 0.640889
63.850000000 5.928572 -9.248081 -0.067811 -0.011029 -0.010707 0.765822 0.642869
63.900000000 5.927390 -9.245778 -0.067879 -0.011053 -0.010705 0.764159 0.644845
63.950000000 5.926209 -9.243476 -0.067947 -0.011078 -0.010703 0.762491 0.646816
64.000000000 5.925028 -9.241173 -0.068015 -0.011102 -0.010701 0.760818 0.648782
64.050000000 5.923847 -9.238871 -0.068083 -0.011126 -0.010699 0.759140 0.650744
64.100000000 5.922667 -9.236569 -0.068151 -0.011149 -0.010697 0.757458 0.652701
64.150000000 5.921486 -9.234267 -0.068218 -0.011173 -0.010695 0.755771 0.654653
64.200000000 5.920306 -9.231965 -0.068286 -0.011197 -0.010692 0.754079 0.656601
64.250000000 5.919127 -9.229663 -0.068354 -0.011221 -0.010690 0.752382 0.658544
64.300000000 5.917947 -9.227362 -0.068422 -0.011244 -0.010688 0.750681 0.660483
64.350000000 5.916768 -9.225060 -0.068489 -0.011268 -0.010685 0.748975 0.662416
64.400000000 5.915589 -9.222759 -0.068557 -0.011291 -0.010682 0.747264 0.664345
64.450000000 5.914410 -9.220458 -0.068625 -0.011315 -0.010680 0.745549 0.666269
64.500000000 5.913231 -9.218157 -0.068693 -0.011338 -0.010677 0.743829 0.668189
64.550000000 5.912053 -9.215856 -0.068760 -0.011361 -0.010674 0.742104 0.670104
64.600000000 5.910875 -9.213556 -0.068828 -0.011385 -0.010671 0.740374 0.672014
64.650000000 5.909697 -9.211255 -0.068896 -0.011408 -0.010668 0.738640 0.673919
64.700000000 5.908519 -9.208955 -0.068963 -0.011431 -0.010665 0.736902 0.675819
64.750000000 5.907342 -9.206655 -0.069031 -0.011454 -0.010662 0.735158 0.677715
64.800000000 5.906165 -9.204355 -0.069099 -0.011477 -0.010659 0.733410 0.679606
64.850000000 5.904988 -9.202055 -0.069166 -0.011500 -0.010656 0.731658 0.681492
64.900000000 5.903811 -9.199755 -0.069234 -0.011523 -0.010652 0.729901 0.683373
64.950000000 5.902635 -9.197456 -0.069302 -0.011545 -0.010649 0.728139 0.685249
65.000000000 5.901459 -9.195157 -0.069369 -0.011568 -0.010646 0.726373 0.687121
65.050000000 5.900283 -9.192857 -0.069437 -0.011591 -0.010642 0.724603 0.688987
65.100000000 5.899107 -9.190559 -0.069505 -0.011613 -0.010639 0.722828 0.690849
65.150000000 5.897932 -9.188260 -0.069572 -0.011636 -0.010635 0.721048 0.692706
65.200000000 5.896757 -9.185961 -0.069640 -0.011658 -0.010631 0.719264 0.694558
65.250000000 5.895582 -9.183663 -0.069707 -0.011681 -0.010627 0.717475 0.696405
65.300000000 5.894407 -9.181364 -0.069775 -0.011703 -0.010623 0.715682 0.698247
65.350000000 5.893233 -9.179066 -0.069843 -0.011725 -0.010619 0.713885 0.700084
65.400000000 5.892059 -9.176768 -0.069910 -0.011748 -0.010615 0.712083 0.701916
65.450000000 5.890885 -9.174471 -0.069978 -0.011770 -0.010611 0.710277 0.703744
65.500000000 5.889711 -9.172173 -0.070045 -0.011792 -0.010607 0.708467 0.705566
65.550000000 5.888538 -9.169876 -0.070113 -0.011814 -0.010603 0.706652 0.707383
65.600000000 5.887364 -9.167579 -0.070180 -0.011836 -0.010598 0.704833 0.709196
65.650000000 5.886191 -9.165282 -0.070248 -0.011858 -0.010594 0.703009 0.711003
65.700000000 5.885019 -9.162985 -0.070316 -0.011880 -0.010590 0.701181 0.712805
65.750000000 5.883846 -9.160688 -0.070383 -0.011901 -0.010585 0.699349 0.714603
65.800000000 5.882674 -9.158392 -0.070451 -0.011923 -0.010580 0.697513 0.716395
65.850000000 5.881502 -9.156096 -0.070518 -0.011945 -0.010576 0.695672 0.718182
65.900000000 5.880330 -9.153800 -0.070586 -0.011966 -0.010571 0.693827 0.719965
65.950000000 5.879159 -9.151504 -0.070653 -0.011988 -0.010566 0.691978 0.721742
66.000000000 5.877988 -9.149208 -0.070721 -0.012009 -0.010561 0.690125 0.723514
66.050000000 5.876817 -9.146913 -0.070788 -0.012031 -0.010556 0.688267 0.725281
66.100000000 5.875646 -9.144617 -0.070856 -0.012052 -0.010551 0.686405 0.727043
66.150000000 5.874475 -9.142322 -0.070923 -0.012073 -0.010546 0.684539 0.728800
66.200000000 5.873305 -9.140027 -0.070991 -0.012095 -0.010540 0.682669 0.730551
66.250000000 5.872135 -9.137733 -0.071058 -0.012116 -0.010535 0.680795 0.732298
66.300000000 5.870965 -9.135438 -0.071126 -0.012137 -0.010530 0.678917 0.734039
66.350000000 5.869796 -9.133144 -0.071193 -0.012158 -0.010524 0.677034 0.735776
66.400000000 5.868626 -9.130850 -0.071261 -0.012179 -0.010518 0.675148 0.737507
66.450000000 5.867457 -9.128556 -0.071328 -0.012200 -0.010513 0.673257 0.739233
66.500000000 5.866288 -9.126262 -0.071396 -0.012221 -0.010507 0.671362 0.740954
66.550000000 5.865120 -9.123969 -0.071463 -0.012241 -0.010501 0.669464 0.742670
66.600000000 5.863951 -9.121676 -0.071531 -0.012262 -0.010495 0.667561 0.744380
66.650000000 5.862831 -9.118955 -0.071598 -0.012282 -0.010490 0.665654 0.746086
66.700000000 5.861806 -9.115398 -0.071665 -0.012301 -0.010486 0.663743 0.747786
66.750000000 5.860882 -9.111005 -0.071731 -0.012320 -0.010482 0.661829 0.749481
66.800000000 5.860062 -9.105776 -0.071796 -0.012336 -0.010480 0.659910 0.751170
66.850000000 5.859351 -9.099712 -0.071861 -0.012352 -0.010479 0.657987 0.752855
66.900000000 5.858753 -9.092813 -0.071925 -0.012366 -0.010480 0.656061 0.754534
66.950000000 5.858273 -9.085080 -0.071989 -0.012380 -0.010481 0.654131 0.756207
67.000000000 5.857915 -9.076513 -0.072052 -0.012391 -0.010484 0.652198 0.757875
67.050000000 5.857685 -9.067113 -0.072114 -0.012402 -0.010489 0.650263 0.759535
67.100000000 5.857586 -9.056880 -0.072176 -0.012410 -0.010495 0.648327 0.761189
67.150000000 5.857625 -9.045814 -0.072238 -0.012418 -0.010503 0.646391 0.762833
67.200000000 5.857807 -9.033917 -0.072299 -0.012423 -0.010513 0.644456 0.764468
67.250000000 5.858135 -9.021188 -0.072359 -0.012428 -0.010524 0.642523 0.766093
67.300000000 5.858617 -9.007628 -0.072420 -0.012430 -0.010537 0.640594 0.767707
67.350000000 5.859256 -8.993239 -0.072480 -0.012431 -0.010552 0.638671 0.769307
67.400000000 5.860059 -8.978020 -0.072540 -0.012430 -0.010569 0.636755 0.770893
67.450000000 5.861031 -8.961972 -0.072600 -0.012428 -0.010588 0.634848 0.772464
67.500000000 5.862177 -8.945096 -0.072660 -0.012424 -0.010608 0.632953 0.774018
67.550000000 5.863503 -8.927393 -0.072720 -0.012418 -0.010630 0.631071 0.775553
67.600000000 5.865014 -8.908863 -0.072781 -0.012411 -0.010654 0.629205 0.777068
67.650000000 5.866717 -8.889509 -0.072842 -0.012402 -0.010680 0.627357 0.778560
67.700000000 5.868617 -8.869330 -0.072904 -0.012392 -0.010708 0.625530 0.780028
67.750000000 5.870719 -8.848328 -0.072966 -0.012380 -0.010737 0.623727 0.781470
67.800000000 5.873030 -8.826503 -0.073030 -0.012367 -0.010768 0.621952 0.782884
67.850000000 5.875555 -8.803857 -0.073095 -0.012353 -0.010801 0.620206 0.784267
67.900000000 5.878301 -8.780391 -0.073161 -0.012337 -0.010835 0.618495 0.785617
67.950000000 5.881273 -8.756107 -0.073228 -0.012320 -0.010871 0.616820 0.786932
68.000000000 5.884477 -8.731004 -0.073298 -0.012302 -0.010908 0.615187 0.788210
68.050000000 5.887920 -8.705086 -0.073370 -0.012284 -0.010947 0.613599 0.789446
68.100000000 5.891606 -8.678353 -0.073443 -0.012264 -0.010986 0.612060 0.790640
68.150000000 5.895543 -8.650806 -0.073520 -0.012243 -0.011026 0.610575 0.791787
68.200000000 5.899736 -8.622447 -0.073599 -0.012222 -0.011068 0.609149 0.792885
68.250000000 5.904191 -8.593278 -0.073681 -0.012201 -0.011110 0.607785 0.793930
68.300000000 5.908914 -8.563300 -0.073767 -0.012179 -0.011153 0.606490 0.794919
68.350000000 5.913912 -8.532515 -0.073856 -0.012157 -0.011196 0.605269 0.795849
68.400000000 5.919190 -8.500924 -0.073949 -0.012135 -0.011239 0.604128 0.796716
68.450000000 5.924754 -8.468530 -0.074047 -0.012113 -0.011282 0.603072 0.797515
68.500000000 5.930610 -8.435335 -0.074148 -0.012091 -0.011326 0.602107 0.798244
68.550000000 5.936764 -8.401339 -0.074255 -0.012070 -0.011368 0.601239 0.798897
68.600000000 5.943217 -8.366545 -0.074366 -0.012050 -0.011411 0.600469 0.799476
68.650000000 5.949969 -8.330953 -0.074483 -0.012030 -0.011453 0.599794 0.799982
68.700000000 5.957020 -8.294565 -0.074605 -0.012011 -0.011494 0.599212 0.800418
68.750000000 5.964368 -8.257381 -0.074731 -0.011993 -0.011535 0.598720 0.800785
68.800000000 5.972012 -8.219401 -0.074863 -0.011976 -0.011574 0.598317 0.801087
68.850000000 5.979952 -8.180627 -0.075001 -0.011960 -0.011613 0.597998 0.801324
68.900000000 5.988186 -8.141057 -0.075143 -0.011945 -0.011651 0.597762 0.801500
68.950000000 5.996712 -8.100693 -0.075292 -0.011930 -0.011689 0.597604 0.801617
69.000000000 6.005528 -8.059533 -0.075445 -0.011917 -0.011725 0.597522 0.801678
69.050000000 6.014632 -8.017579 -0.075604 -0.011905 -0.011760 0.597512 0.801685
69.100000000 6.024021 -7.974830 -0.075769 -0.011894 -0.011794 0.597571 0.801641
69.150000000 6.033693 -7.931284 -0.075939 -0.011884 -0.011826 0.597694 0.801549
69.200000000 6.043646 -7.886943 -0.076115 -0.011875 -0.011858 0.597879 0.801411
69.250000000 6.053875 -7.841804 -0.076296 -0.011867 -0.011888 0.598120 0.801230
69.300000000 6.064378 -7.795868 -0.076483 -0.011861 -0.011917 0.598415 0.801010
69.350000000 6.075153 -7.749134 -0.076675 -0.011855 -0.011945 0.598760 0.800752
69.400000000 6.086195 -7.701600 -0.076872 -0.011851 -0.011972 0.599149 0.800460
69.450000000 6.097501 -7.653267 -0.077075 -0.011848 -0.011997 0.599581 0.800137
69.500000000 6.109069 -7.604132 -0.077284 -0.011846 -0.012022 0.600050 0.799785
69.550000000 6.120894 -7.554196 -0.077497 -0.011845 -0.012044 0.600552 0.799407
69.600000000 6.132973 -7.503456 -0.077716 -0.011845 -0.012066 0.601085 0.799006
69.650000000 6.145302 -7.451913 -0.077941 -0.011846 -0.012087 0.601643 0.798586
69.700000000 6.157878 -7.399564 -0.078170 -0.011848 -0.012106 0.602224 0.798147
69.750000000 6.170698 -7.346409 -0.078404 -0.011851 -0.012124 0.602824 0.797694
69.800000000 6.183758 -7.292447 -0.078644 -0.011855 -0.012141 0.603438 0.797229
69.850000000 6.197055 -7.237676 -0.078888 -0.011860 -0.012157 0.604065 0.796754
69.900000000 6.210585 -7.182096 -0.079137 -0.011865 -0.012172 0.604699 0.796272
69.950000000 6.224344 -7.125706 -0.079391 -0.011871 -0.012186 0.605339 0.795786
70.000000000 6.238330 -7.068504 -0.079649 -0.011879 -0.012199 0.605982 0.795296
70.050000000 6.252540 -7.010490 -0.079912 -0.011886 -0.012211 0.606623 0.794807
70.100000000 6.266969 -6.951663 -0.080180 -0.011895 -0.012222 0.607262 0.794319
70.150000000 6.281617 -6.892022 -0.080452 -0.011904 -0.012233 0.607894 0.793835
70.200000000 6.296478 -6.831567 -0.080728 -0.011913 -0.012242 0.608518 0.793356
70.250000000 6.311551 -6.770296 -0.081009 -0.011923 -0.012251 0.609132 0.792884
70.300000000 6.326834 -6.708209 -0.081294 -0.011934 -0.012260 0.609733 0.792422
70.350000000 6.342322 -6.645306 -0.081583 -0.011944 -0.012267 0.610321 0.791969
70.400000000 6.358016 -6.581586 -0.081876 -0.011956 -0.012275 0.610892 0.791529
70.450000000 6.373911 -6.517049 -0.082173 -0.011967 -0.012281 0.611446 0.791101
70.500000000 6.390006 -6.451693 -0.082474 -0.011979 -0.012288 0.611981 0.790687
70.550000000 6.406299 -6.385519 -0.082778 -0.011991 -0.012294 0.612496 0.790287
70.600000000 6.422789 -6.318526 -0.083087 -0.012003 -0.012299 0.612990 0.789904
70.650000000 6.439474 -6.250714 -0.083399 -0.012015 -0.012305 0.613463 0.789536
70.700000000 6.456352 -6.182082 -0.083715 -0.012027 -0.012310 0.613914 0.789185
70.750000000 6.473423 -6.112631 -0.084034 -0.012040 -0.012315 0.614342 0.788852
70.800000000 6.490684 -6.042359 -0.084357 -0.012052 -0.012320 0.614747 0.788536
70.850000000 6.508136 -5.971268 -0.084683 -0.012064 -0.012325 0.615130 0.788237
70.900000000 6.525777 -5.899355 -0.085013 -0.012077 -0.012329 0.615489 0.787957
70.950000000 6.543607 -5.826622 -0.085347 -0.012089 -0.012334 0.615825 0.787694
71.000000000 6.561625 -5.753068 -0.085683 -0.012101 -0.012339 0.616138 0.787448
71.050000000 6.579830 -5.678694 -0.086024 -0.012113 -0.012343 0.616429 0.787220
71.100000000 6.598223 -5.603498 -0.086367 -0.012125 -0.012348 0.616698 0.787009
71.150000000 6.616803 -5.527481 -0.086714 -0.012137 -0.012353 0.616946 0.786815
71.200000000 6.635569 -5.450644 -0.087064 -0.012149 -0.012358 0.617173 0.786637
71.250000000 6.654523 -5.372985 -0.087418 -0.012160 -0.012363 0.617379 0.786474
71.300000000 6.673664 -5.294505 -0.087775 -0.012172 -0.012368 0.617567 0.786327
71.350000000 6.692992 -5.215204 -0.088135 -0.012183 -0.012373 0.617736 0.786194
71.400000000 6.712507 -5.135082 -0.088499 -0.012194 -0.012378 0.617887 0.786075
71.450000000 6.732210 -5.054140 -0.088866 -0.012205 -0.012384 0.618021 0.785969
71.500000000 6.752101 -4.972376 -0.089236 -0.012216 -0.012389 0.618139 0.785876
71.550000000 6.772181 -4.889791 -0.089609 -0.012226 -0.012395 0.618243 0.785794
71.600000000 6.792449 -4.806386 -0.089986 -0.012237 -0.012401 0.618332 0.785723
71.650000000 6.812906 -4.722160 -0.090367 -0.012247 -0.012407 0.618409 0.785663
71.700000000 6.833554 -4.637114 -0.090751 -0.012257 -0.012413 0.618474 0.785612
71.750000000 6.854392 -4.551247 -0.091138 -0.012267 -0.012420 0.618527 0.785570
71.800000000 6.875420 -4.464560 -0.091528 -0.012277 -0.012426 0.618570 0.785535
71.850000000 6.896640 -4.377052 -0.091922 -0.012286 -0.012433 0.618604 0.785508
71.900000000 6.918052 -4.288725 -0.092320 -0.012296 -0.012440 0.618630 0.785488
71.950000000 6.939656 -4.199577 -0.092721 -0.012305 -0.012447 0.618648 0.785474
72.000000000 6.961453 -4.109609 -0.093125 -0.012315 -0.012454 0.618659 0.785464
72.050000000 6.983443 -4.018822 -0.093533 -0.012324 -0.012461 0.618665 0.785460
72.100000000 7.005626 -3.927219 -0.093944 -0.012333 -0.012468 0.618665 0.785459
72.150000000 7.027884 -3.835292 -0.094357 -0.012342 -0.012475 0.618661 0.785462
72.200000000 7.050140 -3.743364 -0.094770 -0.012351 -0.012483 0.618653 0.785468
72.250000000 7.072394 -3.651436 -0.095182 -0.012360 -0.012490 0.618642 0.785477
72.300000000 7.094645 -3.559508 -0.095595 -0.012369 -0.012498 0.618628 0.785487
72.350000000 7.116896 -3.467579 -0.096007 -0.012378 -0.012505 0.618612 0.785499
72.400000000 7.139145 -3.375650 -0.096420 -0.012387 -0.012513 0.618595 0.785513
72.450000000 7.161394 -3.283721 -0.096832 -0.012396 -0.012520 0.618576 0.785527
72.500000000 7.183642 -3.191791 -0.097245 -0.012405 -0.012528 0.618557 0.785542
72.550000000 7.205889 -3.099862 -0.097657 -0.012414 -0.012535 0.618537 0.785558
72.600000000 7.228137 -3.007933 -0.098070 -0.012423 -0.012543 0.618517 0.785573
72.650000000 7.250384 -2.916003 -0.098482 -0.012432 -0.012551 0.618497 0.785589
72.700000000 7.272632 -2.824074 -0.098895 -0.012441 -0.012558 0.618477 0.785604
72.750000000 7.294880 -2.732145 -0.099307 -0.012449 -0.012566 0.618457 0.785619
72.800000000 7.317128 -2.640215 -0.099719 -0.012458 -0.012574 0.618438 0.785634
72.850000000 7.339376 -2.548286 -0.100132 -0.012467 -0.012581 0.618420 0.785648
72.900000000 7.361625 -2.456357 -0.100545 -0.012476 -0.012589 0.618402 0.785662
72.950000000 7.383875 -2.364429 -0.100957 -0.012485 -0.012596 0.618386 0.785675
73.000000000 7.406125 -2.272500 -0.101370 -0.012494 -0.012604 0.618370 0.785687
73.050000000 7.428376 -2.180572 -0.101782 -0.012503 -0.012612 0.618355 0.785699
73.100000000 7.450627 -2.088643 -0.102195 -0.012512 -0.012619 0.618340 0.785709
73.150000000 7.472879 -1.996715 -0.102608 -0.012521 -0.012627 0.618327 0.785720
73.200000000 7.495132 -1.904788 -0.103020 -0.012530 -0.012634 0.618315 0.785729
73.250000000 7.517385 -1.812860 -0.103433 -0.012540 -0.012642 0.618303 0.785738
73.300000000 7.539639 -1.720932 -0.103846 -0.012549 -0.012649 0.618293 0.785746
73.350000000 7.561893 -1.629005 -0.104259 -0.012558 -0.012657 0.618283 0.785753
73.400000000 7.584148 -1.537078 -0.104672 -0.012567 -0.012664 0.618275 0.785760
73.450000000 7.606404 -1.445151 -0.105084 -0.012576 -0.012672 0.618267 0.785766
73.500000000 7.628660 -1.353224 -0.105497 -0.012585 -0.012679 0.618259 0.785771
73.550000000 7.650916 -1.261297 -0.105910 -0.012595 -0.012687 0.618253 0.785776
73.600000000 7.673173 -1.169371 -0.106323 -0.012604 -0.012694 0.618247 0.785780
73.650000000 7.695431 -1.077444 -0.106736 -0.012613 -0.012702 0.618242 0.785784
73.700000000 7.717688 -0.985518 -0.107149 -0.012622 -0.012709 0.618237 0.785787
73.750000000 7.739947 -0.893592 -0.107562 -0.012632 -0.012717 0.618233 0.785790
73.800000000 7.762205 -0.801665 -0.107975 -0.012641 -0.012724 0.618230 0.785793
73.850000000 7.784464 -0.709739 -0.108388 -0.012650 -0.012732 0.618227 0.785795
73.900000000 7.806723 -0.617813 -0.108801 -0.012659 -0.012739 0.618224 0.785796
73.950000000 7.828982 -0.525888 -0.109214 -0.012669 -0.012747 0.618222 0.785798
74.000000000 7.851242 -0.433962 -0.109628 -0.012678 -0.012754 0.618220 0.785799
74.050000000 7.873501 -0.342036 -0.110041 -0.012688 -0.012762 0.618219 0.785800
74.100000000 7.895761 -0.250110 -0.110454 -0.012697 -0.012769 0.618218 0.785801
74.150000000 7.918022 -0.158185 -0.110867 -0.012706 -0.012777 0.618217 0.785801
74.200000000 7.940282 -0.066259 -0.111280 -0.012716 -0.012784 0.618216 0.785801
74.250000000 7.962542 0.025666 -0.111693 -0.012725 -0.012791 0.618216 0.785802
74.300000000 7.984803 0.117592 -0.112107 -0.012734 -0.012799 0.618215 0.785802
74.350000000 8.007063 0.209518 -0.112520 -0.012744 -0.012806 0.618215 0.785801
74.400000000 8.029324 0.301443 -0.112933 -0.012753 -0.012814 0.618215 0.785801
74.450000000 8.051585 0.393368 -0.113346 -0.012763 -0.012821 0.618215 0.785801
74.500000000 8.073767 0.484970 -0.113758 -0.012772 -0.012829 0.618215 0.785800
74.550000000 8.095752 0.575757 -0.114166 -0.012782 -0.012836 0.618215 0.785800
74.600000000 8.117539 0.665725 -0.114571 -0.012791 -0.012844 0.618216 0.785800
74.650000000 8.139128 0.754874 -0.114972 -0.012801 -0.012851 0.618216 0.785799
74.700000000 8.160518 0.843205 -0.115369 -0.012810 -0.012859 0.618216 0.785799
74.750000000 8.181710 0.930717 -0.115762 -0.012819 -0.012866 0.618217 0.785798
74.800000000 8.202704 1.017409 -0.116152 -0.012829 -0.012874 0.618217 0.785797
74.850000000 8.223500 1.103283 -0.116538 -0.012838 -0.012881 0.618217 0.785797
74.900000000 8.244097 1.188338 -0.116921 -0.012848 -0.012889 0.618218 0.785796
74.950000000 8.264537 1.272747 -0.117300 -0.012857 -0.012896 0.618218 0.785796
75.000000000 8.284966 1.357106 -0.117679 -0.012867 -0.012904 0.618218 0.785795
75.050000000 8.305394 1.441465 -0.118059 -0.012876 -0.012911 0.618219 0.785795
75.100000000 8.325823 1.525824 -0.118438 -0.012886 -0.012919 0.618219 0.785794
75.150000000 8.346251 1.610183 -0.118817 -0.012895 -0.012926 0.618219 0.785793
75.200000000 8.366680 1.694542 -0.119197 -0.012905 -0.012934 0.618220 0.785793
75.250000000 8.387108 1.778901 -0.119576 -0.012914 -0.012942 0.618220 0.785792
75.300000000 8.407537 1.863260 -0.119956 -0.012924 -0.012949 0.618220 0.785792
75.350000000 8.427965 1.947619 -0.120335 -0.012934 -0.012957 0.618221 0.785791
75.400000000 8.448394 2.031978 -0.120714 -0.012943 -0.012964 0.618221 0.785791
75.450000000 8.468822 2.116337 -0.121094 -0.012953 -0.012972 0.618221 0.785791
75.500000000 8.489251 2.200695 -0.121473 -0.012962 -0.012979 0.618221 0.785790
75.550000000 8.509679 2.285054 -0.121853 -0.012972 -0.012987 0.618221 0.785790
75.600000000 8.530107 2.369413 -0.122232 -0.012981 -0.012995 0.618221 0.785789
75.650000000 8.550536 2.453772 -0.122612 -0.012991 -0.013002 0.618221 0.785789
75.700000000 8.570964 2.538131 -0.122991 -0.013000 -0.013010 0.618222 0.785789
75.750000000 8.591392 2.622490 -0.123370 -0.013010 -0.013017 0.618222 0.785788
75.800000000 8.611821 2.706849 -0.123750 -0.013020 -0.013025 0.618222 0.785788
75.850000000 8.632249 2.791208 -0.124129 -0.013029 -0.013033 0.618222 0.785788
75.900000000 8.652677 2.875567 -0.124509 -0.013039 -0.013040 0.618222 0.785787
75.950000000 8.673085 2.959930 -0.124888 -0.013055 -0.013054 0.618191 0.785811
76.000000000 8.693206 3.044344 -0.125256 -0.013062 -0.013073 0.617738 0.786167
76.050000000 8.712916 3.128824 -0.125608 -0.013054 -0.013098 0.616683 0.786995
76.100000000 8.732217 3.213358 -0.125946 -0.013035 -0.013132 0.615028 0.788288
76.150000000 8.751171 3.297933 -0.126270 -0.013008 -0.013175 0.612866 0.789970
76.200000000 8.769856 3.382534 -0.126584 -0.012974 -0.013224 0.610307 0.791948
76.250000000 8.788332 3.467151 -0.126891 -0.012936 -0.013278 0.607441 0.794149
76.300000000 8.806651 3.551781 -0.127192 -0.012893 -0.013335 0.604338 0.796512
76.350000000 8.824855 3.636417 -0.127488 -0.012848 -0.013395 0.601060 0.798988
76.400000000 8.842980 3.721058 -0.127782 -0.012800 -0.013456 0.597657 0.801537
76.450000000 8.861057 3.805702 -0.128074 -0.012751 -0.013518 0.594175 0.804121
76.500000000 8.879114 3.890346 -0.128365 -0.012702 -0.013581 0.590652 0.806712
76.550000000 8.897175 3.974989 -0.128656 -0.012652 -0.013643 0.587123 0.809284
76.600000000 8.915259 4.059629 -0.128947 -0.012603 -0.013704 0.583619 0.811814
76.650000000 8.933384 4.144261 -0.129241 -0.012554 -0.013764 0.580166 0.814285
76.700000000 8.951642 4.228871 -0.129539 -0.012489 -0.013808 0.576903 0.816600
76.750000000 8.970191 4.313421 -0.129849 -0.012446 -0.013854 0.574077 0.818590
76.800000000 8.988974 4.397911 -0.130167 -0.012414 -0.013898 0.571607 0.820316
76.850000000 9.007994 4.482338 -0.130494 -0.012390 -0.013938 0.569503 0.821778
76.900000000 9.027267 4.566697 -0.130831 -0.012371 -0.013971 0.567792 0.822961
76.950000000 9.046808 4.650980 -0.131178 -0.012360 -0.013998 0.566500 0.823850
77.000000000 9.066629 4.735182 -0.131536 -0.012356 -0.014018 0.565650 0.824433
77.050000000 9.086740 4.819296 -0.131905 -0.012359 -0.014031 0.565260 0.824701
77.100000000 9.107150 4.903316 -0.132285 -0.012371 -0.014037 0.565347 0.824641
77.150000000 9.127868 4.987233 -0.132678 -0.012391 -0.014036 0.565928 0.824242
77.200000000 9.148906 5.071039 -0.133082 -0.012420 -0.014027 0.567023 0.823489
77.250000000 9.170273 5.154723 -0.133500 -0.012458 -0.014011 0.568651 0.822365
77.300000000 9.191982 5.238276 -0.133930 -0.012505 -0.013986 0.570833 0.820852
77.350000000 9.214046 5.321684 -0.134375 -0.012562 -0.013952 0.573591 0.818927
77.400000000 9.236480 5.404933 -0.134834 -0.012629 -0.013908 0.576949 0.816564
77.450000000 9.259280 5.488017 -0.135308 -0.012706 -0.013856 0.580898 0.813759
77.500000000 9.282384 5.570955 -0.135793 -0.012792 -0.013795 0.585336 0.810573
77.550000000 9.305638 5.653816 -0.136285 -0.012892 -0.013738 0.590004 0.807180
77.600000000 9.328694 5.736751 -0.136768 -0.012977 -0.013679 0.594342 0.803992
77.650000000 9.351459 5.819790 -0.137241 -0.013052 -0.013625 0.598203 0.801122
77.700000000 9.373955 5.902921 -0.137703 -0.013119 -0.013578 0.601631 0.798551
77.750000000 9.396216 5.986128 -0.138155 -0.013180 -0.013537 0.604686 0.796240
77.800000000 9.418271 6.069398 -0.138600 -0.013235 -0.013501 0.607416 0.794159
77.850000000 9.440141 6.152724 -0.139038 -0.013285 -0.013470 0.609857 0.792286
77.900000000 9.461841 6.236098 -0.139469 -0.013331 -0.013443 0.612032 0.790606
77.950000000 9.483383 6.319516 -0.139894 -0.013373 -0.013420 0.613965 0.789106
78.000000000 9.504778 6.402972 -0.140314 -0.013411 -0.013400 0.615672 0.787774
78.050000000 9.526037 6.486464 -0.140728 -0.013446 -0.013384 0.617172 0.786600
78.100000000 9.547168 6.569987 -0.141137 -0.013477 -0.013371 0.618479 0.785572
78.150000000 9.568181 6.653539 -0.141542 -0.013506 -0.013360 0.619609 0.784681
78.200000000 9.589086 6.737116 -0.141943 -0.013531 -0.013353 0.620576 0.783916
78.250000000 9.609892 6.820715 -0.142340 -0.013554 -0.013348 0.621394 0.783267
78.300000000 9.630605 6.904335 -0.142734 -0.013575 -0.013345 0.622076 0.782725
78.350000000 9.651236 6.987973 -0.143124 -0.013594 -0.013344 0.622635 0.782281
78.400000000 9.671791 7.071627 -0.143512 -0.013611 -0.013345 0.623082 0.781924
78.450000000 9.692279 7.155295 -0.143897 -0.013627 -0.013347 0.623428 0.781648
78.500000000 9.712705 7.238976 -0.144279 -0.013640 -0.013352 0.623685 0.781443
78.550000000 9.733077 7.322667 -0.144660 -0.013653 -0.013357 0.623861 0.781302
78.600000000 9.753400 7.406368 -0.145039 -0.013664 -0.013363 0.623967 0.781217
78.650000000 9.773681 7.490077 -0.145416 -0.013675 -0.013371 0.624010 0.781183
78.700000000 9.793926 7.573793 -0.145792 -0.013684 -0.013379 0.623998 0.781191
78.750000000 9.814138 7.657515 -0.146167 -0.013693 -0.013389 0.623940 0.781238
78.800000000 9.834290 7.741100 -0.146540 -0.013701 -0.013399 0.623841 0.781316
78.850000000 9.854248 7.823936 -0.146909 -0.013709 -0.013409 0.623708 0.781422
78.900000000 9.874000 7.905954 -0.147274 -0.013716 -0.013420 0.623547 0.781550
78.950000000 9.893549 7.987153 -0.147636 -0.013723 -0.013431 0.623363 0.781697
79.000000000 9.912899 8.067533 -0.147993 -0.013730 -0.013442 0.623161 0.781857
79.050000000 9.932051 8.147094 -0.148348 -0.013737 -0.013453 0.622945 0.782029
79.100000000 9.951007 8.225835 -0.148698 -0.013743 -0.013464 0.622718 0.782210
79.150000000 9.969769 8.303755 -0.149045 -0.013750 -0.013476 0.622484 0.782396
79.200000000 9.988339 8.380855 -0.149388 -0.013756 -0.013487 0.622245 0.782586
79.250000000 10.006718 8.457135 -0.149728 -0.013763 -0.013499 0.622003 0.782777
79.300000000 10.024905 8.532594 -0.150065 -0.013769 -0.013510 0.621761 0.782969
79.350000000 10.042903 8.607232 -0.150398 -0.013776 -0.013521 0.621521 0.783160
79.400000000 10.060711 8.681049 -0.150728 -0.013782 -0.013532 0.621283 0.783348
79.450000000 10.078331 8.754044 -0.151054 -0.013789 -0.013543 0.621049 0.783533
79.500000000 10.095761 8.826218 -0.151377 -0.013796 -0.013554 0.620821 0.783714
79.550000000 10.113002 8.897572 -0.151696 -0.013803 -0.013565 0.620598 0.783890
79.600000000 10.130054 8.968103 -0.152013 -0.013811 -0.013576 0.620381 0.784061
79.650000000 10.146917 9.037814 -0.152325 -0.013818 -0.013586 0.620172 0.784227
79.700000000 10.163604 9.106759 -0.152635 -0.013825 -0.013597 0.619970 0.784386
79.750000000 10.180258 9.175540 -0.152944 -0.013833 -0.013607 0.619776 0.784539
79.800000000 10.196917 9.244319 -0.153253 -0.013840 -0.013617 0.619589 0.784686
79.850000000 10.213582 9.313097 -0.153563 -0.013848 -0.013628 0.619411 0.784826
79.900000000 10.230252 9.381874 -0.153872 -0.013856 -0.013638 0.619241 0.784960
79.950000000 10.246927 9.450648 -0.154182 -0.013864 -0.013648 0.619080 0.785087
80.000000000 10.263609 9.519422 -0.154492 -0.013872 -0.013658 0.618927 0.785207
80.050000000 10.280296 9.588193 -0.154802 -0.013880 -0.013668 0.618782 0.785321
80.100000000 10.296988 9.656963 -0.155112 -0.013888 -0.013679 0.618646 0.785428
80.150000000 10.313686 9.725731 -0.155423 -0.013896 -0.013688 0.618518 0.785528
80.200000000 10.330389 9.794498 -0.155733 -0.013904 -0.013698 0.618398 0.785623
80.250000000 10.347097 9.863263 -0.156044 -0.013912 -0.013708 0.618286 0.785711
80.300000000 10.363811 9.932027 -0.156355 -0.013921 -0.013718 0.618181 0.785793
80.350000000 10.380529 10.000789 -0.156666 -0.013929 -0.013728 0.618084 0.785869
80.400000000 10.397252 10.069550 -0.156977 -0.013938 -0.013737 0.617994 0.785939
80.450000000 10.413980 10.138310 -0.157289 -0.013947 -0.013747 0.617911 0.786004
80.500000000 10.430711 10.207068 -0.157600 -0.013956 -0.013756 0.617834 0.786064
80.550000000 10.447448 10.275826 -0.157912 -0.013965 -0.013765 0.617764 0.786119
80.600000000 10.464188 10.344581 -0.158224 -0.013974 -0.013775 0.617700 0.786169
80.650000000 10.480932 10.413336 -0.158536 -0.013983 -0.013784 0.617642 0.786214
80.700000000 10.497679 10.482090 -0.158848 -0.013992 -0.013793 0.617589 0.786256
80.750000000 10.514333 10.550442 -0.159158 -0.014001 -0.013802 0.617541 0.786293
80.800000000 10.530789 10.617974 -0.159465 -0.014011 -0.013811 0.617498 0.786326
80.850000000 10.547049 10.684687 -0.159769 -0.014020 -0.013820 0.617460 0.786356
80.900000000 10.563112 10.750580 -0.160068 -0.014030 -0.013829 0.617425 0.786383
80.950000000 10.578977 10.815654 -0.160364 -0.014039 -0.013838 0.617395 0.786406
81.000000000 10.594645 10.879909 -0.160657 -0.014049 -0.013846 0.617368 0.786427
81.050000000 10.610115 10.943345 -0.160946 -0.014059 -0.013855 0.617344 0.786445
81.100000000 10.625387 11.005962 -0.161231 -0.014069 -0.013864 0.617324 0.786461
81.150000000 10.640460 11.067760 -0.161512 -0.014079 -0.013872 0.617306 0.786475
81.200000000 10.655335 11.128739 -0.161790 -0.014089 -0.013881 0.617291 0.786487
81.250000000 10.670012 11.188899 -0.162064 -0.014099 -0.013889 0.617278 0.786496
81.300000000 10.684489 11.248240 -0.162334 -0.014109 -0.013898 0.617267 0.786505
81.350000000 10.698768 11.306763 -0.162601 -0.014119 -0.013906 0.617258 0.786511
81.400000000 10.712847 11.364466 -0.162864 -0.014129 -0.013914 0.617251 0.786516
81.450000000 10.726728 11.421351 -0.163123 -0.014139 -0.013923 0.617246 0.786520
81.500000000 10.740409 11.477418 -0.163379 -0.014149 -0.013931 0.617242 0.786523
81.550000000 10.753890 11.532665 -0.163631 -0.014159 -0.013939 0.617239 0.786525
81.600000000 10.767172 11.587094 -0.163879 -0.014170 -0.013948 0.617238 0.786525
81.650000000 10.780255 11.640705 -0.164124 -0.014180 -0.013956 0.617238 0.786525
81.700000000 10.793138 11.693497 -0.164365 -0.014190 -0.013964 0.617238 0.786524
81.750000000 10.805821 11.745470 -0.164602 -0.014200 -0.013973 0.617240 0.786523
81.800000000 10.818304 11.796624 -0.164835 -0.014211 -0.013981 0.617242 0.786521
81.850000000 10.830630 11.847133 -0.165065 -0.014221 -0.013989 0.617245 0.786518
81.900000000 10.842944 11.897592 -0.165296 -0.014231 -0.013998 0.617249 0.786515
81.950000000 10.855258 11.948051 -0.165526 -0.014242 -0.014006 0.617253 0.786511
82.000000000 10.867573 11.998509 -0.165756 -0.014252 -0.014014 0.617258 0.786507
82.050000000 10.879888 12.048968 -0.165986 -0.014262 -0.014022 0.617263 0.786503
82.100000000 10.892203 12.099426 -0.166217 -0.014273 -0.014031 0.617269 0.786498
82.150000000 10.904518 12.149885 -0.166447 -0.014283 -0.014039 0.617275 0.786493
82.200000000 10.916834 12.200343 -0.166677 -0.014293 -0.014047 0.617281 0.786488
82.250000000 10.929150 12.250801 -0.166908 -0.014304 -0.014056 0.617287 0.786482
82.300000000 10.941466 12.301259 -0.167138 -0.014314 -0.014064 0.617294 0.786477
82.350000000 10.953782 12.351718 -0.167368 -0.014325 -0.014072 0.617301 0.786471
82.400000000 10.966098 12.402176 -0.167599 -0.014335 -0.014080 0.617308 0.786465
82.450000000 10.978414 12.452634 -0.167829 -0.014346 -0.014089 0.617315 0.786459
82.500000000 10.990730 12.503092 -0.168060 -0.014356 -0.014097 0.617322 0.786453
82.550000000 11.003047 12.553550 -0.168290 -0.014367 -0.014105 0.617329 0.786447
82.600000000 11.015363 12.604008 -0.168521 -0.014377 -0.014113 0.617336 0.786441
82.650000000 11.027679 12.654466 -0.168751 -0.014388 -0.014122 0.617343 0.786435
82.700000000 11.039995 12.704924 -0.168982 -0.014398 -0.014130 0.617351 0.786429
82.750000000 11.052312 12.755382 -0.169212 -0.014409 -0.014138 0.617358 0.786424
82.800000000 11.064628 12.805840 -0.169442 -0.014419 -0.014147 0.617365 0.786418
82.850000000 11.076944 12.856299 -0.169673 -0.014430 -0.014155 0.617372 0.786412
82.900000000 11.089260 12.906757 -0.169903 -0.014440 -0.014163 0.617378 0.786406
82.950000000 11.101576 12.957215 -0.170134 -0.014451 -0.014171 0.617385 0.786401
83.000000000 11.113892 13.007673 -0.170365 -0.014461 -0.014180 0.617392 0.786395
83.050000000 11.126207 13.058131 -0.170595 -0.014472 -0.014188 0.617398 0.786390
83.100000000 11.138523 13.108589 -0.170826 -0.014482 -0.014196 0.617404 0.786385
83.150000000 11.150838 13.159048 -0.171056 -0.014493 -0.014205 0.617410 0.786379
83.200000000 11.163154 13.209506 -0.171287 -0.014503 -0.014213 0.617416 0.786374
83.250000000 11.175469 13.259964 -0.171517 -0.014514 -0.014221 0.617422 0.786370
83.300000000 11.187784 13.310422 -0.171748 -0.014525 -0.014230 0.617428 0.786365
83.350000000 11.200099 13.360881 -0.171978 -0.014535 -0.014238 0.617433 0.786360
83.400000000 11.212414 13.411339 -0.172209 -0.014546 -0.014246 0.617438 0.786356
83.450000000 11.224729 13.461797 -0.172440 -0.014556 -0.014255 0.617443 0.786352
83.500000000 11.237044 13.512256 -0.172670 -0.014567 -0.014263 0.617448 0.786347
83.550000000 11.249358 13.562714 -0.172901 -0.014577 -0.014271 0.617453 0.786344
83.600000000 11.261673 13.613173 -0.173131 -0.014590 -0.014281 0.617457 0.786340
83.650000000 11.273938 13.663640 -0.173360 -0.014608 -0.014298 0.617388 0.786393
83.700000000 11.286064 13.714133 -0.173583 -0.014615 -0.014312 0.617115 0.786607
83.750000000 11.298046 13.764649 -0.173800 -0.014616 -0.014329 0.616629 0.786987
83.800000000 11.309879 13.815188 -0.174010 -0.014613 -0.014350 0.615926 0.787537
83.850000000 11.321572 13.865746 -0.174215 -0.014607 -0.014375 0.615017 0.788248
83.900000000 11.333141 13.916319 -0.174415 -0.014597 -0.014404 0.613927 0.789096
83.950000000 11.344603 13.966905 -0.174610 -0.014585 -0.014435 0.612680 0.790065
84.000000000 11.355971 14.017500 -0.174802 -0.014570 -0.014468 0.611293 0.791138
84.050000000 11.367254 14.068104 -0.174990 -0.014553 -0.014504 0.609783 0.792302
84.100000000 11.378465 14.118714 -0.175175 -0.014534 -0.014542 0.608165 0.793544
84.150000000 11.389612 14.169329 -0.175357 -0.014513 -0.014581 0.606452 0.794854
84.200000000 11.400704 14.219949 -0.175537 -0.014491 -0.014622 0.604657 0.796220
84.250000000 11.411750 14.270572 -0.175715 -0.014467 -0.014664 0.602791 0.797633
84.300000000 11.422757 14.321197 -0.175892 -0.014442 -0.014706 0.600866 0.799084
84.350000000 11.433732 14.371824 -0.176067 -0.014417 -0.014750 0.598892 0.800564
84.400000000 11.444683 14.422453 -0.176241 -0.014390 -0.014794 0.596878 0.802067
84.450000000 11.455614 14.473083 -0.176415 -0.014363 -0.014838 0.594833 0.803584
84.500000000 11.466534 14.523713 -0.176588 -0.014336 -0.014883 0.592767 0.805109
84.550000000 11.477446 14.574344 -0.176760 -0.014308 -0.014927 0.590686 0.806636
84.600000000 11.488356 14.624974 -0.176933 -0.014281 -0.014972 0.588599 0.808161
84.650000000 11.499269 14.675605 -0.177105 -0.014253 -0.015016 0.586511 0.809677
84.700000000 11.510197 14.726232 -0.177279 -0.014218 -0.015054 0.584443 0.811171
84.750000000 11.521238 14.776841 -0.177457 -0.014189 -0.015092 0.582541 0.812537
84.800000000 11.532422 14.827424 -0.177640 -0.014169 -0.015129 0.580851 0.813746
84.850000000 11.543748 14.877978 -0.177830 -0.014153 -0.015163 0.579376 0.814797
84.900000000 11.555220 14.928502 -0.178026 -0.014141 -0.015193 0.578121 0.815687
84.950000000 11.566842 14.978993 -0.178229 -0.014133 -0.015218 0.577094 0.816413
85.000000000 11.578607 15.029451 -0.178437 -0.014129 -0.015240 0.576289 0.816982
85.050000000 11.590505 15.079876 -0.178651 -0.014129 -0.015259 0.575686 0.817406
85.100000000 11.602522 15.130269 -0.178870 -0.014132 -0.015274 0.575270 0.817699
85.150000000 11.614649 15.180633 -0.179094 -0.014139 -0.015286 0.575026 0.817870
85.200000000 11.626877 15.230968 -0.179322 -0.014149 -0.015296 0.574940 0.817930
85.250000000 11.639198 15.281275 -0.179554 -0.014161 -0.015303 0.575000 0.817888
85.300000000 11.651603 15.331557 -0.179789 -0.014175 -0.015308 0.575192 0.817752
85.350000000 11.664085 15.381815 -0.180028 -0.014192 -0.015310 0.575505 0.817531
85.400000000 11.676636 15.432051 -0.180270 -0.014211 -0.015311 0.575929 0.817233
85.450000000 11.689250 15.482266 -0.180514 -0.014232 -0.015311 0.576453 0.816863
85.500000000 11.701921 15.532462 -0.180761 -0.014254 -0.015309 0.577066 0.816429
85.550000000 11.714642 15.582641 -0.181011 -0.014278 -0.015305 0.577760 0.815938
85.600000000 11.727408 15.632804 -0.181262 -0.014303 -0.015300 0.578525 0.815395
85.650000000 11.740214 15.682953 -0.181514 -0.014330 -0.015295 0.579354 0.814807
85.700000000 11.753055 15.733090 -0.181769 -0.014357 -0.015288 0.580237 0.814178
85.750000000 11.765927 15.783216 -0.182024 -0.014385 -0.015281 0.581168 0.813513
85.800000000 11.778824 15.833332 -0.182281 -0.014414 -0.015272 0.582139 0.812818
85.850000000 11.791743 15.883441 -0.182539 -0.014444 -0.015264 0.583145 0.812097
85.900000000 11.804680 15.933543 -0.182797 -0.014474 -0.015254 0.584178 0.811353
85.950000000 11.817631 15.983639 -0.183056 -0.014504 -0.015245 0.585234 0.810591
86.000000000 11.830594 16.033731 -0.183316 -0.014535 -0.015235 0.586307 0.809816
86.050000000 11.843565 16.083821 -0.183576 -0.014566 -0.015225 0.587391 0.809029
86.100000000 11.856542 16.133908 -0.183836 -0.014597 -0.015214 0.588484 0.808234
86.150000000 11.869521 16.183994 -0.184096 -0.014628 -0.015204 0.589579 0.807435
86.200000000 11.882500 16.234079 -0.184356 -0.014659 -0.015194 0.590675 0.806634
86.250000000 11.895478 16.284166 -0.184617 -0.014690 -0.015183 0.591766 0.805833
86.300000000 11.908451 16.334253 -0.184877 -0.014721 -0.015173 0.592850 0.805036
86.350000000 11.921419 16.384342 -0.185137 -0.014752 -0.015163 0.593924 0.804243
86.400000000 11.934379 16.434433 -0.185396 -0.014782 -0.015153 0.594985 0.803458
86.450000000 11.947330 16.484526 -0.185655 -0.014812 -0.015144 0.596031 0.802682
86.500000000 11.960270 16.534622 -0.185914 -0.014842 -0.015134 0.597059 0.801917
86.550000000 11.973199 16.584721 -0.186172 -0.014871 -0.015125 0.598069 0.801164
86.600000000 11.986114 16.634824 -0.186430 -0.014900 -0.015117 0.599057 0.800425
86.650000000 11.999015 16.684930 -0.186687 -0.014929 -0.015109 0.600024 0.799700
86.700000000 12.011901 16.735040 -0.186944 -0.014957 -0.015101 0.600966 0.798992
86.750000000 12.024772 16.785154 -0.187199 -0.014985 -0.015093 0.601884 0.798300
86.800000000 12.037627 16.835272 -0.187454 -0.015012 -0.015086 0.602777 0.797626
86.850000000 12.050464 16.885394 -0.187709 -0.015038 -0.015080 0.603643 0.796970
86.900000000 12.063284 16.935521 -0.187963 -0.015065 -0.015074 0.604482 0.796334
86.950000000 12.076087 16.985652 -0.188216 -0.015090 -0.015068 0.605294 0.795716
87.000000000 12.088871 17.035787 -0.188468 -0.015115 -0.015063 0.606078 0.795119
87.050000000 12.101638 17.085927 -0.188719 -0.015140 -0.015058 0.606834 0.794542
87.100000000 12.114386 17.136071 -0.188970 -0.015164 -0.015054 0.607562 0.793985
87.150000000 12.127116 17.186219 -0.189220 -0.015188 -0.015051 0.608262 0.793448
87.200000000 12.139828 17.236372 -0.189469 -0.015211 -0.015047 0.608934 0.792933
87.250000000 12.152521 17.286530 -0.189718 -0.015233 -0.015045 0.609578 0.792437
87.300000000 12.165197 17.336691 -0.189965 -0.015256 -0.015043 0.610194 0.791962
87.350000000 12.177854 17.386857 -0.190212 -0.015277 -0.015041 0.610783 0.791508
87.400000000 12.190494 17.437027 -0.190459 -0.015298 -0.015040 0.611345 0.791073
87.450000000 12.203116 17.487201 -0.190704 -0.015319 -0.015039 0.611881 0.790659
87.500000000 12.215721 17.537378 -0.190949 -0.015339 -0.015039 0.612390 0.790264
87.550000000 12.228309 17.587560 -0.191193 -0.015359 -0.015039 0.612874 0.789888
87.600000000 12.240880 17.637745 -0.191436 -0.015378 -0.015039 0.613333 0.789531
87.650000000 12.253436 17.687934 -0.191679 -0.015397 -0.015041 0.613768 0.789193
87.700000000 12.265975 17.738126 -0.191921 -0.015415 -0.015042 0.614179 0.788873
87.750000000 12.278500 17.788322 -0.192162 -0.015433 -0.015044 0.614567 0.788570
87.800000000 12.291009 17.838521 -0.192403 -0.015451 -0.015046 0.614932 0.788285
87.850000000 12.303503 17.888723 -0.192643 -0.015468 -0.015049 0.615276 0.788017
87.900000000 12.315984 17.938929 -0.192883 -0.015484 -0.015052 0.615598 0.787764
87.950000000 12.328451 17.989137 -0.193122 -0.015501 -0.015055 0.615900 0.787528
88.000000000 12.340905 18.039348 -0.193360 -0.015517 -0.015059 0.616183 0.787306
88.050000000 12.353346 18.089561 -0.193598 -0.015533 -0.015063 0.616446 0.787100
88.100000000 12.365775 18.139778 -0.193836 -0.015548 -0.015068 0.616692 0.786907
88.150000000 12.378192 18.189996 -0.194073 -0.015563 -0.015073 0.616919 0.786728
88.200000000 12.390597 18.240217 -0.194309 -0.015578 -0.015078 0.617130 0.786562
88.250000000 12.402992 18.290440 -0.194545 -0.015593 -0.015083 0.617325 0.786409
88.300000000 12.415374 18.340654 -0.194781 -0.015607 -0.015089 0.617504 0.786268
88.350000000 12.427615 18.390333 -0.195014 -0.015621 -0.015095 0.617669 0.786138
88.400000000 12.439647 18.439195 -0.195242 -0.015634 -0.015101 0.617820 0.786019
88.450000000 12.451472 18.487240 -0.195467 -0.015648 -0.015108 0.617958 0.785910
88.500000000 12.463089 18.534468 -0.195687 -0.015661 -0.015115 0.618084 0.785811
88.550000000 12.474501 18.580879 -0.195904 -0.015674 -0.015122 0.618198 0.785720
88.600000000 12.485707 18.626473 -0.196116 -0.015687 -0.015129 0.618302 0.785638
88.650000000 12.496708 18.671248 -0.196325 -0.015699 -0.015137 0.618396 0.785564
88.700000000 12.507506 18.715207 -0.196529 -0.015711 -0.015145 0.618481 0.785497
88.750000000 12.518099 18.758347 -0.196730 -0.015723 -0.015153 0.618557 0.785436
88.800000000 12.528490 18.800669 -0.196927 -0.015735 -0.015161 0.618625 0.785382
88.850000000 12.538678 18.842173 -0.197120 -0.015747 -0.015169 0.618686 0.785334
88.900000000 12.548665 18.882859 -0.197309 -0.015759 -0.015178 0.618739 0.785292
88.950000000 12.558450 18.922726 -0.197495 -0.015771 -0.015186 0.618786 0.785254
89.000000000 12.568033 18.961775 -0.197676 -0.015782 -0.015195 0.618827 0.785221
89.050000000 12.577416 19.000006 -0.197854 -0.015794 -0.015203 0.618863 0.785193
89.100000000 12.586599 19.037418 -0.198028 -0.015805 -0.015212 0.618893 0.785169
89.150000000 12.595581 19.074012 -0.198199 -0.015816 -0.015221 0.618918 0.785149
89.200000000 12.604364 19.109787 -0.198365 -0.015827 -0.015230 0.618939 0.785132
89.250000000 12.612947 19.144743 -0.198528 -0.015839 -0.015239 0.618955 0.785119
89.300000000 12.621331 19.178880 -0.198687 -0.015850 -0.015248 0.618968 0.785108
89.350000000 12.629516 19.212199 -0.198843 -0.015861 -0.015257 0.618977 0.785101
89.400000000 12.637502 19.244699 -0.198994 -0.015872 -0.015267 0.618982 0.785096
89.450000000 12.645289 19.276379 -0.199142 -0.015883 -0.015276 0.618985 0.785094
89.500000000 12.652878 19.307241 -0.199287 -0.015894 -0.015285 0.618985 0.785093
89.550000000 12.660268 19.337284 -0.199427 -0.015905 -0.015294 0.618982 0.785095
89.600000000 12.667460 19.366508 -0.199564 -0.015916 -0.015304 0.618977 0.785099
89.650000000 12.674454 19.394913 -0.199697 -0.015927 -0.015313 0.618969 0.785105
89.700000000 12.681250 19.422499 -0.199827 -0.015938 -0.015322 0.618959 0.785112
89.750000000 12.687847 19.449266 -0.199953 -0.015948 -0.015332 0.618948 0.785121
89.800000000 12.694247 19.475214 -0.200075 -0.015959 -0.015341 0.618934 0.785131
89.850000000 12.700459 19.500382 -0.200194 -0.015970 -0.015351 0.618919 0.785142
89.900000000 12.706623 19.525356 -0.200311 -0.015981 -0.015360 0.618903 0.785155
89.950000000 12.712786 19.550329 -0.200429 -0.015992 -0.015370 0.618885 0.785168
90.000000000 12.718948 19.575303 -0.200547 -0.016003 -0.015379 0.618866 0.785183
90.050000000 12.725109 19.600277 -0.200664 -0.016014 -0.015389 0.618845 0.785199
90.100000000 12.731269 19.625251 -0.200782 -0.016024 -0.015398 0.618823 0.785216
90.150000000 12.737428 19.650225 -0.200900 -0.016035 -0.015408 0.618800 0.785233
90.200000000 12.743587 19.675200 -0.201017 -0.016046 -0.015417 0.618776 0.785252
90.250000000 12.749745 19.700174 -0.201135 -0.016057 -0.015427 0.618751 0.785271
90.300000000 12.755902 19.725149 -0.201253 -0.016068 -0.015436 0.618725 0.785291
90.350000000 12.762059 19.750124 -0.201370 -0.016078 -0.015446 0.618698 0.785312
90.400000000 12.768176 19.774936 -0.201487 -0.016089 -0.015455 0.618671 0.785334
90.450000000 12.774109 19.798985 -0.201600 -0.016100 -0.015465 0.618642 0.785356
90.500000000 12.779843 19.822216 -0.201710 -0.016111 -0.015475 0.618613 0.785378
90.550000000 12.785381 19.844627 -0.201816 -0.016122 -0.015484 0.618583 0.785402
90.600000000 12.790720 19.866219 -0.201918 -0.016132 -0.015494 0.618552 0.785425
90.650000000 12.795861 19.886993 -0.202017 -0.016143 -0.015503 0.618521 0.785449
90.700000000 12.800805 19.906947 -0.202112 -0.016154 -0.015513 0.618490 0.785473
90.750000000 12.805551 19.926082 -0.202203 -0.016165 -0.015522 0.618458 0.785498
90.800000000 12.810099 19.944398 -0.202291 -0.016176 -0.015532 0.618426 0.785523
90.850000000 12.814448 19.961896 -0.202375 -0.016187 -0.015541 0.618393 0.785548
90.900000000 12.818600 19.978574 -0.202455 -0.016198 -0.015551 0.618361 0.785574
90.950000000 12.822554 19.994433 -0.202531 -0.016209 -0.015560 0.618328 0.785599
91.000000000 12.826310 20.009474 -0.202604 -0.016220 -0.015570 0.618294 0.785625
91.050000000 12.829867 20.023695 -0.202673 -0.016231 -0.015579 0.618261 0.785651
91.100000000 12.833226 20.037098 -0.202738 -0.016242 -0.015589 0.618227 0.785677
91.150000000 12.836387 20.049681 -0.202800 -0.016253 -0.015598 0.618193 0.785703
91.200000000 12.839350 20.061446 -0.202858 -0.016264 -0.015608 0.618159 0.785730
91.250000000 12.842114 20.072392 -0.202912 -0.016275 -0.015617 0.618125 0.785756
91.300000000 12.844680 20.082519 -0.202962 -0.016286 -0.015627 0.618091 0.785782
91.350000000 12.847048 20.091827 -0.203009 -0.016297 -0.015636 0.618057 0.785809
91.400000000 12.849216 20.100317 -0.203052 -0.016308 -0.015646 0.618023 0.785835
91.450000000 12.851187 20.107988 -0.203091 -0.016319 -0.015655 0.617988 0.785862
91.500000000 12.852958 20.114839 -0.203127 -0.016330 -0.015664 0.617954 0.785889
91.550000000 12.854531 20.120872 -0.203158 -0.016341 -0.015674 0.617919 0.785915
91.600000000 12.855905 20.126087 -0.203186 -0.016352 -0.015683 0.617885 0.785942
91.650000000 12.857093 20.130538 -0.203211 -0.016364 -0.015692 0.617850 0.785969
91.700000000 12.858242 20.134827 -0.203235 -0.016375 -0.015702 0.617816 0.785996
91.750000000 12.859391 20.139116 -0.203259 -0.016386 -0.015711 0.617781 0.786022
91.800000000 12.860540 20.143406 -0.203282 -0.016397 -0.015721 0.617746 0.786049
91.850000000 12.861689 20.147695 -0.203306 -0.016408 -0.015730 0.617712 0.786076
91.900000000 12.862838 20.151984 -0.203330 -0.016420 -0.015739 0.617677 0.786103
91.950000000 12.863987 20.156273 -0.203354 -0.016431 -0.015749 0.617642 0.786130
92.000000000 12.865136 20.160562 -0.203378 -0.016442 -0.015758 0.617608 0.786157
92.050000000 12.866285 20.164851 -0.203402 -0.016453 -0.015768 0.617573 0.786184
92.100000000 12.867434 20.169140 -0.203425 -0.016464 -0.015777 0.617538 0.786210
92.150000000 12.868583 20.173430 -0.203449 -0.016475 -0.015787 0.617503 0.786237
92.200000000 12.869732 20.177719 -0.203473 -0.016487 -0.015796 0.617468 0.786264
92.250000000 12.870881 20.182008 -0.203497 -0.016498 -0.015806 0.617434 0.786291
92.300000000 12.872030 20.186297 -0.203521 -0.016509 -0.015815 0.617399 0.786318
92.350000000 12.873179 20.190586 -0.203545 -0.016520 -0.015825 0.617364 0.786345
92.400000000 12.874328 20.194875 -0.203569 -0.016532 -0.015834 0.617329 0.786372
92.450000000 12.875477 20.199164 -0.203593 -0.016543 -0.015844 0.617294 0.786399
92.500000000 12.876626 20.203454 -0.203616 -0.016554 -0.015853 0.617259 0.786426
92.550000000 12.877775 20.207743 -0.203640 -0.016565 -0.015863 0.617224 0.786453
92.600000000 12.878924 20.212032 -0.203664 -0.016576 -0.015872 0.617189 0.786480
92.650000000 12.880073 20.216321 -0.203688 -0.016588 -0.015882 0.617154 0.786507
92.700000000 12.881221 20.220610 -0.203712 -0.016599 -0.015891 0.617120 0.786534
92.750000000 12.882370 20.224899 -0.203736 -0.016610 -0.015901 0.617085 0.786561
92.800000000 12.883519 20.229188 -0.203760 -0.016621 -0.015910 0.617050 0.786588
92.850000000 12.884668 20.233478 -0.203784 -0.016633 -0.015920 0.617015 0.786615
92.900000000 12.885817 20.237767 -0.203808 -0.016644 -0.015929 0.616980 0.786642
92.950000000 12.886966 20.242056 -0.203832 -0.016655 -0.015939 0.616945 0.786669
93.000000000 12.888115 20.246345 -0.203856 -0.016666 -0.015949 0.616910 0.786696
93.050000000 12.889263 20.250634 -0.203880 -0.016678 -0.015958 0.616875 0.786723
93.100000000 12.890412 20.254923 -0.203904 -0.016689 -0.015968 0.616840 0.786750
93.150000000 12.891561 20.259213 -0.203928 -0.016700 -0.015978 0.616805 0.786777
93.200000000 12.892710 20.263502 -0.203952 -0.016711 -0.015987 0.616770 0.786804
93.250000000 12.893859 20.267791 -0.203975 -0.016723 -0.015997 0.616735 0.786831
93.300000000 12.895008 20.272080 -0.203999 -0.016734 -0.016006 0.616700 0.786858
93.350000000 12.896157 20.276369 -0.204023 -0.016745 -0.016016 0.616665 0.786885
93.400000000 12.897306 20.280658 -0.204047 -0.016756 -0.016026 0.616630 0.786912
93.450000000 12.898454 20.284948 -0.204071 -0.016768 -0.016035 0.616595 0.786939
93.500000000 12.899603 20.289237 -0.204095 -0.016779 -0.016045 0.616560 0.786966
93.550000000 12.900752 20.293526 -0.204119 -0.016790 -0.016055 0.616525 0.786992
93.600000000 12.901901 20.297815 -0.204144 -0.016802 -0.016064 0.616490 0.787019
93.650000000 12.903050 20.302104 -0.204168 -0.016813 -0.016074 0.616455 0.787046
93.700000000 12.904199 20.306393 -0.204192 -0.016824 -0.016084 0.616420 0.787073
93.750000000 12.905348 20.310682 -0.204216 -0.016835 -0.016094 0.616385 0.787100
93.800000000 12.906497 20.314972 -0.204240 -0.016847 -0.016103 0.616350 0.787127
93.850000000 12.907646 20.319261 -0.204264 -0.016858 -0.016113 0.616316 0.787154
93.900000000 12.908795 20.323550 -0.204288 -0.016869 -0.016123 0.616281 0.787181
93.950000000 12.909944 20.327839 -0.204312 -0.016881 -0.016133 0.616246 0.787208
94.000000000 12.911092 20.332128 -0.204336 -0.016892 -0.016142 0.616211 0.787235
94.050000000 12.912241 20.336417 -0.204360 -0.016903 -0.016152 0.616176 0.787261
94.100000000 12.913390 20.340706 -0.204384 -0.016915 -0.016162 0.616141 0.787288
94.150000000 12.914539 20.344996 -0.204408 -0.016926 -0.016172 0.616106 0.787315
94.200000000 12.915688 20.349285 -0.204432 -0.016937 -0.016181 0.616072 0.787342
94.250000000 12.916837 20.353574 -0.204456 -0.016949 -0.016191 0.616037 0.787369
94.300000000 12.917986 20.357863 -0.204481 -0.016960 -0.016201 0.616002 0.787395
94.350000000 12.919135 20.362152 -0.204505 -0.016971 -0.016211 0.615967 0.787422
94.400000000 12.920284 20.366441 -0.204529 -0.016983 -0.016221 0.615933 0.787449
94.450000000 12.921434 20.370730 -0.204553 -0.016994 -0.016230 0.615898 0.787476
94.500000000 12.922583 20.375019 -0.204577 -0.017005 -0.016240 0.615863 0.787502
94.550000000 12.923732 20.379308 -0.204601 -0.017017 -0.016250 0.615828 0.787529
94.600000000 12.924881 20.383597 -0.204625 -0.017028 -0.016260 0.615794 0.787556
94.650000000 12.926030 20.387887 -0.204650 -0.017039 -0.016270 0.615759 0.787582
94.700000000 12.927179 20.392176 -0.204674 -0.017051 -0.016280 0.615725 0.787609
94.750000000 12.928328 20.396465 -0.204698 -0.017062 -0.016290 0.615690 0.787635
94.800000000 12.929477 20.400754 -0.204722 -0.017073 -0.016299 0.615655 0.787662
94.850000000 12.930627 20.405043 -0.204746 -0.017085 -0.016309 0.615621 0.787688
94.900000000 12.931776 20.409332 -0.204770 -0.017096 -0.016319 0.615586 0.787715
94.950000000 12.932925 20.413621 -0.204795 -0.017108 -0.016329 0.615552 0.787742
