# timestamp x y z q0 q1 q2 q3
0.033000000 0.000000 -0.000000 0.000000 0.000000 0.000000 0.000000 1.000000
0.066000000 0.000000 -0.000000 0.000000 0.000000 0.000000 0.000000 1.000000
0.099000000 0.000000 -0.000000 0.000000 0.000000 0.000000 0.000000 1.000000
0.132000000 0.000000 -0.000000 0.000000 0.000000 0.000000 0.000000 1.000000
0.165000000 -0.000000 0.000000 0.000000 0.000000 0.000000 0.000000 1.000000
0.198000000 -0.000000 0.000000 0.000000 0.000000 0.000000 0.000000 1.000000
0.231000000 -0.000000 0.000000 0.000000 0.000000 0.000000 0.000000 1.000000
0.264000000 -0.000000 0.000000 0.000000 0.000000 0.000000 0.000000 1.000000
0.297000000 -0.000000 0.000000 0.000000 0.000000 0.000000 0.000000 1.000000
0.330000000 -0.000000 0.000000 0.000000 0.000000 0.000000 0.000000 1.000000
0.363000000 -0.000000 0.000000 0.000000 0.000000 0.000000 0.000000 1.000000
0.396000000 -0.000000 0.000000 0.000000 0.000000 0.000000 0.000000 1.000000
0.429000000 -0.000000 0.000000 0.000000 0.000000 0.000000 0.000000 1.000000
0.462000000 -0.000000 0.000000 0.000000 0.000000 0.000000 0.000000 1.000000
0.495000000 -0.000000 0.000000 0.000000 0.000000 0.000000 0.000000 1.000000
0.528000000 -0.000000 0.000000 0.000000 0.000000 0.000000 0.000000 1.000000
0.561000000 -0.000000 0.000000 0.000000 0.000000 0.000000 0.000000 1.000000
0.594000000 -0.000000 0.000000 0.000000 0.000000 0.000000 0.000000 1.000000
0.627000000 -0.000000 0.000000 0.000000 0.000000 0.000000 0.000000 1.000000
0.660000000 -0.000000 0.000000 0.000000 0.000000 0.000000 0.000000 1.000000
0.693000000 -0.000000 0.000000 0.000000 0.000000 0.000000 0.000000 1.000000
0.726000000 -0.000000 0.000000 0.000000 0.000000 0.000000 0.000000 1.000000
0.759000000 -0.000000 0.000000 0.000000 0.000000 0.000000 0.000000 1.000000
0.792000000 -0.000000 0.000000 0.000000 0.000000 0.000000 0.000000 1.000000
0.825000000 -0.000000 0.000000 0.000000 0.000000 0.000000 0.000000 1.000000
0.858000000 -0.000018 -0.000004 0.000000 0.000000 0.000000 0.000000 1.000000
0.891000000 -0.000019 -0.000004 0.000000 0.000000 0.000000 0.000000 1.000000
0.924000000 -0.000019 -0.000004 0.000000 0.000000 0.000000 0.000000 1.000000
0.957000000 -0.000018 -0.000004 0.000000 0.000000 0.000000 0.000000 1.000000
0.990000000 -0.000019 -0.000004 0.000000 0.000000 0.000000 0.000000 1.000000
1.023000000 -0.000019 -0.000004 0.000000 0.000000 0.000000 0.000000 1.000000
1.056000000 -0.000018 -0.000004 0.000000 0.000000 0.000000 0.000000 1.000000
1.089000000 -0.000019 -0.000004 0.000000 0.000000 0.000000 0.000000 1.000000
1.122000000 -0.000018 -0.000004 0.000000 0.000000 0.000000 0.000000 1.000000
1.155000000 -0.000019 -0.000004 0.000000 0.000000 0.000000 0.000000 1.000000
1.188000000 -0.000019 -0.000004 0.000000 0.000000 0.000000 0.000000 1.000000
1.221000000 -0.000020 -0.000004 0.000000 0.000000 0.000000 0.000000 1.000000
1.254000000 -0.000021 -0.000004 0.000000 0.000000 0.000000 0.000000 1.000000
1.287000000 -0.000016 -0.000004 0.000000 0.000000 0.000000 0.000000 1.000000
1.320000000 -0.000016 -0.000004 0.000000 0.000000 0.000000 0.000000 1.000000
1.353000000 -0.000016 -0.000004 0.000000 0.000000 0.000000 0.000000 1.000000
1.386000000 -0.000016 -0.000004 0.000000 0.000000 0.000000 0.000000 1.000000
1.419000000 -0.000014 -0.000001 0.000000 0.000000 0.000000 0.000000 1.000000
1.452000000 -0.000013 -0.000001 0.000000 0.000000 0.000000 0.000000 1.000000
1.485000000 -0.000013 -0.000001 0.000000 0.000000 0.000000 0.000000 1.000000
1.518000000 -0.000012 -0.000001 0.000000 0.000000 0.000000 0.000000 1.000000
1.551000000 -0.000014 -0.000001 0.000000 0.000000 0.000000 0.000000 1.000000
1.584000000 -0.000013 -0.000001 0.000000 0.000000 0.000000 0.000000 1.000000
1.617000000 -0.000013 -0.000001 0.000000 0.000000 0.000000 0.000000 1.000000
1.650000000 -0.000013 -0.000002 0.000000 0.000000 0.000000 0.000000 1.000000
1.683000000 -0.000013 -0.000002 0.000000 0.000000 0.000000 0.000000 1.000000
1.716000000 -0.000013 -0.000002 0.000000 0.000000 0.000000 0.000000 1.000000
1.749000000 -0.000013 -0.000002 0.000000 0.000000 0.000000 0.000000 1.000000
1.782000000 -0.000013 -0.000002 0.000000 0.000000 0.000000 0.000000 1.000000
1.815000000 -0.000013 -0.000002 0.000000 0.000000 0.000000 0.000000 1.000000
1.848000000 -0.000016 0.000020 0.000000 0.000000 0.000000 0.000000 1.000000
1.881000000 -0.000016 0.000020 0.000000 0.000000 0.000000 0.000000 1.000000
1.914000000 -0.000016 0.000020 0.000000 0.000000 0.000000 0.000000 1.000000
1.947000000 -0.000016 0.000020 0.000000 0.000000 0.000000 0.000000 1.000000
1.980000000 -0.000016 0.000020 0.000000 0.000000 0.000000 0.000000 1.000000
2.013000000 -0.000016 0.000020 0.000000 0.000000 0.000000 0.000000 1.000000
2.046000000 -0.000015 0.000017 0.000000 0.000000 0.000000 0.000000 1.000000
2.079000000 -0.000015 0.000017 0.000000 0.000000 0.000000 0.000000 1.000000
2.112000000 -0.000014 0.000017 0.000000 0.000000 0.000000 0.000000 1.000000
2.145000000 -0.000013 0.000017 0.000000 0.000000 0.000000 0.000000 1.000000
2.178000000 -0.000013 0.000017 0.000000 0.000000 0.000000 0.000000 1.000000
2.211000000 -0.000014 0.000017 0.000000 0.000000 0.000000 0.000000 1.000000
2.244000000 -0.000013 0.000017 0.000000 0.000000 0.000000 0.000000 1.000000
2.277000000 -0.000013 0.000017 0.000000 0.000000 0.000000 0.000000 1.000000
2.310000000 -0.000012 0.000017 0.000000 0.000000 0.000000 0.000000 1.000000
2.343000000 -0.000013 0.000014 0.000000 0.000000 0.000000 0.000000 1.000000
2.376000000 -0.000013 0.000014 0.000000 0.000000 0.000000 0.000000 1.000000
2.409000000 -0.000013 0.000014 0.000000 0.000000 0.000000 0.000000 1.000000
2.442000000 -0.000013 0.000014 0.000000 0.000000 0.000000 0.000000 1.000000
2.475000000 -0.000019 0.000043 0.000000 0.000000 0.000000 0.000000 1.000000
2.541000000 -0.000023 0.000043 0.000000 0.000000 0.000000 0.000000 1.000000
2.574000000 -0.000022 0.000043 0.000000 0.000000 0.000000 0.000000 1.000000
2.607000000 -0.000023 0.000043 0.000000 0.000000 0.000000 0.000000 1.000000
2.640000000 -0.000021 0.000041 0.000000 0.000000 0.000000 0.000000 1.000000
2.673000000 -0.000021 0.000041 0.000000 0.000000 0.000000 0.000000 1.000000
2.706000000 -0.000021 0.000041 0.000000 0.000000 0.000000 0.000000 1.000000
2.739000000 -0.000021 0.000041 0.000000 0.000000 0.000000 0.000000 1.000000
2.772000000 -0.000021 0.000041 0.000000 0.000000 0.000000 0.000000 1.000000
2.805000000 -0.000021 0.000041 0.000000 0.000000 0.000000 0.000000 1.000000
2.838000000 -0.000024 0.000038 0.000000 0.000000 0.000000 0.000000 1.000000
2.871000000 -0.000024 0.000038 0.000000 0.000000 0.000000 0.000000 1.000000
2.904000000 -0.000062 0.000063 0.000000 0.000000 0.000000 0.000000 1.000000
2.937000000 -0.000074 0.000063 0.000000 0.000000 0.000000 0.000000 1.000000
2.970000000 -0.000086 0.000063 0.000000 0.000000 0.000000 0.000000 1.000000
3.003000000 -0.000099 0.000063 0.000000 0.000000 0.000000 0.000000 1.000000
3.069000000 -0.000123 0.000063 0.000000 0.000000 0.000000 0.000000 1.000000
3.102000000 -0.000058 0.000065 0.000000 0.000000 0.000000 0.000000 1.000000
3.135000000 -0.000055 0.000071 0.000000 0.000000 0.000000 0.000000 1.000000
3.168000000 -0.000055 0.000071 0.000000 0.000000 0.000000 0.000000 1.000000
3.201000000 -0.000054 0.000071 0.000000 0.000000 0.000000 0.000000 1.000000
3.234000000 -0.000053 0.000071 0.000000 0.000000 0.000000 0.000000 1.000000
3.267000000 -0.000065 0.000068 0.000000 0.000000 0.000000 0.000000 1.000000
3.300000000 -0.000067 0.000068 0.000000 0.000000 0.000000 0.000000 1.000000
3.366000000 -0.000061 0.000069 0.000000 0.000000 0.000000 0.000000 1.000000
3.399000000 -0.000060 0.000069 0.000000 0.000000 0.000000 0.000000 1.000000
3.432000000 -0.000060 0.000069 0.000000 0.000000 0.000000 0.000000 1.000000
3.465000000 -0.000059 0.000070 0.000000 0.000000 0.000000 0.000000 1.000000
3.498000000 -0.000058 0.000070 0.000000 0.000000 0.000000 0.000000 1.000000
3.531000000 -0.000058 0.000070 0.000000 0.000000 0.000000 0.000000 1.000000
3.564000000 -0.000057 0.000070 0.000000 0.000000 0.000000 0.000000 1.000000
3.597000000 -0.000105 0.000143 0.000000 0.000000 0.000000 0.000000 1.000000
3.630000000 -0.000116 0.000143 0.000000 0.000000 0.000000 0.000000 1.000000
3.663000000 -0.000098 0.000140 0.000000 0.000000 0.000000 0.000000 1.000000
3.696000000 -0.000099 0.000140 0.000000 0.000000 0.000000 0.000000 1.000000
3.729000000 -0.000100 0.000140 0.000000 0.000000 0.000000 0.000000 1.000000
3.762000000 -0.000100 0.000155 0.000000 0.000000 0.000000 0.000000 1.000000
3.795000000 -0.000101 0.000155 0.000000 0.000000 0.000000 0.000000 1.000000
3.828000000 -0.000102 0.000155 0.000000 0.000000 0.000000 0.000000 1.000000
3.861000000 -0.000093 0.000155 0.000000 0.000000 0.000000 0.000000 1.000000
3.894000000 -0.000091 0.000155 0.000000 0.000000 0.000000 0.000000 1.000000
3.927000000 -0.000090 0.000155 0.000000 0.000000 0.000000 0.000000 1.000000
3.960000000 -0.000094 0.000153 0.000000 0.000000 0.000000 0.000000 1.000000
3.993000000 -0.000094 0.000153 0.000000 0.000000 0.000000 0.000000 1.000000
4.026000000 -0.000094 0.000153 0.000000 0.000000 0.000000 0.000000 1.000000
4.059000000 -0.000094 0.000153 0.000000 0.000000 0.000000 0.000000 1.000000
4.092000000 -0.000094 0.000149 0.000000 0.000000 0.000000 0.000000 1.000000
4.125000000 -0.000094 0.000149 0.000000 0.000000 0.000000 0.000000 1.000000
4.158000000 -0.000094 0.000150 0.000000 0.000000 0.000000 0.000000 1.000000
4.191000000 -0.000095 0.000150 0.000000 0.000000 0.000000 0.000000 1.000000
4.224000000 -0.000095 0.000150 0.000000 0.000000 0.000000 0.000000 1.000000
4.257000000 -0.000095 0.000150 0.000000 0.000000 0.000000 0.000000 1.000000
4.290000000 -0.000092 0.000151 0.000000 0.000000 0.000000 0.000000 1.000000
4.323000000 -0.000092 0.000151 0.000000 0.000000 0.000000 0.000000 1.000000
4.356000000 -0.000134 0.000205 0.000000 0.000000 0.000000 0.000000 1.000000
4.389000000 -0.000145 0.000205 0.000000 0.000000 0.000000 0.000000 1.000000
4.422000000 -0.000155 0.000205 0.000000 0.000000 0.000000 0.000000 1.000000
4.455000000 -0.000124 0.000200 0.000000 0.000000 0.000000 0.000000 1.000000
4.488000000 -0.000124 0.000200 0.000000 0.000000 0.000000 0.000000 1.000000
4.521000000 -0.000124 0.000200 0.000000 0.000000 0.000000 0.000000 1.000000
4.554000000 -0.000130 0.000197 0.000000 0.000000 0.000000 0.000000 1.000000
4.587000000 -0.000132 0.000197 0.000000 0.000000 0.000000 0.000000 1.000000
4.620000000 -0.000133 0.000197 0.000000 0.000000 0.000000 0.000000 1.000000
4.653000000 -0.000128 0.000196 0.000000 0.000000 0.000000 0.000000 1.000000
4.686000000 -0.000128 0.000196 0.000000 0.000000 0.000000 0.000000 1.000000
4.719000000 -0.000127 0.000196 0.000000 0.000000 0.000000 0.000000 1.000000
4.752000000 -0.000123 0.000199 0.000000 0.000000 0.000000 0.000000 1.000000
4.785000000 -0.000122 0.000199 0.000000 0.000000 0.000000 0.000000 1.000000
4.818000000 -0.000121 0.000199 0.000000 0.000000 0.000000 0.000000 1.000000
4.851000000 -0.000121 0.000212 0.000000 0.000000 0.000000 0.000000 1.000000
4.884000000 -0.000120 0.000212 0.000000 0.000000 0.000000 0.000000 1.000000
4.917000000 -0.000119 0.000212 0.000000 0.000000 0.000000 0.000000 1.000000
4.950000000 -0.000154 0.000235 0.000000 0.000000 0.000000 0.000000 1.000000
4.983000000 -0.000161 0.000235 0.000000 0.000000 0.000000 0.000000 1.000000
5.016000000 -0.000169 0.000235 0.000000 0.000000 0.000000 0.000000 1.000000
5.049000000 -0.000177 0.000235 0.000000 0.000000 0.000000 0.000000 1.000000
5.082000000 -0.000145 0.000238 0.000000 0.000000 0.000000 0.000000 1.000000
5.115000000 -0.000144 0.000238 0.000000 0.000000 0.000000 0.000000 1.000000
5.148000000 -0.000137 0.000281 0.000000 0.000000 0.000000 0.000000 1.000000
5.181000000 -0.000135 0.000281 0.000000 0.000000 0.000000 0.000000 1.000000
5.214000000 -0.000133 0.000281 0.000000 0.000000 0.000000 0.000000 1.000000
5.247000000 -0.000131 0.000281 0.000000 0.000000 0.000000 0.000000 1.000000
5.280000000 -0.000138 0.000286 0.000000 0.000000 0.000000 0.000000 1.000000
5.313000000 -0.000138 0.000286 0.000000 0.000000 0.000000 0.000000 1.000000
5.346000000 -0.000142 0.000285 0.000000 0.000000 0.000000 0.000000 1.000000
5.379000000 -0.000143 0.000285 0.000000 0.000000 0.000000 0.000000 1.000000
5.412000000 -0.000143 0.000285 0.000000 0.000000 0.000000 0.000000 1.000000
5.445000000 -0.000184 0.000318 0.000000 0.000000 0.000000 0.000000 1.000000
5.478000000 -0.000195 0.000318 0.000000 0.000000 0.000000 0.000000 1.000000
5.511000000 -0.000205 0.000318 0.000000 0.000000 0.000000 0.000000 1.000000
5.544000000 -0.000170 0.000314 0.000000 0.000000 0.000000 0.000000 1.000000
5.577000000 -0.000169 0.000314 0.000000 0.000000 0.000000 0.000000 1.000000
5.610000000 -0.000168 0.000314 0.000000 0.000000 0.000000 0.000000 1.000000
5.643000000 -0.000167 0.000314 0.000000 0.000000 0.000000 0.000000 1.000000
5.676000000 -0.000171 0.000327 0.000000 0.000000 0.000000 0.000000 1.000000
5.709000000 -0.000172 0.000327 0.000000 0.000000 0.000000 0.000000 1.000000
5.742000000 -0.000172 0.000327 0.000000 0.000000 0.000000 0.000000 1.000000
5.775000000 -0.000172 0.000326 0.000000 0.000000 0.000000 0.000000 1.000000
5.808000000 -0.000172 0.000326 0.000000 0.000000 0.000000 0.000000 1.000000
5.841000000 -0.000167 0.000329 0.000000 0.000000 0.000000 0.000000 1.000000
5.874000000 -0.000166 0.000329 0.000000 0.000000 0.000000 0.000000 1.000000
5.907000000 -0.000165 0.000329 0.000000 0.000000 0.000000 0.000000 1.000000
5.940000000 -0.000172 0.000388 0.000000 0.000000 0.000000 0.000000 1.000000
5.973000000 -0.000173 0.000388 0.000000 0.000000 0.000000 0.000000 1.000000
6.006000000 -0.000174 0.000388 0.000000 0.000000 0.000000 0.000000 1.000000
6.039000000 -0.000175 0.000388 0.000000 0.000000 0.000000 0.000000 1.000000
6.072000000 -0.000207 0.000391 0.000000 0.000000 0.000000 0.000000 1.000000
6.105000000 -0.000216 0.000391 0.000000 0.000000 0.000000 0.000000 1.000000
6.138000000 -0.000202 0.000402 0.000000 0.000000 0.000000 0.000000 1.000000
6.204000000 -0.000203 0.000402 0.000000 0.000000 0.000000 0.000000 1.000000
6.237000000 -0.000204 0.000402 0.000000 0.000000 0.000000 0.000000 1.000000
6.270000000 -0.000216 0.000460 0.000000 0.000000 0.000000 0.000000 1.000000
6.303000000 -0.000243 0.000479 0.000000 0.000000 0.000000 0.000000 1.000000
6.336000000 -0.000253 0.000479 0.000000 0.000000 0.000000 0.000000 1.000000
6.369000000 -0.000263 0.000479 0.000000 0.000000 0.000000 0.000000 1.000000
6.402000000 -0.000273 0.000479 0.000000 0.000000 0.000000 0.000000 1.000000
6.435000000 -0.000270 0.000472 0.000000 0.000000 0.000000 0.000000 1.000000
6.468000000 -0.000277 0.000472 0.000000 0.000000 0.000000 0.000000 1.000000
6.501000000 -0.000284 0.000472 0.000000 0.000000 0.000000 0.000000 1.000000
6.534000000 -0.000291 0.000472 0.000000 0.000000 0.000000 0.000000 1.000000
6.567000000 -0.000298 0.000472 0.000000 0.000000 0.000000 0.000000 1.000000
6.633000000 -0.000261 0.000475 0.000000 0.000000 0.000000 0.000000 1.000000
6.699000000 -0.000263 0.000487 0.000000 0.000000 0.000000 0.000000 1.000000
6.732000000 -0.000263 0.000487 0.000000 0.000000 0.000000 0.000000 1.000000
6.765000000 -0.000278 0.000710 0.000000 0.000000 0.000000 0.000000 1.000000
6.798000000 -0.000282 0.000710 0.000000 0.000000 0.000000 0.000000 1.000000
6.831000000 -0.000286 0.000710 0.000000 0.000000 0.000000 0.000000 1.000000
6.864000000 -0.000273 0.000710 0.000000 0.000000 0.000000 0.000000 1.000000
6.897000000 -0.000273 0.000710 0.000000 0.000000 0.000000 0.000000 1.000000
6.930000000 -0.000272 0.000710 0.000000 0.000000 0.000000 0.000000 1.000000
6.963000000 -0.000295 0.000698 0.000000 0.000000 0.000000 0.000000 1.000000
6.996000000 -0.000301 0.000698 0.000000 0.000000 0.000000 0.000000 1.000000
7.029000000 -0.000306 0.000698 0.000000 0.000000 0.000000 0.000000 1.000000
7.062000000 -0.000312 0.000698 0.000000 0.000000 0.000000 0.000000 1.000000
7.095000000 -0.000289 0.000698 0.000000 0.000000 0.000000 0.000000 1.000000
7.128000000 -0.000289 0.000698 0.000000 0.000000 0.000000 0.000000 1.000000
7.161000000 -0.000345 0.000784 0.000000 0.000000 0.000000 0.000000 1.000000
7.194000000 -0.000359 0.000784 0.000000 0.000000 0.000000 0.000000 1.000000
7.227000000 -0.000373 0.000784 0.000000 0.000000 0.000000 0.000000 1.000000
7.260000000 -0.000335 0.000793 0.000000 0.000000 0.000000 0.000000 1.000000
7.293000000 -0.000336 0.000793 0.000000 0.000000 0.000000 0.000000 1.000000
7.326000000 -0.000332 0.000794 0.000000 0.000000 0.000000 0.000000 1.000000
7.359000000 -0.000331 0.000794 0.000000 0.000000 0.000000 0.000000 1.000000
7.392000000 -0.000330 0.000794 0.000000 0.000000 0.000000 0.000000 1.000000
7.425000000 -0.000330 0.000794 0.000000 0.000000 0.000000 0.000000 1.000000
7.458000000 -0.000351 0.000857 0.000000 0.000000 0.000000 0.000000 1.000000
7.491000000 -0.000355 0.000857 0.000000 0.000000 0.000000 0.000000 1.000000
7.524000000 -0.000360 0.000857 0.000000 0.000000 0.000000 0.000000 1.000000
7.557000000 -0.000336 0.000917 0.000000 0.000000 0.000000 0.000000 1.000000
7.590000000 -0.000333 0.000917 0.000000 0.000000 0.000000 0.000000 1.000000
7.623000000 -0.000331 0.000917 0.000000 0.000000 0.000000 0.000000 1.000000
7.656000000 -0.000353 0.001043 0.000000 0.000000 0.000000 0.000000 1.000000
7.689000000 -0.000356 0.001043 0.000000 0.000000 0.000000 0.000000 1.000000
7.722000000 -0.000360 0.001043 0.000000 0.000000 0.000000 0.000000 1.000000
7.755000000 -0.000393 0.001066 0.000000 0.000000 0.000000 0.000000 1.000000
7.788000000 -0.000404 0.001066 0.000000 0.000000 0.000000 0.000000 1.000000
7.821000000 -0.000415 0.001066 0.000000 0.000000 0.000000 0.000000 1.000000
7.854000000 -0.000392 0.001093 0.000000 0.000000 0.000000 0.000000 1.000000
7.887000000 -0.000394 0.001093 0.000000 0.000000 0.000000 0.000000 1.000000
7.920000000 -0.000397 0.001093 0.000000 0.000000 0.000000 0.000000 1.000000
7.953000000 -0.000409 0.001090 0.000000 0.000000 0.000000 0.000000 1.000000
7.986000000 -0.000413 0.001090 0.000000 0.000000 0.000000 0.000000 1.000000
8.019000000 -0.000418 0.001090 0.000000 0.000000 0.000000 0.000000 1.000000
8.052000000 -0.000423 0.001090 0.000000 0.000000 0.000000 0.000000 1.000000
8.085000000 -0.000433 0.001168 0.000000 0.000000 0.000000 0.000000 1.000000
8.118000000 -0.000440 0.001168 0.000000 0.000000 0.000000 0.000000 1.000000
8.151000000 -0.000437 0.001195 0.000000 0.000000 0.000000 0.000000 1.000000
8.184000000 -0.000440 0.001195 0.000000 0.000000 0.000000 0.000000 1.000000
8.217000000 -0.000424 0.001340 0.000000 0.000000 0.000000 0.000000 1.000000
8.250000000 -0.000421 0.001340 0.000000 0.000000 0.000000 0.000000 1.000000
8.283000000 -0.000419 0.001340 0.000000 0.000000 0.000000 0.000000 1.000000
8.316000000 -0.000416 0.001340 0.000000 0.000000 0.000000 0.000000 1.000000
8.349000000 -0.000413 0.001340 0.000000 0.000000 0.000000 0.000000 1.000000
8.382000000 -0.000424 0.001340 0.000000 0.000000 0.000000 0.000000 1.000000
8.415000000 -0.000424 0.001340 0.000000 0.000000 0.000000 0.000000 1.000000
8.448000000 -0.000497 0.001467 0.000000 0.000000 0.000000 0.000000 1.000000
8.481000000 -0.000515 0.001467 0.000000 0.000000 0.000000 0.000001 1.000000
8.514000000 -0.000533 0.001467 0.000000 0.000000 0.000000 0.000001 1.000000
8.547000000 -0.000551 0.001467 0.000000 0.000000 0.000000 0.000001 1.000000
8.580000000 -0.000472 0.001206 0.000000 0.000000 0.000000 0.000001 1.000000
8.613000000 -0.000470 0.001206 0.000000 0.000000 0.000000 0.000001 1.000000
8.646000000 -0.000539 0.001211 0.000000 0.000000 0.000000 0.000001 1.000000
8.679000000 -0.000555 0.001211 0.000000 0.000000 0.000000 0.000001 1.000000
8.712000000 -0.000572 0.001211 0.000000 0.000000 0.000000 0.000001 1.000000
8.745000000 -0.000946 0.001384 0.000000 0.000000 0.000000 0.000001 1.000000
8.778000000 -0.001052 0.001384 0.000000 0.000000 0.000000 0.000001 1.000000
8.811000000 -0.001157 0.001384 0.000000 0.000000 0.000000 0.000001 1.000000
8.844000000 -0.001262 0.001384 0.000000 0.000000 0.000000 0.000002 1.000000
8.877000000 -0.005479 0.001103 0.000000 0.000000 0.000000 0.000003 1.000000
8.910000000 -0.006632 0.001103 0.000000 0.000000 0.000000 0.000004 1.000000
8.943000000 -0.007787 0.001103 0.000000 0.000000 0.000000 0.000007 1.000000
8.976000000 -0.013806 0.000626 0.000000 0.000000 0.000000 0.000010 1.000000
9.009000000 -0.016165 0.000625 0.000000 0.000000 0.000000 0.000015 1.000000
9.042000000 -0.025874 -0.000179 0.000000 0.000000 0.000000 0.000021 1.000000
9.075000000 -0.029467 -0.000179 0.000000 0.000000 0.000000 0.000029 1.000000
9.108000000 -0.033069 -0.000179 0.000000 0.000000 0.000000 0.000039 1.000000
9.141000000 -0.041321 -0.001298 0.000000 0.000000 0.000000 0.000052 1.000000
9.174000000 -0.046064 -0.001298 0.000000 0.000000 0.000000 0.000068 1.000000
9.207000000 -0.050823 -0.001299 0.000000 0.000000 0.000000 0.000087 1.000000
9.240000000 -0.055598 -0.001300 0.000000 0.000000 0.000000 0.000109 1.000000
9.273000000 -0.060432 -0.002542 0.000000 0.000000 0.000000 0.000136 1.000000
9.306000000 -0.066379 -0.002543 0.000000 0.000000 0.000000 0.000168 1.000000
9.339000000 -0.072349 -0.002545 0.000000 0.000000 0.000000 0.000205 1.000000
9.372000000 -0.083054 -0.003775 0.000000 0.000000 0.000000 0.000248 1.000000
9.405000000 -0.090180 -0.003778 0.000000 0.000000 0.000000 0.000298 1.000000
9.438000000 -0.097338 -0.003783 0.000000 0.000000 0.000000 0.000354 1.000000
9.471000000 -0.108929 -0.004784 0.000000 0.000000 0.000000 0.000418 1.000000
9.504000000 -0.117165 -0.004791 0.000000 0.000000 0.000000 0.000491 1.000000
9.537000000 -0.137911 -0.005048 0.000000 0.000000 0.000000 0.000573 1.000000
9.570000000 -0.147204 -0.005059 0.000000 0.000000 0.000000 0.000665 1.000000
9.603000000 -0.156547 -0.005071 0.000000 0.000000 0.000000 0.000767 1.000000
9.636000000 -0.169607 -0.004216 0.000000 0.000000 0.000000 0.000881 1.000000
9.669000000 -0.179844 -0.004234 0.000000 0.000000 0.000000 0.001008 0.999999
9.702000000 -0.190140 -0.004254 0.000000 0.000000 0.000000 0.001147 0.999999
9.735000000 -0.200494 -0.004278 0.000000 0.000000 0.000000 0.001300 0.999999
9.768000000 -0.203782 -0.002236 0.000000 0.000000 0.000000 0.001468 0.999999
9.801000000 -0.214876 -0.002269 0.000000 0.000000 0.000000 0.001650 0.999999
9.834000000 -0.226036 -0.002306 0.000000 0.000000 0.000000 0.001849 0.999998
9.867000000 -0.240370 0.000134 0.000000 0.000000 0.000000 0.002063 0.999998
9.933000000 -0.264269 0.000030 0.000000 0.000000 0.000000 0.002544 0.999997
9.966000000 -0.279585 0.002670 0.000000 0.000000 0.000000 0.002812 0.999996
9.999000000 -0.292363 0.002599 0.000000 0.000000 0.000000 0.003098 0.999995
10.032000000 -0.305221 0.002519 0.000000 0.000000 0.000000 0.003404 0.999994
10.065000000 -0.318160 0.002431 0.000000 0.000000 0.000000 0.003730 0.999993
10.098000000 -0.321986 0.004275 0.000000 0.000000 0.000000 0.004077 0.999992
10.131000000 -0.335655 0.004180 0.000000 0.000000 0.000000 0.004445 0.999990
10.164000000 -0.367913 0.005502 0.000000 0.000000 0.000000 0.004832 0.999988
10.197000000 -0.382695 0.005376 0.000000 0.000000 0.000000 0.005239 0.999986
10.230000000 -0.397475 0.005247 0.000000 0.000000 0.000000 0.005664 0.999984
10.263000000 -0.412255 0.005116 0.000000 0.000000 0.000000 0.006108 0.999981
10.296000000 -0.414472 0.006471 0.000000 0.000000 0.000000 0.006570 0.999978
10.329000000 -0.429687 0.006285 0.000000 0.000000 0.000000 0.007048 0.999975
10.362000000 -0.460708 0.007481 0.000000 0.000000 0.000000 0.007543 0.999972
10.395000000 -0.475949 0.007264 0.000000 0.000000 0.000000 0.008053 0.999968
10.428000000 -0.491188 0.007041 0.000000 0.000000 0.000000 0.008579 0.999963
10.461000000 -0.507224 0.008090 0.000000 0.000000 0.000000 0.009120 0.999958
10.494000000 -0.522541 0.007822 0.000000 0.000000 0.000000 0.009675 0.999953
10.527000000 -0.537856 0.007545 0.000000 0.000000 0.000000 0.010243 0.999948
10.560000000 -0.553502 0.008479 0.000000 0.000000 0.000000 0.010825 0.999941
10.593000000 -0.568778 0.008159 0.000000 0.000000 0.000000 0.011420 0.999935
10.626000000 -0.584052 0.007827 0.000000 0.000000 0.000000 0.012026 0.999928
10.659000000 -0.599563 0.008978 0.000000 0.000000 0.000000 0.012644 0.999920
10.692000000 -0.614772 0.008602 0.000000 0.000000 0.000000 0.013274 0.999912
10.725000000 -0.629979 0.008214 0.000000 0.000000 0.000000 0.013914 0.999903
10.758000000 -0.645680 0.009786 0.000000 0.000000 0.000000 0.014564 0.999894
10.791000000 -0.660882 0.009351 0.000000 0.000000 0.000000 0.015224 0.999884
10.824000000 -0.676082 0.008902 0.000000 0.000000 0.000000 0.015893 0.999874
10.857000000 -0.691692 0.010448 0.000000 0.000000 0.000000 0.016572 0.999863
10.890000000 -0.706864 0.009952 0.000000 0.000000 0.000000 0.017259 0.999851
10.923000000 -0.722034 0.009440 0.000000 0.000000 0.000000 0.017953 0.999839
10.956000000 -0.737905 0.011018 0.000000 0.000000 0.000000 0.018656 0.999826
10.989000000 -0.753116 0.010457 0.000000 0.000000 0.000000 0.019366 0.999812
11.022000000 -0.768326 0.009877 0.000000 0.000000 0.000000 0.020082 0.999798
11.055000000 -0.783891 0.011646 0.000000 0.000000 0.000000 0.020805 0.999784
11.088000000 -0.799051 0.011020 0.000000 0.000000 0.000000 0.021534 0.999768
11.121000000 -0.814210 0.010375 0.000000 0.000000 0.000000 0.022269 0.999752
11.154000000 -0.830406 0.011857 0.000000 0.000000 0.000000 0.023009 0.999735
11.187000000 -0.845684 0.011157 0.000000 0.000000 0.000000 0.023754 0.999718
11.220000000 -0.860961 0.010438 0.000000 0.000000 0.000000 0.024504 0.999700
11.253000000 -0.876847 0.011513 0.000000 0.000000 0.000000 0.025258 0.999681
11.286000000 -0.892138 0.010743 0.000000 0.000000 0.000000 0.026016 0.999662
11.319000000 -0.907426 0.009953 0.000000 0.000000 0.000000 0.026778 0.999641
11.352000000 -0.922681 0.011937 0.000000 0.000000 0.000000 0.027543 0.999621
11.385000000 -0.937810 0.011105 0.000000 0.000000 0.000000 0.028311 0.999599
11.418000000 -0.952937 0.010252 0.000000 0.000000 0.000000 0.029081 0.999577
11.451000000 -0.968063 0.009376 0.000000 0.000000 0.000000 0.029854 0.999554
11.484000000 -0.968525 0.012484 0.000000 0.000000 0.000000 0.030629 0.999531
11.517000000 -0.983608 0.011560 0.000000 0.000000 0.000000 0.031406 0.999507
11.550000000 -1.014853 0.012633 0.000000 0.000000 0.000000 0.032185 0.999482
11.583000000 -1.030045 0.011654 0.000000 0.000000 0.000000 0.032964 0.999457
11.616000000 -1.045235 0.010653 0.000000 0.000000 0.000000 0.033745 0.999430
11.649000000 -1.061360 0.012592 0.000000 0.000000 0.000000 0.034526 0.999404
11.682000000 -1.076618 0.011537 0.000000 0.000000 0.000000 0.035308 0.999376
11.715000000 -1.091875 0.010459 0.000000 0.000000 0.000000 0.036091 0.999349
11.748000000 -1.107741 0.012586 0.000000 0.000000 0.000000 0.036873 0.999320
11.781000000 -1.122977 0.011460 0.000000 0.000000 0.000000 0.037655 0.999291
11.814000000 -1.138212 0.010310 0.000000 0.000000 0.000000 0.038436 0.999261
11.847000000 -1.153929 0.012849 0.000000 0.000000 0.000000 0.039217 0.999231
11.880000000 -1.169099 0.011656 0.000000 0.000000 0.000000 0.039997 0.999200
11.913000000 -1.191349 0.013586 0.000000 0.000000 0.000000 0.040776 0.999168
11.946000000 -1.206622 0.012337 0.000000 0.000000 0.000000 0.041553 0.999136
11.979000000 -1.221893 0.011063 0.000000 0.000000 0.000000 0.042329 0.999104
12.012000000 -1.237162 0.009765 0.000000 0.000000 0.000000 0.043103 0.999071
12.045000000 -1.252429 0.008442 0.000000 0.000000 0.000000 0.043875 0.999037
12.078000000 -1.246653 0.013406 0.000000 0.000000 0.000000 0.044645 0.999003
12.111000000 -1.282609 0.015094 0.000000 0.000000 0.000000 0.045413 0.998968
12.144000000 -1.297667 0.013721 0.000000 0.000000 0.000000 0.046178 0.998933
12.177000000 -1.312723 0.012324 0.000000 0.000000 0.000000 0.046940 0.998898
12.210000000 -1.328248 0.016376 0.000000 0.000000 0.000000 0.047700 0.998862
12.243000000 -1.343294 0.014934 0.000000 0.000000 0.000000 0.048457 0.998825
12.276000000 -1.358337 0.013469 0.000000 0.000000 0.000000 0.049211 0.998788
12.309000000 -1.373378 0.011978 0.000000 0.000000 0.000000 0.049961 0.998751
12.342000000 -1.388417 0.010463 0.000000 0.000000 0.000000 0.050708 0.998714
12.375000000 -1.385183 0.015886 0.000000 0.000000 0.000000 0.051451 0.998676
12.408000000 -1.400314 0.014320 0.000000 0.000000 0.000000 0.052191 0.998637
12.441000000 -1.431570 0.016406 0.000000 0.000000 0.000000 0.052927 0.998598
12.474000000 -1.446700 0.014794 0.000000 0.000000 0.000000 0.053659 0.998559
12.507000000 -1.461827 0.013159 0.000000 0.000000 0.000000 0.054386 0.998520
12.540000000 -1.478005 0.016768 0.000000 0.000000 0.000000 0.055110 0.998480
12.573000000 -1.493139 0.015088 0.000000 0.000000 0.000000 0.055829 0.998440
12.606000000 -1.508270 0.013385 0.000000 0.000000 0.000000 0.056544 0.998400
12.639000000 -1.524276 0.017313 0.000000 0.000000 0.000000 0.057254 0.998360
12.672000000 -1.539355 0.015574 0.000000 0.000000 0.000000 0.057960 0.998319
12.705000000 -1.554431 0.013812 0.000000 0.000000 0.000000 0.058661 0.998278
12.738000000 -1.569505 0.012025 0.000000 0.000000 0.000000 0.059359 0.998237
12.771000000 -1.570936 0.018439 0.000000 0.000000 0.000000 0.060054 0.998195
12.804000000 -1.586066 0.016608 0.000000 0.000000 0.000000 0.060746 0.998153
12.837000000 -1.621783 0.018825 0.000000 0.000000 0.000000 0.061437 0.998111
12.870000000 -1.637964 0.016821 0.000000 0.000000 0.000000 0.062125 0.998068
12.903000000 -1.654144 0.014793 0.000000 0.000000 0.000000 0.062813 0.998025
12.936000000 -1.675937 0.018413 0.000000 0.000000 0.000000 0.063501 0.997982
12.969000000 -1.693199 0.016203 0.000000 0.000000 0.000000 0.064188 0.997938
13.002000000 -1.710463 0.013967 0.000000 0.000000 0.000000 0.064877 0.997893
13.035000000 -1.734128 0.017079 0.000000 0.000000 0.000000 0.065566 0.997848
13.068000000 -1.752665 0.014629 0.000000 0.000000 0.000000 0.066258 0.997803
13.101000000 -1.771208 0.012149 0.000000 0.000000 0.000000 0.066952 0.997756
13.134000000 -1.795561 0.015080 0.000000 0.000000 0.000000 0.067648 0.997709
13.167000000 -1.815218 0.012399 0.000000 0.000000 0.000000 0.068348 0.997662
13.233000000 -1.854565 0.006939 0.000000 0.000000 0.000000 0.069760 0.997564
13.266000000 -1.874255 0.004161 0.000000 0.000000 0.000000 0.070472 0.997514
13.299000000 -1.860179 0.012643 0.000000 0.000000 0.000000 0.071190 0.997463
13.332000000 -1.880887 0.009668 0.000000 0.000000 0.000000 0.071914 0.997411
13.365000000 -1.928190 0.009682 0.000000 0.000000 0.000000 0.072644 0.997358
13.398000000 -1.950001 0.006484 0.000000 0.000000 0.000000 0.073380 0.997304
13.431000000 -1.971838 0.003248 0.000000 0.000000 0.000000 0.074123 0.997249
13.464000000 -1.999467 0.006247 0.000000 0.000000 0.000000 0.074874 0.997193
13.497000000 -2.022352 0.002788 0.000000 0.000000 0.000000 0.075632 0.997136
13.530000000 -2.045271 -0.000714 0.000000 0.000000 0.000000 0.076398 0.997077
13.563000000 -2.074607 0.002295 0.000000 0.000000 0.000000 0.077172 0.997018
13.596000000 -2.098707 -0.001461 0.000000 0.000000 0.000000 0.077955 0.996957
13.629000000 -2.122850 -0.005266 0.000000 0.000000 0.000000 0.078747 0.996895
13.662000000 -2.152512 -0.001932 0.000000 0.000000 0.000000 0.079548 0.996831
13.695000000 -2.177580 -0.005961 0.000000 0.000000 0.000000 0.080358 0.996766
13.728000000 -2.202699 -0.010043 0.000000 0.000000 0.000000 0.081178 0.996700
13.761000000 -2.233943 -0.006856 0.000000 0.000000 0.000000 0.082007 0.996632
13.794000000 -2.260119 -0.011196 0.000000 0.000000 0.000000 0.082846 0.996562
13.827000000 -2.286356 -0.015593 0.000000 0.000000 0.000000 0.083695 0.996491
13.860000000 -2.312655 -0.020049 0.000000 0.000000 0.000000 0.084554 0.996419
13.893000000 -2.318746 -0.011818 0.000000 0.000000 0.000000 0.085423 0.996345
13.926000000 -2.345987 -0.016526 0.000000 0.000000 0.000000 0.086302 0.996269
13.959000000 -2.406819 -0.017103 0.000000 0.000000 0.000000 0.087191 0.996192
13.992000000 -2.435120 -0.022098 0.000000 0.000000 0.000000 0.088090 0.996112
14.025000000 -2.463504 -0.027162 0.000000 0.000000 0.000000 0.089000 0.996032
14.058000000 -2.498137 -0.022358 0.000000 0.000000 0.000000 0.089919 0.995949
14.091000000 -2.527456 -0.027698 0.000000 0.000000 0.000000 0.090848 0.995865
14.124000000 -2.556866 -0.033113 0.000000 0.000000 0.000000 0.091787 0.995779
14.157000000 -2.592732 -0.027762 0.000000 0.000000 0.000000 0.092735 0.995691
14.190000000 -2.623071 -0.033465 0.000000 0.000000 0.000000 0.093693 0.995601
14.223000000 -2.653510 -0.039249 0.000000 0.000000 0.000000 0.094660 0.995510
14.256000000 -2.690645 -0.033309 0.000000 0.000000 0.000000 0.095636 0.995416
14.289000000 -2.722007 -0.039393 0.000000 0.000000 0.000000 0.096621 0.995321
14.322000000 -2.753480 -0.045565 0.000000 0.000000 0.000000 0.097615 0.995224
14.355000000 -2.785063 -0.051826 0.000000 0.000000 0.000000 0.098616 0.995126
14.388000000 -2.791876 -0.039223 0.000000 0.000000 0.000000 0.099626 0.995025
14.421000000 -2.824250 -0.045774 0.000000 0.000000 0.000000 0.100644 0.994923
14.454000000 -2.896418 -0.045399 0.000000 0.000000 0.000000 0.101668 0.994818
14.487000000 -2.929827 -0.052301 0.000000 0.000000 0.000000 0.102700 0.994712
14.520000000 -2.963366 -0.059304 0.000000 0.000000 0.000000 0.103738 0.994605
14.553000000 -3.004209 -0.051976 0.000000 0.000000 0.000000 0.104783 0.994495
14.586000000 -3.038618 -0.059310 0.000000 0.000000 0.000000 0.105833 0.994384
14.619000000 -3.073165 -0.066751 0.000000 0.000000 0.000000 0.106889 0.994271
14.652000000 -3.115326 -0.059094 0.000000 0.000000 0.000000 0.107950 0.994156
14.685000000 -3.150749 -0.066880 0.000000 0.000000 0.000000 0.109016 0.994040
14.718000000 -3.186320 -0.074779 0.000000 0.000000 0.000000 0.110085 0.993922
14.751000000 -3.222037 -0.082792 0.000000 0.000000 0.000000 0.111159 0.993803
14.784000000 -3.229457 -0.067005 0.000000 0.000000 0.000000 0.112235 0.993682
14.817000000 -3.265809 -0.075324 0.000000 0.000000 0.000000 0.113315 0.993559
14.850000000 -3.347070 -0.075514 0.000000 0.000000 0.000000 0.114396 0.993435
14.883000000 -3.384475 -0.084246 0.000000 0.000000 0.000000 0.115480 0.993310
14.916000000 -3.422043 -0.093102 0.000000 0.000000 0.000000 0.116565 0.993183
14.949000000 -3.467885 -0.084784 0.000000 0.000000 0.000000 0.117651 0.993055
14.982000000 -3.506276 -0.094011 0.000000 0.000000 0.000000 0.118738 0.992926
15.015000000 -3.544838 -0.103369 0.000000 0.000000 0.000000 0.119824 0.992795
15.048000000 -3.591760 -0.094754 0.000000 0.000000 0.000000 0.120910 0.992663
15.081000000 -3.631083 -0.104479 0.000000 0.000000 0.000000 0.121996 0.992531
15.114000000 -3.695755 -0.100012 0.000000 0.000000 0.000000 0.123079 0.992397
15.147000000 -3.735965 -0.110142 0.000000 0.000000 0.000000 0.124161 0.992262
15.180000000 -3.776360 -0.120413 0.000000 0.000000 0.000000 0.125241 0.992126
15.213000000 -3.816941 -0.130825 0.000000 0.000000 0.000000 0.126318 0.991990
15.246000000 -3.849314 -0.117664 0.000000 0.000000 0.000000 0.127392 0.991852
15.279000000 -3.890603 -0.128448 0.000000 0.000000 0.000000 0.128462 0.991714
15.312000000 -3.932081 -0.139378 0.000000 0.000000 0.000000 0.129528 0.991576
15.345000000 -3.973749 -0.150453 0.000000 0.000000 0.000000 0.130590 0.991436
15.378000000 -3.982888 -0.130325 0.000000 0.000000 0.000000 0.131647 0.991297
15.411000000 -4.025090 -0.141735 0.000000 0.000000 0.000000 0.132699 0.991156
15.444000000 -4.119836 -0.143958 0.000000 0.000000 0.000000 0.133746 0.991016
15.477000000 -4.163062 -0.155841 0.000000 0.000000 0.000000 0.134786 0.990875
15.510000000 -4.206490 -0.167878 0.000000 0.000000 0.000000 0.135821 0.990733
15.543000000 -4.250119 -0.180070 0.000000 0.000000 0.000000 0.136848 0.990592
15.576000000 -4.259691 -0.158268 0.000000 0.000000 0.000000 0.137870 0.990450
15.609000000 -4.303756 -0.170778 0.000000 0.000000 0.000000 0.138884 0.990309
15.642000000 -4.403133 -0.173738 0.000000 0.000000 0.000000 0.139890 0.990167
15.675000000 -4.448262 -0.186748 0.000000 0.000000 0.000000 0.140889 0.990025
15.708000000 -4.493604 -0.199919 0.000000 0.000000 0.000000 0.141880 0.989884
15.741000000 -4.549322 -0.190284 0.000000 0.000000 0.000000 0.142859 0.989743
15.774000000 -4.595314 -0.203842 0.000000 0.000000 0.000000 0.143827 0.989603
15.807000000 -4.641522 -0.217563 0.000000 0.000000 0.000000 0.144779 0.989464
15.840000000 -4.687947 -0.231444 0.000000 0.000000 0.000000 0.145715 0.989327
15.873000000 -4.695249 -0.206558 0.000000 0.000000 0.000000 0.146634 0.989191
15.906000000 -4.741231 -0.220496 0.000000 0.000000 0.000000 0.147534 0.989057
15.939000000 -4.841119 -0.222832 0.000000 0.000000 0.000000 0.148414 0.988925
15.972000000 -4.887019 -0.236926 0.000000 0.000000 0.000000 0.149273 0.988796
16.005000000 -4.933111 -0.251165 0.000000 0.000000 0.000000 0.150110 0.988669
16.038000000 -4.986838 -0.239272 0.000000 0.000000 0.000000 0.150924 0.988545
16.071000000 -5.032583 -0.253572 0.000000 0.000000 0.000000 0.151715 0.988424
16.104000000 -5.078508 -0.268008 0.000000 0.000000 0.000000 0.152482 0.988306
16.137000000 -5.132684 -0.256123 0.000000 0.000000 0.000000 0.153226 0.988191
16.170000000 -5.178354 -0.270634 0.000000 0.000000 0.000000 0.153944 0.988080
16.203000000 -5.224193 -0.285270 0.000000 0.000000 0.000000 0.154639 0.987971
16.236000000 -5.278432 -0.273243 0.000000 0.000000 0.000000 0.155308 0.987866
16.269000000 -5.323991 -0.287930 0.000000 0.000000 0.000000 0.155953 0.987764
16.302000000 -5.369709 -0.302733 0.000000 0.000000 0.000000 0.156573 0.987666
16.335000000 -5.424201 -0.290557 0.000000 0.000000 0.000000 0.157169 0.987572
16.368000000 -5.469670 -0.305404 0.000000 0.000000 0.000000 0.157740 0.987481
16.401000000 -5.515290 -0.320358 0.000000 0.000000 0.000000 0.158287 0.987393
16.434000000 -5.570175 -0.308355 0.000000 0.000000 0.000000 0.158810 0.987309
16.467000000 -5.615632 -0.323366 0.000000 0.000000 0.000000 0.159310 0.987229
16.533000000 -5.706976 -0.353676 0.000000 0.000000 0.000000 0.160240 0.987078
16.566000000 -5.716304 -0.326298 0.000000 0.000000 0.000000 0.160671 0.987008
16.599000000 -5.761720 -0.341484 0.000000 0.000000 0.000000 0.161081 0.986941
16.632000000 -5.807269 -0.356757 0.000000 0.000000 0.000000 0.161469 0.986878
16.665000000 -5.852953 -0.372113 0.000000 0.000000 0.000000 0.161836 0.986818
16.698000000 -5.898772 -0.387551 0.000000 0.000000 0.000000 0.162183 0.986761
16.731000000 -6.006068 -0.361755 0.000000 0.000000 0.000000 0.162510 0.986707
16.764000000 -6.051410 -0.377105 0.000000 0.000000 0.000000 0.162818 0.986656
16.797000000 -6.096873 -0.392527 0.000000 0.000000 0.000000 0.163107 0.986608
16.830000000 -6.142460 -0.408019 0.000000 0.000000 0.000000 0.163379 0.986563
16.863000000 -6.155333 -0.381213 0.000000 0.000000 0.000000 0.163633 0.986521
16.896000000 -6.200706 -0.396689 0.000000 0.000000 0.000000 0.163870 0.986482
16.929000000 -6.246195 -0.412227 0.000000 0.000000 0.000000 0.164091 0.986445
16.962000000 -6.301774 -0.399950 0.000000 0.000000 0.000000 0.164296 0.986411
16.995000000 -6.347118 -0.415483 0.000000 0.000000 0.000000 0.164486 0.986379
17.028000000 -6.392571 -0.431073 0.000000 0.000000 0.000000 0.164662 0.986350
17.061000000 -6.438134 -0.446716 0.000000 0.000000 0.000000 0.164824 0.986323
17.094000000 -6.448170 -0.418663 0.000000 0.000000 0.000000 0.164973 0.986298
17.127000000 -6.493310 -0.434209 0.000000 0.000000 0.000000 0.165110 0.986275
17.160000000 -6.538445 -0.449775 0.000000 0.000000 0.000000 0.165234 0.986254
17.193000000 -6.594552 -0.437531 0.000000 0.000000 0.000000 0.165347 0.986236
17.226000000 -6.639662 -0.453104 0.000000 0.000000 0.000000 0.165448 0.986218
17.259000000 -6.740983 -0.456251 0.000000 0.000000 0.000000 0.165540 0.986203
17.292000000 -6.786076 -0.471837 0.000000 0.000000 0.000000 0.165621 0.986189
17.325000000 -6.831165 -0.487436 0.000000 0.000000 0.000000 0.165693 0.986177
17.358000000 -6.887231 -0.474992 0.000000 0.000000 0.000000 0.165756 0.986167
17.391000000 -6.932271 -0.490580 0.000000 0.000000 0.000000 0.165811 0.986158
17.424000000 -6.977307 -0.506178 0.000000 0.000000 0.000000 0.165858 0.986150
17.457000000 -7.033744 -0.493626 0.000000 0.000000 0.000000 0.165898 0.986143
17.490000000 -7.078814 -0.509238 0.000000 0.000000 0.000000 0.165930 0.986137
17.523000000 -7.123883 -0.524857 0.000000 0.000000 0.000000 0.165956 0.986133
17.556000000 -7.179920 -0.512098 0.000000 0.000000 0.000000 0.165976 0.986130
17.589000000 -7.224907 -0.527688 0.000000 0.000000 0.000000 0.165990 0.986127
17.622000000 -7.269893 -0.543283 0.000000 0.000000 0.000000 0.165999 0.986126
17.655000000 -7.326119 -0.530836 0.000000 0.000000 0.000000 0.166003 0.986125
17.688000000 -7.371110 -0.546430 0.000000 0.000000 0.000000 0.166002 0.986125
17.721000000 -7.416102 -0.562026 0.000000 0.000000 0.000000 0.165998 0.986126
17.754000000 -7.472380 -0.549507 0.000000 0.000000 0.000000 0.165989 0.986128
17.787000000 -7.517380 -0.565101 0.000000 0.000000 0.000000 0.165976 0.986130
17.820000000 -7.562380 -0.580696 0.000000 0.000000 0.000000 0.165961 0.986132
17.853000000 -7.618790 -0.567941 0.000000 0.000000 0.000000 0.165942 0.986135
17.886000000 -7.663808 -0.583536 0.000000 0.000000 0.000000 0.165921 0.986139
17.919000000 -7.708827 -0.599130 0.000000 0.000000 0.000000 0.165897 0.986143
17.952000000 -7.764599 -0.586543 0.000000 0.000000 0.000000 0.165871 0.986147
17.985000000 -7.809503 -0.602090 0.000000 0.000000 0.000000 0.165843 0.986152
18.018000000 -7.854408 -0.617636 0.000000 0.000000 0.000000 0.165814 0.986157
18.051000000 -7.910607 -0.605066 0.000000 0.000000 0.000000 0.165782 0.986162
18.084000000 -7.955526 -0.620609 0.000000 0.000000 0.000000 0.165750 0.986168
18.117000000 -8.000447 -0.636150 0.000000 0.000000 0.000000 0.165716 0.986173
18.150000000 -8.045368 -0.651688 0.000000 0.000000 0.000000 0.165682 0.986179
18.183000000 -8.056558 -0.623826 0.000000 0.000000 0.000000 0.165647 0.986185
18.216000000 -8.101490 -0.639359 0.000000 0.000000 0.000000 0.165611 0.986191
18.249000000 -8.202492 -0.642520 0.000000 0.000000 0.000000 0.165574 0.986197
18.282000000 -8.247421 -0.658045 0.000000 0.000000 0.000000 0.165538 0.986203
18.315000000 -8.292352 -0.673566 0.000000 0.000000 0.000000 0.165501 0.986210
18.348000000 -8.348276 -0.661082 0.000000 0.000000 0.000000 0.165464 0.986216
18.381000000 -8.393167 -0.676582 0.000000 0.000000 0.000000 0.165427 0.986222
18.414000000 -8.468249 -0.671023 0.000000 0.000000 0.000000 0.165390 0.986228
18.447000000 -8.513166 -0.686524 0.000000 0.000000 0.000000 0.165354 0.986234
18.480000000 -8.558086 -0.702022 0.000000 0.000000 0.000000 0.165317 0.986240
18.513000000 -8.603006 -0.717516 0.000000 0.000000 0.000000 0.165281 0.986246
18.546000000 -8.639720 -0.698513 0.000000 0.000000 0.000000 0.165246 0.986252
18.579000000 -8.684576 -0.713978 0.000000 0.000000 0.000000 0.165211 0.986258
18.612000000 -8.729433 -0.729439 0.000000 0.000000 0.000000 0.165177 0.986264
18.645000000 -8.785333 -0.717289 0.000000 0.000000 0.000000 0.165143 0.986270
18.678000000 -8.830194 -0.732745 0.000000 0.000000 0.000000 0.165110 0.986275
18.711000000 -8.875057 -0.748198 0.000000 0.000000 0.000000 0.165078 0.986281
18.744000000 -8.919920 -0.763647 0.000000 0.000000 0.000000 0.165046 0.986286
18.777000000 -8.931019 -0.735924 0.000000 0.000000 0.000000 0.165015 0.986291
18.810000000 -8.975893 -0.751372 0.000000 0.000000 0.000000 0.164985 0.986296
18.843000000 -9.076620 -0.754827 0.000000 0.000000 0.000000 0.164956 0.986301
18.876000000 -9.121502 -0.770271 0.000000 0.000000 0.000000 0.164928 0.986306
18.909000000 -9.166384 -0.785712 0.000000 0.000000 0.000000 0.164900 0.986310
18.942000000 -9.222146 -0.773429 0.000000 0.000000 0.000000 0.164874 0.986315
18.975000000 -9.266995 -0.788853 0.000000 0.000000 0.000000 0.164848 0.986319
19.008000000 -9.311844 -0.804274 0.000000 0.000000 0.000000 0.164823 0.986323
19.041000000 -9.367554 -0.792291 0.000000 0.000000 0.000000 0.164799 0.986327
19.074000000 -9.412392 -0.807704 0.000000 0.000000 0.000000 0.164776 0.986331
19.107000000 -9.457231 -0.823114 0.000000 0.000000 0.000000 0.164754 0.986335
19.140000000 -9.512852 -0.811020 0.000000 0.000000 0.000000 0.164733 0.986338
19.173000000 -9.557657 -0.826415 0.000000 0.000000 0.000000 0.164713 0.986342
19.206000000 -9.602463 -0.841807 0.000000 0.000000 0.000000 0.164693 0.986345
19.239000000 -9.658304 -0.829765 0.000000 0.000000 0.000000 0.164674 0.986348
19.272000000 -9.703141 -0.845165 0.000000 0.000000 0.000000 0.164657 0.986351
19.305000000 -9.747978 -0.860563 0.000000 0.000000 0.000000 0.164640 0.986354
19.338000000 -9.803521 -0.848440 0.000000 0.000000 0.000000 0.164623 0.986356
19.371000000 -9.848309 -0.863818 0.000000 0.000000 0.000000 0.164608 0.986359
19.404000000 -9.893098 -0.879194 0.000000 0.000000 0.000000 0.164593 0.986361
19.437000000 -9.948952 -0.867146 0.000000 0.000000 0.000000 0.164580 0.986364
19.470000000 -9.993780 -0.882533 0.000000 0.000000 0.000000 0.164566 0.986366
19.503000000 -10.038607 -0.897918 0.000000 0.000000 0.000000 0.164554 0.986368
19.536000000 -10.094294 -0.885711 0.000000 0.000000 0.000000 0.164542 0.986370
19.569000000 -10.139104 -0.901088 0.000000 0.000000 0.000000 0.164531 0.986372
19.602000000 -10.183914 -0.916464 0.000000 0.000000 0.000000 0.164521 0.986374
19.635000000 -10.228724 -0.931838 0.000000 0.000000 0.000000 0.164511 0.986375
19.668000000 -10.239527 -0.904378 0.000000 0.000000 0.000000 0.164502 0.986377
19.701000000 -10.284317 -0.919744 0.000000 0.000000 0.000000 0.164494 0.986378
19.734000000 -10.384679 -0.923053 0.000000 0.000000 0.000000 0.164486 0.986379
19.767000000 -10.429447 -0.938410 0.000000 0.000000 0.000000 0.164479 0.986381
19.833000000 -10.518982 -0.969121 0.000000 0.000000 0.000000 0.164466 0.986383
19.866000000 -10.529935 -0.941785 0.000000 0.000000 0.000000 0.164460 0.986384
19.899000000 -10.574725 -0.957147 0.000000 0.000000 0.000000 0.164454 0.986385
19.932000000 -10.619515 -0.972509 0.000000 0.000000 0.000000 0.164450 0.986385
19.965000000 -10.675008 -0.960545 0.000000 0.000000 0.000000 0.164445 0.986386
19.998000000 -10.719766 -0.975894 0.000000 0.000000 0.000000 0.164441 0.986387
20.031000000 -10.764524 -0.991244 0.000000 0.000000 0.000000 0.164437 0.986388
20.064000000 -10.820106 -0.979418 0.000000 0.000000 0.000000 0.164434 0.986388
20.097000000 -10.864870 -0.994769 0.000000 0.000000 0.000000 0.164431 0.986389
20.130000000 -10.909634 -1.010119 0.000000 0.000000 0.000000 0.164429 0.986389
20.163000000 -10.965137 -0.998201 0.000000 0.000000 0.000000 0.164426 0.986389
20.196000000 -11.009881 -1.013545 0.000000 0.000000 0.000000 0.164424 0.986390
20.229000000 -11.054624 -1.028887 0.000000 0.000000 0.000000 0.164423 0.986390
20.262000000 -11.110024 -1.017042 0.000000 0.000000 0.000000 0.164421 0.986390
20.295000000 -11.154735 -1.032374 0.000000 0.000000 0.000000 0.164420 0.986390
20.328000000 -11.199447 -1.047705 0.000000 0.000000 0.000000 0.164419 0.986391
20.361000000 -11.244158 -1.063036 0.000000 0.000000 0.000000 0.164418 0.986391
20.394000000 -11.255070 -1.035853 0.000000 0.000000 0.000000 0.164418 0.986391
20.427000000 -11.299808 -1.051193 0.000000 0.000000 0.000000 0.164418 0.986391
20.460000000 -11.400030 -1.054559 0.000000 0.000000 0.000000 0.164417 0.986391
20.493000000 -11.444748 -1.069892 0.000000 0.000000 0.000000 0.164417 0.986391
20.526000000 -11.489466 -1.085226 0.000000 0.000000 0.000000 0.164418 0.986391
20.559000000 -11.544939 -1.073362 0.000000 0.000000 0.000000 0.164418 0.986391
20.592000000 -11.589649 -1.088693 0.000000 0.000000 0.000000 0.164418 0.986391
20.625000000 -11.634358 -1.104023 0.000000 0.000000 0.000000 0.164419 0.986391
20.658000000 -11.689753 -1.092172 0.000000 0.000000 0.000000 0.164419 0.986391
20.691000000 -11.734440 -1.107495 0.000000 0.000000 0.000000 0.164420 0.986390
20.724000000 -11.779127 -1.122819 0.000000 0.000000 0.000000 0.164421 0.986390
20.757000000 -11.834664 -1.110853 0.000000 0.000000 0.000000 0.164422 0.986390
20.790000000 -11.879357 -1.126178 0.000000 0.000000 0.000000 0.164423 0.986390
20.823000000 -11.924049 -1.141503 0.000000 0.000000 0.000000 0.164424 0.986390
20.856000000 -11.979454 -1.129545 0.000000 0.000000 0.000000 0.164424 0.986390
20.889000000 -12.024122 -1.144863 0.000000 0.000000 0.000000 0.164423 0.986390
20.922000000 -12.068790 -1.160180 0.000000 0.000000 0.000000 0.164417 0.986391
20.955000000 -12.122987 -1.147725 0.000000 0.000000 0.000000 0.164405 0.986393
20.988000000 -12.167333 -1.162930 0.000000 0.000000 0.000000 0.164385 0.986396
21.021000000 -12.211679 -1.178133 0.000000 0.000000 0.000000 0.164357 0.986401
21.054000000 -12.262590 -1.164548 0.000000 0.000000 0.000000 0.164319 0.986407
21.087000000 -12.305880 -1.179382 0.000000 0.000000 0.000000 0.164270 0.986415
21.120000000 -12.349169 -1.194212 0.000000 0.000000 0.000000 0.164208 0.986426
21.153000000 -12.392457 -1.209034 0.000000 0.000000 0.000000 0.164134 0.986438
21.186000000 -12.398933 -1.179977 0.000000 0.000000 0.000000 0.164046 0.986453
21.219000000 -12.441134 -1.194412 0.000000 0.000000 0.000000 0.163944 0.986470
21.252000000 -12.532257 -1.194015 0.000000 0.000000 0.000000 0.163827 0.986489
21.285000000 -12.573411 -1.208072 0.000000 0.000000 0.000000 0.163695 0.986511
21.318000000 -12.614559 -1.222113 0.000000 0.000000 0.000000 0.163547 0.986536
21.351000000 -12.662454 -1.206685 0.000000 0.000000 0.000000 0.163382 0.986563
21.384000000 -12.702557 -1.220342 0.000000 0.000000 0.000000 0.163202 0.986593
21.417000000 -12.742647 -1.233979 0.000000 0.000000 0.000000 0.163005 0.986625
21.450000000 -12.789617 -1.218257 0.000000 0.000000 0.000000 0.162791 0.986661
21.483000000 -12.828710 -1.231518 0.000000 0.000000 0.000000 0.162560 0.986699
21.516000000 -12.867786 -1.244752 0.000000 0.000000 0.000000 0.162312 0.986739
21.549000000 -12.906844 -1.257958 0.000000 0.000000 0.000000 0.162048 0.986783
21.582000000 -12.913912 -1.228754 0.000000 0.000000 0.000000 0.161766 0.986829
21.615000000 -12.952056 -1.241604 0.000000 0.000000 0.000000 0.161468 0.986878
21.648000000 -12.990176 -1.254420 0.000000 0.000000 0.000000 0.161152 0.986930
21.681000000 -13.035239 -1.238120 0.000000 0.000000 0.000000 0.160820 0.986984
21.714000000 -13.072413 -1.250564 0.000000 0.000000 0.000000 0.160471 0.987040
21.747000000 -13.153310 -1.246771 0.000000 0.000000 0.000000 0.160106 0.987100
21.813000000 -13.225599 -1.270822 0.000000 0.000000 0.000000 0.159326 0.987226
21.846000000 -13.268396 -1.254452 0.000000 0.000000 0.000000 0.158912 0.987293
21.879000000 -13.303595 -1.266084 0.000000 0.000000 0.000000 0.158483 0.987362
21.912000000 -13.338745 -1.277665 0.000000 0.000000 0.000000 0.158037 0.987433
21.945000000 -13.380228 -1.261592 0.000000 0.000000 0.000000 0.157576 0.987507
21.978000000 -13.414445 -1.272797 0.000000 0.000000 0.000000 0.157099 0.987583
22.011000000 -13.448604 -1.283945 0.000000 0.000000 0.000000 0.156608 0.987661
22.044000000 -13.482706 -1.295037 0.000000 0.000000 0.000000 0.156101 0.987741
22.077000000 -13.488711 -1.268089 0.000000 0.000000 0.000000 0.155580 0.987823
22.110000000 -13.521928 -1.278817 0.000000 0.000000 0.000000 0.155045 0.987907
22.143000000 -13.593889 -1.273935 0.000000 0.000000 0.000000 0.154495 0.987994
22.176000000 -13.626084 -1.284255 0.000000 0.000000 0.000000 0.153931 0.988082
22.209000000 -13.658201 -1.294509 0.000000 0.000000 0.000000 0.153353 0.988171
22.242000000 -13.695804 -1.278887 0.000000 0.000000 0.000000 0.152762 0.988263
22.275000000 -13.726985 -1.288761 0.000000 0.000000 0.000000 0.152157 0.988356
22.308000000 -13.758076 -1.298565 0.000000 0.000000 0.000000 0.151539 0.988451
22.341000000 -13.794449 -1.283005 0.000000 0.000000 0.000000 0.150908 0.988548
22.374000000 -13.824616 -1.292434 0.000000 0.000000 0.000000 0.150264 0.988646
22.407000000 -13.854683 -1.301788 0.000000 0.000000 0.000000 0.149607 0.988745
22.440000000 -13.889726 -1.286187 0.000000 0.000000 0.000000 0.148938 0.988846
22.473000000 -13.918851 -1.295163 0.000000 0.000000 0.000000 0.148257 0.988949
22.506000000 -13.947866 -1.304060 0.000000 0.000000 0.000000 0.147564 0.989053
22.539000000 -13.981792 -1.288382 0.000000 0.000000 0.000000 0.146859 0.989158
22.572000000 -14.009902 -1.296916 0.000000 0.000000 0.000000 0.146142 0.989264
22.605000000 -14.037890 -1.305367 0.000000 0.000000 0.000000 0.145413 0.989371
22.638000000 -14.070475 -1.289685 0.000000 0.000000 0.000000 0.144673 0.989480
22.671000000 -14.097541 -1.297771 0.000000 0.000000 0.000000 0.143922 0.989589
22.704000000 -14.124475 -1.305772 0.000000 0.000000 0.000000 0.143159 0.989700
22.737000000 -14.156067 -1.290048 0.000000 0.000000 0.000000 0.142386 0.989811
22.770000000 -14.182149 -1.297709 0.000000 0.000000 0.000000 0.141601 0.989924
22.803000000 -14.208088 -1.305282 0.000000 0.000000 0.000000 0.140806 0.990037
22.836000000 -14.233883 -1.312767 0.000000 0.000000 0.000000 0.140001 0.990151
22.869000000 -14.238480 -1.289794 0.000000 0.000000 0.000000 0.139185 0.990266
22.902000000 -14.263608 -1.296998 0.000000 0.000000 0.000000 0.138358 0.990382
22.935000000 -14.317314 -1.288750 0.000000 0.000000 0.000000 0.137522 0.990499
22.968000000 -14.341353 -1.295555 0.000000 0.000000 0.000000 0.136675 0.990616
23.001000000 -14.365228 -1.302268 0.000000 0.000000 0.000000 0.135818 0.990734
23.034000000 -14.392964 -1.287315 0.000000 0.000000 0.000000 0.134951 0.990852
23.067000000 -14.416023 -1.293713 0.000000 0.000000 0.000000 0.134075 0.990971
23.133000000 -14.461623 -1.306231 0.000000 0.000000 0.000000 0.132292 0.991211
23.166000000 -14.484164 -1.312351 0.000000 0.000000 0.000000 0.131387 0.991331
23.199000000 -14.465236 -1.284971 0.000000 0.000000 0.000000 0.130471 0.991452
23.232000000 -14.487287 -1.290875 0.000000 0.000000 0.000000 0.129547 0.991573
23.265000000 -14.534155 -1.281529 0.000000 0.000000 0.000000 0.128613 0.991695
23.298000000 -14.555127 -1.287060 0.000000 0.000000 0.000000 0.127670 0.991817
23.331000000 -14.575910 -1.292497 0.000000 0.000000 0.000000 0.126717 0.991939
23.364000000 -14.596502 -1.297841 0.000000 0.000000 0.000000 0.125756 0.992061
23.397000000 -14.600239 -1.277708 0.000000 0.000000 0.000000 0.124785 0.992184
23.430000000 -14.620326 -1.282840 0.000000 0.000000 0.000000 0.123805 0.992307
23.463000000 -14.662737 -1.273145 0.000000 0.000000 0.000000 0.122816 0.992429
23.496000000 -14.681744 -1.277921 0.000000 0.000000 0.000000 0.121818 0.992552
23.529000000 -14.700545 -1.282603 0.000000 0.000000 0.000000 0.120812 0.992675
23.562000000 -14.719139 -1.287192 0.000000 0.000000 0.000000 0.119796 0.992799
23.595000000 -14.722050 -1.267776 0.000000 0.000000 0.000000 0.118772 0.992922
23.628000000 -14.740056 -1.272144 0.000000 0.000000 0.000000 0.117739 0.993045
23.661000000 -14.777982 -1.261900 0.000000 0.000000 0.000000 0.116697 0.993168
23.694000000 -14.794938 -1.265938 0.000000 0.000000 0.000000 0.115646 0.993290
23.727000000 -14.811672 -1.269885 0.000000 0.000000 0.000000 0.114587 0.993413
23.760000000 -14.830876 -1.254463 0.000000 0.000000 0.000000 0.113519 0.993536
23.793000000 -14.846811 -1.258151 0.000000 0.000000 0.000000 0.112443 0.993658
23.826000000 -14.862514 -1.261747 0.000000 0.000000 0.000000 0.111358 0.993780
23.859000000 -14.880878 -1.245954 0.000000 0.000000 0.000000 0.110265 0.993902
23.892000000 -14.895857 -1.249316 0.000000 0.000000 0.000000 0.109163 0.994024
23.925000000 -14.910599 -1.252590 0.000000 0.000000 0.000000 0.108053 0.994145
23.958000000 -14.927716 -1.235821 0.000000 0.000000 0.000000 0.106934 0.994266
23.991000000 -14.941449 -1.238819 0.000000 0.000000 0.000000 0.105807 0.994387
24.024000000 -14.954884 -1.241722 0.000000 0.000000 0.000000 0.104672 0.994507
24.057000000 -14.971452 -1.224581 0.000000 0.000000 0.000000 0.103529 0.994626
24.090000000 -14.984239 -1.227279 0.000000 0.000000 0.000000 0.102378 0.994746
24.123000000 -14.996674 -1.229877 0.000000 0.000000 0.000000 0.101218 0.994864
24.156000000 -15.012113 -1.213210 0.000000 0.000000 0.000000 0.100051 0.994982
24.189000000 -15.023948 -1.215621 0.000000 0.000000 0.000000 0.098875 0.995100
24.222000000 -15.035430 -1.217936 0.000000 0.000000 0.000000 0.097692 0.995217
24.255000000 -15.049761 -1.200497 0.000000 0.000000 0.000000 0.096501 0.995333
24.288000000 -15.060616 -1.202628 0.000000 0.000000 0.000000 0.095302 0.995448
24.321000000 -15.071115 -1.204667 0.000000 0.000000 0.000000 0.094095 0.995563
24.354000000 -15.081260 -1.206617 0.000000 0.000000 0.000000 0.092881 0.995677
24.387000000 -15.091048 -1.208478 0.000000 0.000000 0.000000 0.091659 0.995790
24.420000000 -15.110815 -1.173218 0.000000 0.000000 0.000000 0.090429 0.995903
24.453000000 -15.119695 -1.174848 0.000000 0.000000 0.000000 0.089193 0.996014
24.486000000 -15.128219 -1.176396 0.000000 0.000000 0.000000 0.087949 0.996125
24.519000000 -15.136385 -1.177861 0.000000 0.000000 0.000000 0.086698 0.996235
24.552000000 -15.144194 -1.179247 0.000000 0.000000 0.000000 0.085440 0.996343
24.585000000 -15.141515 -1.159089 0.000000 0.000000 0.000000 0.084175 0.996451
24.618000000 -15.149119 -1.160389 0.000000 0.000000 0.000000 0.082904 0.996558
24.651000000 -15.165400 -1.143888 0.000000 0.000000 0.000000 0.081627 0.996663
24.684000000 -15.171950 -1.144973 0.000000 0.000000 0.000000 0.080344 0.996767
24.717000000 -15.178140 -1.145984 0.000000 0.000000 0.000000 0.079057 0.996870
24.750000000 -15.185716 -1.128042 0.000000 0.000000 0.000000 0.077767 0.996972
24.783000000 -15.191153 -1.128899 0.000000 0.000000 0.000000 0.076472 0.997072
24.816000000 -15.196230 -1.129687 0.000000 0.000000 0.000000 0.075175 0.997170
24.849000000 -15.202910 -1.111561 0.000000 0.000000 0.000000 0.073874 0.997268
24.882000000 -15.207326 -1.112221 0.000000 0.000000 0.000000 0.072572 0.997363
24.915000000 -15.211382 -1.112817 0.000000 0.000000 0.000000 0.071268 0.997457
24.948000000 -15.215076 -1.113351 0.000000 0.000000 0.000000 0.069963 0.997550
24.981000000 -15.216224 -1.094499 0.000000 0.000000 0.000000 0.068656 0.997640
25.014000000 -15.224776 -1.076920 0.000000 0.000000 0.000000 0.067348 0.997730
25.047000000 -15.227134 -1.077240 0.000000 0.000000 0.000000 0.066040 0.997817
25.080000000 -15.229130 -1.077506 0.000000 0.000000 0.000000 0.064731 0.997903
25.113000000 -15.230762 -1.077719 0.000000 0.000000 0.000000 0.063422 0.997987
25.146000000 -15.232709 -1.059812 0.000000 0.000000 0.000000 0.062113 0.998069
25.179000000 -15.233793 -1.059948 0.000000 0.000000 0.000000 0.060803 0.998150
25.212000000 -15.234513 -1.060036 0.000000 0.000000 0.000000 0.059494 0.998229
25.245000000 -15.235517 -1.042179 0.000000 0.000000 0.000000 0.058184 0.998306
25.278000000 -15.235448 -1.042171 0.000000 0.000000 0.000000 0.056874 0.998381
25.311000000 -15.235014 -1.042122 0.000000 0.000000 0.000000 0.055564 0.998455
25.344000000 -15.235012 -1.024138 0.000000 0.000000 0.000000 0.054254 0.998527
25.377000000 -15.233865 -1.024013 0.000000 0.000000 0.000000 0.052943 0.998598
25.410000000 -15.232352 -1.023852 0.000000 0.000000 0.000000 0.051633 0.998666
25.443000000 -15.230870 -1.005241 0.000000 0.000000 0.000000 0.050322 0.998733
25.476000000 -15.228568 -1.005008 0.000000 0.000000 0.000000 0.049011 0.998798
25.509000000 -15.225900 -1.004746 0.000000 0.000000 0.000000 0.047700 0.998862
25.542000000 -15.222866 -1.004455 0.000000 0.000000 0.000000 0.046389 0.998923
25.575000000 -15.223475 -0.986357 0.000000 0.000000 0.000000 0.045077 0.998984
25.608000000 -15.220119 -0.986054 0.000000 0.000000 0.000000 0.043766 0.999042
25.641000000 -15.212231 -0.966845 0.000000 0.000000 0.000000 0.042454 0.999098
25.674000000 -15.207684 -0.966458 0.000000 0.000000 0.000000 0.041142 0.999153
25.707000000 -15.202770 -0.966053 0.000000 0.000000 0.000000 0.039830 0.999206
25.740000000 -15.197738 -0.947118 0.000000 0.000000 0.000000 0.038517 0.999258
25.773000000 -15.192122 -0.946685 0.000000 0.000000 0.000000 0.037204 0.999308
25.806000000 -15.186138 -0.946239 0.000000 0.000000 0.000000 0.035890 0.999356
25.839000000 -15.179747 -0.927368 0.000000 0.000000 0.000000 0.034575 0.999402
25.872000000 -15.173034 -0.926904 0.000000 0.000000 0.000000 0.033258 0.999447
25.905000000 -15.165954 -0.926434 0.000000 0.000000 0.000000 0.031940 0.999490
25.938000000 -15.158681 -0.907398 0.000000 0.000000 0.000000 0.030621 0.999531
25.971000000 -15.150962 -0.906926 0.000000 0.000000 0.000000 0.029299 0.999571
26.004000000 -15.142876 -0.906454 0.000000 0.000000 0.000000 0.027974 0.999609
26.037000000 -15.134146 -0.887302 0.000000 0.000000 0.000000 0.026647 0.999645
26.070000000 -15.125348 -0.886835 0.000000 0.000000 0.000000 0.025316 0.999679
26.103000000 -15.116183 -0.886374 0.000000 0.000000 0.000000 0.023982 0.999712
26.136000000 -15.106649 -0.885923 0.000000 0.000000 0.000000 0.022644 0.999744
26.169000000 -15.096747 -0.885482 0.000000 0.000000 0.000000 0.021301 0.999773
26.202000000 -15.106481 -0.866648 0.000000 0.000000 0.000000 0.019953 0.999801
26.235000000 -15.075274 -0.845802 0.000000 0.000000 0.000000 0.018599 0.999827
26.268000000 -15.064356 -0.845400 0.000000 0.000000 0.000000 0.017240 0.999851
26.301000000 -15.053069 -0.845019 0.000000 0.000000 0.000000 0.015873 0.999874
26.334000000 -15.040586 -0.825055 0.000000 0.000000 0.000000 0.014500 0.999895
26.367000000 -15.028567 -0.824712 0.000000 0.000000 0.000000 0.013119 0.999914
26.433000000 -15.003424 -0.824113 0.000000 0.000000 0.000000 0.010331 0.999947
26.466000000 -14.990300 -0.823862 0.000000 0.000000 0.000000 0.008923 0.999960
26.499000000 -15.002313 -0.803620 0.000000 0.000000 0.000000 0.007504 0.999972
26.532000000 -14.989157 -0.803431 0.000000 0.000000 0.000000 0.006074 0.999982
26.565000000 -14.960861 -0.782566 0.000000 0.000000 0.000000 0.004633 0.999989
26.598000000 -14.946678 -0.782444 0.000000 0.000000 0.000000 0.003178 0.999995
26.631000000 -14.932128 -0.782368 0.000000 0.000000 0.000000 0.001710 0.999999
26.664000000 -14.916085 -0.761680 0.000000 0.000000 0.000000 0.000228 1.000000
26.697000000 -14.900864 -0.761685 0.000000 0.000000 0.000000 -0.001269 0.999999
26.730000000 -14.885276 -0.761745 0.000000 0.000000 0.000000 -0.002782 0.999996
26.763000000 -14.868268 -0.741204 0.000000 0.000000 0.000000 -0.004312 0.999991
26.796000000 -14.852079 -0.741357 0.000000 0.000000 0.000000 -0.005859 0.999983
26.829000000 -14.835523 -0.741575 0.000000 0.000000 0.000000 -0.007426 0.999972
26.862000000 -14.818600 -0.741860 0.000000 0.000000 0.000000 -0.009012 0.999959
26.895000000 -14.817537 -0.721057 0.000000 0.000000 0.000000 -0.010618 0.999944
26.928000000 -14.800433 -0.721438 0.000000 0.000000 0.000000 -0.012247 0.999925
26.961000000 -14.763461 -0.701056 0.000000 0.000000 0.000000 -0.013898 0.999903
26.994000000 -14.745348 -0.701578 0.000000 0.000000 0.000000 -0.015573 0.999879
27.027000000 -14.726869 -0.702186 0.000000 0.000000 0.000000 -0.017272 0.999851
27.060000000 -14.708025 -0.702883 0.000000 0.000000 0.000000 -0.018998 0.999820
27.093000000 -14.706145 -0.680703 0.000000 0.000000 0.000000 -0.020751 0.999785
27.126000000 -14.687034 -0.681519 0.000000 0.000000 0.000000 -0.022532 0.999746
27.159000000 -14.667558 -0.682435 0.000000 0.000000 0.000000 -0.024343 0.999704
27.192000000 -14.645623 -0.660494 0.000000 0.000000 0.000000 -0.026184 0.999657
27.225000000 -14.586703 -0.639144 0.000000 0.000000 0.000000 -0.028057 0.999606
27.258000000 -14.565657 -0.640349 0.000000 0.000000 0.000000 -0.029963 0.999551
27.291000000 -14.544250 -0.641674 0.000000 0.000000 0.000000 -0.031904 0.999491
27.324000000 -14.520616 -0.618094 0.000000 0.000000 0.000000 -0.033881 0.999426
27.357000000 -14.498661 -0.619609 0.000000 0.000000 0.000000 -0.035894 0.999356
27.390000000 -14.476346 -0.621259 0.000000 0.000000 0.000000 -0.037947 0.999280
27.423000000 -14.453672 -0.623049 0.000000 0.000000 0.000000 -0.040039 0.999198
27.456000000 -14.430641 -0.624986 0.000000 0.000000 0.000000 -0.042172 0.999110
27.489000000 -14.444152 -0.597978 0.000000 0.000000 0.000000 -0.044347 0.999016
27.522000000 -14.421088 -0.600065 0.000000 0.000000 0.000000 -0.046567 0.998915
27.555000000 -14.370421 -0.577660 0.000000 0.000000 0.000000 -0.048832 0.998807
27.588000000 -14.346394 -0.580052 0.000000 0.000000 0.000000 -0.051145 0.998691
27.621000000 -14.322014 -0.582620 0.000000 0.000000 0.000000 -0.053505 0.998568
27.654000000 -14.293352 -0.558614 0.000000 0.000000 0.000000 -0.055916 0.998435
27.687000000 -14.268353 -0.561464 0.000000 0.000000 0.000000 -0.058378 0.998295
27.720000000 -14.243005 -0.564509 0.000000 0.000000 0.000000 -0.060893 0.998144
27.753000000 -14.211697 -0.541266 0.000000 0.000000 0.000000 -0.063463 0.997984
27.786000000 -14.185418 -0.544668 0.000000 0.000000 0.000000 -0.066088 0.997814
27.819000000 -14.137799 -0.522945 0.000000 0.000000 0.000000 -0.057577 0.998341
27.852000000 -14.110480 -0.526370 0.000000 0.000000 0.000000 -0.071514 0.997440
27.885000000 -14.082875 -0.530416 0.000000 0.000000 0.000000 -0.074318 0.997235
27.918000000 -14.054934 -0.534706 0.000000 0.000000 0.000000 -0.077183 0.997017
27.951000000 -14.038610 -0.507353 0.000000 0.000000 0.000000 -0.080111 0.996786
27.984000000 -14.010557 -0.511943 0.000000 0.000000 0.000000 -0.083100 0.996541
28.017000000 -13.982175 -0.516796 0.000000 0.000000 0.000000 -0.086152 0.996282
28.050000000 -13.953466 -0.521920 0.000000 0.000000 0.000000 -0.089264 0.996008
28.083000000 -13.950982 -0.490987 0.000000 0.000000 0.000000 -0.092437 0.995719
28.116000000 -13.922967 -0.496286 0.000000 0.000000 0.000000 -0.095671 0.995413
28.149000000 -13.862139 -0.475700 0.000000 0.000000 0.000000 -0.098964 0.995091
28.182000000 -13.833970 -0.481410 0.000000 0.000000 0.000000 -0.102317 0.994752
28.215000000 -13.805489 -0.487418 0.000000 0.000000 0.000000 -0.105729 0.994395
28.248000000 -13.773223 -0.462179 0.000000 0.000000 0.000000 -0.109200 0.994020
28.281000000 -13.745171 -0.468469 0.000000 0.000000 0.000000 -0.112729 0.993626
28.314000000 -13.716819 -0.475072 0.000000 0.000000 0.000000 -0.116314 0.993212
28.347000000 -13.684460 -0.449315 0.000000 0.000000 0.000000 -0.119957 0.992779
28.380000000 -13.656702 -0.456173 0.000000 0.000000 0.000000 -0.123656 0.992325
28.413000000 -13.628659 -0.463357 0.000000 0.000000 0.000000 -0.127410 0.991850
28.446000000 -13.600334 -0.470875 0.000000 0.000000 0.000000 -0.131218 0.991353
28.479000000 -13.595919 -0.436489 0.000000 0.000000 0.000000 -0.135081 0.990835
28.512000000 -13.568630 -0.444121 0.000000 0.000000 0.000000 -0.138997 0.990293
28.545000000 -13.507027 -0.422533 0.000000 0.000000 0.000000 -0.142965 0.989728
28.578000000 -13.480076 -0.430534 0.000000 0.000000 0.000000 -0.146985 0.989139
28.611000000 -13.452876 -0.438883 0.000000 0.000000 0.000000 -0.151056 0.988525
28.644000000 -13.425431 -0.447586 0.000000 0.000000 0.000000 -0.155176 0.987887
28.677000000 -13.419312 -0.407734 0.000000 0.000000 0.000000 -0.159346 0.987223
28.710000000 -13.393216 -0.416431 0.000000 0.000000 0.000000 -0.163563 0.986533
28.743000000 -13.331602 -0.393466 0.000000 0.000000 0.000000 -0.167828 0.985816
28.776000000 -13.305987 -0.402496 0.000000 0.000000 0.000000 -0.172139 0.985073
28.809000000 -13.280166 -0.411883 0.000000 0.000000 0.000000 -0.176503 0.984300
28.842000000 -13.254145 -0.421636 0.000000 0.000000 0.000000 -0.180924 0.983497
28.875000000 -13.243619 -0.380707 0.000000 0.000000 0.000000 -0.185392 0.982665
28.908000000 -13.218497 -0.390582 0.000000 0.000000 0.000000 -0.189906 0.981802
28.941000000 -13.155537 -0.369459 0.000000 0.000000 0.000000 -0.194468 0.980909
28.974000000 -13.130752 -0.379734 0.000000 0.000000 0.000000 -0.199082 0.979983
29.007000000 -13.105807 -0.390380 0.000000 0.000000 0.000000 -0.203751 0.979023
29.040000000 -13.067374 -0.359292 0.000000 0.000000 0.000000 -0.208477 0.978027
29.073000000 -13.043087 -0.370182 0.000000 0.000000 0.000000 -0.213259 0.976996
29.106000000 -13.018664 -0.381450 0.000000 0.000000 0.000000 -0.218095 0.975927
29.139000000 -12.994114 -0.393102 0.000000 0.000000 0.000000 -0.222986 0.974822
29.172000000 -12.980224 -0.348569 0.000000 0.000000 0.000000 -0.227928 0.973678
29.205000000 -12.956969 -0.360130 0.000000 0.000000 0.000000 -0.232921 0.972496
29.238000000 -12.893401 -0.340180 0.000000 0.000000 0.000000 -0.237962 0.971274
29.271000000 -12.870683 -0.352064 0.000000 0.000000 0.000000 -0.243051 0.970014
29.304000000 -12.847886 -0.364321 0.000000 0.000000 0.000000 -0.248182 0.968713
29.337000000 -12.808381 -0.331944 0.000000 0.000000 0.000000 -0.253354 0.967374
29.370000000 -12.786772 -0.344136 0.000000 0.000000 0.000000 -0.258562 0.965995
29.403000000 -12.765114 -0.356691 0.000000 0.000000 0.000000 -0.263804 0.964576
29.436000000 -12.728938 -0.320506 0.000000 0.000000 0.000000 -0.269076 0.963119
29.469000000 -12.709622 -0.332251 0.000000 0.000000 0.000000 -0.274376 0.961623
29.502000000 -12.690293 -0.344322 0.000000 0.000000 0.000000 -0.279700 0.960087
29.535000000 -12.651629 -0.309110 0.000000 0.000000 0.000000 -0.285046 0.958514
29.568000000 -12.633896 -0.320717 0.000000 0.000000 0.000000 -0.290411 0.956902
29.601000000 -12.616178 -0.332624 0.000000 0.000000 0.000000 -0.295792 0.955252
29.634000000 -12.576560 -0.297203 0.000000 0.000000 0.000000 -0.301187 0.953565
29.667000000 -12.560308 -0.308642 0.000000 0.000000 0.000000 -0.306594 0.951840
29.733000000 -12.527933 -0.332339 0.000000 0.000000 0.000000 -0.317432 0.948281
29.766000000 -12.503955 -0.287426 0.000000 0.000000 0.000000 -0.322859 0.946447
29.799000000 -12.489026 -0.298987 0.000000 0.000000 0.000000 -0.328288 0.944578
29.832000000 -12.474162 -0.310795 0.000000 0.000000 0.000000 -0.333719 0.942673
29.865000000 -12.434202 -0.273781 0.000000 0.000000 0.000000 -0.339148 0.940733
29.898000000 -12.421085 -0.284685 0.000000 0.000000 0.000000 -0.344575 0.938759
29.931000000 -12.408055 -0.295794 0.000000 0.000000 0.000000 -0.349998 0.936751
29.964000000 -12.367469 -0.259339 0.000000 0.000000 0.000000 -0.355415 0.934709
29.997000000 -12.355966 -0.269597 0.000000 0.000000 0.000000 -0.360825 0.932634
30.030000000 -12.344568 -0.280022 0.000000 0.000000 0.000000 -0.366226 0.930526
30.063000000 -12.302850 -0.242632 0.000000 0.000000 0.000000 -0.371618 0.928386
30.096000000 -12.292902 -0.252145 0.000000 0.000000 0.000000 -0.377000 0.926213
30.129000000 -12.283072 -0.261788 0.000000 0.000000 0.000000 -0.382370 0.924009
30.162000000 -12.239835 -0.224175 0.000000 0.000000 0.000000 -0.387729 0.921774
30.195000000 -12.231263 -0.232966 0.000000 0.000000 0.000000 -0.393074 0.919507
30.228000000 -12.222818 -0.241849 0.000000 0.000000 0.000000 -0.398408 0.917208
30.261000000 -12.180631 -0.203269 0.000000 0.000000 0.000000 -0.403728 0.914879
30.294000000 -12.173715 -0.210877 0.000000 0.000000 0.000000 -0.409035 0.912519
30.327000000 -12.166934 -0.218531 0.000000 0.000000 0.000000 -0.414330 0.910127
30.360000000 -12.122832 -0.181739 0.000000 0.000000 0.000000 -0.419611 0.907704
30.393000000 -12.117061 -0.188551 0.000000 0.000000 0.000000 -0.424878 0.905251
30.426000000 -12.111427 -0.195379 0.000000 0.000000 0.000000 -0.430132 0.902766
30.459000000 -12.068314 -0.156268 0.000000 0.000000 0.000000 -0.435371 0.900251
30.492000000 -12.064109 -0.161603 0.000000 0.000000 0.000000 -0.440597 0.897705
30.525000000 -12.060042 -0.166905 0.000000 0.000000 0.000000 -0.445809 0.895128
30.558000000 -12.016221 -0.127296 0.000000 0.000000 0.000000 -0.451006 0.892521
30.591000000 -12.013456 -0.131072 0.000000 0.000000 0.000000 -0.456189 0.889883
30.624000000 -12.010827 -0.134770 0.000000 0.000000 0.000000 -0.461357 0.887215
30.657000000 -11.967457 -0.092404 0.000000 0.000000 0.000000 -0.466510 0.884516
30.690000000 -11.966372 -0.094013 0.000000 0.000000 0.000000 -0.471648 0.881787
30.723000000 -11.965417 -0.095484 0.000000 0.000000 0.000000 -0.476770 0.879028
30.756000000 -11.921158 -0.051833 0.000000 0.000000 0.000000 -0.481877 0.876239
30.789000000 -11.921595 -0.051167 0.000000 0.000000 0.000000 -0.486968 0.873420
30.822000000 -11.922150 -0.050307 0.000000 0.000000 0.000000 -0.492044 0.870570
30.855000000 -11.876483 -0.006930 0.000000 0.000000 0.000000 -0.497103 0.867692
30.888000000 -11.878152 -0.004086 0.000000 0.000000 0.000000 -0.502146 0.864783
30.921000000 -11.879969 -0.000905 0.000000 0.000000 0.000000 -0.507173 0.861844
30.954000000 -11.833496 0.041990 0.000000 0.000000 0.000000 -0.512183 0.858877
30.987000000 -11.836106 0.046819 0.000000 0.000000 0.000000 -0.517176 0.855879
31.020000000 -11.838831 0.052003 0.000000 0.000000 0.000000 -0.522152 0.852852
31.053000000 -11.792673 0.094365 0.000000 0.000000 0.000000 -0.527113 0.849795
31.086000000 -11.796046 0.101162 0.000000 0.000000 0.000000 -0.532058 0.846708
31.119000000 -11.799501 0.108328 0.000000 0.000000 0.000000 -0.536988 0.843590
31.152000000 -11.803029 0.115866 0.000000 0.000000 0.000000 -0.541903 0.840441
31.185000000 -11.753452 0.149870 0.000000 0.000000 0.000000 -0.546806 0.837259
31.218000000 -11.757284 0.158585 0.000000 0.000000 0.000000 -0.551696 0.834046
31.251000000 -11.716196 0.211074 0.000000 0.000000 0.000000 -0.556574 0.830798
31.284000000 -11.720772 0.222178 0.000000 0.000000 0.000000 -0.561441 0.827517
31.317000000 -11.725359 0.233675 0.000000 0.000000 0.000000 -0.566300 0.824199
31.350000000 -11.680346 0.274542 0.000000 0.000000 0.000000 -0.571150 0.820846
31.383000000 -11.685160 0.287493 0.000000 0.000000 0.000000 -0.575993 0.817454
31.416000000 -11.689953 0.300844 0.000000 0.000000 0.000000 -0.580831 0.814024
31.449000000 -11.694717 0.314597 0.000000 0.000000 0.000000 -0.585666 0.810553
31.482000000 -11.645168 0.340799 0.000000 0.000000 0.000000 -0.590498 0.807039
31.515000000 -11.649873 0.355553 0.000000 0.000000 0.000000 -0.595329 0.803482
31.548000000 -11.610821 0.409407 0.000000 0.000000 0.000000 -0.600162 0.799878
31.581000000 -11.615605 0.425748 0.000000 0.000000 0.000000 -0.604998 0.796227
31.614000000 -11.620307 0.442498 0.000000 0.000000 0.000000 -0.609839 0.792525
31.647000000 -11.577836 0.483682 0.000000 0.000000 0.000000 -0.614688 0.788770
31.680000000 -11.582595 0.502441 0.000000 0.000000 0.000000 -0.619546 0.784961
31.713000000 -11.543490 0.548259 0.000000 0.000000 0.000000 -0.610740 0.791831
31.746000000 -11.548825 0.568498 0.000000 0.000000 0.000000 -0.615667 0.788007
31.779000000 -11.553480 0.589290 0.000000 0.000000 0.000000 -0.634163 0.773199
31.812000000 -11.557776 0.610526 0.000000 0.000000 0.000000 -0.639038 0.769175
31.845000000 -11.515171 0.638274 0.000000 0.000000 0.000000 -0.643908 0.765103
31.878000000 -11.518998 0.660234 0.000000 0.000000 0.000000 -0.648770 0.760985
31.911000000 -11.522614 0.682600 0.000000 0.000000 0.000000 -0.653618 0.756825
31.944000000 -11.485392 0.718016 0.000000 0.000000 0.000000 -0.658449 0.752625
31.977000000 -11.488538 0.741411 0.000000 0.000000 0.000000 -0.663259 0.748390
32.010000000 -11.491431 0.765207 0.000000 0.000000 0.000000 -0.668043 0.744122
32.043000000 -11.494058 0.789403 0.000000 0.000000 0.000000 -0.672799 0.739826
32.076000000 -11.456089 0.803607 0.000000 0.000000 0.000000 -0.677520 0.735504
32.109000000 -11.458197 0.829342 0.000000 0.000000 0.000000 -0.682204 0.731162
32.142000000 -11.425821 0.888369 0.000000 0.000000 0.000000 -0.686847 0.726802
32.175000000 -11.427309 0.914871 0.000000 0.000000 0.000000 -0.691444 0.722430
32.208000000 -11.428470 0.941755 0.000000 0.000000 0.000000 -0.695993 0.718048
32.241000000 -11.396450 0.975166 0.000000 0.000000 0.000000 -0.700490 0.713662
32.274000000 -11.396955 1.002807 0.000000 0.000000 0.000000 -0.704933 0.709274
32.307000000 -11.397109 1.030818 0.000000 0.000000 0.000000 -0.709317 0.704890
32.340000000 -11.366510 1.058767 0.000000 0.000000 0.000000 -0.713641 0.700511
32.373000000 -11.365989 1.086225 0.000000 0.000000 0.000000 -0.717903 0.696143
32.406000000 -11.365115 1.114038 0.000000 0.000000 0.000000 -0.722100 0.691789
32.439000000 -11.363882 1.142201 0.000000 0.000000 0.000000 -0.726230 0.687452
32.472000000 -11.335970 1.141674 0.000000 0.000000 0.000000 -0.730291 0.683136
32.505000000 -11.334123 1.169171 0.000000 0.000000 0.000000 -0.734280 0.678847
32.538000000 -11.305390 1.219772 0.000000 0.000000 0.000000 -0.738192 0.674590
32.571000000 -11.302983 1.246326 0.000000 0.000000 0.000000 -0.742036 0.670361
32.604000000 -11.300231 1.273199 0.000000 0.000000 0.000000 -0.745813 0.666156
32.637000000 -11.275214 1.299305 0.000000 0.000000 0.000000 -0.749525 0.661976
32.670000000 -11.271862 1.326142 0.000000 0.000000 0.000000 -0.753172 0.657823
32.703000000 -11.268159 1.353283 0.000000 0.000000 0.000000 -0.756755 0.653699
32.736000000 -11.245470 1.372830 0.000000 0.000000 0.000000 -0.760274 0.649603
32.769000000 -11.241428 1.398356 0.000000 0.000000 0.000000 -0.763728 0.645538
32.802000000 -11.219935 1.425319 0.000000 0.000000 0.000000 -0.756049 0.654515
32.835000000 -11.216176 1.451272 0.000000 0.000000 0.000000 -0.759535 0.650467
32.868000000 -11.211600 1.477431 0.000000 0.000000 0.000000 -0.773717 0.633532
32.901000000 -11.206280 1.503780 0.000000 0.000000 0.000000 -0.776923 0.629595
32.934000000 -11.186472 1.525161 0.000000 0.000000 0.000000 -0.780070 0.625692
32.967000000 -11.180702 1.551068 0.000000 0.000000 0.000000 -0.783157 0.621824
33.033000000 -11.168155 1.603636 0.000000 0.000000 0.000000 -0.789157 0.614191
33.066000000 -11.156054 1.600897 0.000000 0.000000 0.000000 -0.792072 0.610428
33.099000000 -11.149229 1.626766 0.000000 0.000000 0.000000 -0.794930 0.606701
33.132000000 -11.142074 1.652866 0.000000 0.000000 0.000000 -0.797734 0.603010
33.165000000 -11.125181 1.676131 0.000000 0.000000 0.000000 -0.800483 0.599356
33.198000000 -11.117624 1.701855 0.000000 0.000000 0.000000 -0.803178 0.595739
33.231000000 -11.109742 1.727795 0.000000 0.000000 0.000000 -0.805821 0.592159
33.264000000 -11.101535 1.753947 0.000000 0.000000 0.000000 -0.808412 0.588617
33.297000000 -11.093000 1.780309 0.000000 0.000000 0.000000 -0.810952 0.585113
33.330000000 -11.094484 1.750053 0.000000 0.000000 0.000000 -0.813441 0.581647
33.363000000 -11.085883 1.775196 0.000000 0.000000 0.000000 -0.815881 0.578220
33.396000000 -11.064410 1.825067 0.000000 0.000000 0.000000 -0.818272 0.574831
33.429000000 -11.055309 1.850287 0.000000 0.000000 0.000000 -0.820615 0.571481
33.462000000 -11.045902 1.875687 0.000000 0.000000 0.000000 -0.822911 0.568171
33.495000000 -11.034974 1.898658 0.000000 0.000000 0.000000 -0.825159 0.564900
33.528000000 -11.025370 1.923383 0.000000 0.000000 0.000000 -0.827362 0.561668
33.561000000 -11.003946 1.971921 0.000000 0.000000 0.000000 -0.829520 0.558477
33.594000000 -10.993958 1.996498 0.000000 0.000000 0.000000 -0.831633 0.555325
33.627000000 -10.983683 2.021230 0.000000 0.000000 0.000000 -0.833703 0.552214
33.660000000 -10.972252 2.046051 0.000000 0.000000 0.000000 -0.835729 0.549142
33.693000000 -10.961602 2.070663 0.000000 0.000000 0.000000 -0.837712 0.546112
33.726000000 -10.950670 2.095419 0.000000 0.000000 0.000000 -0.839654 0.543122
33.759000000 -10.939457 2.120318 0.000000 0.000000 0.000000 -0.841552 0.540175
33.792000000 -10.940161 2.120873 0.000000 0.000000 0.000000 -0.843408 0.537273
33.825000000 -10.928701 2.145429 0.000000 0.000000 0.000000 -0.845221 0.534418
33.858000000 -10.916970 2.170116 0.000000 0.000000 0.000000 -0.846989 0.531610
33.891000000 -10.907225 2.198145 0.000000 0.000000 0.000000 -0.848714 0.528852
33.924000000 -10.894956 2.223124 0.000000 0.000000 0.000000 -0.850394 0.526146
33.957000000 -10.873363 2.280343 0.000000 0.000000 0.000000 -0.852030 0.523494
33.990000000 -10.860139 2.306434 0.000000 0.000000 0.000000 -0.853620 0.520897
34.023000000 -10.846637 2.332664 0.000000 0.000000 0.000000 -0.855164 0.518357
34.056000000 -10.837620 2.366508 0.000000 0.000000 0.000000 -0.856662 0.515877
34.089000000 -10.823256 2.393637 0.000000 0.000000 0.000000 -0.858114 0.513459
34.122000000 -10.808613 2.420913 0.000000 0.000000 0.000000 -0.859519 0.511104
34.155000000 -10.799515 2.456463 0.000000 0.000000 0.000000 -0.860875 0.508816
34.188000000 -10.784006 2.484627 0.000000 0.000000 0.000000 -0.862184 0.506595
34.221000000 -10.768215 2.512948 0.000000 0.000000 0.000000 -0.863444 0.504445
34.254000000 -10.752147 2.541425 0.000000 0.000000 0.000000 -0.864654 0.502368
34.287000000 -10.735803 2.570061 0.000000 0.000000 0.000000 -0.865814 0.500367
34.320000000 -10.759538 2.549910 0.000000 0.000000 0.000000 -0.866923 0.498443
34.353000000 -10.718532 2.646343 0.000000 0.000000 0.000000 -0.867980 0.496600
34.386000000 -10.700885 2.676207 0.000000 0.000000 0.000000 -0.868984 0.494839
34.419000000 -10.682880 2.706293 0.000000 0.000000 0.000000 -0.869936 0.493165
34.452000000 -10.674392 2.746145 0.000000 0.000000 0.000000 -0.870832 0.491580
34.485000000 -10.655697 2.776958 0.000000 0.000000 0.000000 -0.871674 0.490087
34.518000000 -10.636651 2.807996 0.000000 0.000000 0.000000 -0.872458 0.488688
34.551000000 -10.617260 2.839258 0.000000 0.000000 0.000000 -0.873185 0.487388
34.584000000 -10.627426 2.849485 0.000000 0.000000 0.000000 -0.873853 0.486190
34.617000000 -10.607595 2.881262 0.000000 0.000000 0.000000 -0.874461 0.485096
34.650000000 -10.587431 2.913271 0.000000 0.000000 0.000000 -0.875007 0.484111
34.683000000 -10.580108 2.955315 0.000000 0.000000 0.000000 -0.875489 0.483238
34.716000000 -10.559570 2.987721 0.000000 0.000000 0.000000 -0.875906 0.482481
34.749000000 -10.538716 3.020368 0.000000 0.000000 0.000000 -0.876257 0.481845
34.782000000 -10.530076 3.064303 0.000000 0.000000 0.000000 -0.876538 0.481332
34.815000000 -10.508736 3.097640 0.000000 0.000000 0.000000 -0.876748 0.480949
34.848000000 -10.475416 3.176867 0.000000 0.000000 0.000000 -0.876886 0.480699
34.881000000 -10.453146 3.211539 0.000000 0.000000 0.000000 -0.876947 0.480587
34.914000000 -10.430597 3.246470 0.000000 0.000000 0.000000 -0.876930 0.480619
34.947000000 -10.421277 3.291657 0.000000 0.000000 0.000000 -0.876831 0.480798
34.980000000 -10.398572 3.327004 0.000000 0.000000 0.000000 -0.876649 0.481131
35.013000000 -10.375615 3.362626 0.000000 0.000000 0.000000 -0.876378 0.481624
35.046000000 -10.361538 3.410051 0.000000 0.000000 0.000000 -0.876016 0.482281
35.079000000 -10.338048 3.446873 0.000000 0.000000 0.000000 -0.875559 0.483111
35.112000000 -10.314342 3.483990 0.000000 0.000000 0.000000 -0.875003 0.484118
35.145000000 -10.290434 3.521409 0.000000 0.000000 0.000000 -0.874343 0.485309
35.178000000 -10.266339 3.559136 0.000000 0.000000 0.000000 -0.873573 0.486692
35.211000000 -10.302850 3.530235 0.000000 0.000000 0.000000 -0.872691 0.488273
35.244000000 -10.279499 3.567922 0.000000 0.000000 0.000000 -0.871699 0.490042
35.277000000 -10.237341 3.653369 0.000000 0.000000 0.000000 -0.870605 0.491983
35.310000000 -10.213481 3.692682 0.000000 0.000000 0.000000 -0.869416 0.494081
35.343000000 -10.173531 3.777996 0.000000 0.000000 0.000000 -0.868140 0.496319
35.376000000 -10.149816 3.818021 0.000000 0.000000 0.000000 -0.866785 0.498683
35.409000000 -10.126075 3.858442 0.000000 0.000000 0.000000 -0.865356 0.501158
35.442000000 -10.103795 3.907096 0.000000 0.000000 0.000000 -0.863861 0.503731
35.475000000 -10.079903 3.949129 0.000000 0.000000 0.000000 -0.862306 0.506387
35.508000000 -10.056050 3.991595 0.000000 0.000000 0.000000 -0.860698 0.509116
35.541000000 -10.033460 4.037185 0.000000 0.000000 0.000000 -0.859043 0.511903
35.574000000 -10.010047 4.080332 0.000000 0.000000 0.000000 -0.857348 0.514738
35.607000000 -9.986723 4.123936 0.000000 0.000000 0.000000 -0.855617 0.517610
35.640000000 -9.963503 4.168005 0.000000 0.000000 0.000000 -0.853857 0.520508
35.673000000 -9.963604 4.169692 0.000000 0.000000 0.000000 -0.852073 0.523422
35.706000000 -9.941098 4.214059 0.000000 0.000000 0.000000 -0.850272 0.526344
35.739000000 -9.891645 4.304658 0.000000 0.000000 0.000000 -0.848457 0.529264
35.772000000 -9.869360 4.350164 0.000000 0.000000 0.000000 -0.846634 0.532175
35.805000000 -9.847233 4.396156 0.000000 0.000000 0.000000 -0.844809 0.535068
35.838000000 -9.825272 4.442634 0.000000 0.000000 0.000000 -0.842984 0.537938
35.871000000 -9.819561 4.442736 0.000000 0.000000 0.000000 -0.841166 0.540776
35.904000000 -9.798173 4.489665 0.000000 0.000000 0.000000 -0.839359 0.543577
35.937000000 -9.776961 4.537080 0.000000 0.000000 0.000000 -0.837569 0.546332
35.970000000 -9.747021 4.583049 0.000000 0.000000 0.000000 -0.835798 0.549037
36.003000000 -9.726273 4.631056 0.000000 0.000000 0.000000 -0.834053 0.551684
36.036000000 -9.673444 4.724054 0.000000 0.000000 0.000000 -0.832336 0.554271
36.069000000 -9.653159 4.772658 0.000000 0.000000 0.000000 -0.830651 0.556793
36.102000000 -9.633043 4.821730 0.000000 0.000000 0.000000 -0.829002 0.559246
36.135000000 -9.598738 4.866210 0.000000 0.000000 0.000000 -0.827390 0.561628
36.168000000 -9.579180 4.915511 0.000000 0.000000 0.000000 -0.825818 0.563937
36.201000000 -9.559778 4.965268 0.000000 0.000000 0.000000 -0.824289 0.566170
36.234000000 -9.524055 5.009721 0.000000 0.000000 0.000000 -0.822804 0.568326
36.267000000 -9.505190 5.059624 0.000000 0.000000 0.000000 -0.821364 0.570404
36.300000000 -9.486464 5.109968 0.000000 0.000000 0.000000 -0.819972 0.572404
36.366000000 -9.432773 5.203270 0.000000 0.000000 0.000000 -0.817331 0.576169
36.399000000 -9.414808 5.253729 0.000000 0.000000 0.000000 -0.816084 0.577933
36.432000000 -9.396957 5.304608 0.000000 0.000000 0.000000 -0.814887 0.579620
36.465000000 -9.379212 5.355903 0.000000 0.000000 0.000000 -0.813739 0.581230
36.498000000 -9.379177 5.295503 0.000000 0.000000 0.000000 -0.812641 0.582765
36.564000000 -9.295111 5.484403 0.000000 0.000000 0.000000 -0.799121 0.601170
36.597000000 -9.278672 5.534331 0.000000 0.000000 0.000000 -0.809641 0.586925
36.630000000 -9.262276 5.584589 0.000000 0.000000 0.000000 -0.808738 0.588170
36.663000000 -9.235121 5.580937 0.000000 0.000000 0.000000 -0.807881 0.589346
36.696000000 -9.219053 5.631114 0.000000 0.000000 0.000000 -0.807071 0.590455
36.729000000 -9.203036 5.681653 0.000000 0.000000 0.000000 -0.806306 0.591499
36.762000000 -9.187064 5.732550 0.000000 0.000000 0.000000 -0.805585 0.592481
36.795000000 -9.162624 5.726441 0.000000 0.000000 0.000000 -0.804907 0.593401
36.828000000 -9.146944 5.777154 0.000000 0.000000 0.000000 -0.804271 0.594263
36.861000000 -9.091228 5.871253 0.000000 0.000000 0.000000 -0.803675 0.595068
36.894000000 -9.075821 5.921823 0.000000 0.000000 0.000000 -0.803119 0.595819
36.927000000 -9.060430 5.972723 0.000000 0.000000 0.000000 -0.802601 0.596516
36.960000000 -9.021333 6.014495 0.000000 0.000000 0.000000 -0.802120 0.597163
36.993000000 -9.006364 6.064562 0.000000 0.000000 0.000000 -0.801674 0.597762
37.026000000 -8.991397 6.114936 0.000000 0.000000 0.000000 -0.801262 0.598314
37.059000000 -8.951947 6.157578 0.000000 0.000000 0.000000 -0.800883 0.598821
37.092000000 -8.937264 6.207434 0.000000 0.000000 0.000000 -0.800535 0.599286
37.125000000 -8.922572 6.257577 0.000000 0.000000 0.000000 -0.800217 0.599711
37.158000000 -8.881838 6.302122 0.000000 0.000000 0.000000 -0.799927 0.600097
37.191000000 -8.867235 6.352296 0.000000 0.000000 0.000000 -0.799665 0.600447
37.224000000 -8.852610 6.402746 0.000000 0.000000 0.000000 -0.799428 0.600762
37.257000000 -8.837960 6.453472 0.000000 0.000000 0.000000 -0.799216 0.601044
37.290000000 -8.811173 6.447887 0.000000 0.000000 0.000000 -0.799027 0.601295
37.323000000 -8.796620 6.498448 0.000000 0.000000 0.000000 -0.798860 0.601517
37.356000000 -8.782032 6.549271 0.000000 0.000000 0.000000 -0.798713 0.601712
37.389000000 -8.740353 6.593923 0.000000 0.000000 0.000000 -0.798587 0.601880
37.422000000 -8.725837 6.644631 0.000000 0.000000 0.000000 -0.798478 0.602024
37.455000000 -8.669740 6.739707 0.000000 0.000000 0.000000 -0.798387 0.602145
37.488000000 -8.655277 6.790357 0.000000 0.000000 0.000000 -0.798312 0.602245
37.521000000 -8.640767 6.841248 0.000000 0.000000 0.000000 -0.798253 0.602322
37.554000000 -8.600253 6.883532 0.000000 0.000000 0.000000 -0.798212 0.602377
37.587000000 -8.585982 6.933616 0.000000 0.000000 0.000000 -0.798187 0.602410
37.620000000 -8.571662 6.983920 0.000000 0.000000 0.000000 -0.798179 0.602421
37.653000000 -8.531416 7.024329 0.000000 0.000000 0.000000 -0.798187 0.602410
37.686000000 -8.517411 7.073495 0.000000 0.000000 0.000000 -0.798212 0.602377
37.719000000 -8.503354 7.122851 0.000000 0.000000 0.000000 -0.798253 0.602322
37.752000000 -8.464361 7.160678 0.000000 0.000000 0.000000 -0.798311 0.602246
37.785000000 -8.450735 7.208434 0.000000 0.000000 0.000000 -0.798384 0.602149
37.818000000 -8.437059 7.256347 0.000000 0.000000 0.000000 -0.798473 0.602030
37.851000000 -8.398586 7.293790 0.000000 0.000000 0.000000 -0.798577 0.601892
37.884000000 -8.385261 7.340334 0.000000 0.000000 0.000000 -0.798697 0.601734
37.917000000 -8.371887 7.387004 0.000000 0.000000 0.000000 -0.798831 0.601556
37.950000000 -8.358461 7.433800 0.000000 0.000000 0.000000 -0.798979 0.601359
37.983000000 -8.334309 7.423378 0.000000 0.000000 0.000000 -0.799142 0.601143
38.016000000 -8.321250 7.468668 0.000000 0.000000 0.000000 -0.799318 0.600909
38.049000000 -8.271533 7.549699 0.000000 0.000000 0.000000 -0.799507 0.600657
38.082000000 -8.258756 7.593809 0.000000 0.000000 0.000000 -0.799709 0.600387
38.115000000 -8.245933 7.637990 0.000000 0.000000 0.000000 -0.799924 0.600101
38.148000000 -8.209517 7.672750 0.000000 0.000000 0.000000 -0.800151 0.599799
38.181000000 -8.196966 7.715730 0.000000 0.000000 0.000000 -0.800390 0.599480
38.214000000 -8.184371 7.758756 0.000000 0.000000 0.000000 -0.800640 0.599146
38.247000000 -8.148454 7.792770 0.000000 0.000000 0.000000 -0.800901 0.598797
38.280000000 -8.136101 7.834682 0.000000 0.000000 0.000000 -0.801173 0.598433
38.313000000 -8.123706 7.876617 0.000000 0.000000 0.000000 -0.801455 0.598055
38.346000000 -8.087992 7.909962 0.000000 0.000000 0.000000 -0.801747 0.597663
38.379000000 -8.075802 7.950893 0.000000 0.000000 0.000000 -0.802049 0.597258
38.412000000 -8.063571 7.991826 0.000000 0.000000 0.000000 -0.802361 0.596840
38.445000000 -8.027711 8.024073 0.000000 0.000000 0.000000 -0.802681 0.596409
38.478000000 -8.015680 8.064010 0.000000 0.000000 0.000000 -0.803010 0.595966
38.511000000 -8.003611 8.103931 0.000000 0.000000 0.000000 -0.803347 0.595511
38.544000000 -7.967621 8.135818 0.000000 0.000000 0.000000 -0.803693 0.595044
38.577000000 -7.955693 8.174929 0.000000 0.000000 0.000000 -0.804046 0.594567
38.610000000 -7.943729 8.214009 0.000000 0.000000 0.000000 -0.804407 0.594078
38.643000000 -7.907209 8.245161 0.000000 0.000000 0.000000 -0.804775 0.593579
38.676000000 -7.895359 8.283513 0.000000 0.000000 0.000000 -0.805151 0.593070
38.709000000 -7.883475 8.321820 0.000000 0.000000 0.000000 -0.805533 0.592551
38.742000000 -7.871554 8.360082 0.000000 0.000000 0.000000 -0.805922 0.592022
38.775000000 -7.847317 8.351436 0.000000 0.000000 0.000000 -0.806317 0.591484
38.808000000 -7.835551 8.388825 0.000000 0.000000 0.000000 -0.806718 0.590937
38.841000000 -7.787969 8.454906 0.000000 0.000000 0.000000 -0.807125 0.590381
38.874000000 -7.776382 8.491374 0.000000 0.000000 0.000000 -0.807538 0.589816
38.907000000 -7.764767 8.527768 0.000000 0.000000 0.000000 -0.807956 0.589243
38.940000000 -7.753123 8.564085 0.000000 0.000000 0.000000 -0.808380 0.588661
38.973000000 -7.728716 8.556036 0.000000 0.000000 0.000000 -0.808809 0.588072
39.006000000 -7.717161 8.591699 0.000000 0.000000 0.000000 -0.809243 0.587474
39.039000000 -7.671078 8.653211 0.000000 0.000000 0.000000 -0.809682 0.586869
39.072000000 -7.659802 8.687659 0.000000 0.000000 0.000000 -0.810125 0.586257
39.105000000 -7.648506 8.722002 0.000000 0.000000 0.000000 -0.810574 0.585637
39.138000000 -7.614015 8.748015 0.000000 0.000000 0.000000 -0.811026 0.585009
39.171000000 -7.602863 8.781564 0.000000 0.000000 0.000000 -0.811502 0.584350
39.204000000 -7.591692 8.814996 0.000000 0.000000 0.000000 -0.812042 0.583599
39.237000000 -7.558853 8.838493 0.000000 0.000000 0.000000 -0.812650 0.582752
39.270000000 -7.547956 8.870677 0.000000 0.000000 0.000000 -0.813323 0.581812
39.303000000 -7.537026 8.902717 0.000000 0.000000 0.000000 -0.814061 0.580780
39.336000000 -7.507910 8.923264 0.000000 0.000000 0.000000 -0.814863 0.579653
39.369000000 -7.497423 8.953477 0.000000 0.000000 0.000000 -0.815730 0.578434
39.402000000 -7.486898 8.983511 0.000000 0.000000 0.000000 -0.816654 0.577127
39.435000000 -7.458793 9.004534 0.000000 0.000000 0.000000 -0.817631 0.575743
39.468000000 -7.448499 9.033298 0.000000 0.000000 0.000000 -0.818653 0.574288
39.534000000 -7.427783 9.090220 0.000000 0.000000 0.000000 -0.820816 0.571192
39.567000000 -7.408777 9.086304 0.000000 0.000000 0.000000 -0.821948 0.569562
39.633000000 -7.387335 9.143131 0.000000 0.000000 0.000000 -0.824294 0.566161
39.666000000 -7.359757 9.165943 0.000000 0.000000 0.000000 -0.825502 0.564400
39.699000000 -7.348906 9.193807 0.000000 0.000000 0.000000 -0.826727 0.562603
39.732000000 -7.337997 9.221471 0.000000 0.000000 0.000000 -0.827969 0.560774
39.765000000 -7.327027 9.248933 0.000000 0.000000 0.000000 -0.829224 0.558916
39.798000000 -7.313080 9.241194 0.000000 0.000000 0.000000 -0.830490 0.557034
39.831000000 -7.302230 9.267654 0.000000 0.000000 0.000000 -0.831764 0.555129
39.864000000 -7.268304 9.312685 0.000000 0.000000 0.000000 -0.833045 0.553205
39.897000000 -7.257724 9.337826 0.000000 0.000000 0.000000 -0.834331 0.551263
39.930000000 -7.247105 9.362736 0.000000 0.000000 0.000000 -0.835620 0.549308
39.963000000 -7.236447 9.387418 0.000000 0.000000 0.000000 -0.836910 0.547340
39.996000000 -7.224757 9.379996 0.000000 0.000000 0.000000 -0.838200 0.545362
40.029000000 -7.214255 9.403695 0.000000 0.000000 0.000000 -0.839489 0.543376
40.062000000 -7.183055 9.443597 0.000000 0.000000 0.000000 -0.840775 0.541384
40.095000000 -7.172876 9.465993 0.000000 0.000000 0.000000 -0.842057 0.539388
40.128000000 -7.162685 9.488137 0.000000 0.000000 0.000000 -0.843335 0.537389
40.161000000 -7.142738 9.504452 0.000000 0.000000 0.000000 -0.844606 0.535388
40.194000000 -7.132683 9.525764 0.000000 0.000000 0.000000 -0.845871 0.533387
40.227000000 -7.122628 9.546819 0.000000 0.000000 0.000000 -0.847129 0.531388
40.260000000 -7.112575 9.567617 0.000000 0.000000 0.000000 -0.848378 0.529391
40.293000000 -7.103461 9.562564 0.000000 0.000000 0.000000 -0.849619 0.527397
40.326000000 -7.093419 9.582848 0.000000 0.000000 0.000000 -0.850851 0.525408
40.359000000 -7.065722 9.618209 0.000000 0.000000 0.000000 -0.852072 0.523424
40.392000000 -7.055902 9.637588 0.000000 0.000000 0.000000 -0.853284 0.521446
40.425000000 -7.046101 9.656707 0.000000 0.000000 0.000000 -0.854485 0.519475
40.458000000 -7.036324 9.675567 0.000000 0.000000 0.000000 -0.855676 0.517512
40.491000000 -7.026572 9.694169 0.000000 0.000000 0.000000 -0.856855 0.515557
40.524000000 -6.998363 9.715131 0.000000 0.000000 0.000000 -0.847383 0.530982
40.557000000 -6.989896 9.732580 0.000000 0.000000 0.000000 -0.848583 0.529063
40.590000000 -6.980876 9.749348 0.000000 0.000000 0.000000 -0.860325 0.509746
40.623000000 -6.971891 9.765702 0.000000 0.000000 0.000000 -0.861458 0.507828
40.656000000 -6.962906 9.765842 0.000000 0.000000 0.000000 -0.862580 0.505921
40.689000000 -6.954009 9.781727 0.000000 0.000000 0.000000 -0.863689 0.504025
40.722000000 -6.945215 9.797248 0.000000 0.000000 0.000000 -0.864787 0.502139
40.755000000 -6.936528 9.812408 0.000000 0.000000 0.000000 -0.865873 0.500265
40.788000000 -6.931395 9.808824 0.000000 0.000000 0.000000 -0.866946 0.498401
40.821000000 -6.922761 9.823626 0.000000 0.000000 0.000000 -0.868009 0.496549
40.854000000 -6.901693 9.848656 0.000000 0.000000 0.000000 -0.869059 0.494709
40.887000000 -6.893515 9.862405 0.000000 0.000000 0.000000 -0.870097 0.492880
40.920000000 -6.885460 9.875800 0.000000 0.000000 0.000000 -0.871125 0.491062
40.953000000 -6.877532 9.888843 0.000000 0.000000 0.000000 -0.872140 0.489256
40.986000000 -6.873792 9.884678 0.000000 0.000000 0.000000 -0.873145 0.487461
41.019000000 -6.866070 9.897182 0.000000 0.000000 0.000000 -0.874138 0.485678
41.052000000 -6.847458 9.917829 0.000000 0.000000 0.000000 -0.875120 0.483906
41.085000000 -6.840226 9.929327 0.000000 0.000000 0.000000 -0.876091 0.482146
41.118000000 -6.833136 9.940482 0.000000 0.000000 0.000000 -0.877051 0.480396
41.151000000 -6.822616 9.947523 0.000000 0.000000 0.000000 -0.878001 0.478658
41.184000000 -6.815887 9.957940 0.000000 0.000000 0.000000 -0.878941 0.476930
41.217000000 -6.809311 9.968018 0.000000 0.000000 0.000000 -0.879871 0.475213
41.250000000 -6.799289 9.974682 0.000000 0.000000 0.000000 -0.880790 0.473507
41.283000000 -6.792994 9.984180 0.000000 0.000000 0.000000 -0.881700 0.471811
41.316000000 -6.786860 9.993344 0.000000 0.000000 0.000000 -0.882600 0.470124
41.349000000 -6.777532 9.998367 0.000000 0.000000 0.000000 -0.883491 0.468448
41.382000000 -6.771787 10.006824 0.000000 0.000000 0.000000 -0.884373 0.466781
41.415000000 -6.766210 10.014952 0.000000 0.000000 0.000000 -0.885246 0.465124
41.448000000 -6.757460 10.019762 0.000000 0.000000 0.000000 -0.886110 0.463476
41.481000000 -6.752176 10.027353 0.000000 0.000000 0.000000 -0.886965 0.461836
41.514000000 -6.747069 10.034621 0.000000 0.000000 0.000000 -0.887813 0.460204
41.547000000 -6.742143 10.041567 0.000000 0.000000 0.000000 -0.888653 0.458580
41.580000000 -6.737398 10.048194 0.000000 0.000000 0.000000 -0.889486 0.456962
41.613000000 -6.738632 10.037998 0.000000 0.000000 0.000000 -0.890312 0.455350
41.646000000 -6.721536 10.053491 0.000000 0.000000 0.000000 -0.891132 0.453743
41.679000000 -6.717328 10.059266 0.000000 0.000000 0.000000 -0.891946 0.452141
41.712000000 -6.713313 10.064728 0.000000 0.000000 0.000000 -0.892754 0.450543
41.745000000 -6.709493 10.069879 0.000000 0.000000 0.000000 -0.893557 0.448949
41.778000000 -6.705936 10.066264 0.000000 0.000000 0.000000 -0.894355 0.447358
41.811000000 -6.702254 10.071170 0.000000 0.000000 0.000000 -0.895148 0.445769
41.844000000 -6.692322 10.076152 0.000000 0.000000 0.000000 -0.895937 0.444182
41.877000000 -6.689274 10.080154 0.000000 0.000000 0.000000 -0.896721 0.442596
41.910000000 -6.686434 10.083853 0.000000 0.000000 0.000000 -0.897501 0.441012
41.943000000 -6.680799 10.083377 0.000000 0.000000 0.000000 -0.898278 0.439428
41.976000000 -6.678382 10.086481 0.000000 0.000000 0.000000 -0.899050 0.437845
42.009000000 -6.676181 10.089288 0.000000 0.000000 0.000000 -0.899819 0.436263
42.042000000 -6.674195 10.091798 0.000000 0.000000 0.000000 -0.900585 0.434679
42.075000000 -6.671030 10.088017 0.000000 0.000000 0.000000 -0.901348 0.433096
42.108000000 -6.669216 10.090281 0.000000 0.000000 0.000000 -0.902107 0.431512
42.141000000 -6.662911 10.090248 0.000000 0.000000 0.000000 -0.902864 0.429927
42.174000000 -6.661691 10.091749 0.000000 0.000000 0.000000 -0.903617 0.428341
42.207000000 -6.660698 10.092962 0.000000 0.000000 0.000000 -0.904368 0.426754
42.240000000 -6.657191 10.089409 0.000000 0.000000 0.000000 -0.905116 0.425166
42.273000000 -6.656717 10.089981 0.000000 0.000000 0.000000 -0.905860 0.423576
42.306000000 -6.656476 10.090269 0.000000 0.000000 0.000000 -0.906603 0.421985
42.339000000 -6.653358 10.086067 0.000000 0.000000 0.000000 -0.907342 0.420393
42.372000000 -6.653562 10.085826 0.000000 0.000000 0.000000 -0.908078 0.418800
42.405000000 -6.654006 10.085305 0.000000 0.000000 0.000000 -0.908812 0.417205
42.438000000 -6.651421 10.080185 0.000000 0.000000 0.000000 -0.909543 0.415610
42.471000000 -6.652306 10.079163 0.000000 0.000000 0.000000 -0.910271 0.414013
42.504000000 -6.653436 10.077866 0.000000 0.000000 0.000000 -0.910996 0.412414
42.537000000 -6.651434 10.072060 0.000000 0.000000 0.000000 -0.911719 0.410815
42.570000000 -6.652979 10.070313 0.000000 0.000000 0.000000 -0.912438 0.409214
42.603000000 -6.654774 10.068297 0.000000 0.000000 0.000000 -0.913155 0.407612
42.636000000 -6.651592 10.064057 0.000000 0.000000 0.000000 -0.913869 0.406009
42.669000000 -6.653307 10.062158 0.000000 0.000000 0.000000 -0.914580 0.404405
42.702000000 -6.655274 10.059995 0.000000 0.000000 0.000000 -0.915288 0.402799
42.735000000 -6.651994 10.056180 0.000000 0.000000 0.000000 -0.915994 0.401192
42.768000000 -6.653765 10.054259 0.000000 0.000000 0.000000 -0.916696 0.399584
42.801000000 -6.650981 10.049979 0.000000 0.000000 0.000000 -0.909788 0.415074
42.834000000 -6.652460 10.048275 0.000000 0.000000 0.000000 -0.910514 0.413477
42.867000000 -6.654181 10.046305 0.000000 0.000000 0.000000 -0.911238 0.411879
42.933000000 -6.658531 10.041732 0.000000 0.000000 0.000000 -0.920167 0.391527
42.966000000 -6.652896 10.040336 0.000000 0.000000 0.000000 -0.920852 0.389912
42.999000000 -6.654719 10.038455 0.000000 0.000000 0.000000 -0.921535 0.388295
43.032000000 -6.656794 10.036329 0.000000 0.000000 0.000000 -0.922215 0.386678
43.065000000 -6.659122 10.033959 0.000000 0.000000 0.000000 -0.922892 0.385059
43.098000000 -6.653402 10.032564 0.000000 0.000000 0.000000 -0.923566 0.383440
43.131000000 -6.655209 10.030750 0.000000 0.000000 0.000000 -0.924237 0.381819
43.164000000 -6.654044 10.024263 0.000000 0.000000 0.000000 -0.924905 0.380197
43.197000000 -6.655925 10.022401 0.000000 0.000000 0.000000 -0.925571 0.378574
43.230000000 -6.658054 10.020310 0.000000 0.000000 0.000000 -0.926234 0.376950
43.263000000 -6.654330 10.016271 0.000000 0.000000 0.000000 -0.926893 0.375325
43.296000000 -6.656144 10.014513 0.000000 0.000000 0.000000 -0.927550 0.373698
43.329000000 -6.658201 10.012535 0.000000 0.000000 0.000000 -0.928204 0.372071
43.362000000 -6.660500 10.010338 0.000000 0.000000 0.000000 -0.928856 0.370442
43.395000000 -6.654953 10.008171 0.000000 0.000000 0.000000 -0.929504 0.368812
43.428000000 -6.656805 10.006427 0.000000 0.000000 0.000000 -0.930149 0.367181
43.461000000 -6.658892 10.004474 0.000000 0.000000 0.000000 -0.930792 0.365550
43.494000000 -6.655328 10.000319 0.000000 0.000000 0.000000 -0.931432 0.363917
43.527000000 -6.657118 9.998669 0.000000 0.000000 0.000000 -0.932068 0.362282
43.560000000 -6.656472 9.992390 0.000000 0.000000 0.000000 -0.932702 0.360647
43.593000000 -6.658348 9.990684 0.000000 0.000000 0.000000 -0.933333 0.359011
43.626000000 -6.660450 9.988785 0.000000 0.000000 0.000000 -0.933961 0.357374
43.659000000 -6.662779 9.986695 0.000000 0.000000 0.000000 -0.934587 0.355735
43.692000000 -6.657210 9.984763 0.000000 0.000000 0.000000 -0.935209 0.354096
43.725000000 -6.659010 9.983171 0.000000 0.000000 0.000000 -0.935829 0.352456
43.758000000 -6.657842 9.977120 0.000000 0.000000 0.000000 -0.936445 0.350814
43.791000000 -6.659599 9.975588 0.000000 0.000000 0.000000 -0.937059 0.349172
43.824000000 -6.658504 9.969493 0.000000 0.000000 0.000000 -0.931700 0.363229
43.857000000 -6.660254 9.967883 0.000000 0.000000 0.000000 -0.932335 0.361595
43.890000000 -6.662259 9.966157 0.000000 0.000000 0.000000 -0.938882 0.344238
43.923000000 -6.664478 9.964276 0.000000 0.000000 0.000000 -0.939485 0.342591
43.956000000 -6.666907 9.962231 0.000000 0.000000 0.000000 -0.940084 0.340944
43.989000000 -6.660178 9.961413 0.000000 0.000000 0.000000 -0.940680 0.339295
44.022000000 -6.662021 9.959884 0.000000 0.000000 0.000000 -0.941273 0.337645
44.055000000 -6.661686 9.953620 0.000000 0.000000 0.000000 -0.941864 0.335995
44.088000000 -6.663574 9.952076 0.000000 0.000000 0.000000 -0.942451 0.334343
44.121000000 -6.665654 9.950387 0.000000 0.000000 0.000000 -0.943036 0.332690
44.154000000 -6.663650 9.945153 0.000000 0.000000 0.000000 -0.943618 0.331037
44.187000000 -6.665698 9.943514 0.000000 0.000000 0.000000 -0.944197 0.329382
44.220000000 -6.667933 9.941737 0.000000 0.000000 0.000000 -0.944773 0.327727
44.253000000 -6.670357 9.939825 0.000000 0.000000 0.000000 -0.945346 0.326070
44.286000000 -6.665473 9.936977 0.000000 0.000000 0.000000 -0.945916 0.324413
44.319000000 -6.666660 9.929459 0.000000 0.000000 0.000000 -0.941115 0.338087
44.352000000 -6.668563 9.927888 0.000000 0.000000 0.000000 -0.941706 0.336438
44.385000000 -6.670680 9.926245 0.000000 0.000000 0.000000 -0.947608 0.319434
44.418000000 -6.672980 9.924495 0.000000 0.000000 0.000000 -0.948167 0.317773
44.451000000 -6.675454 9.922625 0.000000 0.000000 0.000000 -0.948722 0.316111
44.484000000 -6.669312 9.920980 0.000000 0.000000 0.000000 -0.949275 0.314448
44.517000000 -6.671273 9.919520 0.000000 0.000000 0.000000 -0.949824 0.312784
44.550000000 -6.673395 9.917952 0.000000 0.000000 0.000000 -0.950371 0.311119
44.583000000 -6.671043 9.913491 0.000000 0.000000 0.000000 -0.950915 0.309453
44.616000000 -6.672913 9.912130 0.000000 0.000000 0.000000 -0.951456 0.307786
44.649000000 -6.674934 9.910668 0.000000 0.000000 0.000000 -0.951994 0.306118
44.682000000 -6.673141 9.905381 0.000000 0.000000 0.000000 -0.952528 0.304450
44.715000000 -6.675119 9.903972 0.000000 0.000000 0.000000 -0.953060 0.302780
44.748000000 -6.677243 9.902470 0.000000 0.000000 0.000000 -0.953590 0.301110
44.781000000 -6.675355 9.897389 0.000000 0.000000 0.000000 -0.954116 0.299438
44.814000000 -6.677354 9.895997 0.000000 0.000000 0.000000 -0.954639 0.297766
44.847000000 -6.677999 9.889306 0.000000 0.000000 0.000000 -0.955159 0.296093
44.880000000 -6.680076 9.887880 0.000000 0.000000 0.000000 -0.955676 0.294419
44.913000000 -6.682292 9.886371 0.000000 0.000000 0.000000 -0.956191 0.292744
44.946000000 -6.680106 9.881501 0.000000 0.000000 0.000000 -0.956702 0.291069
44.979000000 -6.682070 9.880184 0.000000 0.000000 0.000000 -0.957211 0.289392
45.012000000 -6.684162 9.878791 0.000000 0.000000 0.000000 -0.957716 0.287715
45.045000000 -6.682054 9.873630 0.000000 0.000000 0.000000 -0.958219 0.286037
45.078000000 -6.683961 9.872380 0.000000 0.000000 0.000000 -0.958718 0.284358
45.111000000 -6.685988 9.871060 0.000000 0.000000 0.000000 -0.959215 0.282678
45.144000000 -6.688137 9.869672 0.000000 0.000000 0.000000 -0.959709 0.280997
45.177000000 -6.684179 9.865262 0.000000 0.000000 0.000000 -0.960199 0.279316
45.210000000 -6.686155 9.864006 0.000000 0.000000 0.000000 -0.960687 0.277633
45.243000000 -6.688245 9.862686 0.000000 0.000000 0.000000 -0.961172 0.275950
45.276000000 -6.686612 9.857345 0.000000 0.000000 0.000000 -0.961654 0.274266
45.309000000 -6.687663 9.849900 0.000000 0.000000 0.000000 -0.957986 0.286815
45.342000000 -6.689572 9.848643 0.000000 0.000000 0.000000 -0.958487 0.285137
45.375000000 -6.691613 9.847368 0.000000 0.000000 0.000000 -0.963082 0.269210
45.408000000 -6.693772 9.846058 0.000000 0.000000 0.000000 -0.963552 0.267523
45.441000000 -6.691346 9.841060 0.000000 0.000000 0.000000 -0.964019 0.265835
45.474000000 -6.693298 9.839895 0.000000 0.000000 0.000000 -0.964483 0.264146
45.507000000 -6.694943 9.838923 0.000000 0.000000 0.000000 -0.964944 0.262457
45.540000000 -6.693650 9.833035 0.000000 0.000000 0.000000 -0.965402 0.260766
45.573000000 -6.695460 9.831980 0.000000 0.000000 0.000000 -0.965857 0.259075
45.606000000 -6.697274 9.830931 0.000000 0.000000 0.000000 -0.966309 0.257384
45.639000000 -6.695689 9.825361 0.000000 0.000000 0.000000 -0.966758 0.255691
45.672000000 -6.697395 9.824391 0.000000 0.000000 0.000000 -0.967205 0.253998
45.705000000 -6.699105 9.823426 0.000000 0.000000 0.000000 -0.967648 0.252304
45.738000000 -6.700817 9.822467 0.000000 0.000000 0.000000 -0.968088 0.250610
45.771000000 -6.697630 9.817608 0.000000 0.000000 0.000000 -0.968526 0.248914
45.804000000 -6.698647 9.810018 0.000000 0.000000 0.000000 -0.965420 0.260700
45.837000000 -6.700477 9.808952 0.000000 0.000000 0.000000 -0.965875 0.259010
45.870000000 -6.702329 9.807921 0.000000 0.000000 0.000000 -0.969820 0.243824
45.903000000 -6.704195 9.806919 0.000000 0.000000 0.000000 -0.970245 0.242125
45.936000000 -6.702338 9.801394 0.000000 0.000000 0.000000 -0.970667 0.240426
45.969000000 -6.704049 9.800491 0.000000 0.000000 0.000000 -0.971087 0.238727
46.002000000 -6.705762 9.799594 0.000000 0.000000 0.000000 -0.971503 0.237027
46.035000000 -6.707479 9.798702 0.000000 0.000000 0.000000 -0.971917 0.235325
46.068000000 -6.704695 9.793580 0.000000 0.000000 0.000000 -0.972327 0.233624
46.101000000 -6.706429 9.792695 0.000000 0.000000 0.000000 -0.972735 0.231921
46.134000000 -6.707047 9.785747 0.000000 0.000000 0.000000 -0.973139 0.230218
46.167000000 -6.708778 9.784879 0.000000 0.000000 0.000000 -0.973540 0.228515
46.233000000 -6.712251 9.783160 0.000000 0.000000 0.000000 -0.974334 0.225105
46.266000000 -6.713991 9.782310 0.000000 0.000000 0.000000 -0.974727 0.223400
46.299000000 -6.709425 9.778133 0.000000 0.000000 0.000000 -0.975116 0.221693
46.332000000 -6.711137 9.777312 0.000000 0.000000 0.000000 -0.975503 0.219986
46.365000000 -6.712330 9.770169 0.000000 0.000000 0.000000 -0.975886 0.218279
46.431000000 -6.716006 9.768445 0.000000 0.000000 0.000000 -0.976644 0.214862
46.464000000 -6.714919 9.762546 0.000000 0.000000 0.000000 -0.977019 0.213152
46.497000000 -6.716682 9.761738 0.000000 0.000000 0.000000 -0.977390 0.211442
46.530000000 -6.718447 9.760937 0.000000 0.000000 0.000000 -0.977759 0.209732
46.563000000 -6.717880 9.754803 0.000000 0.000000 0.000000 -0.978124 0.208020
46.596000000 -6.719704 9.753990 0.000000 0.000000 0.000000 -0.978487 0.206309
46.629000000 -6.720246 9.747445 0.000000 0.000000 0.000000 -0.976161 0.217050
46.662000000 -6.721956 9.746669 0.000000 0.000000 0.000000 -0.979203 0.202883
46.695000000 -6.723679 9.745923 0.000000 0.000000 0.000000 -0.979556 0.201169
46.728000000 -6.725404 9.745183 0.000000 0.000000 0.000000 -0.979907 0.199455
46.761000000 -6.722953 9.740251 0.000000 0.000000 0.000000 -0.980254 0.197740
46.794000000 -6.724594 9.739561 0.000000 0.000000 0.000000 -0.980599 0.196025
46.827000000 -6.726236 9.738877 0.000000 0.000000 0.000000 -0.980940 0.194309
46.860000000 -6.725585 9.732891 0.000000 0.000000 0.000000 -0.981279 0.192593
46.893000000 -6.727249 9.732212 0.000000 0.000000 0.000000 -0.981614 0.190876
46.926000000 -6.727899 9.725744 0.000000 0.000000 0.000000 -0.979540 0.201250
46.959000000 -6.729549 9.725057 0.000000 0.000000 0.000000 -0.982276 0.187440
46.992000000 -6.731210 9.724399 0.000000 0.000000 0.000000 -0.982602 0.185722
47.025000000 -6.732873 9.723746 0.000000 0.000000 0.000000 -0.982926 0.184003
47.058000000 -6.734539 9.723099 0.000000 0.000000 0.000000 -0.983246 0.182283
47.091000000 -6.731239 9.718061 0.000000 0.000000 0.000000 -0.983563 0.180563
47.124000000 -6.732984 9.717398 0.000000 0.000000 0.000000 -0.983878 0.178842
47.157000000 -6.733870 9.710521 0.000000 0.000000 0.000000 -0.984189 0.177121
47.190000000 -6.735548 9.709896 0.000000 0.000000 0.000000 -0.984497 0.175399
47.223000000 -6.737228 9.709278 0.000000 0.000000 0.000000 -0.984803 0.173677
47.256000000 -6.735976 9.703479 0.000000 0.000000 0.000000 -0.985105 0.171954
47.289000000 -6.737470 9.702940 0.000000 0.000000 0.000000 -0.985404 0.170231
47.322000000 -6.737510 9.696562 0.000000 0.000000 0.000000 -0.983630 0.180200
47.355000000 -6.738921 9.696043 0.000000 0.000000 0.000000 -0.985994 0.166783
47.388000000 -6.740340 9.695548 0.000000 0.000000 0.000000 -0.986284 0.165059
47.421000000 -6.741761 9.695058 0.000000 0.000000 0.000000 -0.986571 0.163334
47.454000000 -6.743184 9.694573 0.000000 0.000000 0.000000 -0.986855 0.161608
47.487000000 -6.739826 9.689656 0.000000 0.000000 0.000000 -0.987136 0.159882
47.520000000 -6.741153 9.689214 0.000000 0.000000 0.000000 -0.987414 0.158156
47.553000000 -6.742481 9.688778 0.000000 0.000000 0.000000 -0.987689 0.156429
47.586000000 -6.741977 9.682704 0.000000 0.000000 0.000000 -0.987961 0.154702
47.619000000 -6.743353 9.682262 0.000000 0.000000 0.000000 -0.988230 0.152974
47.652000000 -6.744032 9.675922 0.000000 0.000000 0.000000 -0.988496 0.151246
47.685000000 -6.745373 9.675502 0.000000 0.000000 0.000000 -0.988759 0.149517
47.718000000 -6.746716 9.675086 0.000000 0.000000 0.000000 -0.989019 0.147788
47.751000000 -6.748061 9.674674 0.000000 0.000000 0.000000 -0.989276 0.146059
47.784000000 -6.745479 9.669660 0.000000 0.000000 0.000000 -0.989530 0.144329
47.817000000 -6.746625 9.669318 0.000000 0.000000 0.000000 -0.989781 0.142599
47.850000000 -6.747867 9.662677 0.000000 0.000000 0.000000 -0.990028 0.140869
47.883000000 -6.749218 9.662285 0.000000 0.000000 0.000000 -0.990273 0.139138
47.916000000 -6.750570 9.661897 0.000000 0.000000 0.000000 -0.990515 0.137406
47.949000000 -6.750540 9.655504 0.000000 0.000000 0.000000 -0.990753 0.135674
47.982000000 -6.752010 9.655094 0.000000 0.000000 0.000000 -0.990989 0.133942
48.015000000 -6.753481 9.654689 0.000000 0.000000 0.000000 -0.991222 0.132210
48.048000000 -6.754953 9.654288 0.000000 0.000000 0.000000 -0.991451 0.130477
48.081000000 -6.753189 9.648609 0.000000 0.000000 0.000000 -0.991678 0.128744
48.114000000 -6.754651 9.648223 0.000000 0.000000 0.000000 -0.991901 0.127010
48.147000000 -6.756115 9.647841 0.000000 0.000000 0.000000 -0.992122 0.125276
48.180000000 -6.756074 9.641825 0.000000 0.000000 0.000000 -0.992339 0.123542
48.213000000 -6.757569 9.641446 0.000000 0.000000 0.000000 -0.992554 0.121808
48.246000000 -6.757839 9.635597 0.000000 0.000000 0.000000 -0.992765 0.120073
48.279000000 -6.759033 9.635304 0.000000 0.000000 0.000000 -0.992973 0.118337
48.312000000 -6.759573 9.629273 0.000000 0.000000 0.000000 -0.991875 0.127216
48.345000000 -6.760880 9.628940 0.000000 0.000000 0.000000 -0.993381 0.114866
48.378000000 -6.762192 9.628632 0.000000 0.000000 0.000000 -0.993580 0.113130
48.411000000 -6.763505 9.628329 0.000000 0.000000 0.000000 -0.993776 0.111393
48.444000000 -6.764820 9.628030 0.000000 0.000000 0.000000 -0.993970 0.109657
48.477000000 -6.763628 9.622086 0.000000 0.000000 0.000000 -0.994160 0.107920
48.510000000 -6.765140 9.621754 0.000000 0.000000 0.000000 -0.994347 0.106182
48.543000000 -6.766639 9.615352 0.000000 0.000000 0.000000 -0.994531 0.104445
48.576000000 -6.768121 9.615037 0.000000 0.000000 0.000000 -0.994712 0.102707
48.609000000 -6.769606 9.614727 0.000000 0.000000 0.000000 -0.994890 0.100969
48.642000000 -6.769690 9.608625 0.000000 0.000000 0.000000 -0.995065 0.099230
48.675000000 -6.771162 9.608328 0.000000 0.000000 0.000000 -0.995236 0.097491
48.708000000 -6.772636 9.608036 0.000000 0.000000 0.000000 -0.995405 0.095752
48.741000000 -6.772122 9.602446 0.000000 0.000000 0.000000 -0.995571 0.094013
48.774000000 -6.773402 9.602202 0.000000 0.000000 0.000000 -0.995734 0.092274
48.807000000 -6.773646 9.596539 0.000000 0.000000 0.000000 -0.994889 0.100979
48.840000000 -6.774871 9.596292 0.000000 0.000000 0.000000 -0.996050 0.088794
48.873000000 -6.776100 9.596071 0.000000 0.000000 0.000000 -0.996204 0.087054
48.906000000 -6.777330 9.595854 0.000000 0.000000 0.000000 -0.996354 0.085314
48.939000000 -6.777192 9.590278 0.000000 0.000000 0.000000 -0.996502 0.083573
48.972000000 -6.778416 9.590071 0.000000 0.000000 0.000000 -0.996646 0.081832
49.005000000 -6.779642 9.589868 0.000000 0.000000 0.000000 -0.996788 0.080091
49.038000000 -6.781170 9.583678 0.000000 0.000000 0.000000 -0.996926 0.078350
49.071000000 -6.782741 9.583429 0.000000 0.000000 0.000000 -0.997061 0.076609
49.104000000 -6.784314 9.583186 0.000000 0.000000 0.000000 -0.997194 0.074867
49.137000000 -6.783038 9.577844 0.000000 0.000000 0.000000 -0.997323 0.073125
49.170000000 -6.784140 9.577681 0.000000 0.000000 0.000000 -0.997449 0.071383
49.203000000 -6.785242 9.577522 0.000000 0.000000 0.000000 -0.997572 0.069641
49.236000000 -6.787012 9.571144 0.000000 0.000000 0.000000 -0.997692 0.067899
49.269000000 -6.788530 9.570936 0.000000 0.000000 0.000000 -0.997809 0.066156
49.302000000 -6.790048 9.570734 0.000000 0.000000 0.000000 -0.997923 0.064414
49.335000000 -6.789072 9.565077 0.000000 0.000000 0.000000 -0.998034 0.062671
49.368000000 -6.790189 9.564936 0.000000 0.000000 0.000000 -0.998142 0.060928
49.401000000 -6.791307 9.564799 0.000000 0.000000 0.000000 -0.998247 0.059185
49.434000000 -6.793238 9.558267 0.000000 0.000000 0.000000 -0.998349 0.057442
49.467000000 -6.794781 9.558089 0.000000 0.000000 0.000000 -0.998448 0.055698
49.533000000 -6.797870 9.557748 0.000000 0.000000 0.000000 -0.998636 0.052211
49.566000000 -6.799416 9.557585 0.000000 0.000000 0.000000 -0.998726 0.050468
49.599000000 -6.797727 9.551148 0.000000 0.000000 0.000000 -0.998812 0.048724
49.632000000 -6.799452 9.550979 0.000000 0.000000 0.000000 -0.998896 0.046980
49.665000000 -6.801910 9.544914 0.000000 0.000000 0.000000 -0.998976 0.045236
49.698000000 -6.803562 9.544764 0.000000 0.000000 0.000000 -0.999054 0.043492
49.731000000 -6.805214 9.544619 0.000000 0.000000 0.000000 -0.999128 0.041747
49.764000000 -6.806081 9.538755 0.000000 0.000000 0.000000 -0.999200 0.040003
49.797000000 -6.807694 9.538625 0.000000 0.000000 0.000000 -0.999268 0.038259
49.830000000 -6.809309 9.538501 0.000000 0.000000 0.000000 -0.999333 0.036514
49.863000000 -6.810923 9.538382 0.000000 0.000000 0.000000 -0.999395 0.034770
49.896000000 -6.808730 9.533137 0.000000 0.000000 0.000000 -0.999455 0.033025
49.929000000 -6.809932 9.533057 0.000000 0.000000 0.000000 -0.999511 0.031281
49.962000000 -6.811674 9.527509 0.000000 0.000000 0.000000 -0.999564 0.029536
49.995000000 -6.812833 9.527440 0.000000 0.000000 0.000000 -0.999614 0.027791
50.028000000 -6.813992 9.527375 0.000000 0.000000 0.000000 -0.999661 0.026047
50.061000000 -6.815151 9.527314 0.000000 0.000000 0.000000 -0.999705 0.024302
50.094000000 -6.816023 9.521715 0.000000 0.000000 0.000000 -0.999746 0.022557
50.127000000 -6.817508 9.521647 0.000000 0.000000 0.000000 -0.999783 0.020812
50.160000000 -6.822153 9.514765 0.000000 0.000000 0.000000 -0.999818 0.019067
50.193000000 -6.824166 9.514688 0.000000 0.000000 0.000000 -0.999850 0.017323
50.226000000 -6.826180 9.514618 0.000000 0.000000 0.000000 -0.999879 0.015578
50.259000000 -6.826446 9.508846 0.000000 0.000000 0.000000 -0.999904 0.013833
50.292000000 -6.828103 9.508800 0.000000 0.000000 0.000000 -0.999927 0.012088
50.325000000 -6.829760 9.508759 0.000000 0.000000 0.000000 -0.999947 0.010343
50.358000000 -6.830052 9.503380 0.000000 0.000000 0.000000 -0.999963 0.008598
50.391000000 -6.831429 9.503357 0.000000 0.000000 0.000000 -0.999977 0.006854
50.424000000 -6.832807 9.503337 0.000000 0.000000 0.000000 -0.999987 0.005109
50.457000000 -6.833993 9.497331 0.000000 0.000000 0.000000 -0.999994 0.003364
50.490000000 -6.835376 9.497322 0.000000 0.000000 0.000000 -0.999999 0.001619
50.523000000 -6.836760 9.497317 0.000000 0.000000 0.000000 1.000000 0.000125
50.556000000 -6.839494 9.491481 0.000000 0.000000 0.000000 0.999998 0.001870
50.589000000 -6.841248 9.491487 0.000000 0.000000 0.000000 0.999993 0.003615
50.622000000 -6.843003 9.491499 0.000000 0.000000 0.000000 0.999986 0.005359
50.655000000 -6.844759 9.485627 0.000000 0.000000 0.000000 0.999975 0.007104
50.688000000 -6.846532 9.485652 0.000000 0.000000 0.000000 0.999961 0.008848
50.721000000 -6.848305 9.485683 0.000000 0.000000 0.000000 0.999944 0.010592
50.754000000 -6.849707 9.480101 0.000000 0.000000 0.000000 0.999924 0.012336
50.787000000 -6.851389 9.480143 0.000000 0.000000 0.000000 0.999901 0.014081
50.820000000 -6.853071 9.480189 0.000000 0.000000 0.000000 0.999875 0.015825
50.853000000 -6.854864 9.474565 0.000000 0.000000 0.000000 0.999846 0.017569
50.886000000 -6.856561 9.474625 0.000000 0.000000 0.000000 0.999813 0.019312
50.919000000 -6.858257 9.474690 0.000000 0.000000 0.000000 0.999778 0.021056
50.952000000 -6.859937 9.468838 0.000000 0.000000 0.000000 0.999740 0.022800
50.985000000 -6.861600 9.468913 0.000000 0.000000 0.000000 0.999699 0.024543
51.018000000 -6.863263 9.468995 0.000000 0.000000 0.000000 0.999654 0.026287
51.051000000 -6.864818 9.463368 0.000000 0.000000 0.000000 0.999607 0.028030
51.084000000 -6.866410 9.463457 0.000000 0.000000 0.000000 0.999557 0.029773
51.117000000 -6.868003 9.463552 0.000000 0.000000 0.000000 0.999503 0.031516
51.150000000 -6.868753 9.458482 0.000000 0.000000 0.000000 0.999447 0.033259
51.183000000 -6.870083 9.458570 0.000000 0.000000 0.000000 0.999387 0.035002
51.216000000 -6.871412 9.458663 0.000000 0.000000 0.000000 0.999325 0.036744
51.249000000 -6.872742 9.458760 0.000000 0.000000 0.000000 0.999259 0.038487
51.282000000 -6.873996 9.453253 0.000000 0.000000 0.000000 0.999190 0.040229
51.315000000 -6.875566 9.453379 0.000000 0.000000 0.000000 0.999119 0.041971
51.348000000 -6.880367 9.447722 0.000000 0.000000 0.000000 0.999044 0.043713
51.381000000 -6.882257 9.447887 0.000000 0.000000 0.000000 0.998966 0.045454
51.414000000 -6.884145 9.448059 0.000000 0.000000 0.000000 0.998886 0.047196
51.447000000 -6.885065 9.442284 0.000000 0.000000 0.000000 0.998802 0.048937
51.480000000 -6.886604 9.442435 0.000000 0.000000 0.000000 0.998715 0.050678
51.513000000 -6.888144 9.442591 0.000000 0.000000 0.000000 0.998625 0.052419
51.546000000 -6.889683 9.442752 0.000000 0.000000 0.000000 0.998532 0.054160
51.579000000 -6.891024 9.436643 0.000000 0.000000 0.000000 0.998436 0.055900
51.612000000 -6.892767 9.436839 0.000000 0.000000 0.000000 0.998337 0.057640
51.645000000 -6.896636 9.430413 0.000000 0.000000 0.000000 0.998235 0.059380
51.678000000 -6.898314 9.430613 0.000000 0.000000 0.000000 0.998130 0.061120
51.711000000 -6.899992 9.430819 0.000000 0.000000 0.000000 0.998022 0.062860
51.744000000 -6.902176 9.424584 0.000000 0.000000 0.000000 0.997911 0.064599
51.777000000 -6.903810 9.424796 0.000000 0.000000 0.000000 0.997797 0.066338
51.810000000 -6.905445 9.425014 0.000000 0.000000 0.000000 0.997680 0.068077
51.843000000 -6.907078 9.425237 0.000000 0.000000 0.000000 0.997560 0.069815
51.876000000 -6.907188 9.418394 0.000000 0.000000 0.000000 0.997437 0.071554
51.909000000 -6.908654 9.418605 0.000000 0.000000 0.000000 0.997311 0.073292
51.942000000 -6.911333 9.412873 0.000000 0.000000 0.000000 0.997181 0.075029
51.975000000 -6.912546 9.413056 0.000000 0.000000 0.000000 0.997049 0.076767
52.008000000 -6.913759 9.413244 0.000000 0.000000 0.000000 0.996914 0.078504
52.041000000 -6.915665 9.407258 0.000000 0.000000 0.000000 0.996776 0.080241
52.074000000 -6.916841 9.407449 0.000000 0.000000 0.000000 0.996634 0.081977
52.107000000 -6.918016 9.407643 0.000000 0.000000 0.000000 0.996490 0.083714
52.140000000 -6.921246 9.401252 0.000000 0.000000 0.000000 0.996342 0.085450
52.173000000 -6.922685 9.401500 0.000000 0.000000 0.000000 0.996192 0.087185
52.206000000 -6.924123 9.401753 0.000000 0.000000 0.000000 0.996039 0.088921
52.239000000 -6.925968 9.395155 0.000000 0.000000 0.000000 0.995882 0.090656
52.272000000 -6.927241 9.395388 0.000000 0.000000 0.000000 0.995723 0.092390
52.305000000 -6.928513 9.395626 0.000000 0.000000 0.000000 0.995560 0.094125
52.338000000 -6.929785 9.395868 0.000000 0.000000 0.000000 0.995395 0.095858
52.371000000 -6.930911 9.389519 0.000000 0.000000 0.000000 0.995226 0.097592
52.404000000 -6.932194 9.389773 0.000000 0.000000 0.000000 0.995055 0.099325
52.437000000 -6.936109 9.383646 0.000000 0.000000 0.000000 0.994880 0.101058
52.470000000 -6.937427 9.383916 0.000000 0.000000 0.000000 0.994703 0.102791
52.503000000 -6.938744 9.384191 0.000000 0.000000 0.000000 0.994522 0.104523
52.536000000 -6.940060 9.384470 0.000000 0.000000 0.000000 0.994339 0.106255
52.569000000 -6.940206 9.378531 0.000000 0.000000 0.000000 0.994152 0.107986
52.602000000 -6.941284 9.378768 0.000000 0.000000 0.000000 0.993963 0.109717
52.635000000 -6.945560 9.372741 0.000000 0.000000 0.000000 0.993770 0.111448
52.668000000 -6.946830 9.373029 0.000000 0.000000 0.000000 0.993575 0.113178
52.701000000 -6.948099 9.373322 0.000000 0.000000 0.000000 0.993376 0.114908
52.734000000 -6.949279 9.367659 0.000000 0.000000 0.000000 0.993175 0.116638
52.767000000 -6.950224 9.367884 0.000000 0.000000 0.000000 0.992970 0.118367
52.833000000 -6.952112 9.368343 0.000000 0.000000 0.000000 0.992552 0.121824
52.866000000 -6.953054 9.368577 0.000000 0.000000 0.000000 0.992338 0.123552
52.899000000 -6.953357 9.362509 0.000000 0.000000 0.000000 0.992122 0.125279
52.932000000 -6.954285 9.362747 0.000000 0.000000 0.000000 0.991902 0.127006
52.965000000 -6.957817 9.357238 0.000000 0.000000 0.000000 0.991679 0.128732
52.998000000 -6.958808 9.357499 0.000000 0.000000 0.000000 0.991454 0.130458
53.031000000 -6.959798 9.357764 0.000000 0.000000 0.000000 0.991225 0.132184
53.064000000 -6.961687 9.352725 0.000000 0.000000 0.000000 0.990994 0.133909
53.097000000 -6.962581 9.352971 0.000000 0.000000 0.000000 0.990759 0.135634
53.130000000 -6.965907 9.347666 0.000000 0.000000 0.000000 0.990521 0.137358
53.163000000 -6.966831 9.347927 0.000000 0.000000 0.000000 0.990281 0.139082
53.196000000 -6.967755 9.348191 0.000000 0.000000 0.000000 0.990037 0.140805
53.229000000 -6.968678 9.348459 0.000000 0.000000 0.000000 0.989791 0.142528
53.262000000 -6.969599 9.348729 0.000000 0.000000 0.000000 0.989541 0.144250
53.295000000 -6.969961 9.342772 0.000000 0.000000 0.000000 0.989289 0.145972
53.328000000 -6.970804 9.343026 0.000000 0.000000 0.000000 0.989033 0.147693
53.361000000 -6.971646 9.343283 0.000000 0.000000 0.000000 0.988775 0.149414
53.394000000 -6.974528 9.337946 0.000000 0.000000 0.000000 0.988513 0.151134
53.427000000 -6.975476 9.338243 0.000000 0.000000 0.000000 0.988249 0.152854
53.460000000 -6.978203 9.333290 0.000000 0.000000 0.000000 0.987981 0.154573
53.493000000 -6.978969 9.333535 0.000000 0.000000 0.000000 0.987711 0.156291
53.526000000 -6.979734 9.333783 0.000000 0.000000 0.000000 0.987438 0.158010
53.559000000 -6.981852 9.328975 0.000000 0.000000 0.000000 0.987161 0.159727
53.592000000 -6.982574 9.329214 0.000000 0.000000 0.000000 0.986882 0.161444
53.625000000 -6.983296 9.329456 0.000000 0.000000 0.000000 0.986600 0.163161
53.658000000 -6.986158 9.324145 0.000000 0.000000 0.000000 0.986314 0.164877
53.691000000 -6.986967 9.324423 0.000000 0.000000 0.000000 0.986026 0.166592
53.724000000 -6.987774 9.324703 0.000000 0.000000 0.000000 0.985735 0.168307
53.757000000 -6.989658 9.319682 0.000000 0.000000 0.000000 0.985440 0.170021
53.790000000 -6.990318 9.319917 0.000000 0.000000 0.000000 0.985143 0.171735
53.823000000 -6.990977 9.320153 0.000000 0.000000 0.000000 0.984843 0.173448
53.856000000 -6.991635 9.320392 0.000000 0.000000 0.000000 0.984540 0.175160
53.889000000 -6.995503 9.314226 0.000000 0.000000 0.000000 0.984234 0.176872
53.922000000 -6.996554 9.314616 0.000000 0.000000 0.000000 0.983925 0.178583
53.955000000 -6.997604 9.315010 0.000000 0.000000 0.000000 0.983613 0.180294
53.988000000 -6.998274 9.309923 0.000000 0.000000 0.000000 0.983298 0.182004
54.021000000 -6.998815 9.310130 0.000000 0.000000 0.000000 0.982980 0.183714
54.054000000 -6.999356 9.310339 0.000000 0.000000 0.000000 0.982659 0.185423
54.087000000 -7.001936 9.305851 0.000000 0.000000 0.000000 0.982335 0.187131
54.120000000 -7.004780 9.301614 0.000000 0.000000 0.000000 0.982008 0.188838
54.153000000 -7.005255 9.301804 0.000000 0.000000 0.000000 0.981678 0.190545
54.186000000 -7.005729 9.301995 0.000000 0.000000 0.000000 0.981346 0.192252
54.219000000 -7.006203 9.302187 0.000000 0.000000 0.000000 0.981010 0.193957
54.252000000 -7.008665 9.297234 0.000000 0.000000 0.000000 0.980671 0.195662
54.285000000 -7.009210 9.297460 0.000000 0.000000 0.000000 0.980330 0.197367
54.318000000 -7.009755 9.297688 0.000000 0.000000 0.000000 0.979985 0.199070
54.351000000 -7.010299 9.297918 0.000000 0.000000 0.000000 0.979638 0.200773
54.384000000 -7.013059 9.292394 0.000000 0.000000 0.000000 0.979287 0.202476
54.417000000 -7.013720 9.292679 0.000000 0.000000 0.000000 0.978934 0.204177
54.450000000 -7.016696 9.288235 0.000000 0.000000 0.000000 0.978578 0.205878
54.483000000 -7.017269 9.288487 0.000000 0.000000 0.000000 0.978218 0.207579
54.516000000 -7.017842 9.288741 0.000000 0.000000 0.000000 0.977856 0.209278
54.549000000 -7.019979 9.284770 0.000000 0.000000 0.000000 0.977491 0.210977
54.582000000 -7.020503 9.285007 0.000000 0.000000 0.000000 0.977123 0.212675
54.615000000 -7.021026 9.285245 0.000000 0.000000 0.000000 0.976752 0.214373
54.648000000 -7.023449 9.281220 0.000000 0.000000 0.000000 0.976378 0.216070
54.681000000 -7.023978 9.281466 0.000000 0.000000 0.000000 0.976001 0.217766
54.714000000 -7.024507 9.281714 0.000000 0.000000 0.000000 0.975621 0.219461
54.747000000 -7.027203 9.277446 0.000000 0.000000 0.000000 0.975239 0.221156
54.780000000 -7.027759 9.277711 0.000000 0.000000 0.000000 0.974853 0.222849
54.813000000 -7.028313 9.277978 0.000000 0.000000 0.000000 0.974464 0.224542
54.846000000 -7.028867 9.278247 0.000000 0.000000 0.000000 0.974073 0.226235
54.879000000 -7.030742 9.273676 0.000000 0.000000 0.000000 0.973678 0.227926
54.912000000 -7.031247 9.273925 0.000000 0.000000 0.000000 0.973281 0.229617
54.945000000 -7.031750 9.274176 0.000000 0.000000 0.000000 0.972881 0.231307
54.978000000 -7.034295 9.270348 0.000000 0.000000 0.000000 0.972478 0.232997
55.011000000 -7.034817 9.270613 0.000000 0.000000 0.000000 0.972071 0.234685
55.044000000 -7.038074 9.266934 0.000000 0.000000 0.000000 0.971662 0.236373
55.077000000 -7.038625 9.267219 0.000000 0.000000 0.000000 0.971250 0.238060
55.110000000 -7.039176 9.267505 0.000000 0.000000 0.000000 0.970836 0.239746
55.143000000 -7.042684 9.262660 0.000000 0.000000 0.000000 0.970418 0.241432
55.176000000 -7.043308 9.262991 0.000000 0.000000 0.000000 0.969997 0.243116
55.209000000 -7.043931 9.263324 0.000000 0.000000 0.000000 0.969574 0.244800
55.242000000 -7.046476 9.259442 0.000000 0.000000 0.000000 0.969147 0.246483
55.275000000 -7.047048 9.259752 0.000000 0.000000 0.000000 0.968718 0.248165
55.308000000 -7.047618 9.260065 0.000000 0.000000 0.000000 0.968285 0.249846
55.341000000 -7.048188 9.260379 0.000000 0.000000 0.000000 0.967850 0.251527
55.374000000 -7.049513 9.256308 0.000000 0.000000 0.000000 0.967412 0.253207
55.407000000 -7.049922 9.256537 0.000000 0.000000 0.000000 0.966971 0.254885
55.440000000 -7.053156 9.252816 0.000000 0.000000 0.000000 0.966527 0.256563
55.473000000 -7.053592 9.253065 0.000000 0.000000 0.000000 0.966081 0.258241
55.506000000 -7.054027 9.253315 0.000000 0.000000 0.000000 0.965631 0.259917
55.539000000 -7.056277 9.249345 0.000000 0.000000 0.000000 0.965178 0.261592
55.572000000 -7.056611 9.249540 0.000000 0.000000 0.000000 0.964723 0.263267
55.605000000 -7.059161 9.246028 0.000000 0.000000 0.000000 0.964265 0.264941
55.638000000 -7.059502 9.246230 0.000000 0.000000 0.000000 0.963804 0.266613
55.671000000 -7.059843 9.246434 0.000000 0.000000 0.000000 0.963339 0.268285
55.704000000 -7.060184 9.246639 0.000000 0.000000 0.000000 0.962873 0.269957
55.737000000 -7.060523 9.246845 0.000000 0.000000 0.000000 0.962403 0.271627
55.770000000 -7.063569 9.242378 0.000000 0.000000 0.000000 0.961930 0.273296
55.803000000 -7.064000 9.242644 0.000000 0.000000 0.000000 0.961454 0.274964
55.836000000 -7.066468 9.239554 0.000000 0.000000 0.000000 0.960976 0.276632
55.869000000 -7.066796 9.239759 0.000000 0.000000 0.000000 0.960495 0.278298
55.902000000 -7.067123 9.239965 0.000000 0.000000 0.000000 0.960010 0.279964
55.935000000 -7.069853 9.236526 0.000000 0.000000 0.000000 0.959523 0.281629
55.968000000 -7.070210 9.236755 0.000000 0.000000 0.000000 0.959034 0.283293
56.001000000 -7.070565 9.236984 0.000000 0.000000 0.000000 0.958541 0.284956
56.034000000 -7.073059 9.233463 0.000000 0.000000 0.000000 0.958045 0.286618
56.067000000 -7.073375 9.233671 0.000000 0.000000 0.000000 0.957547 0.288279
56.133000000 -7.074005 9.234088 0.000000 0.000000 0.000000 0.956541 0.291598
56.166000000 -7.076585 9.230129 0.000000 0.000000 0.000000 0.956034 0.293256
56.199000000 -7.076905 9.230345 0.000000 0.000000 0.000000 0.955524 0.294913
56.232000000 -7.077224 9.230562 0.000000 0.000000 0.000000 0.955011 0.296569
56.265000000 -7.077543 9.230781 0.000000 0.000000 0.000000 0.954496 0.298225
56.298000000 -7.079552 9.226949 0.000000 0.000000 0.000000 0.953977 0.299879
56.331000000 -7.079782 9.227109 0.000000 0.000000 0.000000 0.953456 0.301532
56.364000000 -7.081666 9.224148 0.000000 0.000000 0.000000 0.952932 0.303184
56.397000000 -7.081764 9.224217 0.000000 0.000000 0.000000 0.952405 0.304836
56.430000000 -7.081861 9.224286 0.000000 0.000000 0.000000 0.951875 0.306486
56.463000000 -7.084022 9.221469 0.000000 0.000000 0.000000 0.951343 0.308135
56.496000000 -7.084133 9.221548 0.000000 0.000000 0.000000 0.950807 0.309784
56.562000000 -7.086961 9.218787 0.000000 0.000000 0.000000 0.949728 0.313077
56.595000000 -7.087126 9.218909 0.000000 0.000000 0.000000 0.949184 0.314723
56.628000000 -7.089953 9.215723 0.000000 0.000000 0.000000 0.948637 0.316367
56.661000000 -7.090167 9.215883 0.000000 0.000000 0.000000 0.948087 0.318010
56.694000000 -7.090380 9.216043 0.000000 0.000000 0.000000 0.947535 0.319652
56.727000000 -7.090593 9.216204 0.000000 0.000000 0.000000 0.946980 0.321293
56.760000000 -7.093620 9.212643 0.000000 0.000000 0.000000 0.946422 0.322933
56.793000000 -7.093888 9.212850 0.000000 0.000000 0.000000 0.945861 0.324572
56.826000000 -7.094156 9.213057 0.000000 0.000000 0.000000 0.945297 0.326210
56.859000000 -7.094423 9.213266 0.000000 0.000000 0.000000 0.944731 0.327847
56.892000000 -7.094690 9.213475 0.000000 0.000000 0.000000 0.944162 0.329483
56.925000000 -7.096276 9.209684 0.000000 0.000000 0.000000 0.943589 0.331118
56.958000000 -7.098897 9.207117 0.000000 0.000000 0.000000 0.943015 0.332751
56.991000000 -7.099031 9.207224 0.000000 0.000000 0.000000 0.942437 0.334384
57.024000000 -7.099165 9.207332 0.000000 0.000000 0.000000 0.941856 0.336015
57.057000000 -7.101819 9.204155 0.000000 0.000000 0.000000 0.941273 0.337646
57.090000000 -7.101942 9.204257 0.000000 0.000000 0.000000 0.940687 0.339275
57.123000000 -7.102066 9.204359 0.000000 0.000000 0.000000 0.940098 0.340903
57.156000000 -7.104493 9.201683 0.000000 0.000000 0.000000 0.939507 0.342530
57.189000000 -7.104627 9.201795 0.000000 0.000000 0.000000 0.938912 0.344156
57.222000000 -7.104761 9.201908 0.000000 0.000000 0.000000 0.938315 0.345781
57.255000000 -7.104894 9.202021 0.000000 0.000000 0.000000 0.937715 0.347405
57.288000000 -7.107131 9.198776 0.000000 0.000000 0.000000 0.937112 0.349028
57.321000000 -7.107202 9.198837 0.000000 0.000000 0.000000 0.936507 0.350649
57.354000000 -7.107273 9.198898 0.000000 0.000000 0.000000 0.935899 0.352269
57.387000000 -7.109726 9.196467 0.000000 0.000000 0.000000 0.935288 0.353889
57.420000000 -7.109838 9.196566 0.000000 0.000000 0.000000 0.934674 0.355507
57.453000000 -7.112893 9.193974 0.000000 0.000000 0.000000 0.934057 0.357123
57.486000000 -7.113067 9.194129 0.000000 0.000000 0.000000 0.933438 0.358739
57.519000000 -7.113240 9.194284 0.000000 0.000000 0.000000 0.932816 0.360354
57.552000000 -7.115384 9.191760 0.000000 0.000000 0.000000 0.932191 0.361967
57.585000000 -7.115504 9.191869 0.000000 0.000000 0.000000 0.931563 0.363579
57.618000000 -7.117782 9.189586 0.000000 0.000000 0.000000 0.930933 0.365190
57.651000000 -7.117885 9.189681 0.000000 0.000000 0.000000 0.930300 0.366800
57.684000000 -7.117989 9.189777 0.000000 0.000000 0.000000 0.929664 0.368409
57.717000000 -7.118092 9.189873 0.000000 0.000000 0.000000 0.929025 0.370016
57.750000000 -7.118195 9.189969 0.000000 0.000000 0.000000 0.928384 0.371623
57.783000000 -7.120727 9.187603 0.000000 0.000000 0.000000 0.927740 0.373228
57.816000000 -7.120892 9.187761 0.000000 0.000000 0.000000 0.927093 0.374832
57.849000000 -7.121056 9.187919 0.000000 0.000000 0.000000 0.926443 0.376434
57.882000000 -7.123648 9.185580 0.000000 0.000000 0.000000 0.925791 0.378036
57.915000000 -7.123823 9.185751 0.000000 0.000000 0.000000 0.925136 0.379636
57.948000000 -7.126436 9.183066 0.000000 0.000000 0.000000 0.924478 0.381235
57.981000000 -7.126530 9.183159 0.000000 0.000000 0.000000 0.923818 0.382833
58.014000000 -7.126623 9.183251 0.000000 0.000000 0.000000 0.923155 0.384429
58.047000000 -7.126716 9.183344 0.000000 0.000000 0.000000 0.922489 0.386024
58.080000000 -7.129117 9.180795 0.000000 0.000000 0.000000 0.921820 0.387618
58.113000000 -7.129199 9.180878 0.000000 0.000000 0.000000 0.921149 0.389211
58.146000000 -7.129280 9.180962 0.000000 0.000000 0.000000 0.920474 0.390803
58.179000000 -7.131629 9.178403 0.000000 0.000000 0.000000 0.919798 0.392393
58.212000000 -7.131666 9.178440 0.000000 0.000000 0.000000 0.919118 0.393982
58.245000000 -7.133901 9.176198 0.000000 0.000000 0.000000 0.918436 0.395570
58.278000000 -7.133914 9.176211 0.000000 0.000000 0.000000 0.917751 0.397156
58.311000000 -7.133927 9.176225 0.000000 0.000000 0.000000 0.917064 0.398741
58.344000000 -7.133941 9.176238 0.000000 0.000000 0.000000 0.916373 0.400325
58.377000000 -7.136283 9.174261 0.000000 0.000000 0.000000 0.915680 0.401908
58.410000000 -7.136329 9.174311 0.000000 0.000000 0.000000 0.914985 0.403489
58.443000000 -7.139013 9.172247 0.000000 0.000000 0.000000 0.914286 0.405069
58.476000000 -7.139093 9.172334 0.000000 0.000000 0.000000 0.913585 0.406647
58.509000000 -7.139172 9.172421 0.000000 0.000000 0.000000 0.912881 0.408225
58.542000000 -7.141335 9.170722 0.000000 0.000000 0.000000 0.912175 0.409801
58.575000000 -7.141430 9.170828 0.000000 0.000000 0.000000 0.911466 0.411376
58.608000000 -7.141524 9.170935 0.000000 0.000000 0.000000 0.910754 0.412949
58.641000000 -7.144290 9.169094 0.000000 0.000000 0.000000 0.910040 0.414521
58.674000000 -7.144439 9.169265 0.000000 0.000000 0.000000 0.909323 0.416092
58.707000000 -7.144588 9.169436 0.000000 0.000000 0.000000 0.908603 0.417661
58.740000000 -7.144736 9.169608 0.000000 0.000000 0.000000 0.907880 0.419229
58.773000000 -7.147168 9.167038 0.000000 0.000000 0.000000 0.907155 0.420796
58.806000000 -7.147263 9.167150 0.000000 0.000000 0.000000 0.906428 0.422361
58.839000000 -7.147358 9.167262 0.000000 0.000000 0.000000 0.905697 0.423925
58.872000000 -7.147453 9.167374 0.000000 0.000000 0.000000 0.904964 0.425488
58.905000000 -7.149224 9.165612 0.000000 0.000000 0.000000 0.904229 0.427049
58.938000000 -7.151717 9.164179 0.000000 0.000000 0.000000 0.903490 0.428609
58.971000000 -7.151815 9.164298 0.000000 0.000000 0.000000 0.902749 0.430167
59.004000000 -7.151912 9.164417 0.000000 0.000000 0.000000 0.902006 0.431724
59.037000000 -7.152010 9.164537 0.000000 0.000000 0.000000 0.901259 0.433280
59.070000000 -7.154026 9.162639 0.000000 0.000000 0.000000 0.900510 0.434834
59.103000000 -7.154094 9.162725 0.000000 0.000000 0.000000 0.899759 0.436387
59.136000000 -7.154163 9.162810 0.000000 0.000000 0.000000 0.899005 0.437939
59.169000000 -7.156179 9.160888 0.000000 0.000000 0.000000 0.898248 0.439489
59.202000000 -7.158913 9.159144 0.000000 0.000000 0.000000 0.897489 0.441038
59.235000000 -7.158983 9.159235 0.000000 0.000000 0.000000 0.896727 0.442585
59.268000000 -7.159053 9.159326 0.000000 0.000000 0.000000 0.895962 0.444131
59.301000000 -7.159124 9.159417 0.000000 0.000000 0.000000 0.895195 0.445675
59.334000000 -7.161048 9.157876 0.000000 0.000000 0.000000 0.894425 0.447218
59.367000000 -7.161095 9.157938 0.000000 0.000000 0.000000 0.893652 0.448760
59.433000000 -7.161189 9.158062 0.000000 0.000000 0.000000 0.892100 0.451839
59.499000000 -7.163739 9.156814 0.000000 0.000000 0.000000 0.890536 0.454912
59.532000000 -7.163839 9.156951 0.000000 0.000000 0.000000 0.889751 0.456446
59.565000000 -7.166290 9.155672 0.000000 0.000000 0.000000 0.888963 0.457979
59.598000000 -7.166426 9.155863 0.000000 0.000000 0.000000 0.888172 0.459511
59.631000000 -7.166562 9.156053 0.000000 0.000000 0.000000 0.887379 0.461041
59.664000000 -7.168823 9.154755 0.000000 0.000000 0.000000 0.886583 0.462569
59.697000000 -7.168962 9.154954 0.000000 0.000000 0.000000 0.885785 0.464096
59.730000000 -7.169101 9.155153 0.000000 0.000000 0.000000 0.884984 0.465622
59.763000000 -7.171247 9.154156 0.000000 0.000000 0.000000 0.884180 0.467146
59.796000000 -7.171408 9.154392 0.000000 0.000000 0.000000 0.883374 0.468668
59.829000000 -7.171570 9.154629 0.000000 0.000000 0.000000 0.882566 0.470189
59.862000000 -7.173954 9.153310 0.000000 0.000000 0.000000 0.881754 0.471709
59.895000000 -7.174110 9.153544 0.000000 0.000000 0.000000 0.880941 0.473227
59.928000000 -7.174266 9.153777 0.000000 0.000000 0.000000 0.880124 0.474743
59.961000000 -7.176669 9.152073 0.000000 0.000000 0.000000 0.879306 0.476258
59.994000000 -7.176775 9.152234 0.000000 0.000000 0.000000 0.878484 0.477772
60.027000000 -7.176880 9.152395 0.000000 0.000000 0.000000 0.877660 0.479284
60.060000000 -7.179393 9.151575 0.000000 0.000000 0.000000 0.876834 0.480794
60.093000000 -7.179564 9.151842 0.000000 0.000000 0.000000 0.876005 0.482303
60.126000000 -7.179734 9.152110 0.000000 0.000000 0.000000 0.875173 0.483810
60.159000000 -7.179903 9.152378 0.000000 0.000000 0.000000 0.874339 0.485316
60.192000000 -7.181686 9.150782 0.000000 0.000000 0.000000 0.873502 0.486820
60.225000000 -7.181804 9.150970 0.000000 0.000000 0.000000 0.872663 0.488323
60.258000000 -7.183742 9.150017 0.000000 0.000000 0.000000 0.871821 0.489824
60.291000000 -7.183829 9.150159 0.000000 0.000000 0.000000 0.870977 0.491324
60.324000000 -7.183916 9.150302 0.000000 0.000000 0.000000 0.870130 0.492822
60.357000000 -7.184002 9.150444 0.000000 0.000000 0.000000 0.869281 0.494318
60.390000000 -7.185959 9.149855 0.000000 0.000000 0.000000 0.868429 0.495813
60.423000000 -7.186110 9.150109 0.000000 0.000000 0.000000 0.867575 0.497306
60.456000000 -7.188222 9.149453 0.000000 0.000000 0.000000 0.866718 0.498798
60.489000000 -7.188361 9.149692 0.000000 0.000000 0.000000 0.865859 0.500288
60.522000000 -7.188500 9.149932 0.000000 0.000000 0.000000 0.864997 0.501776
60.555000000 -7.188639 9.150172 0.000000 0.000000 0.000000 0.864133 0.503263
60.588000000 -7.190669 9.149196 0.000000 0.000000 0.000000 0.863266 0.504749
60.621000000 -7.190827 9.149475 0.000000 0.000000 0.000000 0.862397 0.506232
60.654000000 -7.190984 9.149755 0.000000 0.000000 0.000000 0.861525 0.507714
60.687000000 -7.193140 9.148882 0.000000 0.000000 0.000000 0.860651 0.509195
60.720000000 -7.193293 9.149159 0.000000 0.000000 0.000000 0.859775 0.510674
60.753000000 -7.195861 9.149207 0.000000 0.000000 0.000000 0.858895 0.512151
60.786000000 -7.196089 9.149627 0.000000 0.000000 0.000000 0.858014 0.513627
60.819000000 -7.196315 9.150048 0.000000 0.000000 0.000000 0.857130 0.515100
60.852000000 -7.196540 9.150469 0.000000 0.000000 0.000000 0.856243 0.516573
60.885000000 -7.198248 9.149523 0.000000 0.000000 0.000000 0.855354 0.518043
60.918000000 -7.200488 9.149601 0.000000 0.000000 0.000000 0.854463 0.519513
60.951000000 -7.200693 9.149995 0.000000 0.000000 0.000000 0.853569 0.520980
60.984000000 -7.200896 9.150390 0.000000 0.000000 0.000000 0.852673 0.522446
61.017000000 -7.201099 9.150786 0.000000 0.000000 0.000000 0.851774 0.523910
61.050000000 -7.201300 9.151182 0.000000 0.000000 0.000000 0.850873 0.525372
61.083000000 -7.202467 9.149610 0.000000 0.000000 0.000000 0.849969 0.526833
61.116000000 -7.202595 9.149867 0.000000 0.000000 0.000000 0.849063 0.528292
61.149000000 -7.202723 9.150125 0.000000 0.000000 0.000000 0.848154 0.529749
61.182000000 -7.204282 9.150146 0.000000 0.000000 0.000000 0.847243 0.531205
61.215000000 -7.204453 9.150500 0.000000 0.000000 0.000000 0.846330 0.532659
61.248000000 -7.205798 9.150229 0.000000 0.000000 0.000000 0.845414 0.534112
61.281000000 -7.205919 9.150483 0.000000 0.000000 0.000000 0.844496 0.535562
61.314000000 -7.206040 9.150737 0.000000 0.000000 0.000000 0.843575 0.537011
61.347000000 -7.206160 9.150992 0.000000 0.000000 0.000000 0.842652 0.538458
61.380000000 -7.207273 9.150479 0.000000 0.000000 0.000000 0.841727 0.539904
61.413000000 -7.207391 9.150737 0.000000 0.000000 0.000000 0.840799 0.541348
61.446000000 -7.208947 9.150932 0.000000 0.000000 0.000000 0.839869 0.542790
61.479000000 -7.209090 9.151248 0.000000 0.000000 0.000000 0.838936 0.544230
61.512000000 -7.209232 9.151565 0.000000 0.000000 0.000000 0.838001 0.545669
61.545000000 -7.210140 9.151284 0.000000 0.000000 0.000000 0.837063 0.547106
61.578000000 -7.210255 9.151548 0.000000 0.000000 0.000000 0.836124 0.548541
61.611000000 -7.210371 9.151811 0.000000 0.000000 0.000000 0.835181 0.549975
61.644000000 -7.210485 9.152075 0.000000 0.000000 0.000000 0.834237 0.551406
61.677000000 -7.210599 9.152340 0.000000 0.000000 0.000000 0.833290 0.552836
61.710000000 -7.211283 9.151294 0.000000 0.000000 0.000000 0.832340 0.554265
61.743000000 -7.212460 9.151734 0.000000 0.000000 0.000000 0.831389 0.555691
61.776000000 -7.212560 9.151976 0.000000 0.000000 0.000000 0.830435 0.557116
61.809000000 -7.212660 9.152218 0.000000 0.000000 0.000000 0.829478 0.558539
61.842000000 -7.213633 9.151890 0.000000 0.000000 0.000000 0.828520 0.559960
61.875000000 -7.213713 9.152086 0.000000 0.000000 0.000000 0.827558 0.561380
61.908000000 -7.213792 9.152282 0.000000 0.000000 0.000000 0.826595 0.562797
61.941000000 -7.214593 9.152170 0.000000 0.000000 0.000000 0.825629 0.564213
61.974000000 -7.214669 9.152362 0.000000 0.000000 0.000000 0.824661 0.565627
62.007000000 -7.214743 9.152553 0.000000 0.000000 0.000000 0.823690 0.567040
62.040000000 -7.214818 9.152746 0.000000 0.000000 0.000000 0.822718 0.568450
62.073000000 -7.215692 9.152283 0.000000 0.000000 0.000000 0.821742 0.569859
62.106000000 -7.215754 9.152448 0.000000 0.000000 0.000000 0.820765 0.571266
62.139000000 -7.215816 9.152613 0.000000 0.000000 0.000000 0.819785 0.572671
62.172000000 -7.215878 9.152778 0.000000 0.000000 0.000000 0.818803 0.574075
62.205000000 -7.215890 9.152465 0.000000 0.000000 0.000000 0.817819 0.575476
62.238000000 -7.216755 9.152908 0.000000 0.000000 0.000000 0.816832 0.576876
62.271000000 -7.216824 9.153099 0.000000 0.000000 0.000000 0.815843 0.578274
62.304000000 -7.216892 9.153291 0.000000 0.000000 0.000000 0.814851 0.579670
62.337000000 -7.217711 9.153195 0.000000 0.000000 0.000000 0.813858 0.581064
62.370000000 -7.217775 9.153380 0.000000 0.000000 0.000000 0.812862 0.582457
62.403000000 -7.217839 9.153566 0.000000 0.000000 0.000000 0.811864 0.583847
62.436000000 -7.218801 9.153352 0.000000 0.000000 0.000000 0.810863 0.585236
62.469000000 -7.218855 9.153515 0.000000 0.000000 0.000000 0.809860 0.586623
62.502000000 -7.218910 9.153679 0.000000 0.000000 0.000000 0.808855 0.588008
62.535000000 -7.220187 9.153656 0.000000 0.000000 0.000000 0.807848 0.589391
62.568000000 -7.220255 9.153867 0.000000 0.000000 0.000000 0.806838 0.590773
62.601000000 -7.220322 9.154078 0.000000 0.000000 0.000000 0.805826 0.592152
62.634000000 -7.221260 9.154141 0.000000 0.000000 0.000000 0.804812 0.593530
62.667000000 -7.221334 9.154379 0.000000 0.000000 0.000000 0.803795 0.594906
62.733000000 -7.221481 9.154857 0.000000 0.000000 0.000000 0.801756 0.597652
62.766000000 -7.222250 9.154311 0.000000 0.000000 0.000000 0.800733 0.599022
62.832000000 -7.222349 9.154644 0.000000 0.000000 0.000000 0.798679 0.601757
62.865000000 -7.223339 9.154839 0.000000 0.000000 0.000000 0.797649 0.603121
62.898000000 -7.223407 9.155074 0.000000 0.000000 0.000000 0.796617 0.604484
62.931000000 -7.223473 9.155310 0.000000 0.000000 0.000000 0.795583 0.605845
62.964000000 -7.223821 9.155108 0.000000 0.000000 0.000000 0.794546 0.607204
62.997000000 -7.223863 9.155260 0.000000 0.000000 0.000000 0.793507 0.608561
63.030000000 -7.223904 9.155413 0.000000 0.000000 0.000000 0.792466 0.609916
63.063000000 -7.224744 9.155698 0.000000 0.000000 0.000000 0.791423 0.611269
63.096000000 -7.224805 9.155931 0.000000 0.000000 0.000000 0.790378 0.612620
63.129000000 -7.224866 9.156164 0.000000 0.000000 0.000000 0.789330 0.613969
63.162000000 -7.224926 9.156397 0.000000 0.000000 0.000000 0.788280 0.615317
63.195000000 -7.225692 9.156381 0.000000 0.000000 0.000000 0.787228 0.616662
63.228000000 -7.225761 9.156655 0.000000 0.000000 0.000000 0.786174 0.618006
63.261000000 -7.226446 9.156896 0.000000 0.000000 0.000000 0.785117 0.619347
63.294000000 -7.226503 9.157129 0.000000 0.000000 0.000000 0.784058 0.620687
63.327000000 -7.226558 9.157361 0.000000 0.000000 0.000000 0.782998 0.622025
63.360000000 -7.227907 9.157594 0.000000 0.000000 0.000000 0.781935 0.623360
63.393000000 -7.227976 9.157897 0.000000 0.000000 0.000000 0.780869 0.624694
63.426000000 -7.229228 9.157807 0.000000 0.000000 0.000000 0.779802 0.626026
63.459000000 -7.229274 9.158013 0.000000 0.000000 0.000000 0.778733 0.627356
63.492000000 -7.229320 9.158220 0.000000 0.000000 0.000000 0.777661 0.628684
63.525000000 -7.229365 9.158426 0.000000 0.000000 0.000000 0.776587 0.630010
63.558000000 -7.229410 9.158633 0.000000 0.000000 0.000000 0.775511 0.631334
63.591000000 -7.231030 9.158653 0.000000 0.000000 0.000000 0.774433 0.632656
63.624000000 -7.231098 9.158986 0.000000 0.000000 0.000000 0.773352 0.633976
63.657000000 -7.231165 9.159318 0.000000 0.000000 0.000000 0.772270 0.635294
63.690000000 -7.232375 9.158857 0.000000 0.000000 0.000000 0.771185 0.636611
63.723000000 -7.233994 9.159280 0.000000 0.000000 0.000000 0.770099 0.637925
63.756000000 -7.234041 9.159522 0.000000 0.000000 0.000000 0.769010 0.639237
63.789000000 -7.234086 9.159764 0.000000 0.000000 0.000000 0.767919 0.640547
63.822000000 -7.234131 9.160006 0.000000 0.000000 0.000000 0.766826 0.641855
63.855000000 -7.234176 9.160248 0.000000 0.000000 0.000000 0.765731 0.643161
63.888000000 -7.236020 9.159699 0.000000 0.000000 0.000000 0.764633 0.644466
63.921000000 -7.236060 9.159928 0.000000 0.000000 0.000000 0.763534 0.645768
63.954000000 -7.238315 9.160152 0.000000 0.000000 0.000000 0.762432 0.647068
63.987000000 -7.238358 9.160410 0.000000 0.000000 0.000000 0.761329 0.648366
64.020000000 -7.238401 9.160669 0.000000 0.000000 0.000000 0.760223 0.649662
64.053000000 -7.240561 9.160278 0.000000 0.000000 0.000000 0.759115 0.650956
64.086000000 -7.240589 9.160457 0.000000 0.000000 0.000000 0.758005 0.652248
64.119000000 -7.240617 9.160637 0.000000 0.000000 0.000000 0.756893 0.653539
64.152000000 -7.240645 9.160817 0.000000 0.000000 0.000000 0.755779 0.654827
64.185000000 -7.242668 9.160602 0.000000 0.000000 0.000000 0.754663 0.656113
64.218000000 -7.242697 9.160800 0.000000 0.000000 0.000000 0.753545 0.657397
64.251000000 -7.244507 9.160965 0.000000 0.000000 0.000000 0.752425 0.658678
64.284000000 -7.244534 9.161162 0.000000 0.000000 0.000000 0.751302 0.659958
64.317000000 -7.244560 9.161360 0.000000 0.000000 0.000000 0.750178 0.661236
64.350000000 -7.246535 9.161277 0.000000 0.000000 0.000000 0.749051 0.662512
64.383000000 -7.246559 9.161463 0.000000 0.000000 0.000000 0.747923 0.663786
64.416000000 -7.246582 9.161649 0.000000 0.000000 0.000000 0.746792 0.665057
64.449000000 -7.247976 9.161635 0.000000 0.000000 0.000000 0.745660 0.666327
64.482000000 -7.247996 9.161809 0.000000 0.000000 0.000000 0.744525 0.667595
64.515000000 -7.248016 9.161983 0.000000 0.000000 0.000000 0.743388 0.668860
64.548000000 -7.249627 9.161471 0.000000 0.000000 0.000000 0.742250 0.670123
64.581000000 -7.249632 9.161516 0.000000 0.000000 0.000000 0.741109 0.671385
64.614000000 -7.249637 9.161560 0.000000 0.000000 0.000000 0.739966 0.672644
64.647000000 -7.251342 9.161394 0.000000 0.000000 0.000000 0.738822 0.673901
64.680000000 -7.251346 9.161425 0.000000 0.000000 0.000000 0.737675 0.675156
64.713000000 -7.251349 9.161456 0.000000 0.000000 0.000000 0.736526 0.676409
64.746000000 -7.252892 9.161338 0.000000 0.000000 0.000000 0.735375 0.677660
64.779000000 -7.252895 9.161362 0.000000 0.000000 0.000000 0.734222 0.678909
64.812000000 -7.252898 9.161386 0.000000 0.000000 0.000000 0.733068 0.680156
64.845000000 -7.252901 9.161411 0.000000 0.000000 0.000000 0.731911 0.681400
64.878000000 -7.254604 9.161644 0.000000 0.000000 0.000000 0.730752 0.682643
64.911000000 -7.254612 9.161755 0.000000 0.000000 0.000000 0.729591 0.683883
64.944000000 -7.256299 9.161805 0.000000 0.000000 0.000000 0.728429 0.685122
64.977000000 -7.256305 9.161897 0.000000 0.000000 0.000000 0.727264 0.686358
65.010000000 -7.256311 9.161989 0.000000 0.000000 0.000000 0.726098 0.687592
65.043000000 -7.257970 9.162123 0.000000 0.000000 0.000000 0.724929 0.688824
65.076000000 -7.257977 9.162245 0.000000 0.000000 0.000000 0.723758 0.690054
65.109000000 -7.257984 9.162367 0.000000 0.000000 0.000000 0.722586 0.691281
65.142000000 -7.257990 9.162489 0.000000 0.000000 0.000000 0.721411 0.692507
65.175000000 -7.259855 9.162725 0.000000 0.000000 0.000000 0.720235 0.693730
65.208000000 -7.259863 9.162922 0.000000 0.000000 0.000000 0.719057 0.694951
65.241000000 -7.261695 9.162984 0.000000 0.000000 0.000000 0.717876 0.696171
65.274000000 -7.261699 9.163110 0.000000 0.000000 0.000000 0.716694 0.697388
65.307000000 -7.261703 9.163236 0.000000 0.000000 0.000000 0.715510 0.698602
65.340000000 -7.261707 9.163362 0.000000 0.000000 0.000000 0.714324 0.699815
65.373000000 -7.263189 9.163356 0.000000 0.000000 0.000000 0.713136 0.701026
65.406000000 -7.263192 9.163486 0.000000 0.000000 0.000000 0.711946 0.702234
65.439000000 -7.264696 9.163755 0.000000 0.000000 0.000000 0.710754 0.703440
65.472000000 -7.264698 9.163889 0.000000 0.000000 0.000000 0.709561 0.704645
65.505000000 -7.264700 9.164023 0.000000 0.000000 0.000000 0.708365 0.705846
65.538000000 -7.264701 9.164157 0.000000 0.000000 0.000000 0.707167 0.707046
65.571000000 -7.266042 9.164548 0.000000 0.000000 0.000000 0.705968 0.708244
65.604000000 -7.266042 9.164776 0.000000 0.000000 0.000000 0.704767 0.709439
65.637000000 -7.267138 9.164865 0.000000 0.000000 0.000000 0.703563 0.710632
65.670000000 -7.267137 9.164997 0.000000 0.000000 0.000000 0.702358 0.711823
65.703000000 -7.267136 9.165129 0.000000 0.000000 0.000000 0.701151 0.713012
65.736000000 -7.268101 9.164716 0.000000 0.000000 0.000000 0.699943 0.714199
65.769000000 -7.268102 9.164706 0.000000 0.000000 0.000000 0.698732 0.715384
65.835000000 -7.268105 9.164686 0.000000 0.000000 0.000000 0.696305 0.717746
65.868000000 -7.269071 9.164906 0.000000 0.000000 0.000000 0.695089 0.718924
65.901000000 -7.269070 9.164942 0.000000 0.000000 0.000000 0.693871 0.720100
65.934000000 -7.270019 9.165322 0.000000 0.000000 0.000000 0.692651 0.721273
65.967000000 -7.270015 9.165424 0.000000 0.000000 0.000000 0.691429 0.722444
66.033000000 -7.270008 9.165628 0.000000 0.000000 0.000000 0.688980 0.724780
66.066000000 -7.271065 9.165926 0.000000 0.000000 0.000000 0.687753 0.725945
66.099000000 -7.271057 9.166086 0.000000 0.000000 0.000000 0.686524 0.727107
66.132000000 -7.271049 9.166246 0.000000 0.000000 0.000000 0.685293 0.728268
66.165000000 -7.272164 9.166426 0.000000 0.000000 0.000000 0.684060 0.729426
66.198000000 -7.272155 9.166571 0.000000 0.000000 0.000000 0.682826 0.730582
66.231000000 -7.272146 9.166716 0.000000 0.000000 0.000000 0.681589 0.731735
66.264000000 -7.272989 9.166672 0.000000 0.000000 0.000000 0.680351 0.732886
66.297000000 -7.272984 9.166753 0.000000 0.000000 0.000000 0.679111 0.734035
66.330000000 -7.272978 9.166835 0.000000 0.000000 0.000000 0.677869 0.735182
66.363000000 -7.273597 9.167021 0.000000 0.000000 0.000000 0.676626 0.736327
66.396000000 -7.273590 9.167115 0.000000 0.000000 0.000000 0.675381 0.737469
66.429000000 -7.273582 9.167209 0.000000 0.000000 0.000000 0.674134 0.738609
66.462000000 -7.273575 9.167302 0.000000 0.000000 0.000000 0.672885 0.739747
66.495000000 -7.274214 9.167166 0.000000 0.000000 0.000000 0.671634 0.740883
66.528000000 -7.274210 9.167211 0.000000 0.000000 0.000000 0.670382 0.742016
66.561000000 -7.274657 9.167279 0.000000 0.000000 0.000000 0.669128 0.743147
66.594000000 -7.274655 9.167306 0.000000 0.000000 0.000000 0.667872 0.744276
66.627000000 -7.274653 9.167334 0.000000 0.000000 0.000000 0.666614 0.745403
66.660000000 -7.274956 9.167976 0.000000 0.000000 0.000000 0.665355 0.746527
66.693000000 -7.274937 9.168145 0.000000 0.000000 0.000000 0.664094 0.747649
66.726000000 -7.274917 9.168315 0.000000 0.000000 0.000000 0.662831 0.748769
66.759000000 -7.275014 9.165958 0.000000 0.000000 0.000000 0.661567 0.749886
66.792000000 -7.275071 9.165506 0.000000 0.000000 0.000000 0.660300 0.751002
66.825000000 -7.275131 9.165054 0.000000 0.000000 0.000000 0.659033 0.752114
66.858000000 -7.275834 9.159897 0.000000 0.000000 0.000000 0.657763 0.753225
66.891000000 -7.276055 9.158278 0.000000 0.000000 0.000000 0.656492 0.754333
66.924000000 -7.276281 9.156657 0.000000 0.000000 0.000000 0.655219 0.755439
66.957000000 -7.277091 9.150785 0.000000 0.000000 0.000000 0.653944 0.756543
66.990000000 -7.277481 9.148118 0.000000 0.000000 0.000000 0.652669 0.757643
67.023000000 -7.277882 9.145447 0.000000 0.000000 0.000000 0.651393 0.758741
67.056000000 -7.278671 9.137191 0.000000 0.000000 0.000000 0.650115 0.759835
67.089000000 -7.279302 9.133165 0.000000 0.000000 0.000000 0.648838 0.760927
67.122000000 -7.279949 9.129128 0.000000 0.000000 0.000000 0.647560 0.762014
67.155000000 -7.280634 9.120987 0.000000 0.000000 0.000000 0.646283 0.763098
67.188000000 -7.281470 9.115980 0.000000 0.000000 0.000000 0.645006 0.764178
67.221000000 -7.282327 9.110957 0.000000 0.000000 0.000000 0.643730 0.765253
67.254000000 -7.282723 9.101744 0.000000 0.000000 0.000000 0.642455 0.766324
67.287000000 -7.283784 9.095761 0.000000 0.000000 0.000000 0.641182 0.767389
67.320000000 -7.284869 9.089756 0.000000 0.000000 0.000000 0.639911 0.768449
67.353000000 -7.285239 9.079538 0.000000 0.000000 0.000000 0.638643 0.769503
67.386000000 -7.286542 9.072588 0.000000 0.000000 0.000000 0.637378 0.770551
67.419000000 -7.287875 9.065610 0.000000 0.000000 0.000000 0.636117 0.771592
67.452000000 -7.289237 9.058606 0.000000 0.000000 0.000000 0.634861 0.772627
67.485000000 -7.288632 9.053866 0.000000 0.000000 0.000000 0.633609 0.773654
67.518000000 -7.290251 9.045817 0.000000 0.000000 0.000000 0.632363 0.774672
67.551000000 -7.293050 9.023587 0.000000 0.000000 0.000000 0.631123 0.775683
67.584000000 -7.295018 9.014114 0.000000 0.000000 0.000000 0.629890 0.776685
67.617000000 -7.297028 9.004592 0.000000 0.000000 0.000000 0.628664 0.777677
67.650000000 -7.297755 8.990386 0.000000 0.000000 0.000000 0.627448 0.778659
67.683000000 -7.300045 8.979866 0.000000 0.000000 0.000000 0.626240 0.779630
67.716000000 -7.302381 8.969289 0.000000 0.000000 0.000000 0.625042 0.780591
67.749000000 -7.303124 8.953511 0.000000 0.000000 0.000000 0.623855 0.781540
67.782000000 -7.305776 8.941841 0.000000 0.000000 0.000000 0.622680 0.782476
67.815000000 -7.308270 8.919604 0.000000 0.000000 0.000000 0.610621 0.791923
67.848000000 -7.311539 8.906719 0.000000 0.000000 0.000000 0.620369 0.784310
67.881000000 -7.314622 8.893694 0.000000 0.000000 0.000000 0.619235 0.785205
67.914000000 -7.317764 8.880587 0.000000 0.000000 0.000000 0.618117 0.786086
67.947000000 -7.317063 8.868593 0.000000 0.000000 0.000000 0.617015 0.786951
67.980000000 -7.320506 8.854581 0.000000 0.000000 0.000000 0.615931 0.787800
68.013000000 -7.324115 8.828609 0.000000 0.000000 0.000000 0.603763 0.797164
68.046000000 -7.328354 8.813078 0.000000 0.000000 0.000000 0.613822 0.789445
68.079000000 -7.332352 8.797357 0.000000 0.000000 0.000000 0.612798 0.790240
68.112000000 -7.336422 8.781527 0.000000 0.000000 0.000000 0.611797 0.791015
68.145000000 -7.337354 8.766043 0.000000 0.000000 0.000000 0.610820 0.791769
68.178000000 -7.341819 8.749030 0.000000 0.000000 0.000000 0.609869 0.792503
68.211000000 -7.346359 8.731896 0.000000 0.000000 0.000000 0.608943 0.793214
68.244000000 -7.349999 8.709310 0.000000 0.000000 0.000000 0.608046 0.793902
68.277000000 -7.354932 8.691032 0.000000 0.000000 0.000000 0.607179 0.794565
68.310000000 -7.359945 8.672619 0.000000 0.000000 0.000000 0.606342 0.795204
68.343000000 -7.363762 8.648724 0.000000 0.000000 0.000000 0.605539 0.795816
68.376000000 -7.369166 8.629189 0.000000 0.000000 0.000000 0.604769 0.796401
68.409000000 -7.374654 8.609506 0.000000 0.000000 0.000000 0.604035 0.796958
68.442000000 -7.380222 8.589673 0.000000 0.000000 0.000000 0.603339 0.797485
68.475000000 -7.378564 8.585139 0.000000 0.000000 0.000000 0.602683 0.797981
68.508000000 -7.384414 8.564568 0.000000 0.000000 0.000000 0.602067 0.798445
68.541000000 -7.394357 8.518865 0.000000 0.000000 0.000000 0.601495 0.798877
68.574000000 -7.400543 8.497356 0.000000 0.000000 0.000000 0.600965 0.799276
68.607000000 -7.406809 8.475679 0.000000 0.000000 0.000000 0.600476 0.799642
68.640000000 -7.410998 8.449358 0.000000 0.000000 0.000000 0.600030 0.799978
68.673000000 -7.417565 8.426837 0.000000 0.000000 0.000000 0.599624 0.800282
68.706000000 -7.423208 8.396122 0.000000 0.000000 0.000000 0.587045 0.809554
68.739000000 -7.430765 8.373008 0.000000 0.000000 0.000000 0.586550 0.809913
68.772000000 -7.437965 8.349566 0.000000 0.000000 0.000000 0.598643 0.801016
68.805000000 -7.444966 8.325860 0.000000 0.000000 0.000000 0.598392 0.801203
68.838000000 -7.448163 8.301362 0.000000 0.000000 0.000000 0.598179 0.801363
68.871000000 -7.455458 8.276768 0.000000 0.000000 0.000000 0.598001 0.801495
68.904000000 -7.462824 8.251977 0.000000 0.000000 0.000000 0.597859 0.801601
68.937000000 -7.470258 8.226987 0.000000 0.000000 0.000000 0.597751 0.801682
68.970000000 -7.469365 8.221498 0.000000 0.000000 0.000000 0.597676 0.801738
69.003000000 -7.477098 8.195544 0.000000 0.000000 0.000000 0.597633 0.801769
69.036000000 -7.492297 8.137387 0.000000 0.000000 0.000000 0.597622 0.801778
69.069000000 -7.500466 8.109985 0.000000 0.000000 0.000000 0.597641 0.801764
69.102000000 -7.508702 8.082354 0.000000 0.000000 0.000000 0.597690 0.801728
69.135000000 -7.516206 8.050466 0.000000 0.000000 0.000000 0.597766 0.801671
69.168000000 -7.524684 8.021990 0.000000 0.000000 0.000000 0.597870 0.801593
69.201000000 -7.533225 7.993275 0.000000 0.000000 0.000000 0.597999 0.801497
69.234000000 -7.539695 7.961307 0.000000 0.000000 0.000000 0.598153 0.801382
69.333000000 -7.565887 7.872919 0.000000 0.000000 0.000000 0.598755 0.800932
69.366000000 -7.563318 7.870120 0.000000 0.000000 0.000000 0.598997 0.800751
69.399000000 -7.572115 7.840235 0.000000 0.000000 0.000000 0.599259 0.800555
69.432000000 -7.580962 7.810113 0.000000 0.000000 0.000000 0.599539 0.800345
69.498000000 -7.596467 7.745675 0.000000 0.000000 0.000000 0.600149 0.799888
69.531000000 -7.605476 7.714743 0.000000 0.000000 0.000000 0.600477 0.799642
69.564000000 -7.612378 7.680524 0.000000 0.000000 0.000000 0.600818 0.799386
69.597000000 -7.621477 7.649088 0.000000 0.000000 0.000000 0.601172 0.799120
69.630000000 -7.630616 7.617411 0.000000 0.000000 0.000000 0.601537 0.798845
69.663000000 -7.638030 7.581680 0.000000 0.000000 0.000000 0.601912 0.798562
69.696000000 -7.647308 7.549294 0.000000 0.000000 0.000000 0.602297 0.798272
69.729000000 -7.656622 7.516661 0.000000 0.000000 0.000000 0.602690 0.797975
69.762000000 -7.665060 7.479966 0.000000 0.000000 0.000000 0.603090 0.797673
69.795000000 -7.674523 7.446560 0.000000 0.000000 0.000000 0.603497 0.797365
69.828000000 -7.684021 7.412900 0.000000 0.000000 0.000000 0.603909 0.797054
69.861000000 -7.693176 7.375179 0.000000 0.000000 0.000000 0.604325 0.796738
69.894000000 -7.702869 7.340569 0.000000 0.000000 0.000000 0.604744 0.796420
69.927000000 -7.712627 7.305596 0.000000 0.000000 0.000000 0.605166 0.796100
69.960000000 -7.722447 7.270260 0.000000 0.000000 0.000000 0.605589 0.795778
69.993000000 -7.722394 7.267363 0.000000 0.000000 0.000000 0.606013 0.795455
70.026000000 -7.732224 7.231670 0.000000 0.000000 0.000000 0.606437 0.795132
70.059000000 -7.742113 7.195613 0.000000 0.000000 0.000000 0.606860 0.794809
70.092000000 -7.752774 7.156694 0.000000 0.000000 0.000000 0.607281 0.794487
70.125000000 -7.762759 7.119973 0.000000 0.000000 0.000000 0.607700 0.794166
70.158000000 -7.772799 7.082886 0.000000 0.000000 0.000000 0.608116 0.793848
70.191000000 -7.784185 7.043132 0.000000 0.000000 0.000000 0.608528 0.793532
70.224000000 -7.794317 7.005393 0.000000 0.000000 0.000000 0.608936 0.793219
70.257000000 -7.816601 6.926584 0.000000 0.000000 0.000000 0.609339 0.792910
70.290000000 -7.826922 6.887821 0.000000 0.000000 0.000000 0.609736 0.792604
70.323000000 -7.837295 6.848693 0.000000 0.000000 0.000000 0.610127 0.792303
70.356000000 -7.849829 6.807253 0.000000 0.000000 0.000000 0.610512 0.792007
70.389000000 -7.860283 6.767512 0.000000 0.000000 0.000000 0.610890 0.791716
70.422000000 -7.870788 6.727405 0.000000 0.000000 0.000000 0.611260 0.791430
70.455000000 -7.884205 6.684659 0.000000 0.000000 0.000000 0.611622 0.791150
70.488000000 -7.894824 6.643822 0.000000 0.000000 0.000000 0.611976 0.790876
70.521000000 -7.905493 6.602619 0.000000 0.000000 0.000000 0.612322 0.790609
70.554000000 -7.916212 6.561050 0.000000 0.000000 0.000000 0.612658 0.790348
70.587000000 -7.919520 6.559246 0.000000 0.000000 0.000000 0.612986 0.790094
70.620000000 -7.930248 6.517391 0.000000 0.000000 0.000000 0.613304 0.789847
70.653000000 -7.941028 6.475171 0.000000 0.000000 0.000000 0.613613 0.789607
70.686000000 -7.955806 6.430590 0.000000 0.000000 0.000000 0.613912 0.789374
70.719000000 -7.966704 6.387651 0.000000 0.000000 0.000000 0.614202 0.789149
70.752000000 -7.993537 6.298606 0.000000 0.000000 0.000000 0.614481 0.788931
70.785000000 -8.004659 6.254522 0.000000 0.000000 0.000000 0.614751 0.788721
70.818000000 -8.015833 6.210073 0.000000 0.000000 0.000000 0.615010 0.788519
70.851000000 -8.032372 6.163360 0.000000 0.000000 0.000000 0.615260 0.788325
70.884000000 -8.043684 6.118145 0.000000 0.000000 0.000000 0.615499 0.788138
70.917000000 -8.055051 6.072566 0.000000 0.000000 0.000000 0.615728 0.787959
70.950000000 -8.072347 6.024552 0.000000 0.000000 0.000000 0.615947 0.787787
70.983000000 -8.083872 5.978142 0.000000 0.000000 0.000000 0.616157 0.787623
71.016000000 -8.095455 5.931368 0.000000 0.000000 0.000000 0.616356 0.787467
71.049000000 -8.113660 5.882331 0.000000 0.000000 0.000000 0.616546 0.787319
71.082000000 -8.125404 5.834732 0.000000 0.000000 0.000000 0.616727 0.787177
71.115000000 -8.137208 5.786771 0.000000 0.000000 0.000000 0.616898 0.787043
71.148000000 -8.155966 5.736451 0.000000 0.000000 0.000000 0.617059 0.786917
71.181000000 -8.167944 5.687633 0.000000 0.000000 0.000000 0.617212 0.786797
71.214000000 -8.179985 5.638454 0.000000 0.000000 0.000000 0.617355 0.786684
71.247000000 -8.199507 5.587615 0.000000 0.000000 0.000000 0.617490 0.786578
71.280000000 -8.211693 5.537721 0.000000 0.000000 0.000000 0.617617 0.786479
71.313000000 -8.223944 5.487464 0.000000 0.000000 0.000000 0.617735 0.786386
71.346000000 -8.236261 5.436847 0.000000 0.000000 0.000000 0.617846 0.786299
71.379000000 -8.243735 5.435581 0.000000 0.000000 0.000000 0.617948 0.786219
71.412000000 -8.256119 5.384621 0.000000 0.000000 0.000000 0.618044 0.786144
71.445000000 -8.289097 5.279740 0.000000 0.000000 0.000000 0.618131 0.786075
71.478000000 -8.301753 5.227557 0.000000 0.000000 0.000000 0.618212 0.786011
71.511000000 -8.314481 5.175014 0.000000 0.000000 0.000000 0.618287 0.785953
71.544000000 -8.335243 5.120917 0.000000 0.000000 0.000000 0.618355 0.785899
71.577000000 -8.348123 5.067682 0.000000 0.000000 0.000000 0.618416 0.785851
71.610000000 -8.361078 5.014087 0.000000 0.000000 0.000000 0.618472 0.785807
71.643000000 -8.382331 4.958930 0.000000 0.000000 0.000000 0.618523 0.785767
71.676000000 -8.395445 4.904634 0.000000 0.000000 0.000000 0.618568 0.785732
71.709000000 -8.420388 4.833964 0.000000 0.000000 0.000000 0.605666 0.795719
71.742000000 -8.435463 4.779397 0.000000 0.000000 0.000000 0.605704 0.795690
71.775000000 -8.449408 4.724136 0.000000 0.000000 0.000000 0.618674 0.785648
71.808000000 -8.462846 4.668388 0.000000 0.000000 0.000000 0.618700 0.785627
71.841000000 -8.478874 4.626009 0.000000 0.000000 0.000000 0.618723 0.785610
71.874000000 -8.492445 4.569698 0.000000 0.000000 0.000000 0.618741 0.785595
71.907000000 -8.506098 4.513030 0.000000 0.000000 0.000000 0.618757 0.785583
71.940000000 -8.519832 4.456004 0.000000 0.000000 0.000000 0.618769 0.785573
71.973000000 -8.528282 4.454316 0.000000 0.000000 0.000000 0.618778 0.785566
72.006000000 -8.542125 4.396847 0.000000 0.000000 0.000000 0.618784 0.785561
72.039000000 -8.556051 4.339022 0.000000 0.000000 0.000000 0.618788 0.785558
72.072000000 -8.578386 4.280038 0.000000 0.000000 0.000000 0.618790 0.785557
72.105000000 -8.592452 4.221636 0.000000 0.000000 0.000000 0.618789 0.785557
72.138000000 -8.606604 4.162877 0.000000 0.000000 0.000000 0.618787 0.785559
72.171000000 -8.620841 4.103761 0.000000 0.000000 0.000000 0.618783 0.785562
72.204000000 -8.635163 4.044289 0.000000 0.000000 0.000000 0.618777 0.785567
72.237000000 -8.679547 3.925658 0.000000 0.000000 0.000000 0.618770 0.785572
72.270000000 -8.693875 3.866185 0.000000 0.000000 0.000000 0.618762 0.785579
72.303000000 -8.716870 3.801001 0.000000 0.000000 0.000000 0.605976 0.795483
72.336000000 -8.733169 3.741832 0.000000 0.000000 0.000000 0.605966 0.795490
72.369000000 -8.748479 3.682011 0.000000 0.000000 0.000000 0.618731 0.785603
72.402000000 -8.763029 3.621636 0.000000 0.000000 0.000000 0.618720 0.785612
72.435000000 -8.777666 3.560905 0.000000 0.000000 0.000000 0.618708 0.785621
72.468000000 -8.781103 3.569143 0.000000 0.000000 0.000000 0.618695 0.785631
72.501000000 -8.795537 3.509285 0.000000 0.000000 0.000000 0.618683 0.785641
72.567000000 -8.824658 3.388521 0.000000 0.000000 0.000000 0.618656 0.785662
72.600000000 -8.831995 3.391411 0.000000 0.000000 0.000000 0.618643 0.785672
72.633000000 -8.846428 3.331586 0.000000 0.000000 0.000000 0.618630 0.785682
72.666000000 -8.882899 3.213441 0.000000 0.000000 0.000000 0.618617 0.785693
72.699000000 -8.897347 3.153572 0.000000 0.000000 0.000000 0.618604 0.785703
72.732000000 -8.911878 3.093366 0.000000 0.000000 0.000000 0.618591 0.785713
72.765000000 -8.926491 3.032822 0.000000 0.000000 0.000000 0.618578 0.785723
72.798000000 -8.933628 3.035979 0.000000 0.000000 0.000000 0.618566 0.785733
72.831000000 -8.948052 2.976245 0.000000 0.000000 0.000000 0.618554 0.785742
72.864000000 -8.962556 2.916184 0.000000 0.000000 0.000000 0.618542 0.785752
72.897000000 -8.977139 2.855797 0.000000 0.000000 0.000000 0.618531 0.785761
72.930000000 -8.984451 2.858151 0.000000 0.000000 0.000000 0.618520 0.785769
72.963000000 -8.998893 2.798373 0.000000 0.000000 0.000000 0.618509 0.785778
72.996000000 -9.035238 2.680549 0.000000 0.000000 0.000000 0.618498 0.785786
73.029000000 -9.049672 2.620822 0.000000 0.000000 0.000000 0.618488 0.785794
73.062000000 -9.085703 2.503013 0.000000 0.000000 0.000000 0.618479 0.785802
73.095000000 -9.100126 2.443342 0.000000 0.000000 0.000000 0.618470 0.785809
73.128000000 -9.114622 2.383370 0.000000 0.000000 0.000000 0.618461 0.785816
73.161000000 -9.129192 2.323096 0.000000 0.000000 0.000000 0.618452 0.785822
73.194000000 -9.136212 2.325147 0.000000 0.000000 0.000000 0.618444 0.785829
73.227000000 -9.150652 2.265429 0.000000 0.000000 0.000000 0.618437 0.785835
73.260000000 -9.186400 2.147445 0.000000 0.000000 0.000000 0.618430 0.785840
73.293000000 -9.200829 2.087782 0.000000 0.000000 0.000000 0.618423 0.785846
73.326000000 -9.215327 2.027837 0.000000 0.000000 0.000000 0.618416 0.785851
73.359000000 -9.229893 1.967611 0.000000 0.000000 0.000000 0.618410 0.785855
73.392000000 -9.236575 1.970154 0.000000 0.000000 0.000000 0.618405 0.785860
73.425000000 -9.250977 1.910621 0.000000 0.000000 0.000000 0.618399 0.785864
73.458000000 -9.286646 1.792461 0.000000 0.000000 0.000000 0.618394 0.785868
73.491000000 -9.301062 1.732879 0.000000 0.000000 0.000000 0.618390 0.785872
73.524000000 -9.315540 1.673039 0.000000 0.000000 0.000000 0.618385 0.785875
73.557000000 -9.336805 1.614757 0.000000 0.000000 0.000000 0.618381 0.785878
73.590000000 -9.351225 1.555168 0.000000 0.000000 0.000000 0.618378 0.785881
73.623000000 -9.365704 1.495331 0.000000 0.000000 0.000000 0.618374 0.785884
73.656000000 -9.386948 1.437151 0.000000 0.000000 0.000000 0.618371 0.785886
73.689000000 -9.401361 1.377597 0.000000 0.000000 0.000000 0.618368 0.785889
73.722000000 -9.415831 1.317807 0.000000 0.000000 0.000000 0.618365 0.785891
73.755000000 -9.436781 1.259836 0.000000 0.000000 0.000000 0.618363 0.785893
73.788000000 -9.451168 1.200393 0.000000 0.000000 0.000000 0.618361 0.785894
73.821000000 -9.465609 1.140727 0.000000 0.000000 0.000000 0.618359 0.785896
73.854000000 -9.480104 1.080836 0.000000 0.000000 0.000000 0.618357 0.785897
73.887000000 -9.486623 1.082453 0.000000 0.000000 0.000000 0.618355 0.785899
73.920000000 -9.501004 1.023039 0.000000 0.000000 0.000000 0.618354 0.785900
73.953000000 -9.515436 0.963415 0.000000 0.000000 0.000000 0.618353 0.785901
73.986000000 -9.529918 0.903582 0.000000 0.000000 0.000000 0.618351 0.785902
74.019000000 -9.536289 0.905164 0.000000 0.000000 0.000000 0.618350 0.785902
74.052000000 -9.585930 0.728335 0.000000 0.000000 0.000000 0.618350 0.785903
74.085000000 -9.600268 0.669103 0.000000 0.000000 0.000000 0.618349 0.785904
74.118000000 -9.614652 0.609681 0.000000 0.000000 0.000000 0.618348 0.785904
74.151000000 -9.635244 0.550873 0.000000 0.000000 0.000000 0.618348 0.785905
74.184000000 -9.649603 0.491556 0.000000 0.000000 0.000000 0.618347 0.785905
74.217000000 -9.664006 0.432058 0.000000 0.000000 0.000000 0.618347 0.785905
74.250000000 -9.684539 0.373791 0.000000 0.000000 0.000000 0.618347 0.785905
74.283000000 -9.698879 0.314555 0.000000 0.000000 0.000000 0.618347 0.785905
74.316000000 -9.713260 0.255149 0.000000 0.000000 0.000000 0.618347 0.785905
74.349000000 -9.733807 0.196568 0.000000 0.000000 0.000000 0.618347 0.785905
74.382000000 -9.748147 0.137331 0.000000 0.000000 0.000000 0.618347 0.785905
74.415000000 -9.762526 0.077933 0.000000 0.000000 0.000000 0.618347 0.785905
74.448000000 -9.782956 0.019664 0.000000 0.000000 0.000000 0.618347 0.785905
74.481000000 -9.797273 -0.039480 0.000000 0.000000 0.000000 0.618347 0.785905
74.514000000 -9.811628 -0.098775 0.000000 0.000000 0.000000 0.618347 0.785905
74.547000000 -9.832071 -0.157105 0.000000 0.000000 0.000000 0.618348 0.785905
74.580000000 -9.846373 -0.216181 0.000000 0.000000 0.000000 0.618348 0.785905
74.613000000 -9.860708 -0.275399 0.000000 0.000000 0.000000 0.618348 0.785904
74.646000000 -9.880215 -0.330552 0.000000 0.000000 0.000000 0.618348 0.785904
74.679000000 -9.894303 -0.388747 0.000000 0.000000 0.000000 0.618349 0.785904
74.712000000 -9.908420 -0.447060 0.000000 0.000000 0.000000 0.618349 0.785904
74.745000000 -9.922565 -0.505493 0.000000 0.000000 0.000000 0.618349 0.785903
74.778000000 -9.927460 -0.500417 0.000000 0.000000 0.000000 0.618350 0.785903
74.811000000 -9.941271 -0.557467 0.000000 0.000000 0.000000 0.618350 0.785903
74.844000000 -9.973650 -0.667552 0.000000 0.000000 0.000000 0.618350 0.785902
74.877000000 -9.987217 -0.723594 0.000000 0.000000 0.000000 0.618351 0.785902
74.910000000 -10.000800 -0.779704 0.000000 0.000000 0.000000 0.618351 0.785902
74.943000000 -10.014279 -0.835376 0.000000 0.000000 0.000000 0.618352 0.785902
74.976000000 -10.019081 -0.831027 0.000000 0.000000 0.000000 0.618352 0.785901
75.009000000 -10.032348 -0.885831 0.000000 0.000000 0.000000 0.618352 0.785901
75.042000000 -10.064017 -0.992796 0.000000 0.000000 0.000000 0.618353 0.785901
75.108000000 -10.090204 -1.100969 0.000000 0.000000 0.000000 0.618353 0.785900
75.141000000 -10.103297 -1.155055 0.000000 0.000000 0.000000 0.618354 0.785900
75.174000000 -10.108887 -1.155431 0.000000 0.000000 0.000000 0.618354 0.785900
75.207000000 -10.121985 -1.209536 0.000000 0.000000 0.000000 0.618354 0.785900
75.273000000 -10.167806 -1.371614 0.000000 0.000000 0.000000 0.618355 0.785899
75.306000000 -10.180891 -1.425665 0.000000 0.000000 0.000000 0.618355 0.785899
75.339000000 -10.199199 -1.480012 0.000000 0.000000 0.000000 0.618355 0.785899
75.372000000 -10.212279 -1.534044 0.000000 0.000000 0.000000 0.618356 0.785898
75.405000000 -10.225359 -1.588075 0.000000 0.000000 0.000000 0.618356 0.785898
75.438000000 -10.244540 -1.642388 0.000000 0.000000 0.000000 0.618356 0.785898
75.471000000 -10.257627 -1.696449 0.000000 0.000000 0.000000 0.618356 0.785898
75.504000000 -10.278029 -1.757327 0.000000 0.000000 0.000000 0.607014 0.794691
75.537000000 -10.292663 -1.810996 0.000000 0.000000 0.000000 0.607014 0.794691
75.570000000 -10.306395 -1.864911 0.000000 0.000000 0.000000 0.618357 0.785897
75.603000000 -10.319484 -1.918978 0.000000 0.000000 0.000000 0.618357 0.785897
75.636000000 -10.334830 -1.967283 0.000000 0.000000 0.000000 0.618357 0.785897
75.669000000 -10.347921 -2.021363 0.000000 0.000000 0.000000 0.618357 0.785897
75.702000000 -10.361013 -2.075444 0.000000 0.000000 0.000000 0.618358 0.785897
75.735000000 -10.374105 -2.129524 0.000000 0.000000 0.000000 0.618358 0.785897
75.768000000 -10.380161 -2.129360 0.000000 0.000000 0.000000 0.618358 0.785897
75.801000000 -10.393233 -2.183363 0.000000 0.000000 0.000000 0.618358 0.785897
75.834000000 -10.425339 -2.291938 0.000000 0.000000 0.000000 0.618358 0.785897
75.867000000 -10.438432 -2.346028 0.000000 0.000000 0.000000 0.618358 0.785896
75.933000000 -10.464621 -2.454210 0.000000 0.000000 0.000000 0.618356 0.785898
75.966000000 -10.477715 -2.508301 0.000000 0.000000 0.000000 0.618248 0.785983
75.999000000 -10.471168 -2.454223 0.000000 0.000000 0.000000 0.617890 0.786265
76.032000000 -10.484324 -2.508293 0.000000 0.000000 0.000000 0.617270 0.786751
76.065000000 -10.516787 -2.615516 0.000000 0.000000 0.000000 0.616385 0.787445
76.098000000 -10.530089 -2.669290 0.000000 0.000000 0.000000 0.615244 0.788337
76.131000000 -10.543548 -2.723025 0.000000 0.000000 0.000000 0.613880 0.789400
76.164000000 -10.560879 -2.776859 0.000000 0.000000 0.000000 0.612326 0.790605
76.197000000 -10.574696 -2.830346 0.000000 0.000000 0.000000 0.610612 0.791930
76.230000000 -10.588745 -2.883772 0.000000 0.000000 0.000000 0.608762 0.793353
76.263000000 -10.603043 -2.937131 0.000000 0.000000 0.000000 0.606798 0.794856
76.296000000 -10.604143 -2.938547 0.000000 0.000000 0.000000 0.604739 0.796424
76.329000000 -10.618904 -2.991754 0.000000 0.000000 0.000000 0.602601 0.798043
76.362000000 -10.645849 -3.099900 0.000000 0.000000 0.000000 0.600400 0.799700
76.395000000 -10.661149 -3.152749 0.000000 0.000000 0.000000 0.598151 0.801384
76.428000000 -10.676719 -3.205513 0.000000 0.000000 0.000000 0.595864 0.803085
76.461000000 -10.687956 -3.260710 0.000000 0.000000 0.000000 0.593554 0.804794
76.494000000 -10.704143 -3.313121 0.000000 0.000000 0.000000 0.591229 0.806504
76.527000000 -10.720630 -3.365438 0.000000 0.000000 0.000000 0.588899 0.808206
76.560000000 -10.729966 -3.422029 0.000000 0.000000 0.000000 0.586575 0.809895
76.593000000 -10.747098 -3.474182 0.000000 0.000000 0.000000 0.584264 0.811564
76.626000000 -10.764542 -3.526235 0.000000 0.000000 0.000000 0.581974 0.813208
76.659000000 -10.772363 -3.583671 0.000000 0.000000 0.000000 0.579711 0.814822
76.692000000 -10.790418 -3.635587 0.000000 0.000000 0.000000 0.577553 0.816353
76.725000000 -10.808772 -3.687403 0.000000 0.000000 0.000000 0.575604 0.817728
76.758000000 -10.812740 -3.746502 0.000000 0.000000 0.000000 0.573820 0.818981
76.791000000 -10.831567 -3.798211 0.000000 0.000000 0.000000 0.572189 0.820122
76.824000000 -10.850625 -3.849840 0.000000 0.000000 0.000000 0.570714 0.821149
76.857000000 -10.855384 -3.909483 0.000000 0.000000 0.000000 0.569404 0.822058
76.890000000 -10.874827 -3.961151 0.000000 0.000000 0.000000 0.568267 0.822845
76.923000000 -10.894439 -4.012760 0.000000 0.000000 0.000000 0.567310 0.823504
76.956000000 -10.899052 -4.071060 0.000000 0.000000 0.000000 0.566541 0.824033
76.989000000 -10.918766 -4.122361 0.000000 0.000000 0.000000 0.565965 0.824429
77.022000000 -10.938576 -4.173628 0.000000 0.000000 0.000000 0.565588 0.824688
77.055000000 -10.943346 -4.233201 0.000000 0.000000 0.000000 0.565414 0.824807
77.088000000 -10.963230 -4.284526 0.000000 0.000000 0.000000 0.565449 0.824783
77.121000000 -10.983134 -4.335847 0.000000 0.000000 0.000000 0.565697 0.824613
77.154000000 -10.987945 -4.394531 0.000000 0.000000 0.000000 0.566164 0.824292
77.187000000 -11.007676 -4.445742 0.000000 0.000000 0.000000 0.566855 0.823817
77.220000000 -11.027346 -4.496979 0.000000 0.000000 0.000000 0.567776 0.823183
77.253000000 -11.033926 -4.555750 0.000000 0.000000 0.000000 0.568933 0.822384
77.286000000 -11.053335 -4.607154 0.000000 0.000000 0.000000 0.570331 0.821415
77.319000000 -11.072594 -4.658618 0.000000 0.000000 0.000000 0.571977 0.820270
77.352000000 -11.091669 -4.710154 0.000000 0.000000 0.000000 0.573878 0.818941
77.385000000 -11.081143 -4.717651 0.000000 0.000000 0.000000 0.576040 0.817421
77.418000000 -11.099764 -4.769680 0.000000 0.000000 0.000000 0.578469 0.815704
77.451000000 -11.118098 -4.821817 0.000000 0.000000 0.000000 0.581143 0.813801
77.484000000 -11.129635 -4.879706 0.000000 0.000000 0.000000 0.584029 0.811733
77.517000000 -11.147294 -4.932341 0.000000 0.000000 0.000000 0.587088 0.809523
77.550000000 -11.178994 -5.040744 0.000000 0.000000 0.000000 0.590161 0.807286
77.583000000 -11.195846 -5.093605 0.000000 0.000000 0.000000 0.593075 0.805147
77.616000000 -11.212328 -5.146581 0.000000 0.000000 0.000000 0.595782 0.803146
77.649000000 -11.228463 -5.199661 0.000000 0.000000 0.000000 0.598283 0.801285
77.682000000 -11.229998 -5.202818 0.000000 0.000000 0.000000 0.600595 0.799554
77.715000000 -11.245589 -5.256504 0.000000 0.000000 0.000000 0.602735 0.797941
77.748000000 -11.279943 -5.364909 0.000000 0.000000 0.000000 0.604720 0.796438
77.781000000 -11.294990 -5.418796 0.000000 0.000000 0.000000 0.606564 0.795035
77.814000000 -11.309800 -5.472748 0.000000 0.000000 0.000000 0.608276 0.793726
77.847000000 -11.328931 -5.527222 0.000000 0.000000 0.000000 0.609865 0.792505
77.880000000 -11.343279 -5.581302 0.000000 0.000000 0.000000 0.611339 0.791369
77.913000000 -11.357438 -5.635430 0.000000 0.000000 0.000000 0.612703 0.790313
77.946000000 -11.371422 -5.689603 0.000000 0.000000 0.000000 0.613964 0.789334
77.979000000 -11.385244 -5.743815 0.000000 0.000000 0.000000 0.615126 0.788429
78.012000000 -11.398919 -5.798063 0.000000 0.000000 0.000000 0.616195 0.787594
78.045000000 -11.422849 -5.851071 0.000000 0.000000 0.000000 0.617175 0.786826
78.078000000 -11.436130 -5.905146 0.000000 0.000000 0.000000 0.618070 0.786123
78.111000000 -11.449061 -5.959314 0.000000 0.000000 0.000000 0.618886 0.785481
78.144000000 -11.469806 -6.013288 0.000000 0.000000 0.000000 0.619625 0.784898
78.177000000 -11.482666 -6.067502 0.000000 0.000000 0.000000 0.620293 0.784370
78.210000000 -11.495386 -6.121747 0.000000 0.000000 0.000000 0.620894 0.783895
78.243000000 -11.507981 -6.176022 0.000000 0.000000 0.000000 0.621431 0.783469
78.276000000 -11.516073 -6.175269 0.000000 0.000000 0.000000 0.621907 0.783091
78.309000000 -11.528610 -6.229457 0.000000 0.000000 0.000000 0.622328 0.782757
78.342000000 -11.562357 -6.336868 0.000000 0.000000 0.000000 0.622696 0.782464
78.375000000 -11.574765 -6.390962 0.000000 0.000000 0.000000 0.623014 0.782211
78.408000000 -11.587097 -6.445073 0.000000 0.000000 0.000000 0.623286 0.781994
78.441000000 -11.599360 -6.499199 0.000000 0.000000 0.000000 0.623515 0.781811
78.474000000 -11.608488 -6.498191 0.000000 0.000000 0.000000 0.623704 0.781660
78.507000000 -11.644750 -6.617201 0.000000 0.000000 0.000000 0.613867 0.789409
78.540000000 -11.658144 -6.670969 0.000000 0.000000 0.000000 0.623974 0.781445
78.573000000 -11.670369 -6.725013 0.000000 0.000000 0.000000 0.624060 0.781376
78.606000000 -11.682561 -6.779065 0.000000 0.000000 0.000000 0.624117 0.781331
78.639000000 -11.699988 -6.821509 0.000000 0.000000 0.000000 0.624148 0.781306
78.672000000 -11.712204 -6.875571 0.000000 0.000000 0.000000 0.624154 0.781302
78.705000000 -11.724404 -6.929637 0.000000 0.000000 0.000000 0.624137 0.781315
78.738000000 -11.736592 -6.983704 0.000000 0.000000 0.000000 0.624101 0.781344
78.771000000 -11.745111 -6.982698 0.000000 0.000000 0.000000 0.624046 0.781388
78.804000000 -11.757316 -7.036604 0.000000 0.000000 0.000000 0.623975 0.781445
78.837000000 -11.790027 -7.144177 0.000000 0.000000 0.000000 0.623889 0.781513
78.870000000 -11.802258 -7.198096 0.000000 0.000000 0.000000 0.623790 0.781592
78.903000000 -11.814493 -7.252014 0.000000 0.000000 0.000000 0.623680 0.781679
78.936000000 -11.826731 -7.305931 0.000000 0.000000 0.000000 0.623561 0.781775
78.969000000 -11.833671 -7.302681 0.000000 0.000000 0.000000 0.623433 0.781877
79.002000000 -11.845790 -7.355816 0.000000 0.000000 0.000000 0.623297 0.781985
79.035000000 -11.876713 -7.457654 0.000000 0.000000 0.000000 0.623156 0.782098
79.068000000 -11.888628 -7.509724 0.000000 0.000000 0.000000 0.623009 0.782215
79.101000000 -11.906988 -7.560061 0.000000 0.000000 0.000000 0.612927 0.790140
79.134000000 -11.919953 -7.610743 0.000000 0.000000 0.000000 0.622704 0.782457
79.167000000 -11.931678 -7.661718 0.000000 0.000000 0.000000 0.622548 0.782581
79.233000000 -11.955153 -7.763640 0.000000 0.000000 0.000000 0.622231 0.782834
79.299000000 -11.971359 -7.808316 0.000000 0.000000 0.000000 0.621912 0.783087
79.332000000 -11.982945 -7.858267 0.000000 0.000000 0.000000 0.621753 0.783213
79.365000000 -12.000185 -7.904079 0.000000 0.000000 0.000000 0.621596 0.783338
79.398000000 -12.011581 -7.952988 0.000000 0.000000 0.000000 0.621439 0.783463
79.431000000 -12.022982 -8.001876 0.000000 0.000000 0.000000 0.621284 0.783585
79.464000000 -12.039815 -8.046299 0.000000 0.000000 0.000000 0.621132 0.783706
79.497000000 -12.051003 -8.094060 0.000000 0.000000 0.000000 0.620981 0.783825
79.530000000 -12.062194 -8.141793 0.000000 0.000000 0.000000 0.620833 0.783943
79.563000000 -12.078621 -8.185634 0.000000 0.000000 0.000000 0.620688 0.784057
79.596000000 -12.089625 -8.232369 0.000000 0.000000 0.000000 0.620546 0.784170
79.629000000 -12.100628 -8.279068 0.000000 0.000000 0.000000 0.620407 0.784280
79.662000000 -12.111630 -8.325731 0.000000 0.000000 0.000000 0.620271 0.784388
79.695000000 -12.116966 -8.321370 0.000000 0.000000 0.000000 0.620138 0.784493
79.728000000 -12.127799 -8.367013 0.000000 0.000000 0.000000 0.620008 0.784595
79.761000000 -12.154313 -8.454261 0.000000 0.000000 0.000000 0.619882 0.784695
79.794000000 -12.164938 -8.498899 0.000000 0.000000 0.000000 0.619760 0.784791
79.827000000 -12.175581 -8.543533 0.000000 0.000000 0.000000 0.619641 0.784885
79.860000000 -12.191330 -8.586966 0.000000 0.000000 0.000000 0.619526 0.784976
79.893000000 -12.201922 -8.631284 0.000000 0.000000 0.000000 0.619414 0.785065
79.926000000 -12.212530 -8.675597 0.000000 0.000000 0.000000 0.619306 0.785150
79.959000000 -12.223153 -8.719907 0.000000 0.000000 0.000000 0.619201 0.785232
79.992000000 -12.228541 -8.720330 0.000000 0.000000 0.000000 0.619101 0.785312
80.025000000 -12.239203 -8.764725 0.000000 0.000000 0.000000 0.619004 0.785388
80.058000000 -12.265995 -8.853606 0.000000 0.000000 0.000000 0.618910 0.785462
80.091000000 -12.276682 -8.898013 0.000000 0.000000 0.000000 0.618820 0.785532
80.124000000 -12.287383 -8.942417 0.000000 0.000000 0.000000 0.618734 0.785600
80.157000000 -12.303382 -8.986797 0.000000 0.000000 0.000000 0.618651 0.785666
80.190000000 -12.314094 -9.031178 0.000000 0.000000 0.000000 0.618572 0.785728
80.223000000 -12.324818 -9.075556 0.000000 0.000000 0.000000 0.618496 0.785788
80.256000000 -12.340778 -9.120139 0.000000 0.000000 0.000000 0.618424 0.785845
80.289000000 -12.351523 -9.164545 0.000000 0.000000 0.000000 0.618355 0.785899
80.322000000 -12.362279 -9.208948 0.000000 0.000000 0.000000 0.618289 0.785951
80.355000000 -12.378309 -9.253278 0.000000 0.000000 0.000000 0.618226 0.786000
80.388000000 -12.389068 -9.297648 0.000000 0.000000 0.000000 0.618167 0.786047
80.421000000 -12.399837 -9.342015 0.000000 0.000000 0.000000 0.618110 0.786091
80.454000000 -12.415681 -9.386574 0.000000 0.000000 0.000000 0.618057 0.786134
80.487000000 -12.426465 -9.430958 0.000000 0.000000 0.000000 0.618006 0.786173
80.520000000 -12.437256 -9.475340 0.000000 0.000000 0.000000 0.617958 0.786211
80.553000000 -12.453193 -9.519188 0.000000 0.000000 0.000000 0.617913 0.786247
80.586000000 -12.463957 -9.563424 0.000000 0.000000 0.000000 0.617870 0.786280
80.619000000 -12.474728 -9.607657 0.000000 0.000000 0.000000 0.617830 0.786312
80.652000000 -12.490731 -9.652266 0.000000 0.000000 0.000000 0.617792 0.786341
80.685000000 -12.501526 -9.696572 0.000000 0.000000 0.000000 0.617757 0.786369
80.718000000 -12.512328 -9.740877 0.000000 0.000000 0.000000 0.617724 0.786395
80.751000000 -12.523134 -9.785181 0.000000 0.000000 0.000000 0.617693 0.786419
80.784000000 -12.528219 -9.785422 0.000000 0.000000 0.000000 0.617665 0.786442
80.817000000 -12.539036 -9.829759 0.000000 0.000000 0.000000 0.617638 0.786462
80.850000000 -12.565179 -9.916575 0.000000 0.000000 0.000000 0.617613 0.786482
80.883000000 -12.575883 -9.960419 0.000000 0.000000 0.000000 0.617590 0.786500
80.916000000 -12.586591 -10.004260 0.000000 0.000000 0.000000 0.617569 0.786517
80.949000000 -12.600969 -10.043528 0.000000 0.000000 0.000000 0.617549 0.786532
80.982000000 -12.611392 -10.086194 0.000000 0.000000 0.000000 0.617531 0.786546
81.015000000 -12.621818 -10.128855 0.000000 0.000000 0.000000 0.617515 0.786559
81.048000000 -12.636527 -10.167703 0.000000 0.000000 0.000000 0.617500 0.786571
81.081000000 -12.646722 -10.209411 0.000000 0.000000 0.000000 0.617486 0.786582
81.114000000 -12.656919 -10.251111 0.000000 0.000000 0.000000 0.617473 0.786592
81.147000000 -12.670612 -10.288448 0.000000 0.000000 0.000000 0.617462 0.786601
81.180000000 -12.680534 -10.329020 0.000000 0.000000 0.000000 0.617451 0.786609
81.213000000 -12.690456 -10.369580 0.000000 0.000000 0.000000 0.617442 0.786616
81.246000000 -12.700377 -10.410128 0.000000 0.000000 0.000000 0.617434 0.786623
81.279000000 -12.703756 -10.405595 0.000000 0.000000 0.000000 0.617427 0.786628
81.312000000 -12.713391 -10.444981 0.000000 0.000000 0.000000 0.617420 0.786634
81.345000000 -12.736477 -10.520024 0.000000 0.000000 0.000000 0.617415 0.786638
81.378000000 -12.745878 -10.558449 0.000000 0.000000 0.000000 0.617410 0.786642
81.411000000 -12.755276 -10.596848 0.000000 0.000000 0.000000 0.617406 0.786645
81.444000000 -12.768290 -10.630802 0.000000 0.000000 0.000000 0.617402 0.786648
81.477000000 -12.777410 -10.668071 0.000000 0.000000 0.000000 0.617400 0.786650
81.510000000 -12.786524 -10.705307 0.000000 0.000000 0.000000 0.617397 0.786651
81.543000000 -12.799336 -10.738743 0.000000 0.000000 0.000000 0.617396 0.786653
81.576000000 -12.808211 -10.775009 0.000000 0.000000 0.000000 0.617395 0.786653
81.609000000 -12.817077 -10.811232 0.000000 0.000000 0.000000 0.617394 0.786654
81.642000000 -12.829544 -10.843404 0.000000 0.000000 0.000000 0.617394 0.786654
81.675000000 -12.838156 -10.878593 0.000000 0.000000 0.000000 0.617395 0.786654
81.708000000 -12.846757 -10.913731 0.000000 0.000000 0.000000 0.617395 0.786653
81.741000000 -12.859355 -10.944698 0.000000 0.000000 0.000000 0.617397 0.786652
81.774000000 -12.867701 -10.978801 0.000000 0.000000 0.000000 0.617398 0.786651
81.807000000 -12.876033 -11.012842 0.000000 0.000000 0.000000 0.617400 0.786649
81.840000000 -12.887919 -11.042213 0.000000 0.000000 0.000000 0.617402 0.786648
81.873000000 -12.895983 -11.075175 0.000000 0.000000 0.000000 0.617404 0.786646
81.906000000 -12.904048 -11.108136 0.000000 0.000000 0.000000 0.617407 0.786644
81.939000000 -12.912113 -11.141097 0.000000 0.000000 0.000000 0.617410 0.786641
81.972000000 -12.916543 -11.139185 0.000000 0.000000 0.000000 0.617413 0.786639
82.005000000 -12.938077 -11.208553 0.000000 0.000000 0.000000 0.606151 0.795349
82.038000000 -12.946918 -11.240703 0.000000 0.000000 0.000000 0.606155 0.795347
82.071000000 -12.955205 -11.273005 0.000000 0.000000 0.000000 0.617424 0.786631
82.104000000 -12.963128 -11.305393 0.000000 0.000000 0.000000 0.617428 0.786628
82.137000000 -12.973769 -11.332911 0.000000 0.000000 0.000000 0.617432 0.786625
82.170000000 -12.981693 -11.365310 0.000000 0.000000 0.000000 0.617436 0.786621
82.203000000 -12.995204 -11.400495 0.000000 0.000000 0.000000 0.606151 0.795349
82.236000000 -13.004057 -11.432684 0.000000 0.000000 0.000000 0.606156 0.795346
82.269000000 -13.012390 -11.465016 0.000000 0.000000 0.000000 0.617449 0.786611
82.302000000 -13.020320 -11.497444 0.000000 0.000000 0.000000 0.617453 0.786607
82.368000000 -13.039623 -11.559557 0.000000 0.000000 0.000000 0.617463 0.786600
82.401000000 -13.047564 -11.592038 0.000000 0.000000 0.000000 0.617467 0.786596
82.434000000 -13.055506 -11.624519 0.000000 0.000000 0.000000 0.617472 0.786593
82.467000000 -13.060311 -11.623567 0.000000 0.000000 0.000000 0.617477 0.786589
82.533000000 -13.090958 -11.720952 0.000000 0.000000 0.000000 0.617487 0.786581
82.566000000 -13.098928 -11.753559 0.000000 0.000000 0.000000 0.617492 0.786577
82.599000000 -13.106898 -11.786167 0.000000 0.000000 0.000000 0.617496 0.786574
82.632000000 -13.114867 -11.818775 0.000000 0.000000 0.000000 0.617501 0.786570
82.665000000 -13.120052 -11.818228 0.000000 0.000000 0.000000 0.617506 0.786566
82.698000000 -13.128008 -11.850786 0.000000 0.000000 0.000000 0.617511 0.786562
82.731000000 -13.135964 -11.883344 0.000000 0.000000 0.000000 0.617516 0.786558
82.764000000 -13.143920 -11.915902 0.000000 0.000000 0.000000 0.617521 0.786555
82.797000000 -13.149134 -11.915101 0.000000 0.000000 0.000000 0.617525 0.786551
82.830000000 -13.157062 -11.947552 0.000000 0.000000 0.000000 0.617530 0.786547
82.863000000 -13.178379 -12.011761 0.000000 0.000000 0.000000 0.617535 0.786544
82.896000000 -13.186290 -12.044147 0.000000 0.000000 0.000000 0.617539 0.786540
82.929000000 -13.194202 -12.076532 0.000000 0.000000 0.000000 0.617544 0.786536
82.962000000 -13.207655 -12.108417 0.000000 0.000000 0.000000 0.617548 0.786533
82.995000000 -13.215562 -12.140788 0.000000 0.000000 0.000000 0.617553 0.786529
83.028000000 -13.223468 -12.173158 0.000000 0.000000 0.000000 0.617557 0.786526
83.061000000 -13.231375 -12.205529 0.000000 0.000000 0.000000 0.617561 0.786523
83.094000000 -13.237968 -12.205389 0.000000 0.000000 0.000000 0.617566 0.786519
83.127000000 -13.245906 -12.237896 0.000000 0.000000 0.000000 0.617570 0.786516
83.160000000 -13.268093 -12.302818 0.000000 0.000000 0.000000 0.617574 0.786513
83.193000000 -13.276061 -12.335453 0.000000 0.000000 0.000000 0.617578 0.786510
83.226000000 -13.284030 -12.368088 0.000000 0.000000 0.000000 0.617582 0.786507
83.259000000 -13.291999 -12.400723 0.000000 0.000000 0.000000 0.617586 0.786503
83.292000000 -13.297736 -12.399208 0.000000 0.000000 0.000000 0.617590 0.786500
83.325000000 -13.305645 -12.431603 0.000000 0.000000 0.000000 0.617593 0.786498
83.358000000 -13.327565 -12.496147 0.000000 0.000000 0.000000 0.617597 0.786495
83.391000000 -13.335493 -12.528621 0.000000 0.000000 0.000000 0.617601 0.786492
83.424000000 -13.343421 -12.561096 0.000000 0.000000 0.000000 0.617604 0.786489
83.457000000 -13.356917 -12.592957 0.000000 0.000000 0.000000 0.617607 0.786487
83.490000000 -13.364834 -12.625392 0.000000 0.000000 0.000000 0.617611 0.786484
83.523000000 -13.372751 -12.657826 0.000000 0.000000 0.000000 0.617614 0.786481
83.556000000 -13.387945 -12.690510 0.000000 0.000000 0.000000 0.617617 0.786479
83.589000000 -13.395927 -12.723214 0.000000 0.000000 0.000000 0.617620 0.786477
83.622000000 -13.403909 -12.755918 0.000000 0.000000 0.000000 0.617613 0.786482
83.655000000 -13.418131 -12.787421 0.000000 0.000000 0.000000 0.617535 0.786543
83.688000000 -13.426087 -12.819987 0.000000 0.000000 0.000000 0.617364 0.786677
83.721000000 -13.434057 -12.852550 0.000000 0.000000 0.000000 0.617102 0.786883
83.754000000 -13.442049 -12.885108 0.000000 0.000000 0.000000 0.616747 0.787162
83.787000000 -13.449289 -12.884946 0.000000 0.000000 0.000000 0.616296 0.787514
83.820000000 -13.457390 -12.917658 0.000000 0.000000 0.000000 0.615752 0.787940
83.853000000 -13.482534 -12.984273 0.000000 0.000000 0.000000 0.615123 0.788431
83.886000000 -13.490882 -13.017558 0.000000 0.000000 0.000000 0.614417 0.788982
83.919000000 -13.499137 -13.050841 0.000000 0.000000 0.000000 0.613639 0.789587
83.952000000 -13.515095 -13.081975 0.000000 0.000000 0.000000 0.612796 0.790241
83.985000000 -13.523504 -13.114947 0.000000 0.000000 0.000000 0.611892 0.790941
84.018000000 -13.531949 -13.147904 0.000000 0.000000 0.000000 0.610933 0.791682
84.051000000 -13.540439 -13.180844 0.000000 0.000000 0.000000 0.609923 0.792461
84.084000000 -13.546694 -13.179224 0.000000 0.000000 0.000000 0.608866 0.793273
84.117000000 -13.555387 -13.211878 0.000000 0.000000 0.000000 0.607766 0.794117
84.150000000 -13.576268 -13.276555 0.000000 0.000000 0.000000 0.606626 0.794987
84.183000000 -13.585107 -13.308989 0.000000 0.000000 0.000000 0.605450 0.795883
84.216000000 -13.594019 -13.341398 0.000000 0.000000 0.000000 0.604243 0.796800
84.249000000 -13.604955 -13.374683 0.000000 0.000000 0.000000 0.603006 0.797737
84.282000000 -13.614121 -13.407114 0.000000 0.000000 0.000000 0.601743 0.798690
84.315000000 -13.623375 -13.439516 0.000000 0.000000 0.000000 0.600457 0.799657
84.348000000 -13.633340 -13.472637 0.000000 0.000000 0.000000 0.599151 0.800636
84.381000000 -13.642815 -13.504932 0.000000 0.000000 0.000000 0.597827 0.801625
84.414000000 -13.652387 -13.537196 0.000000 0.000000 0.000000 0.596489 0.802621
84.447000000 -13.662060 -13.569428 0.000000 0.000000 0.000000 0.595139 0.803623
84.480000000 -13.663979 -13.572032 0.000000 0.000000 0.000000 0.593779 0.804628
84.513000000 -13.674043 -13.604669 0.000000 0.000000 0.000000 0.592411 0.805636
84.546000000 -13.684214 -13.637272 0.000000 0.000000 0.000000 0.591038 0.806644
84.579000000 -13.691885 -13.669864 0.000000 0.000000 0.000000 0.589662 0.807650
84.612000000 -13.702146 -13.701954 0.000000 0.000000 0.000000 0.588284 0.808654
84.645000000 -13.712519 -13.734009 0.000000 0.000000 0.000000 0.586908 0.809654
84.678000000 -13.721381 -13.769264 0.000000 0.000000 0.000000 0.585534 0.810648
84.711000000 -13.732098 -13.801596 0.000000 0.000000 0.000000 0.584195 0.811613
84.744000000 -13.745533 -13.868064 0.000000 0.000000 0.000000 0.582949 0.812509
84.777000000 -13.756309 -13.899845 0.000000 0.000000 0.000000 0.581794 0.813336
84.810000000 -13.767195 -13.931592 0.000000 0.000000 0.000000 0.580732 0.814095
84.843000000 -13.773891 -13.967272 0.000000 0.000000 0.000000 0.579763 0.814785
84.876000000 -13.785015 -13.999253 0.000000 0.000000 0.000000 0.578889 0.815406
84.909000000 -13.796226 -14.031208 0.000000 0.000000 0.000000 0.578114 0.815956
84.942000000 -13.806849 -14.064758 0.000000 0.000000 0.000000 0.577439 0.816434
84.975000000 -13.818243 -14.096715 0.000000 0.000000 0.000000 0.576861 0.816842
85.008000000 -13.829724 -14.128646 0.000000 0.000000 0.000000 0.576375 0.817185
85.041000000 -13.841302 -14.160550 0.000000 0.000000 0.000000 0.575977 0.817466
85.107000000 -13.853461 -14.196369 0.000000 0.000000 0.000000 0.575423 0.817856
85.140000000 -13.872776 -14.261455 0.000000 0.000000 0.000000 0.575259 0.817971
85.173000000 -13.884309 -14.293339 0.000000 0.000000 0.000000 0.575165 0.818037
85.206000000 -13.895894 -14.325207 0.000000 0.000000 0.000000 0.575138 0.818057
85.239000000 -13.903499 -14.358102 0.000000 0.000000 0.000000 0.575173 0.818032
85.272000000 -13.914899 -14.389625 0.000000 0.000000 0.000000 0.575266 0.817966
85.305000000 -13.926329 -14.421140 0.000000 0.000000 0.000000 0.575416 0.817861
85.338000000 -13.934271 -14.453481 0.000000 0.000000 0.000000 0.575618 0.817719
85.371000000 -13.945497 -14.484657 0.000000 0.000000 0.000000 0.575869 0.817542
85.404000000 -13.956734 -14.515830 0.000000 0.000000 0.000000 0.576166 0.817333
85.437000000 -13.965714 -14.550911 0.000000 0.000000 0.000000 0.576506 0.817093
85.470000000 -13.977011 -14.582529 0.000000 0.000000 0.000000 0.576886 0.816825
85.503000000 -13.988304 -14.614149 0.000000 0.000000 0.000000 0.577304 0.816530
85.536000000 -13.997674 -14.648769 0.000000 0.000000 0.000000 0.577756 0.816210
85.569000000 -14.008952 -14.680666 0.000000 0.000000 0.000000 0.578240 0.815866
85.602000000 -14.020213 -14.712570 0.000000 0.000000 0.000000 0.578755 0.815502
85.635000000 -14.031451 -14.744481 0.000000 0.000000 0.000000 0.579296 0.815117
85.668000000 -14.031175 -14.747516 0.000000 0.000000 0.000000 0.579862 0.814714
85.701000000 -14.042414 -14.779863 0.000000 0.000000 0.000000 0.580452 0.814295
85.734000000 -14.065494 -14.846138 0.000000 0.000000 0.000000 0.581061 0.813860
85.800000000 -14.087832 -14.911196 0.000000 0.000000 0.000000 0.582335 0.812949
85.833000000 -14.098941 -14.943746 0.000000 0.000000 0.000000 0.582995 0.812476
85.866000000 -14.100943 -14.944726 0.000000 0.000000 0.000000 0.583668 0.811993
85.899000000 -14.111957 -14.977448 0.000000 0.000000 0.000000 0.584352 0.811500
85.932000000 -14.122924 -15.010185 0.000000 0.000000 0.000000 0.585046 0.811000
85.965000000 -14.137236 -15.043261 0.000000 0.000000 0.000000 0.585748 0.810493
85.998000000 -14.148108 -15.076129 0.000000 0.000000 0.000000 0.586457 0.809980
86.031000000 -14.158926 -15.109016 0.000000 0.000000 0.000000 0.587172 0.809462
86.064000000 -14.169691 -15.141920 0.000000 0.000000 0.000000 0.587890 0.808941
86.097000000 -14.180399 -15.174842 0.000000 0.000000 0.000000 0.588611 0.808416
86.130000000 -14.174096 -15.141895 0.000000 0.000000 0.000000 0.589334 0.807890
86.163000000 -14.184700 -15.174955 0.000000 0.000000 0.000000 0.590057 0.807362
86.196000000 -14.211737 -15.240405 0.000000 0.000000 0.000000 0.590779 0.806833
86.229000000 -14.222239 -15.273560 0.000000 0.000000 0.000000 0.591500 0.806305
86.262000000 -14.249234 -15.338858 0.000000 0.000000 0.000000 0.592218 0.805778
86.295000000 -14.259612 -15.372039 0.000000 0.000000 0.000000 0.592933 0.805252
86.328000000 -14.269928 -15.405239 0.000000 0.000000 0.000000 0.593643 0.804728
86.361000000 -14.287040 -15.437548 0.000000 0.000000 0.000000 0.594349 0.804207
86.394000000 -14.297262 -15.470855 0.000000 0.000000 0.000000 0.595048 0.803690
86.427000000 -14.307422 -15.504182 0.000000 0.000000 0.000000 0.595741 0.803176
86.460000000 -14.317520 -15.537527 0.000000 0.000000 0.000000 0.596427 0.802667
86.493000000 -14.326364 -15.536511 0.000000 0.000000 0.000000 0.597106 0.802163
86.526000000 -14.336413 -15.570083 0.000000 0.000000 0.000000 0.597776 0.801664
86.559000000 -14.346400 -15.603674 0.000000 0.000000 0.000000 0.598437 0.801170
86.592000000 -14.356326 -15.637282 0.000000 0.000000 0.000000 0.599089 0.800683
86.625000000 -14.364224 -15.634741 0.000000 0.000000 0.000000 0.599731 0.800201
86.658000000 -14.402964 -15.733799 0.000000 0.000000 0.000000 0.600364 0.799727
86.691000000 -14.412723 -15.767408 0.000000 0.000000 0.000000 0.600986 0.799260
86.724000000 -14.422424 -15.801034 0.000000 0.000000 0.000000 0.601597 0.798799
86.757000000 -14.441866 -15.833201 0.000000 0.000000 0.000000 0.602198 0.798347
86.790000000 -14.451508 -15.866986 0.000000 0.000000 0.000000 0.602787 0.797902
86.823000000 -14.461093 -15.900788 0.000000 0.000000 0.000000 0.603365 0.797465
86.856000000 -14.479819 -15.931928 0.000000 0.000000 0.000000 0.603931 0.797036
86.889000000 -14.489258 -15.965558 0.000000 0.000000 0.000000 0.604486 0.796616
86.922000000 -14.515443 -16.019636 0.000000 0.000000 0.000000 0.590169 0.807280
86.955000000 -14.526049 -16.052974 0.000000 0.000000 0.000000 0.590713 0.806882
86.988000000 -14.535522 -16.086671 0.000000 0.000000 0.000000 0.606078 0.795405
87.021000000 -14.544781 -16.120407 0.000000 0.000000 0.000000 0.606584 0.795019
87.054000000 -14.553989 -16.154157 0.000000 0.000000 0.000000 0.607078 0.794642
87.087000000 -14.556820 -16.129890 0.000000 0.000000 0.000000 0.607560 0.794274
87.120000000 -14.565963 -16.163648 0.000000 0.000000 0.000000 0.608030 0.793914
87.153000000 -14.595589 -16.229250 0.000000 0.000000 0.000000 0.608487 0.793563
87.186000000 -14.604681 -16.263135 0.000000 0.000000 0.000000 0.608933 0.793222
87.219000000 -14.613728 -16.297031 0.000000 0.000000 0.000000 0.609366 0.792889
87.252000000 -14.632995 -16.328120 0.000000 0.000000 0.000000 0.609787 0.792565
87.285000000 -14.641926 -16.361846 0.000000 0.000000 0.000000 0.610196 0.792251
87.318000000 -14.650815 -16.395583 0.000000 0.000000 0.000000 0.610593 0.791945
87.351000000 -14.672408 -16.427858 0.000000 0.000000 0.000000 0.610978 0.791647
87.384000000 -14.681313 -16.461900 0.000000 0.000000 0.000000 0.611352 0.791359
87.417000000 -14.690180 -16.495952 0.000000 0.000000 0.000000 0.611714 0.791079
87.450000000 -14.710658 -16.526930 0.000000 0.000000 0.000000 0.612064 0.790808
87.483000000 -14.719427 -16.560827 0.000000 0.000000 0.000000 0.612403 0.790545
87.516000000 -14.728159 -16.594734 0.000000 0.000000 0.000000 0.612731 0.790291
87.549000000 -14.736857 -16.628650 0.000000 0.000000 0.000000 0.613048 0.790046
87.582000000 -14.749908 -16.626108 0.000000 0.000000 0.000000 0.613354 0.789808
87.615000000 -14.758579 -16.660081 0.000000 0.000000 0.000000 0.613649 0.789579
87.648000000 -14.788897 -16.724893 0.000000 0.000000 0.000000 0.613934 0.789357
87.681000000 -14.797492 -16.758777 0.000000 0.000000 0.000000 0.614209 0.789144
87.714000000 -14.822813 -16.804049 0.000000 0.000000 0.000000 0.598601 0.801048
87.747000000 -14.832690 -16.837499 0.000000 0.000000 0.000000 0.598864 0.800851
87.780000000 -14.842539 -16.870957 0.000000 0.000000 0.000000 0.599118 0.800661
87.813000000 -14.850695 -16.904913 0.000000 0.000000 0.000000 0.615207 0.788366
87.846000000 -14.866467 -16.922479 0.000000 0.000000 0.000000 0.615432 0.788190
87.879000000 -14.874927 -16.956364 0.000000 0.000000 0.000000 0.615648 0.788021
87.912000000 -14.883362 -16.990255 0.000000 0.000000 0.000000 0.615856 0.787859
87.945000000 -14.891775 -17.024152 0.000000 0.000000 0.000000 0.616054 0.787704
87.978000000 -14.903571 -17.019933 0.000000 0.000000 0.000000 0.616244 0.787555
88.011000000 -14.911851 -17.053385 0.000000 0.000000 0.000000 0.616425 0.787413
88.044000000 -14.939507 -17.117432 0.000000 0.000000 0.000000 0.616599 0.787278
88.077000000 -14.947711 -17.150708 0.000000 0.000000 0.000000 0.616764 0.787148
88.110000000 -14.955897 -17.183988 0.000000 0.000000 0.000000 0.616922 0.787025
88.143000000 -14.964064 -17.217273 0.000000 0.000000 0.000000 0.617072 0.786907
88.176000000 -14.973963 -17.214394 0.000000 0.000000 0.000000 0.617214 0.786795
88.209000000 -14.982050 -17.247411 0.000000 0.000000 0.000000 0.617350 0.786689
88.242000000 -14.990120 -17.280432 0.000000 0.000000 0.000000 0.617478 0.786588
88.275000000 -15.009224 -17.311674 0.000000 0.000000 0.000000 0.617600 0.786492
88.308000000 -15.017293 -17.344756 0.000000 0.000000 0.000000 0.617715 0.786402
88.341000000 -15.042294 -17.408403 0.000000 0.000000 0.000000 0.617824 0.786316
88.374000000 -15.050281 -17.441228 0.000000 0.000000 0.000000 0.617927 0.786236
88.407000000 -15.058255 -17.474057 0.000000 0.000000 0.000000 0.618024 0.786159
88.440000000 -15.066217 -17.506888 0.000000 0.000000 0.000000 0.618115 0.786088
88.473000000 -15.075708 -17.503172 0.000000 0.000000 0.000000 0.618201 0.786020
88.506000000 -15.083542 -17.535507 0.000000 0.000000 0.000000 0.618282 0.785956
88.539000000 -15.091366 -17.567844 0.000000 0.000000 0.000000 0.618358 0.785896
88.572000000 -15.107694 -17.594029 0.000000 0.000000 0.000000 0.618430 0.785840
88.605000000 -15.115236 -17.625238 0.000000 0.000000 0.000000 0.618496 0.785788
88.638000000 -15.139087 -17.681686 0.000000 0.000000 0.000000 0.618559 0.785738
88.671000000 -15.146361 -17.711829 0.000000 0.000000 0.000000 0.618617 0.785692
88.704000000 -15.153625 -17.741967 0.000000 0.000000 0.000000 0.618672 0.785649
88.737000000 -15.160878 -17.772099 0.000000 0.000000 0.000000 0.618723 0.785609
88.770000000 -15.168815 -17.765980 0.000000 0.000000 0.000000 0.618770 0.785572
88.803000000 -15.175792 -17.794965 0.000000 0.000000 0.000000 0.618814 0.785538
88.836000000 -15.197388 -17.846805 0.000000 0.000000 0.000000 0.618855 0.785506
88.869000000 -15.204076 -17.874613 0.000000 0.000000 0.000000 0.618892 0.785476
88.902000000 -15.210752 -17.902402 0.000000 0.000000 0.000000 0.618927 0.785449
88.935000000 -15.227464 -17.924732 0.000000 0.000000 0.000000 0.618958 0.785424
88.968000000 -15.233935 -17.951670 0.000000 0.000000 0.000000 0.618987 0.785401
89.001000000 -15.240394 -17.978583 0.000000 0.000000 0.000000 0.619014 0.785380
89.034000000 -15.246841 -18.005472 0.000000 0.000000 0.000000 0.619038 0.785361
89.067000000 -15.255456 -17.999050 0.000000 0.000000 0.000000 0.619059 0.785344
89.133000000 -15.281419 -18.069753 0.000000 0.000000 0.000000 0.619096 0.785315
89.166000000 -15.287283 -18.094204 0.000000 0.000000 0.000000 0.619111 0.785303
89.199000000 -15.293132 -18.118610 0.000000 0.000000 0.000000 0.619125 0.785293
89.232000000 -15.298966 -18.142971 0.000000 0.000000 0.000000 0.619136 0.785284
89.265000000 -15.308425 -18.137615 0.000000 0.000000 0.000000 0.619146 0.785276
89.298000000 -15.314067 -18.161151 0.000000 0.000000 0.000000 0.619154 0.785269
89.331000000 -15.319692 -18.184635 0.000000 0.000000 0.000000 0.619161 0.785264
89.364000000 -15.334448 -18.202059 0.000000 0.000000 0.000000 0.619166 0.785260
89.397000000 -15.339826 -18.224497 0.000000 0.000000 0.000000 0.619170 0.785257
89.430000000 -15.345184 -18.246872 0.000000 0.000000 0.000000 0.619172 0.785256
89.463000000 -15.359881 -18.262986 0.000000 0.000000 0.000000 0.619173 0.785255
89.496000000 -15.364985 -18.284283 0.000000 0.000000 0.000000 0.619173 0.785255
89.529000000 -15.370067 -18.305505 0.000000 0.000000 0.000000 0.619171 0.785256
89.562000000 -15.384968 -18.321123 0.000000 0.000000 0.000000 0.619169 0.785258
89.595000000 -15.389841 -18.341456 0.000000 0.000000 0.000000 0.619165 0.785261
89.628000000 -15.394691 -18.361705 0.000000 0.000000 0.000000 0.619161 0.785264
89.661000000 -15.409253 -18.376055 0.000000 0.000000 0.000000 0.619156 0.785268
89.694000000 -15.413875 -18.395341 0.000000 0.000000 0.000000 0.619149 0.785273
89.727000000 -15.418473 -18.414532 0.000000 0.000000 0.000000 0.619142 0.785279
89.760000000 -15.433209 -18.427267 0.000000 0.000000 0.000000 0.619134 0.785285
89.793000000 -15.437555 -18.445395 0.000000 0.000000 0.000000 0.619126 0.785292
89.826000000 -15.441873 -18.463417 0.000000 0.000000 0.000000 0.619116 0.785299
89.859000000 -15.455991 -18.475435 0.000000 0.000000 0.000000 0.619106 0.785307
89.892000000 -15.460079 -18.492480 0.000000 0.000000 0.000000 0.619095 0.785316
89.925000000 -15.464136 -18.509407 0.000000 0.000000 0.000000 0.619084 0.785325
89.958000000 -15.477598 -18.521795 0.000000 0.000000 0.000000 0.619072 0.785334
89.991000000 -15.481502 -18.538070 0.000000 0.000000 0.000000 0.619059 0.785344
90.024000000 -15.485375 -18.554220 0.000000 0.000000 0.000000 0.619046 0.785354
90.057000000 -15.489216 -18.570245 0.000000 0.000000 0.000000 0.619033 0.785365
90.090000000 -15.499785 -18.568794 0.000000 0.000000 0.000000 0.619018 0.785376
90.123000000 -15.503694 -18.585077 0.000000 0.000000 0.000000 0.619004 0.785388
90.156000000 -15.520853 -18.615078 0.000000 0.000000 0.000000 0.618989 0.785400
90.189000000 -15.524707 -18.631121 0.000000 0.000000 0.000000 0.618973 0.785412
90.222000000 -15.528530 -18.647047 0.000000 0.000000 0.000000 0.618957 0.785425
90.255000000 -15.532324 -18.662857 0.000000 0.000000 0.000000 0.618940 0.785438
90.288000000 -15.536089 -18.678550 0.000000 0.000000 0.000000 0.618923 0.785452
90.321000000 -15.543147 -18.661545 0.000000 0.000000 0.000000 0.618906 0.785465
90.354000000 -15.566745 -18.708346 0.000000 0.000000 0.000000 0.618888 0.785479
90.387000000 -15.570668 -18.724660 0.000000 0.000000 0.000000 0.618870 0.785494
90.420000000 -15.589225 -18.748246 0.000000 0.000000 0.000000 0.600612 0.799541
90.453000000 -15.593901 -18.764376 0.000000 0.000000 0.000000 0.600593 0.799555
90.486000000 -15.598548 -18.780410 0.000000 0.000000 0.000000 0.600573 0.799570
90.519000000 -15.602183 -18.796632 0.000000 0.000000 0.000000 0.618794 0.785553
90.552000000 -15.612383 -18.798032 0.000000 0.000000 0.000000 0.618774 0.785569
90.585000000 -15.616094 -18.813444 0.000000 0.000000 0.000000 0.618755 0.785584
90.618000000 -15.619779 -18.828750 0.000000 0.000000 0.000000 0.618734 0.785600
90.651000000 -15.632751 -18.837708 0.000000 0.000000 0.000000 0.618714 0.785616
90.684000000 -15.636183 -18.851952 0.000000 0.000000 0.000000 0.618694 0.785632
90.717000000 -15.639586 -18.866075 0.000000 0.000000 0.000000 0.618673 0.785649
90.750000000 -15.642958 -18.880077 0.000000 0.000000 0.000000 0.618652 0.785665
90.783000000 -15.652151 -18.874514 0.000000 0.000000 0.000000 0.618631 0.785682
90.816000000 -15.669209 -18.901982 0.000000 0.000000 0.000000 0.599366 0.800475
90.849000000 -15.672761 -18.914094 0.000000 0.000000 0.000000 0.599344 0.800492
90.882000000 -15.676271 -18.926062 0.000000 0.000000 0.000000 0.599322 0.800508
90.915000000 -15.679738 -18.937886 0.000000 0.000000 0.000000 0.599300 0.800524
90.948000000 -15.690436 -18.939413 0.000000 0.000000 0.000000 0.599004 0.800746
90.981000000 -15.693742 -18.950649 0.000000 0.000000 0.000000 0.598981 0.800763
91.014000000 -15.697003 -18.961734 0.000000 0.000000 0.000000 0.598959 0.800780
91.047000000 -15.699405 -18.972910 0.000000 0.000000 0.000000 0.618458 0.785818
91.080000000 -15.707381 -18.967140 0.000000 0.000000 0.000000 0.618436 0.785835
91.113000000 -15.709848 -18.977348 0.000000 0.000000 0.000000 0.618414 0.785852
91.146000000 -15.712276 -18.987395 0.000000 0.000000 0.000000 0.618392 0.785870
91.179000000 -15.724068 -18.992378 0.000000 0.000000 0.000000 0.618370 0.785887
91.212000000 -15.726322 -19.001694 0.000000 0.000000 0.000000 0.618347 0.785905
91.245000000 -15.728534 -19.010840 0.000000 0.000000 0.000000 0.618325 0.785922
91.278000000 -15.740193 -19.014748 0.000000 0.000000 0.000000 0.618303 0.785940
91.311000000 -15.742223 -19.023134 0.000000 0.000000 0.000000 0.618280 0.785958
91.344000000 -15.744210 -19.031343 0.000000 0.000000 0.000000 0.618258 0.785975
91.377000000 -15.746153 -19.039374 0.000000 0.000000 0.000000 0.618235 0.785993
91.410000000 -15.755218 -19.034013 0.000000 0.000000 0.000000 0.618213 0.786011
91.443000000 -15.757001 -19.041370 0.000000 0.000000 0.000000 0.618190 0.786028
91.476000000 -15.766640 -19.049863 0.000000 0.000000 0.000000 0.618168 0.786046
91.509000000 -15.768106 -19.055907 0.000000 0.000000 0.000000 0.618145 0.786064
91.542000000 -15.778698 -19.063324 0.000000 0.000000 0.000000 0.618123 0.786082
91.575000000 -15.779961 -19.068528 0.000000 0.000000 0.000000 0.618100 0.786100
91.608000000 -15.781172 -19.073523 0.000000 0.000000 0.000000 0.618077 0.786117
91.641000000 -15.789654 -19.074063 0.000000 0.000000 0.000000 0.618055 0.786135
91.674000000 -15.790695 -19.078351 0.000000 0.000000 0.000000 0.618032 0.786153
91.707000000 -15.791683 -19.082423 0.000000 0.000000 0.000000 0.618009 0.786171
91.740000000 -15.792619 -19.086281 0.000000 0.000000 0.000000 0.617987 0.786189
91.773000000 -15.799123 -19.081878 0.000000 0.000000 0.000000 0.617964 0.786206
91.806000000 -15.799920 -19.085159 0.000000 0.000000 0.000000 0.617941 0.786224
91.839000000 -15.800664 -19.088223 0.000000 0.000000 0.000000 0.617919 0.786242
91.872000000 -15.810318 -19.091382 0.000000 0.000000 0.000000 0.617896 0.786260
91.905000000 -15.811186 -19.094952 0.000000 0.000000 0.000000 0.617873 0.786278
91.938000000 -15.819834 -19.099653 0.000000 0.000000 0.000000 0.617850 0.786296
91.971000000 -15.820622 -19.102891 0.000000 0.000000 0.000000 0.617828 0.786314
92.004000000 -15.821361 -19.105931 0.000000 0.000000 0.000000 0.617805 0.786331
92.037000000 -15.822053 -19.108773 0.000000 0.000000 0.000000 0.617782 0.786349
92.070000000 -15.829572 -19.108433 0.000000 0.000000 0.000000 0.617759 0.786367
92.103000000 -15.830380 -19.111747 0.000000 0.000000 0.000000 0.617737 0.786385
92.136000000 -15.840628 -19.117826 0.000000 0.000000 0.000000 0.617714 0.786403
92.169000000 -15.841502 -19.121409 0.000000 0.000000 0.000000 0.617691 0.786421
92.202000000 -15.842334 -19.124822 0.000000 0.000000 0.000000 0.617668 0.786439
92.235000000 -15.843124 -19.128066 0.000000 0.000000 0.000000 0.617645 0.786457
92.268000000 -15.850839 -19.126249 0.000000 0.000000 0.000000 0.617622 0.786475
92.301000000 -15.851663 -19.129626 0.000000 0.000000 0.000000 0.617600 0.786493
92.334000000 -15.852448 -19.132843 0.000000 0.000000 0.000000 0.617577 0.786511
92.367000000 -15.861244 -19.135113 0.000000 0.000000 0.000000 0.617554 0.786529
92.433000000 -15.862896 -19.141877 0.000000 0.000000 0.000000 0.617508 0.786564
92.466000000 -15.871297 -19.143810 0.000000 0.000000 0.000000 0.617485 0.786582
92.499000000 -15.872133 -19.147233 0.000000 0.000000 0.000000 0.617462 0.786600
92.532000000 -15.872936 -19.150514 0.000000 0.000000 0.000000 0.617440 0.786618
92.565000000 -15.873703 -19.153653 0.000000 0.000000 0.000000 0.617417 0.786636
92.598000000 -15.882790 -19.152627 0.000000 0.000000 0.000000 0.617394 0.786654
92.631000000 -15.883662 -19.156192 0.000000 0.000000 0.000000 0.617371 0.786672
92.664000000 -15.894436 -19.161634 0.000000 0.000000 0.000000 0.617348 0.786690
92.697000000 -15.895333 -19.165298 0.000000 0.000000 0.000000 0.617325 0.786708
92.730000000 -15.896200 -19.168840 0.000000 0.000000 0.000000 0.617302 0.786726
92.763000000 -15.904386 -19.170228 0.000000 0.000000 0.000000 0.617279 0.786744
92.796000000 -15.905237 -19.173703 0.000000 0.000000 0.000000 0.617257 0.786762
92.829000000 -15.906060 -19.177061 0.000000 0.000000 0.000000 0.617234 0.786780
92.862000000 -15.906855 -19.180301 0.000000 0.000000 0.000000 0.617211 0.786798
92.895000000 -15.916123 -19.179389 0.000000 0.000000 0.000000 0.617188 0.786816
92.928000000 -15.917068 -19.183239 0.000000 0.000000 0.000000 0.617165 0.786834
92.961000000 -15.927693 -19.188019 0.000000 0.000000 0.000000 0.617142 0.786852
92.994000000 -15.928622 -19.191803 0.000000 0.000000 0.000000 0.617119 0.786870
93.027000000 -15.929551 -19.195587 0.000000 0.000000 0.000000 0.617096 0.786888
93.060000000 -15.930481 -19.199371 0.000000 0.000000 0.000000 0.617073 0.786906
93.093000000 -15.938156 -19.196459 0.000000 0.000000 0.000000 0.617050 0.786924
93.126000000 -15.939052 -19.200104 0.000000 0.000000 0.000000 0.617027 0.786942
93.159000000 -15.949202 -19.205488 0.000000 0.000000 0.000000 0.617005 0.786960
93.192000000 -15.950134 -19.209279 0.000000 0.000000 0.000000 0.616982 0.786978
93.225000000 -15.951067 -19.213070 0.000000 0.000000 0.000000 0.616959 0.786996
93.258000000 -15.960071 -19.214057 0.000000 0.000000 0.000000 0.616936 0.787014
93.291000000 -15.960984 -19.217767 0.000000 0.000000 0.000000 0.616913 0.787031
93.324000000 -15.961897 -19.221478 0.000000 0.000000 0.000000 0.616890 0.787049
93.357000000 -15.968878 -19.222294 0.000000 0.000000 0.000000 0.616867 0.787067
93.390000000 -15.969730 -19.225757 0.000000 0.000000 0.000000 0.616844 0.787085
93.423000000 -15.970584 -19.229220 0.000000 0.000000 0.000000 0.616821 0.787103
93.456000000 -15.978804 -19.230841 0.000000 0.000000 0.000000 0.606843 0.794822
93.489000000 -15.979726 -19.234389 0.000000 0.000000 0.000000 0.616775 0.787139
93.522000000 -15.980603 -19.237947 0.000000 0.000000 0.000000 0.616753 0.787157
93.555000000 -15.981481 -19.241505 0.000000 0.000000 0.000000 0.616730 0.787175
93.588000000 -15.987412 -19.239244 0.000000 0.000000 0.000000 0.606610 0.795000
93.621000000 -15.988308 -19.242685 0.000000 0.000000 0.000000 0.616684 0.787211
93.654000000 -15.996948 -19.247952 0.000000 0.000000 0.000000 0.606408 0.795154
93.687000000 -15.997874 -19.251507 0.000000 0.000000 0.000000 0.616638 0.787247
93.720000000 -15.998755 -19.255074 0.000000 0.000000 0.000000 0.616615 0.787265
93.753000000 -15.999636 -19.258640 0.000000 0.000000 0.000000 0.616592 0.787283
93.786000000 -16.008113 -19.256598 0.000000 0.000000 0.000000 0.606175 0.795331
93.819000000 -16.009077 -19.260292 0.000000 0.000000 0.000000 0.616547 0.787318
93.852000000 -16.009993 -19.263998 0.000000 0.000000 0.000000 0.616524 0.787336
93.885000000 -16.018453 -19.265268 0.000000 0.000000 0.000000 0.605975 0.795484
93.918000000 -16.019413 -19.268942 0.000000 0.000000 0.000000 0.616478 0.787372
93.951000000 -16.020325 -19.272628 0.000000 0.000000 0.000000 0.616455 0.787390
93.984000000 -16.027257 -19.273376 0.000000 0.000000 0.000000 0.605761 0.795646
94.017000000 -16.028154 -19.276803 0.000000 0.000000 0.000000 0.616410 0.787426
94.050000000 -16.037182 -19.281965 0.000000 0.000000 0.000000 0.605565 0.795796
94.083000000 -16.038115 -19.285526 0.000000 0.000000 0.000000 0.616364 0.787461
94.116000000 -16.039000 -19.289099 0.000000 0.000000 0.000000 0.616341 0.787479
94.149000000 -16.047857 -19.290750 0.000000 0.000000 0.000000 0.605346 0.795963
94.182000000 -16.048827 -19.294448 0.000000 0.000000 0.000000 0.616295 0.787515
94.215000000 -16.049747 -19.298159 0.000000 0.000000 0.000000 0.616273 0.787533
94.248000000 -16.058181 -19.299248 0.000000 0.000000 0.000000 0.605120 0.796134
94.281000000 -16.059138 -19.302890 0.000000 0.000000 0.000000 0.616227 0.787569
94.314000000 -16.060044 -19.306544 0.000000 0.000000 0.000000 0.616204 0.787586
94.347000000 -16.068553 -19.307638 0.000000 0.000000 0.000000 0.604905 0.796298
94.380000000 -16.069503 -19.311248 0.000000 0.000000 0.000000 0.616159 0.787622
94.413000000 -16.070402 -19.314870 0.000000 0.000000 0.000000 0.616136 0.787640
94.446000000 -16.079296 -19.316302 0.000000 0.000000 0.000000 0.604687 0.796463
94.479000000 -16.080270 -19.319995 0.000000 0.000000 0.000000 0.616091 0.787675
94.512000000 -16.081191 -19.323702 0.000000 0.000000 0.000000 0.616068 0.787693
94.545000000 -16.082112 -19.327409 0.000000 0.000000 0.000000 0.616045 0.787711
94.578000000 -16.092354 -19.325342 0.000000 0.000000 0.000000 0.604447 0.796646
94.611000000 -16.093406 -19.329324 0.000000 0.000000 0.000000 0.616000 0.787746
94.644000000 -16.103969 -19.333902 0.000000 0.000000 0.000000 0.604255 0.796791
94.677000000 -16.104983 -19.337737 0.000000 0.000000 0.000000 0.615954 0.787782
94.710000000 -16.105940 -19.341586 0.000000 0.000000 0.000000 0.615932 0.787800
94.743000000 -16.106898 -19.345435 0.000000 0.000000 0.000000 0.615909 0.787817
94.776000000 -16.115605 -19.342466 0.000000 0.000000 0.000000 0.604028 0.796963
94.809000000 -16.116612 -19.346269 0.000000 0.000000 0.000000 0.615864 0.787853
94.842000000 -16.117562 -19.350086 0.000000 0.000000 0.000000 0.615841 0.787870
94.875000000 -16.126629 -19.350816 0.000000 0.000000 0.000000 0.603809 0.797129
94.908000000 -16.127610 -19.354517 0.000000 0.000000 0.000000 0.615796 0.787906
94.941000000 -16.136872 -19.358907 0.000000 0.000000 0.000000 0.603607 0.797282
