# timestamp x y z q0 q1 q2 q3
0.033000000 0.000000 -0.000000 0.000000 0.000000 0.000000 0.000000 1.000000
0.066000000 0.000000 -0.000000 0.000000 0.000000 0.000000 0.000000 1.000000
0.132000000 0.000000 -0.000000 0.000000 0.000000 0.000000 0.000000 1.000000
0.165000000 -0.000000 0.000000 0.000000 0.000000 0.000000 0.000000 1.000000
0.198000000 -0.000000 0.000000 0.000000 0.000000 0.000000 0.000000 1.000000
0.231000000 -0.000000 0.000000 0.000000 0.000000 0.000000 0.000000 1.000000
0.264000000 -0.000000 0.000000 0.000000 0.000000 0.000000 0.000000 1.000000
0.297000000 -0.000000 0.000000 0.000000 0.000000 0.000000 0.000000 1.000000
0.363000000 -0.000000 0.000000 0.000000 0.000000 0.000000 0.000000 1.000000
0.396000000 -0.000000 0.000000 0.000000 0.000000 0.000000 0.000000 1.000000
0.429000000 -0.000000 0.000000 0.000000 0.000000 0.000000 0.000000 1.000000
0.462000000 -0.000000 0.000000 0.000000 0.000000 0.000000 0.000000 1.000000
0.495000000 -0.000000 0.000000 0.000000 0.000000 0.000000 0.000000 1.000000
0.528000000 -0.000000 0.000000 0.000000 0.000000 0.000000 0.000000 1.000000
0.561000000 -0.000000 0.000000 0.000000 0.000000 0.000000 0.000000 1.000000
0.594000000 -0.000000 0.000000 0.000000 0.000000 0.000000 0.000000 1.000000
0.627000000 -0.000000 0.000000 0.000000 0.000000 0.000000 0.000000 1.000000
0.660000000 -0.000000 0.000000 0.000000 0.000000 0.000000 0.000000 1.000000
0.693000000 -0.000000 0.000000 0.000000 0.000000 0.000000 0.000000 1.000000
0.726000000 -0.000000 0.000000 0.000000 0.000000 0.000000 0.000000 1.000000
0.759000000 -0.000000 0.000000 0.000000 0.000000 0.000000 0.000000 1.000000
0.792000000 -0.000000 0.000000 0.000000 0.000000 0.000000 0.000000 1.000000
0.825000000 -0.000000 0.000000 0.000000 0.000000 0.000000 0.000000 1.000000
0.858000000 -0.000018 -0.000004 0.000000 0.000000 0.000000 0.000000 1.000000
0.891000000 -0.000019 -0.000004 0.000000 0.000000 0.000000 0.000000 1.000000
0.924000000 -0.000019 -0.000004 0.000000 0.000000 0.000000 0.000000 1.000000
0.957000000 -0.000018 -0.000004 0.000000 0.000000 0.000000 0.000000 1.000000
0.990000000 -0.000019 -0.000004 0.000000 0.000000 0.000000 0.000000 1.000000
1.023000000 -0.000019 -0.000004 0.000000 0.000000 0.000000 0.000000 1.000000
1.056000000 -0.000018 -0.000004 0.000000 0.000000 0.000000 0.000000 1.000000
1.089000000 -0.000019 -0.000004 0.000000 0.000000 0.000000 0.000000 1.000000
1.122000000 -0.000019 -0.000004 0.000000 0.000000 0.000000 0.000000 1.000000
1.155000000 -0.000018 -0.000004 0.000000 0.000000 0.000000 0.000000 1.000000
1.188000000 -0.000019 -0.000004 0.000000 0.000000 0.000000 0.000000 1.000000
1.221000000 -0.000019 -0.000004 0.000000 0.000000 0.000000 0.000000 1.000000
1.254000000 -0.000020 -0.000004 0.000000 0.000000 0.000000 0.000000 1.000000
1.287000000 -0.000016 -0.000004 0.000000 0.000000 0.000000 0.000000 1.000000
1.320000000 -0.000016 -0.000004 0.000000 0.000000 0.000000 0.000000 1.000000
1.353000000 -0.000016 -0.000004 0.000000 0.000000 0.000000 0.000000 1.000000
1.386000000 -0.000016 -0.000004 0.000000 0.000000 0.000000 0.000000 1.000000
1.419000000 -0.000016 -0.000004 0.000000 0.000000 0.000000 0.000000 1.000000
1.452000000 -0.000014 -0.000001 0.000000 0.000000 0.000000 0.000000 1.000000
1.485000000 -0.000013 -0.000001 0.000000 0.000000 0.000000 0.000000 1.000000
1.518000000 -0.000013 -0.000001 0.000000 0.000000 0.000000 0.000000 1.000000
1.551000000 -0.000014 -0.000001 0.000000 0.000000 0.000000 0.000000 1.000000
1.584000000 -0.000013 -0.000001 0.000000 0.000000 0.000000 0.000000 1.000000
1.617000000 -0.000013 -0.000001 0.000000 0.000000 0.000000 0.000000 1.000000
1.650000000 -0.000013 -0.000002 0.000000 0.000000 0.000000 0.000000 1.000000
1.683000000 -0.000013 -0.000002 0.000000 0.000000 0.000000 0.000000 1.000000
1.716000000 -0.000013 -0.000002 0.000000 0.000000 0.000000 0.000000 1.000000
1.749000000 -0.000013 -0.000002 0.000000 0.000000 0.000000 0.000000 1.000000
1.782000000 -0.000013 -0.000002 0.000000 0.000000 0.000000 0.000000 1.000000
1.815000000 -0.000013 -0.000002 0.000000 0.000000 0.000000 0.000000 1.000000
1.848000000 -0.000016 0.000020 0.000000 0.000000 0.000000 0.000000 1.000000
1.881000000 -0.000016 0.000020 0.000000 0.000000 0.000000 0.000000 1.000000
1.914000000 -0.000016 0.000020 0.000000 0.000000 0.000000 0.000000 1.000000
1.947000000 -0.000016 0.000020 0.000000 0.000000 0.000000 0.000000 1.000000
1.980000000 -0.000016 0.000020 0.000000 0.000000 0.000000 0.000000 1.000000
2.013000000 -0.000016 0.000020 0.000000 0.000000 0.000000 0.000000 1.000000
2.046000000 -0.000015 0.000017 0.000000 0.000000 0.000000 0.000000 1.000000
2.079000000 -0.000015 0.000017 0.000000 0.000000 0.000000 0.000000 1.000000
2.112000000 -0.000015 0.000017 0.000000 0.000000 0.000000 0.000000 1.000000
2.145000000 -0.000014 0.000017 0.000000 0.000000 0.000000 0.000000 1.000000
2.178000000 -0.000013 0.000017 0.000000 0.000000 0.000000 0.000000 1.000000
2.211000000 -0.000014 0.000017 0.000000 0.000000 0.000000 0.000000 1.000000
2.244000000 -0.000013 0.000017 0.000000 0.000000 0.000000 0.000000 1.000000
2.277000000 -0.000013 0.000017 0.000000 0.000000 0.000000 0.000000 1.000000
2.310000000 -0.000012 0.000017 0.000000 0.000000 0.000000 0.000000 1.000000
2.343000000 -0.000013 0.000014 0.000000 0.000000 0.000000 0.000000 1.000000
2.376000000 -0.000013 0.000014 0.000000 0.000000 0.000000 0.000000 1.000000
2.409000000 -0.000013 0.000014 0.000000 0.000000 0.000000 0.000000 1.000000
2.442000000 -0.000013 0.000014 0.000000 0.000000 0.000000 0.000000 1.000000
2.475000000 -0.000019 0.000043 0.000000 0.000000 0.000000 0.000000 1.000000
2.508000000 -0.000021 0.000043 0.000000 0.000000 0.000000 0.000000 1.000000
2.541000000 -0.000022 0.000043 0.000000 0.000000 0.000000 0.000000 1.000000
2.574000000 -0.000023 0.000043 0.000000 0.000000 0.000000 0.000000 1.000000
2.607000000 -0.000024 0.000043 0.000000 0.000000 0.000000 0.000000 1.000000
2.640000000 -0.000021 0.000041 0.000000 0.000000 0.000000 0.000000 1.000000
2.706000000 -0.000021 0.000041 0.000000 0.000000 0.000000 0.000000 1.000000
2.739000000 -0.000021 0.000041 0.000000 0.000000 0.000000 0.000000 1.000000
2.772000000 -0.000021 0.000041 0.000000 0.000000 0.000000 0.000000 1.000000
2.805000000 -0.000021 0.000041 0.000000 0.000000 0.000000 0.000000 1.000000
2.838000000 -0.000024 0.000038 0.000000 0.000000 0.000000 0.000000 1.000000
2.871000000 -0.000024 0.000038 0.000000 0.000000 0.000000 0.000000 1.000000
2.937000000 -0.000025 0.000038 0.000000 0.000000 0.000000 0.000000 1.000000
2.970000000 -0.000073 0.000063 0.000000 0.000000 0.000000 0.000000 1.000000
3.003000000 -0.000085 0.000063 0.000000 0.000000 0.000000 0.000000 1.000000
3.036000000 -0.000097 0.000063 0.000000 0.000000 0.000000 0.000000 1.000000
3.069000000 -0.000058 0.000065 0.000000 0.000000 0.000000 0.000000 1.000000
3.102000000 -0.000057 0.000065 0.000000 0.000000 0.000000 0.000000 1.000000
3.135000000 -0.000055 0.000071 0.000000 0.000000 0.000000 0.000000 1.000000
3.168000000 -0.000055 0.000071 0.000000 0.000000 0.000000 0.000000 1.000000
3.201000000 -0.000054 0.000071 0.000000 0.000000 0.000000 0.000000 1.000000
3.234000000 -0.000053 0.000071 0.000000 0.000000 0.000000 0.000000 1.000000
3.267000000 -0.000065 0.000068 0.000000 0.000000 0.000000 0.000000 1.000000
3.333000000 -0.000069 0.000068 0.000000 0.000000 0.000000 0.000000 1.000000
3.366000000 -0.000061 0.000069 0.000000 0.000000 0.000000 0.000000 1.000000
3.399000000 -0.000061 0.000069 0.000000 0.000000 0.000000 0.000000 1.000000
3.432000000 -0.000060 0.000069 0.000000 0.000000 0.000000 0.000000 1.000000
3.465000000 -0.000059 0.000070 0.000000 0.000000 0.000000 0.000000 1.000000
3.498000000 -0.000058 0.000070 0.000000 0.000000 0.000000 0.000000 1.000000
3.531000000 -0.000058 0.000070 0.000000 0.000000 0.000000 0.000000 1.000000
3.564000000 -0.000105 0.000143 0.000000 0.000000 0.000000 0.000000 1.000000
3.597000000 -0.000116 0.000143 0.000000 0.000000 0.000000 0.000000 1.000000
3.630000000 -0.000127 0.000143 0.000000 0.000000 0.000000 0.000000 1.000000
3.663000000 -0.000139 0.000143 0.000000 0.000000 0.000000 0.000000 1.000000
3.696000000 -0.000098 0.000140 0.000000 0.000000 0.000000 0.000000 1.000000
3.729000000 -0.000099 0.000140 0.000000 0.000000 0.000000 0.000000 1.000000
3.762000000 -0.000100 0.000140 0.000000 0.000000 0.000000 0.000000 1.000000
3.795000000 -0.000100 0.000155 0.000000 0.000000 0.000000 0.000000 1.000000
3.828000000 -0.000101 0.000155 0.000000 0.000000 0.000000 0.000000 1.000000
3.861000000 -0.000093 0.000155 0.000000 0.000000 0.000000 0.000000 1.000000
3.894000000 -0.000091 0.000155 0.000000 0.000000 0.000000 0.000000 1.000000
3.927000000 -0.000090 0.000155 0.000000 0.000000 0.000000 0.000000 1.000000
3.960000000 -0.000088 0.000155 0.000000 0.000000 0.000000 0.000000 1.000000
3.993000000 -0.000094 0.000153 0.000000 0.000000 0.000000 0.000000 1.000000
4.026000000 -0.000094 0.000153 0.000000 0.000000 0.000000 0.000000 1.000000
4.059000000 -0.000094 0.000153 0.000000 0.000000 0.000000 0.000000 1.000000
4.092000000 -0.000094 0.000149 0.000000 0.000000 0.000000 0.000000 1.000000
4.125000000 -0.000094 0.000149 0.000000 0.000000 0.000000 0.000000 1.000000
4.158000000 -0.000094 0.000150 0.000000 0.000000 0.000000 0.000000 1.000000
4.191000000 -0.000095 0.000150 0.000000 0.000000 0.000000 0.000000 1.000000
4.224000000 -0.000095 0.000150 0.000000 0.000000 0.000000 0.000000 1.000000
4.257000000 -0.000095 0.000150 0.000000 0.000000 0.000000 0.000000 1.000000
4.290000000 -0.000092 0.000151 0.000000 0.000000 0.000000 0.000000 1.000000
4.323000000 -0.000092 0.000151 0.000000 0.000000 0.000000 0.000000 1.000000
4.356000000 -0.000134 0.000205 0.000000 0.000000 0.000000 0.000000 1.000000
4.389000000 -0.000145 0.000205 0.000000 0.000000 0.000000 0.000000 1.000000
4.422000000 -0.000155 0.000205 0.000000 0.000000 0.000000 0.000000 1.000000
4.455000000 -0.000124 0.000200 0.000000 0.000000 0.000000 0.000000 1.000000
4.488000000 -0.000124 0.000200 0.000000 0.000000 0.000000 0.000000 1.000000
4.521000000 -0.000124 0.000200 0.000000 0.000000 0.000000 0.000000 1.000000
4.554000000 -0.000124 0.000200 0.000000 0.000000 0.000000 0.000000 1.000000
4.587000000 -0.000124 0.000200 0.000000 0.000000 0.000000 0.000000 1.000000
4.620000000 -0.000124 0.000200 0.000000 0.000000 0.000000 0.000000 1.000000
4.653000000 -0.000129 0.000201 0.000000 0.000000 0.000000 0.000000 1.000000
4.686000000 -0.000130 0.000201 0.000000 0.000000 0.000000 0.000000 1.000000
4.719000000 -0.000130 0.000201 0.000000 0.000000 0.000000 0.000000 1.000000
4.752000000 -0.000131 0.000201 0.000000 0.000000 0.000000 0.000000 1.000000
4.785000000 -0.000124 0.000204 0.000000 0.000000 0.000000 0.000000 1.000000
4.818000000 -0.000123 0.000204 0.000000 0.000000 0.000000 0.000000 1.000000
4.851000000 -0.000122 0.000217 0.000000 0.000000 0.000000 0.000000 1.000000
4.884000000 -0.000121 0.000217 0.000000 0.000000 0.000000 0.000000 1.000000
4.917000000 -0.000120 0.000217 0.000000 0.000000 0.000000 0.000000 1.000000
4.950000000 -0.000154 0.000240 0.000000 0.000000 0.000000 0.000000 1.000000
4.983000000 -0.000162 0.000240 0.000000 0.000000 0.000000 0.000000 1.000000
5.016000000 -0.000170 0.000240 0.000000 0.000000 0.000000 0.000000 1.000000
5.049000000 -0.000145 0.000243 0.000000 0.000000 0.000000 0.000000 1.000000
5.082000000 -0.000145 0.000243 0.000000 0.000000 0.000000 0.000000 1.000000
5.115000000 -0.000145 0.000243 0.000000 0.000000 0.000000 0.000000 1.000000
5.148000000 -0.000138 0.000286 0.000000 0.000000 0.000000 0.000000 1.000000
5.181000000 -0.000136 0.000286 0.000000 0.000000 0.000000 0.000000 1.000000
5.214000000 -0.000134 0.000286 0.000000 0.000000 0.000000 0.000000 1.000000
5.247000000 -0.000139 0.000291 0.000000 0.000000 0.000000 0.000000 1.000000
5.280000000 -0.000139 0.000291 0.000000 0.000000 0.000000 0.000000 1.000000
5.313000000 -0.000139 0.000291 0.000000 0.000000 0.000000 0.000000 1.000000
5.346000000 -0.000143 0.000289 0.000000 0.000000 0.000000 0.000000 1.000000
5.412000000 -0.000144 0.000289 0.000000 0.000000 0.000000 0.000000 1.000000
5.445000000 -0.000185 0.000323 0.000000 0.000000 0.000000 0.000000 1.000000
5.478000000 -0.000195 0.000323 0.000000 0.000000 0.000000 0.000000 1.000000
5.511000000 -0.000206 0.000323 0.000000 0.000000 0.000000 0.000000 1.000000
5.544000000 -0.000170 0.000319 0.000000 0.000000 0.000000 0.000000 1.000000
5.577000000 -0.000169 0.000319 0.000000 0.000000 0.000000 0.000000 1.000000
5.610000000 -0.000169 0.000319 0.000000 0.000000 0.000000 0.000000 1.000000
5.643000000 -0.000172 0.000332 0.000000 0.000000 0.000000 0.000000 1.000000
5.676000000 -0.000172 0.000332 0.000000 0.000000 0.000000 0.000000 1.000000
5.709000000 -0.000172 0.000332 0.000000 0.000000 0.000000 0.000000 1.000000
5.742000000 -0.000173 0.000331 0.000000 0.000000 0.000000 0.000000 1.000000
5.775000000 -0.000173 0.000331 0.000000 0.000000 0.000000 0.000000 1.000000
5.808000000 -0.000173 0.000331 0.000000 0.000000 0.000000 0.000000 1.000000
5.841000000 -0.000168 0.000334 0.000000 0.000000 0.000000 0.000000 1.000000
5.874000000 -0.000167 0.000334 0.000000 0.000000 0.000000 0.000000 1.000000
5.907000000 -0.000166 0.000334 0.000000 0.000000 0.000000 0.000000 1.000000
5.940000000 -0.000165 0.000334 0.000000 0.000000 0.000000 0.000000 1.000000
5.973000000 -0.000173 0.000393 0.000000 0.000000 0.000000 0.000000 1.000000
6.006000000 -0.000174 0.000393 0.000000 0.000000 0.000000 0.000000 1.000000
6.039000000 -0.000175 0.000393 0.000000 0.000000 0.000000 0.000000 1.000000
6.072000000 -0.000208 0.000395 0.000000 0.000000 0.000000 0.000000 1.000000
6.105000000 -0.000217 0.000395 0.000000 0.000000 0.000000 0.000000 1.000000
6.138000000 -0.000202 0.000407 0.000000 0.000000 0.000000 0.000000 1.000000
6.171000000 -0.000203 0.000407 0.000000 0.000000 0.000000 0.000000 1.000000
6.204000000 -0.000204 0.000407 0.000000 0.000000 0.000000 0.000000 1.000000
6.237000000 -0.000217 0.000465 0.000000 0.000000 0.000000 0.000000 1.000000
6.270000000 -0.000220 0.000465 0.000000 0.000000 0.000000 0.000000 1.000000
6.303000000 -0.000244 0.000484 0.000000 0.000000 0.000000 0.000000 1.000000
6.336000000 -0.000254 0.000484 0.000000 0.000000 0.000000 0.000000 1.000000
6.369000000 -0.000264 0.000484 0.000000 0.000000 0.000000 0.000000 1.000000
6.402000000 -0.000274 0.000484 0.000000 0.000000 0.000000 0.000000 1.000000
6.435000000 -0.000284 0.000484 0.000000 0.000000 0.000000 0.000000 1.000000
6.468000000 -0.000271 0.000477 0.000000 0.000000 0.000000 0.000000 1.000000
6.534000000 -0.000285 0.000477 0.000000 0.000000 0.000000 0.000000 1.000000
6.567000000 -0.000263 0.000479 0.000000 0.000000 0.000000 0.000000 1.000000
6.633000000 -0.000262 0.000480 0.000000 0.000000 0.000000 0.000000 1.000000
6.666000000 -0.000263 0.000492 0.000000 0.000000 0.000000 0.000000 1.000000
6.699000000 -0.000263 0.000492 0.000000 0.000000 0.000000 0.000000 1.000000
6.732000000 -0.000263 0.000492 0.000000 0.000000 0.000000 0.000000 1.000000
6.765000000 -0.000279 0.000715 0.000000 0.000000 0.000000 0.000000 1.000000
6.798000000 -0.000283 0.000715 0.000000 0.000000 0.000000 0.000000 1.000000
6.831000000 -0.000274 0.000715 0.000000 0.000000 0.000000 0.000000 1.000000
6.864000000 -0.000273 0.000715 0.000000 0.000000 0.000000 0.000000 1.000000
6.897000000 -0.000273 0.000715 0.000000 0.000000 0.000000 0.000000 1.000000
6.930000000 -0.000273 0.000715 0.000000 0.000000 0.000000 0.000000 1.000000
6.963000000 -0.000296 0.000703 0.000000 0.000000 0.000000 0.000000 1.000000
6.996000000 -0.000301 0.000703 0.000000 0.000000 0.000000 0.000000 1.000000
7.029000000 -0.000307 0.000703 0.000000 0.000000 0.000000 0.000000 1.000000
7.062000000 -0.000312 0.000703 0.000000 0.000000 0.000000 0.000000 1.000000
7.095000000 -0.000290 0.000702 0.000000 0.000000 0.000000 0.000000 1.000000
7.128000000 -0.000290 0.000702 0.000000 0.000000 0.000000 0.000000 1.000000
7.161000000 -0.000346 0.000788 0.000000 0.000000 0.000000 0.000000 1.000000
7.194000000 -0.000359 0.000788 0.000000 0.000000 0.000000 0.000000 1.000000
7.227000000 -0.000373 0.000788 0.000000 0.000000 0.000000 0.000000 1.000000
7.260000000 -0.000336 0.000797 0.000000 0.000000 0.000000 0.000000 1.000000
7.293000000 -0.000337 0.000797 0.000000 0.000000 0.000000 0.000000 1.000000
7.326000000 -0.000338 0.000797 0.000000 0.000000 0.000000 0.000000 1.000000
7.359000000 -0.000332 0.000799 0.000000 0.000000 0.000000 0.000000 1.000000
7.392000000 -0.000331 0.000799 0.000000 0.000000 0.000000 0.000000 1.000000
7.425000000 -0.000331 0.000799 0.000000 0.000000 0.000000 0.000000 1.000000
7.458000000 -0.000816 0.000828 0.000000 0.000000 0.000000 0.000000 1.000000
7.491000000 -0.000935 0.000828 0.000000 0.000000 0.000000 0.000000 1.000000
7.524000000 -0.001055 0.000828 0.000000 0.000000 0.000000 0.000000 1.000000
7.557000000 -0.005226 0.000628 0.000000 0.000000 0.000000 0.000000 1.000000
7.590000000 -0.006352 0.000628 0.000000 0.000000 0.000000 0.000000 1.000000
7.623000000 -0.007481 0.000628 0.000000 0.000000 0.000000 0.000000 1.000000
7.656000000 -0.013675 0.000117 0.000000 0.000000 0.000000 0.000000 1.000000
7.689000000 -0.016058 0.000117 0.000000 0.000000 0.000000 0.000000 1.000000
7.722000000 -0.018447 0.000117 0.000000 0.000000 0.000000 0.000000 1.000000
7.755000000 -0.020841 0.000117 0.000000 0.000000 0.000000 0.000000 1.000000
7.788000000 -0.025660 -0.000801 0.000000 0.000000 0.000000 0.000000 1.000000
7.821000000 -0.029238 -0.000801 0.000000 0.000000 0.000000 0.000000 1.000000
7.854000000 -0.041383 -0.001990 0.000000 0.000000 0.000000 0.000001 1.000000
7.887000000 -0.046193 -0.001990 0.000000 0.000000 0.000000 0.000003 1.000000
7.920000000 -0.051021 -0.001990 0.000000 0.000000 0.000000 0.000009 1.000000
7.953000000 -0.060276 -0.003841 0.000000 0.000000 0.000000 0.000019 1.000000
7.986000000 -0.066187 -0.003841 0.000000 0.000000 0.000000 0.000033 1.000000
8.019000000 -0.072122 -0.003842 0.000000 0.000000 0.000000 0.000051 1.000000
8.052000000 -0.078082 -0.003842 0.000000 0.000000 0.000000 0.000075 1.000000
8.085000000 -0.083072 -0.005263 0.000000 0.000000 0.000000 0.000105 1.000000
8.118000000 -0.090234 -0.005265 0.000000 0.000000 0.000000 0.000142 1.000000
8.151000000 -0.109048 -0.006735 0.000000 0.000000 0.000000 0.000186 1.000000
8.184000000 -0.117321 -0.006738 0.000000 0.000000 0.000000 0.000237 1.000000
8.217000000 -0.125637 -0.006742 0.000000 0.000000 0.000000 0.000298 1.000000
8.250000000 -0.138361 -0.007458 0.000000 0.000000 0.000000 0.000367 1.000000
8.283000000 -0.147748 -0.007465 0.000000 0.000000 0.000000 0.000447 1.000000
8.316000000 -0.157188 -0.007473 0.000000 0.000000 0.000000 0.000538 1.000000
8.349000000 -0.166680 -0.007483 0.000000 0.000000 0.000000 0.000641 1.000000
8.382000000 -0.170340 -0.007029 0.000000 0.000000 0.000000 0.000757 1.000000
8.415000000 -0.198952 -0.005541 0.000000 0.000000 0.000000 0.000886 1.000000
8.448000000 -0.210175 -0.005561 0.000000 0.000000 0.000000 0.001029 0.999999
8.481000000 -0.221468 -0.005584 0.000000 0.000000 0.000000 0.001188 0.999999
8.514000000 -0.232831 -0.005611 0.000000 0.000000 0.000000 0.001362 0.999999
8.547000000 -0.241781 -0.003375 0.000000 0.000000 0.000000 0.001552 0.999999
8.580000000 -0.253771 -0.003412 0.000000 0.000000 0.000000 0.001759 0.999998
8.613000000 -0.265837 -0.003455 0.000000 0.000000 0.000000 0.001984 0.999998
8.646000000 -0.277979 -0.003503 0.000000 0.000000 0.000000 0.002228 0.999998
8.679000000 -0.281162 -0.000828 0.000000 0.000000 0.000000 0.002490 0.999997
8.712000000 -0.294002 -0.000892 0.000000 0.000000 0.000000 0.002772 0.999996
8.745000000 -0.306925 -0.000964 0.000000 0.000000 0.000000 0.003074 0.999995
8.778000000 -0.323761 0.001130 0.000000 0.000000 0.000000 0.003396 0.999994
8.811000000 -0.337622 0.001036 0.000000 0.000000 0.000000 0.003740 0.999993
8.844000000 -0.369662 0.002593 0.000000 0.000000 0.000000 0.004106 0.999992
8.877000000 -0.384611 0.002470 0.000000 0.000000 0.000000 0.004494 0.999990
8.910000000 -0.399667 0.002335 0.000000 0.000000 0.000000 0.004905 0.999988
8.943000000 -0.419407 0.003158 0.000000 0.000000 0.000000 0.005340 0.999986
8.976000000 -0.435596 0.002985 0.000000 0.000000 0.000000 0.005798 0.999983
9.009000000 -0.451905 0.002796 0.000000 0.000000 0.000000 0.006281 0.999980
9.042000000 -0.468335 0.002590 0.000000 0.000000 0.000000 0.006788 0.999977
9.075000000 -0.472640 0.003663 0.000000 0.000000 0.000000 0.007320 0.999973
9.108000000 -0.490013 0.003408 0.000000 0.000000 0.000000 0.007877 0.999969
9.141000000 -0.529591 0.003545 0.000000 0.000000 0.000000 0.008460 0.999964
9.174000000 -0.548199 0.003230 0.000000 0.000000 0.000000 0.009069 0.999959
9.207000000 -0.566953 0.002890 0.000000 0.000000 0.000000 0.009705 0.999953
9.240000000 -0.585854 0.002523 0.000000 0.000000 0.000000 0.010366 0.999946
9.273000000 -0.589752 0.003184 0.000000 0.000000 0.000000 0.011054 0.999939
9.306000000 -0.609469 0.002748 0.000000 0.000000 0.000000 0.011769 0.999931
9.339000000 -0.629341 0.002280 0.000000 0.000000 0.000000 0.012510 0.999922
9.372000000 -0.653580 0.002448 0.000000 0.000000 0.000000 0.013278 0.999912
9.405000000 -0.674495 0.001893 0.000000 0.000000 0.000000 0.014073 0.999901
9.438000000 -0.720660 0.001345 0.000000 0.000000 0.000000 0.014895 0.999889
9.504000000 -0.764910 -0.000011 0.000000 0.000000 0.000000 0.016619 0.999862
9.537000000 -0.791362 0.000003 0.000000 0.000000 0.000000 0.017520 0.999847
9.570000000 -0.814582 -0.000811 0.000000 0.000000 0.000000 0.018448 0.999830
9.603000000 -0.837994 -0.001675 0.000000 0.000000 0.000000 0.019402 0.999812
9.636000000 -0.865443 -0.001189 0.000000 0.000000 0.000000 0.020382 0.999792
9.669000000 -0.889799 -0.002182 0.000000 0.000000 0.000000 0.021387 0.999771
9.702000000 -0.914355 -0.003233 0.000000 0.000000 0.000000 0.022418 0.999749
9.735000000 -0.939111 -0.004344 0.000000 0.000000 0.000000 0.023473 0.999724
9.768000000 -0.943171 -0.001873 0.000000 0.000000 0.000000 0.024553 0.999699
9.801000000 -0.968704 -0.003128 0.000000 0.000000 0.000000 0.025656 0.999671
9.834000000 -0.994441 -0.004450 0.000000 0.000000 0.000000 0.026783 0.999641
9.867000000 -1.023852 -0.002222 0.000000 0.000000 0.000000 0.027934 0.999610
9.933000000 -1.077160 -0.005267 0.000000 0.000000 0.000000 0.030300 0.999541
9.966000000 -1.107748 -0.002163 0.000000 0.000000 0.000000 0.031516 0.999503
9.999000000 -1.135331 -0.003904 0.000000 0.000000 0.000000 0.032752 0.999464
10.032000000 -1.163133 -0.005728 0.000000 0.000000 0.000000 0.034008 0.999422
10.065000000 -1.195111 -0.001545 0.000000 0.000000 0.000000 0.035283 0.999377
10.098000000 -1.223789 -0.003572 0.000000 0.000000 0.000000 0.036577 0.999331
10.131000000 -1.252693 -0.005691 0.000000 0.000000 0.000000 0.037889 0.999282
10.164000000 -1.281822 -0.007902 0.000000 0.000000 0.000000 0.039217 0.999231
10.197000000 -1.285874 -0.000818 0.000000 0.000000 0.000000 0.040561 0.999177
10.230000000 -1.377113 -0.000064 0.000000 0.000000 0.000000 0.041921 0.999121
10.263000000 -1.407933 -0.002655 0.000000 0.000000 0.000000 0.043295 0.999062
10.296000000 -1.438996 -0.005352 0.000000 0.000000 0.000000 0.044683 0.999001
10.329000000 -1.470302 -0.008157 0.000000 0.000000 0.000000 0.046084 0.998938
10.362000000 -1.477207 -0.000031 0.000000 0.000000 0.000000 0.047496 0.998871
10.395000000 -1.509083 -0.003069 0.000000 0.000000 0.000000 0.048920 0.998803
10.428000000 -1.541201 -0.006222 0.000000 0.000000 0.000000 0.050353 0.998731
10.461000000 -1.577681 -0.000305 0.000000 0.000000 0.000000 0.051796 0.998658
10.494000000 -1.610721 -0.003735 0.000000 0.000000 0.000000 0.053246 0.998581
10.527000000 -1.644116 -0.007295 0.000000 0.000000 0.000000 0.054704 0.998503
10.560000000 -1.677863 -0.010990 0.000000 0.000000 0.000000 0.056169 0.998421
10.593000000 -1.681424 -0.000810 0.000000 0.000000 0.000000 0.057638 0.998338
10.626000000 -1.715480 -0.004751 0.000000 0.000000 0.000000 0.059113 0.998251
10.659000000 -1.788652 -0.002041 0.000000 0.000000 0.000000 0.060590 0.998163
10.692000000 -1.823795 -0.006321 0.000000 0.000000 0.000000 0.062071 0.998072
10.725000000 -1.859290 -0.010748 0.000000 0.000000 0.000000 0.063553 0.997978
10.758000000 -1.898953 -0.003907 0.000000 0.000000 0.000000 0.065036 0.997883
10.791000000 -1.935079 -0.008635 0.000000 0.000000 0.000000 0.066518 0.997785
10.824000000 -1.971555 -0.013520 0.000000 0.000000 0.000000 0.068000 0.997685
10.857000000 -2.008379 -0.018563 0.000000 0.000000 0.000000 0.069480 0.997583
10.890000000 -2.012681 -0.006352 0.000000 0.000000 0.000000 0.070957 0.997479
10.923000000 -2.049829 -0.011666 0.000000 0.000000 0.000000 0.072431 0.997373
10.956000000 -2.129424 -0.008882 0.000000 0.000000 0.000000 0.073900 0.997266
10.989000000 -2.167518 -0.014563 0.000000 0.000000 0.000000 0.075363 0.997156
11.022000000 -2.205957 -0.020413 0.000000 0.000000 0.000000 0.076821 0.997045
11.055000000 -2.244741 -0.026435 0.000000 0.000000 0.000000 0.078272 0.996932
11.088000000 -2.249528 -0.011877 0.000000 0.000000 0.000000 0.079715 0.996818
11.121000000 -2.288596 -0.018172 0.000000 0.000000 0.000000 0.081150 0.996702
11.154000000 -2.373096 -0.015206 0.000000 0.000000 0.000000 0.082576 0.996585
11.187000000 -2.413203 -0.021906 0.000000 0.000000 0.000000 0.083992 0.996466
11.220000000 -2.453653 -0.028786 0.000000 0.000000 0.000000 0.085398 0.996347
11.253000000 -2.499913 -0.018750 0.000000 0.000000 0.000000 0.086793 0.996226
11.286000000 -2.540986 -0.025970 0.000000 0.000000 0.000000 0.088177 0.996105
11.319000000 -2.582400 -0.033376 0.000000 0.000000 0.000000 0.089548 0.995982
11.352000000 -2.629902 -0.022791 0.000000 0.000000 0.000000 0.090907 0.995859
11.385000000 -2.671914 -0.030536 0.000000 0.000000 0.000000 0.092251 0.995736
11.418000000 -2.714266 -0.038468 0.000000 0.000000 0.000000 0.093578 0.995612
11.451000000 -2.756957 -0.046589 0.000000 0.000000 0.000000 0.094887 0.995488
11.484000000 -2.761775 -0.027436 0.000000 0.000000 0.000000 0.096174 0.995364
11.517000000 -2.804390 -0.035758 0.000000 0.000000 0.000000 0.097440 0.995241
11.550000000 -2.893136 -0.031499 0.000000 0.000000 0.000000 0.098683 0.995119
11.583000000 -2.935687 -0.040033 0.000000 0.000000 0.000000 0.099900 0.994997
11.616000000 -2.978576 -0.048750 0.000000 0.000000 0.000000 0.101092 0.994877
11.649000000 -3.024686 -0.035829 0.000000 0.000000 0.000000 0.102257 0.994758
11.682000000 -3.067183 -0.044669 0.000000 0.000000 0.000000 0.103395 0.994640
11.715000000 -3.110014 -0.053688 0.000000 0.000000 0.000000 0.104504 0.994524
11.748000000 -3.156299 -0.039939 0.000000 0.000000 0.000000 0.105584 0.994410
11.781000000 -3.198697 -0.049055 0.000000 0.000000 0.000000 0.106635 0.994298
11.814000000 -3.241424 -0.058343 0.000000 0.000000 0.000000 0.107656 0.994188
11.847000000 -3.284480 -0.067801 0.000000 0.000000 0.000000 0.108646 0.994080
11.880000000 -3.287809 -0.044098 0.000000 0.000000 0.000000 0.109607 0.993975
11.913000000 -3.330051 -0.053538 0.000000 0.000000 0.000000 0.110537 0.993872
11.946000000 -3.419265 -0.048233 0.000000 0.000000 0.000000 0.111436 0.993772
11.979000000 -3.461394 -0.057811 0.000000 0.000000 0.000000 0.112306 0.993674
12.012000000 -3.503841 -0.067546 0.000000 0.000000 0.000000 0.113144 0.993579
12.045000000 -3.550673 -0.052654 0.000000 0.000000 0.000000 0.113953 0.993486
12.078000000 -3.592693 -0.062431 0.000000 0.000000 0.000000 0.114731 0.993397
12.111000000 -3.635024 -0.072357 0.000000 0.000000 0.000000 0.115480 0.993310
12.144000000 -3.681945 -0.057473 0.000000 0.000000 0.000000 0.116200 0.993226
12.177000000 -3.723853 -0.067424 0.000000 0.000000 0.000000 0.116890 0.993145
12.210000000 -3.766063 -0.077514 0.000000 0.000000 0.000000 0.117552 0.993067
12.243000000 -3.812934 -0.062950 0.000000 0.000000 0.000000 0.118186 0.992991
12.276000000 -3.854714 -0.073047 0.000000 0.000000 0.000000 0.118792 0.992919
12.309000000 -3.896788 -0.083275 0.000000 0.000000 0.000000 0.119371 0.992850
12.342000000 -3.943880 -0.068630 0.000000 0.000000 0.000000 0.119923 0.992783
12.375000000 -3.985567 -0.078859 0.000000 0.000000 0.000000 0.120449 0.992719
12.408000000 -4.027538 -0.089209 0.000000 0.000000 0.000000 0.120950 0.992659
12.441000000 -4.074944 -0.074618 0.000000 0.000000 0.000000 0.121426 0.992601
12.474000000 -4.116597 -0.084971 0.000000 0.000000 0.000000 0.121877 0.992545
12.507000000 -4.158525 -0.095439 0.000000 0.000000 0.000000 0.122305 0.992493
12.540000000 -4.200729 -0.106019 0.000000 0.000000 0.000000 0.122710 0.992443
12.573000000 -4.205887 -0.080673 0.000000 0.000000 0.000000 0.123092 0.992395
12.606000000 -4.247442 -0.091150 0.000000 0.000000 0.000000 0.123453 0.992350
12.639000000 -4.337164 -0.086659 0.000000 0.000000 0.000000 0.123793 0.992308
12.672000000 -4.378739 -0.097203 0.000000 0.000000 0.000000 0.124112 0.992268
12.705000000 -4.420571 -0.107845 0.000000 0.000000 0.000000 0.124412 0.992231
12.738000000 -4.468597 -0.092633 0.000000 0.000000 0.000000 0.124692 0.992195
12.771000000 -4.510170 -0.103256 0.000000 0.000000 0.000000 0.124954 0.992162
12.804000000 -4.551989 -0.113971 0.000000 0.000000 0.000000 0.125199 0.992132
12.837000000 -4.600347 -0.098448 0.000000 0.000000 0.000000 0.125426 0.992103
12.870000000 -4.641947 -0.109143 0.000000 0.000000 0.000000 0.125637 0.992076
12.903000000 -4.683786 -0.119923 0.000000 0.000000 0.000000 0.125832 0.992052
12.936000000 -4.732080 -0.104535 0.000000 0.000000 0.000000 0.126012 0.992029
12.969000000 -4.773668 -0.115280 0.000000 0.000000 0.000000 0.126177 0.992008
13.002000000 -4.815484 -0.126101 0.000000 0.000000 0.000000 0.126328 0.991989
13.035000000 -4.863931 -0.110062 0.000000 0.000000 0.000000 0.126466 0.991971
13.068000000 -4.905483 -0.120837 0.000000 0.000000 0.000000 0.126591 0.991955
13.101000000 -4.947252 -0.131683 0.000000 0.000000 0.000000 0.126704 0.991941
13.134000000 -4.995913 -0.115775 0.000000 0.000000 0.000000 0.126806 0.991928
13.167000000 -5.037474 -0.126582 0.000000 0.000000 0.000000 0.126896 0.991916
13.233000000 -5.121221 -0.148393 0.000000 0.000000 0.000000 0.127046 0.991897
13.266000000 -5.128031 -0.121227 0.000000 0.000000 0.000000 0.127107 0.991889
13.299000000 -5.169583 -0.132059 0.000000 0.000000 0.000000 0.127158 0.991882
13.332000000 -5.211332 -0.142949 0.000000 0.000000 0.000000 0.127202 0.991877
13.365000000 -5.253275 -0.153896 0.000000 0.000000 0.000000 0.127237 0.991872
13.398000000 -5.259970 -0.126769 0.000000 0.000000 0.000000 0.127264 0.991869
13.431000000 -5.301463 -0.137599 0.000000 0.000000 0.000000 0.127285 0.991866
13.464000000 -5.392139 -0.132348 0.000000 0.000000 0.000000 0.127299 0.991864
13.497000000 -5.433667 -0.143190 0.000000 0.000000 0.000000 0.127307 0.991863
13.530000000 -5.475371 -0.154080 0.000000 0.000000 0.000000 0.127308 0.991863
13.563000000 -5.524057 -0.137723 0.000000 0.000000 0.000000 0.127305 0.991864
13.596000000 -5.565509 -0.148545 0.000000 0.000000 0.000000 0.127296 0.991865
13.629000000 -5.607127 -0.159412 0.000000 0.000000 0.000000 0.127283 0.991866
13.662000000 -5.656097 -0.143158 0.000000 0.000000 0.000000 0.127265 0.991869
13.695000000 -5.697551 -0.153977 0.000000 0.000000 0.000000 0.127244 0.991871
13.728000000 -5.781747 -0.146990 0.000000 0.000000 0.000000 0.127218 0.991875
13.761000000 -5.823146 -0.157790 0.000000 0.000000 0.000000 0.127190 0.991878
13.794000000 -5.864697 -0.168628 0.000000 0.000000 0.000000 0.127158 0.991882
13.827000000 -5.906399 -0.179504 0.000000 0.000000 0.000000 0.127123 0.991887
13.860000000 -5.948253 -0.190418 0.000000 0.000000 0.000000 0.127086 0.991892
13.893000000 -5.919914 -0.154097 0.000000 0.000000 0.000000 0.127047 0.991897
13.926000000 -5.961312 -0.164880 0.000000 0.000000 0.000000 0.127006 0.991902
13.959000000 -6.051867 -0.159710 0.000000 0.000000 0.000000 0.126967 0.991907
13.992000000 -6.093277 -0.170489 0.000000 0.000000 0.000000 0.126930 0.991912
14.025000000 -6.134820 -0.181301 0.000000 0.000000 0.000000 0.126898 0.991916
14.058000000 -6.176497 -0.192146 0.000000 0.000000 0.000000 0.126872 0.991919
14.091000000 -6.186762 -0.166608 0.000000 0.000000 0.000000 0.126854 0.991921
14.124000000 -6.228945 -0.177578 0.000000 0.000000 0.000000 0.126845 0.991923
14.157000000 -6.325138 -0.174286 0.000000 0.000000 0.000000 0.126847 0.991922
14.190000000 -6.368388 -0.185533 0.000000 0.000000 0.000000 0.126862 0.991920
14.223000000 -6.411791 -0.196821 0.000000 0.000000 0.000000 0.126889 0.991917
14.256000000 -6.466719 -0.182952 0.000000 0.000000 0.000000 0.126931 0.991912
14.289000000 -6.511052 -0.194488 0.000000 0.000000 0.000000 0.126988 0.991904
14.322000000 -6.555548 -0.206072 0.000000 0.000000 0.000000 0.127062 0.991895
14.355000000 -6.600205 -0.217706 0.000000 0.000000 0.000000 0.127152 0.991883
14.388000000 -6.611723 -0.192717 0.000000 0.000000 0.000000 0.127260 0.991869
14.421000000 -6.657188 -0.204580 0.000000 0.000000 0.000000 0.127386 0.991853
14.454000000 -6.759637 -0.203527 0.000000 0.000000 0.000000 0.127531 0.991835
14.487000000 -6.806134 -0.215686 0.000000 0.000000 0.000000 0.127695 0.991813
14.520000000 -6.852814 -0.227909 0.000000 0.000000 0.000000 0.127879 0.991790
14.553000000 -6.910742 -0.215116 0.000000 0.000000 0.000000 0.128082 0.991764
14.586000000 -6.958277 -0.227602 0.000000 0.000000 0.000000 0.128304 0.991735
14.619000000 -7.006002 -0.240161 0.000000 0.000000 0.000000 0.128547 0.991703
14.652000000 -7.064996 -0.227842 0.000000 0.000000 0.000000 0.128809 0.991669
14.685000000 -7.113578 -0.240679 0.000000 0.000000 0.000000 0.129091 0.991633
14.718000000 -7.162358 -0.253598 0.000000 0.000000 0.000000 0.129393 0.991593
14.751000000 -7.222197 -0.241431 0.000000 0.000000 0.000000 0.129714 0.991551
14.784000000 -7.271756 -0.254623 0.000000 0.000000 0.000000 0.130054 0.991507
14.817000000 -7.321517 -0.267905 0.000000 0.000000 0.000000 0.130413 0.991460
14.850000000 -7.371480 -0.281279 0.000000 0.000000 0.000000 0.130791 0.991410
14.883000000 -7.382649 -0.255558 0.000000 0.000000 0.000000 0.131186 0.991358
14.916000000 -7.433192 -0.269173 0.000000 0.000000 0.000000 0.131599 0.991303
14.949000000 -7.546292 -0.270448 0.000000 0.000000 0.000000 0.132029 0.991246
14.982000000 -7.597853 -0.284431 0.000000 0.000000 0.000000 0.132475 0.991186
15.015000000 -7.684433 -0.278104 0.000000 0.000000 0.000000 0.132937 0.991124
15.048000000 -7.736830 -0.292416 0.000000 0.000000 0.000000 0.133415 0.991060
15.081000000 -7.789449 -0.306843 0.000000 0.000000 0.000000 0.133907 0.990994
15.114000000 -7.852232 -0.293102 0.000000 0.000000 0.000000 0.134413 0.990925
15.147000000 -7.905566 -0.307841 0.000000 0.000000 0.000000 0.134933 0.990855
15.180000000 -7.959125 -0.322702 0.000000 0.000000 0.000000 0.135465 0.990782
15.213000000 -8.012908 -0.337687 0.000000 0.000000 0.000000 0.136009 0.990708
15.246000000 -8.055778 -0.318084 0.000000 0.000000 0.000000 0.136564 0.990631
15.279000000 -8.110140 -0.333361 0.000000 0.000000 0.000000 0.137130 0.990553
15.312000000 -8.164726 -0.348768 0.000000 0.000000 0.000000 0.137706 0.990473
15.345000000 -8.231785 -0.334555 0.000000 0.000000 0.000000 0.138291 0.990392
15.378000000 -8.287174 -0.350323 0.000000 0.000000 0.000000 0.138885 0.990309
15.411000000 -8.342896 -0.366254 0.000000 0.000000 0.000000 0.139486 0.990224
15.444000000 -8.411039 -0.351936 0.000000 0.000000 0.000000 0.140094 0.990138
15.477000000 -8.467388 -0.368202 0.000000 0.000000 0.000000 0.140709 0.990051
15.510000000 -8.524069 -0.384636 0.000000 0.000000 0.000000 0.141329 0.989963
15.543000000 -8.593455 -0.370308 0.000000 0.000000 0.000000 0.141955 0.989873
15.576000000 -8.650753 -0.387083 0.000000 0.000000 0.000000 0.142584 0.989783
15.609000000 -8.736909 -0.377218 0.000000 0.000000 0.000000 0.143218 0.989691
15.642000000 -8.794925 -0.394367 0.000000 0.000000 0.000000 0.143855 0.989599
15.675000000 -8.853270 -0.411692 0.000000 0.000000 0.000000 0.144494 0.989506
15.708000000 -8.911944 -0.429197 0.000000 0.000000 0.000000 0.145135 0.989412
15.741000000 -8.967659 -0.410411 0.000000 0.000000 0.000000 0.145778 0.989317
15.774000000 -9.026830 -0.428235 0.000000 0.000000 0.000000 0.146422 0.989222
15.807000000 -9.086330 -0.446241 0.000000 0.000000 0.000000 0.147066 0.989127
15.840000000 -9.146156 -0.464432 0.000000 0.000000 0.000000 0.147710 0.989031
15.873000000 -9.159415 -0.432102 0.000000 0.000000 0.000000 0.148354 0.988934
15.906000000 -9.219489 -0.450541 0.000000 0.000000 0.000000 0.148997 0.988838
15.939000000 -9.279889 -0.469167 0.000000 0.000000 0.000000 0.149639 0.988741
15.972000000 -9.354638 -0.454802 0.000000 0.000000 0.000000 0.150278 0.988644
16.005000000 -9.415708 -0.473809 0.000000 0.000000 0.000000 0.150916 0.988547
16.038000000 -9.477104 -0.493005 0.000000 0.000000 0.000000 0.151552 0.988449
16.071000000 -9.552797 -0.478937 0.000000 0.000000 0.000000 0.152184 0.988352
16.104000000 -9.698978 -0.486658 0.000000 0.000000 0.000000 0.152814 0.988255
16.137000000 -9.761606 -0.506502 0.000000 0.000000 0.000000 0.153441 0.988158
16.170000000 -9.824558 -0.526538 0.000000 0.000000 0.000000 0.154064 0.988061
16.203000000 -9.887834 -0.546767 0.000000 0.000000 0.000000 0.154684 0.987964
16.236000000 -9.958494 -0.530557 0.000000 0.000000 0.000000 0.155299 0.987867
16.269000000 -10.022369 -0.551152 0.000000 0.000000 0.000000 0.155911 0.987771
16.302000000 -10.086567 -0.571942 0.000000 0.000000 0.000000 0.156519 0.987675
16.335000000 -10.151088 -0.592926 0.000000 0.000000 0.000000 0.157122 0.987579
16.368000000 -10.215932 -0.614105 0.000000 0.000000 0.000000 0.157721 0.987484
16.401000000 -10.166042 -0.558237 0.000000 0.000000 0.000000 0.158315 0.987389
16.434000000 -10.376943 -0.586879 0.000000 0.000000 0.000000 0.158905 0.987294
16.467000000 -10.442691 -0.608610 0.000000 0.000000 0.000000 0.159490 0.987199
16.533000000 -10.575152 -0.652660 0.000000 0.000000 0.000000 0.160647 0.987012
16.566000000 -10.590777 -0.616961 0.000000 0.000000 0.000000 0.161219 0.986919
16.599000000 -10.657403 -0.639329 0.000000 0.000000 0.000000 0.161786 0.986826
16.632000000 -10.724350 -0.661894 0.000000 0.000000 0.000000 0.162348 0.986734
16.665000000 -10.791619 -0.684654 0.000000 0.000000 0.000000 0.162905 0.986642
16.698000000 -10.807998 -0.648210 0.000000 0.000000 0.000000 0.163458 0.986550
16.731000000 -10.875570 -0.671238 0.000000 0.000000 0.000000 0.164007 0.986459
16.764000000 -11.028250 -0.680536 0.000000 0.000000 0.000000 0.164551 0.986369
16.797000000 -11.096750 -0.704049 0.000000 0.000000 0.000000 0.165090 0.986278
16.830000000 -11.165570 -0.727758 0.000000 0.000000 0.000000 0.165625 0.986189
16.863000000 -11.251782 -0.713885 0.000000 0.000000 0.000000 0.166156 0.986099
16.896000000 -11.321216 -0.737971 0.000000 0.000000 0.000000 0.166683 0.986011
16.929000000 -11.390971 -0.762255 0.000000 0.000000 0.000000 0.167206 0.985922
16.962000000 -11.478247 -0.748601 0.000000 0.000000 0.000000 0.167724 0.985834
16.995000000 -11.548573 -0.773247 0.000000 0.000000 0.000000 0.168238 0.985746
17.028000000 -11.619219 -0.798091 0.000000 0.000000 0.000000 0.168749 0.985659
17.061000000 -11.708151 -0.784516 0.000000 0.000000 0.000000 0.169256 0.985572
17.094000000 -11.779457 -0.809755 0.000000 0.000000 0.000000 0.169759 0.985486
17.127000000 -11.851083 -0.835191 0.000000 0.000000 0.000000 0.170258 0.985399
17.160000000 -11.941419 -0.821433 0.000000 0.000000 0.000000 0.170754 0.985314
17.193000000 -12.013693 -0.847262 0.000000 0.000000 0.000000 0.171247 0.985228
17.226000000 -12.086286 -0.873288 0.000000 0.000000 0.000000 0.171736 0.985143
17.259000000 -12.177309 -0.859703 0.000000 0.000000 0.000000 0.172221 0.985058
17.292000000 -12.250412 -0.886074 0.000000 0.000000 0.000000 0.172704 0.984974
17.325000000 -12.323835 -0.912643 0.000000 0.000000 0.000000 0.173183 0.984890
17.358000000 -12.416994 -0.898795 0.000000 0.000000 0.000000 0.173660 0.984806
17.391000000 -12.491107 -0.925774 0.000000 0.000000 0.000000 0.174133 0.984722
17.424000000 -12.639271 -0.931921 0.000000 0.000000 0.000000 0.174604 0.984639
17.457000000 -12.714253 -0.959379 0.000000 0.000000 0.000000 0.175071 0.984556
17.490000000 -12.789552 -0.987036 0.000000 0.000000 0.000000 0.175536 0.984473
17.523000000 -12.865170 -1.014892 0.000000 0.000000 0.000000 0.175998 0.984390
17.556000000 -12.905473 -0.980672 0.000000 0.000000 0.000000 0.176458 0.984308
17.589000000 -12.981390 -1.008797 0.000000 0.000000 0.000000 0.176915 0.984226
17.622000000 -13.057625 -1.037122 0.000000 0.000000 0.000000 0.177369 0.984144
17.655000000 -13.154559 -1.023486 0.000000 0.000000 0.000000 0.177822 0.984063
17.688000000 -13.231441 -1.052212 0.000000 0.000000 0.000000 0.178271 0.983981
17.721000000 -13.308640 -1.081138 0.000000 0.000000 0.000000 0.178719 0.983900
17.754000000 -13.406517 -1.067134 0.000000 0.000000 0.000000 0.179164 0.983819
17.787000000 -13.484237 -1.096414 0.000000 0.000000 0.000000 0.179606 0.983739
17.820000000 -13.562274 -1.125896 0.000000 0.000000 0.000000 0.180047 0.983658
17.853000000 -13.661781 -1.111981 0.000000 0.000000 0.000000 0.180485 0.983578
17.886000000 -13.740432 -1.141853 0.000000 0.000000 0.000000 0.180922 0.983498
17.919000000 -13.819399 -1.171927 0.000000 0.000000 0.000000 0.181356 0.983418
17.952000000 -13.919727 -1.158347 0.000000 0.000000 0.000000 0.181788 0.983338
17.985000000 -13.999223 -1.188781 0.000000 0.000000 0.000000 0.182218 0.983258
18.018000000 -14.079034 -1.219418 0.000000 0.000000 0.000000 0.182646 0.983179
18.051000000 -14.181114 -1.206017 0.000000 0.000000 0.000000 0.183073 0.983099
18.084000000 -14.261577 -1.237063 0.000000 0.000000 0.000000 0.183497 0.983020
18.117000000 -14.342356 -1.268312 0.000000 0.000000 0.000000 0.183919 0.982941
18.150000000 -14.445282 -1.254763 0.000000 0.000000 0.000000 0.184339 0.982863
18.183000000 -14.526582 -1.286372 0.000000 0.000000 0.000000 0.184758 0.982784
18.216000000 -14.608197 -1.318186 0.000000 0.000000 0.000000 0.185175 0.982706
18.249000000 -14.712899 -1.304866 0.000000 0.000000 0.000000 0.185590 0.982627
18.282000000 -14.795170 -1.337095 0.000000 0.000000 0.000000 0.186003 0.982549
18.315000000 -14.877755 -1.369527 0.000000 0.000000 0.000000 0.186414 0.982471
18.348000000 -14.983374 -1.356110 0.000000 0.000000 0.000000 0.186821 0.982394
18.381000000 -15.066503 -1.388915 0.000000 0.000000 0.000000 0.187222 0.982318
18.414000000 -15.149946 -1.421924 0.000000 0.000000 0.000000 0.187613 0.982243
18.447000000 -15.255194 -1.408201 0.000000 0.000000 0.000000 0.187991 0.982171
18.480000000 -15.338806 -1.441427 0.000000 0.000000 0.000000 0.188355 0.982101
18.513000000 -15.422734 -1.474851 0.000000 0.000000 0.000000 0.188703 0.982034
18.546000000 -15.526606 -1.460192 0.000000 0.000000 0.000000 0.189033 0.981971
18.579000000 -15.610157 -1.493600 0.000000 0.000000 0.000000 0.189346 0.981911
18.612000000 -15.694024 -1.527196 0.000000 0.000000 0.000000 0.189639 0.981854
18.645000000 -15.778210 -1.560980 0.000000 0.000000 0.000000 0.189909 0.981802
18.678000000 -15.798284 -1.512471 0.000000 0.000000 0.000000 0.190154 0.981754
18.711000000 -15.881809 -1.546090 0.000000 0.000000 0.000000 0.190371 0.981712
18.744000000 -16.067291 -1.563021 0.000000 0.000000 0.000000 0.190558 0.981676
18.777000000 -16.150048 -1.596409 0.000000 0.000000 0.000000 0.190713 0.981646
18.810000000 -16.233120 -1.629956 0.000000 0.000000 0.000000 0.190836 0.981622
18.843000000 -16.332725 -1.612037 0.000000 0.000000 0.000000 0.190926 0.981604
18.876000000 -16.414344 -1.645037 0.000000 0.000000 0.000000 0.190984 0.981593
18.909000000 -16.496273 -1.678174 0.000000 0.000000 0.000000 0.191010 0.981588
18.942000000 -16.594767 -1.659378 0.000000 0.000000 0.000000 0.191003 0.981589
18.975000000 -16.675205 -1.691916 0.000000 0.000000 0.000000 0.190966 0.981597
19.008000000 -16.755945 -1.724568 0.000000 0.000000 0.000000 0.190899 0.981610
19.041000000 -16.853527 -1.705454 0.000000 0.000000 0.000000 0.190802 0.981629
19.074000000 -16.932853 -1.737503 0.000000 0.000000 0.000000 0.190678 0.981653
19.107000000 -17.012471 -1.769647 0.000000 0.000000 0.000000 0.190442 0.981698
19.140000000 -17.108650 -1.749399 0.000000 0.000000 0.000000 0.189632 0.981855
19.173000000 -17.186794 -1.780753 0.000000 0.000000 0.000000 0.188089 0.982152
19.206000000 -17.265300 -1.811968 0.000000 0.000000 0.000000 0.185818 0.982584
19.239000000 -17.360157 -1.794170 0.000000 0.000000 0.000000 0.182892 0.983133
19.272000000 -17.437699 -1.824055 0.000000 0.000000 0.000000 0.179442 0.983769
19.305000000 -17.515697 -1.853489 0.000000 0.000000 0.000000 0.175590 0.984463
19.338000000 -17.594171 -1.882403 0.000000 0.000000 0.000000 0.171440 0.985195
19.371000000 -17.608859 -1.839059 0.000000 0.000000 0.000000 0.167081 0.985943
19.404000000 -17.686556 -1.866172 0.000000 0.000000 0.000000 0.162584 0.986695
19.437000000 -17.852377 -1.883774 0.000000 0.000000 0.000000 0.158010 0.987437
19.470000000 -17.929421 -1.909079 0.000000 0.000000 0.000000 0.153411 0.988163
19.503000000 -18.006912 -1.933733 0.000000 0.000000 0.000000 0.148828 0.988863
19.536000000 -18.092967 -1.926490 0.000000 0.000000 0.000000 0.144297 0.989534
19.569000000 -18.169822 -1.949391 0.000000 0.000000 0.000000 0.139849 0.990173
19.602000000 -18.247077 -1.971657 0.000000 0.000000 0.000000 0.135507 0.990776
19.635000000 -18.324721 -1.993300 0.000000 0.000000 0.000000 0.131293 0.991344
19.668000000 -18.330845 -1.968337 0.000000 0.000000 0.000000 0.127221 0.991874
19.701000000 -18.407765 -1.988399 0.000000 0.000000 0.000000 0.123304 0.992369
19.734000000 -18.565128 -2.011111 0.000000 0.000000 0.000000 0.119553 0.992828
19.767000000 -18.641577 -2.029793 0.000000 0.000000 0.000000 0.115974 0.993252
19.833000000 -18.795232 -2.066169 0.000000 0.000000 0.000000 0.109349 0.994003
19.866000000 -18.794759 -2.051676 0.000000 0.000000 0.000000 0.106305 0.994334
19.899000000 -18.870353 -2.068026 0.000000 0.000000 0.000000 0.103441 0.994636
19.932000000 -19.019714 -2.092765 0.000000 0.000000 0.000000 0.100753 0.994911
19.965000000 -19.094706 -2.108110 0.000000 0.000000 0.000000 0.098239 0.995163
19.998000000 -19.169895 -2.123100 0.000000 0.000000 0.000000 0.095894 0.995392
20.031000000 -19.239645 -2.131289 0.000000 0.000000 0.000000 0.093713 0.995599
20.064000000 -19.313310 -2.145281 0.000000 0.000000 0.000000 0.091692 0.995787
20.097000000 -19.387122 -2.158989 0.000000 0.000000 0.000000 0.089824 0.995958
20.130000000 -19.461076 -2.172437 0.000000 0.000000 0.000000 0.088103 0.996111
20.163000000 -19.535167 -2.185644 0.000000 0.000000 0.000000 0.086521 0.996250
20.196000000 -19.465300 -2.170365 0.000000 0.000000 0.000000 0.085074 0.996375
20.229000000 -19.538581 -2.182970 0.000000 0.000000 0.000000 0.083753 0.996487
20.262000000 -19.682534 -2.208437 0.000000 0.000000 0.000000 0.082551 0.996587
20.295000000 -19.754755 -2.220483 0.000000 0.000000 0.000000 0.081463 0.996676
20.328000000 -19.827056 -2.232381 0.000000 0.000000 0.000000 0.080481 0.996756
20.361000000 -19.899433 -2.244144 0.000000 0.000000 0.000000 0.079599 0.996827
20.394000000 -19.896262 -2.244157 0.000000 0.000000 0.000000 0.078810 0.996890
20.427000000 -20.096230 -2.278315 0.000000 0.000000 0.000000 0.078109 0.996945
20.460000000 -20.166782 -2.289438 0.000000 0.000000 0.000000 0.077488 0.996993
20.493000000 -20.237367 -2.300476 0.000000 0.000000 0.000000 0.076943 0.997036
20.526000000 -20.307983 -2.311439 0.000000 0.000000 0.000000 0.076467 0.997072
20.559000000 -20.317214 -2.314873 0.000000 0.000000 0.000000 0.076056 0.997104
20.592000000 -20.386468 -2.325499 0.000000 0.000000 0.000000 0.075704 0.997130
20.625000000 -20.455724 -2.336076 0.000000 0.000000 0.000000 0.075407 0.997153
20.658000000 -20.524980 -2.346609 0.000000 0.000000 0.000000 0.075160 0.997172
20.691000000 -20.521124 -2.348426 0.000000 0.000000 0.000000 0.074958 0.997187
20.724000000 -20.588970 -2.358683 0.000000 0.000000 0.000000 0.074798 0.997199
20.757000000 -20.656790 -2.368914 0.000000 0.000000 0.000000 0.074675 0.997208
20.790000000 -20.721839 -2.380716 0.000000 0.000000 0.000000 0.074587 0.997214
20.823000000 -20.788494 -2.390743 0.000000 0.000000 0.000000 0.074530 0.997219
20.856000000 -20.855099 -2.400754 0.000000 0.000000 0.000000 0.074500 0.997221
20.889000000 -20.921654 -2.410754 0.000000 0.000000 0.000000 0.074495 0.997221
20.922000000 -20.919632 -2.412499 0.000000 0.000000 0.000000 0.074512 0.997220
20.955000000 -21.114902 -2.443963 0.000000 0.000000 0.000000 0.074549 0.997217
20.988000000 -21.179618 -2.453693 0.000000 0.000000 0.000000 0.074603 0.997213
21.021000000 -21.284018 -2.471438 0.000000 0.000000 0.000000 0.074671 0.997208
21.054000000 -21.347791 -2.481042 0.000000 0.000000 0.000000 0.074753 0.997202
21.087000000 -21.411468 -2.490642 0.000000 0.000000 0.000000 0.074847 0.997195
21.120000000 -21.475048 -2.500240 0.000000 0.000000 0.000000 0.074949 0.997187
21.153000000 -21.538531 -2.509837 0.000000 0.000000 0.000000 0.075060 0.997179
21.186000000 -21.496975 -2.504691 0.000000 0.000000 0.000000 0.075178 0.997170
21.219000000 -21.559786 -2.514216 0.000000 0.000000 0.000000 0.075301 0.997161
21.252000000 -21.683817 -2.534318 0.000000 0.000000 0.000000 0.075428 0.997151
21.285000000 -21.745668 -2.543729 0.000000 0.000000 0.000000 0.075559 0.997141
21.318000000 -21.807398 -2.553138 0.000000 0.000000 0.000000 0.075692 0.997131
21.351000000 -21.867149 -2.563382 0.000000 0.000000 0.000000 0.075826 0.997121
21.384000000 -21.927866 -2.572670 0.000000 0.000000 0.000000 0.075962 0.997111
21.417000000 -21.988448 -2.581954 0.000000 0.000000 0.000000 0.076097 0.997100
21.450000000 -22.047295 -2.591823 0.000000 0.000000 0.000000 0.076231 0.997090
21.483000000 -22.106916 -2.600993 0.000000 0.000000 0.000000 0.076365 0.997080
21.516000000 -22.166389 -2.610156 0.000000 0.000000 0.000000 0.076497 0.997070
21.549000000 -22.224258 -2.619661 0.000000 0.000000 0.000000 0.076627 0.997060
21.582000000 -22.282793 -2.628712 0.000000 0.000000 0.000000 0.076755 0.997050
21.615000000 -22.341168 -2.637753 0.000000 0.000000 0.000000 0.076880 0.997040
21.648000000 -22.397410 -2.646788 0.000000 0.000000 0.000000 0.077003 0.997031
21.681000000 -22.454703 -2.655691 0.000000 0.000000 0.000000 0.077122 0.997022
21.714000000 -22.511821 -2.664580 0.000000 0.000000 0.000000 0.077239 0.997013
21.747000000 -22.567225 -2.673517 0.000000 0.000000 0.000000 0.077352 0.997004
21.780000000 -22.623370 -2.682282 0.000000 0.000000 0.000000 0.077461 0.996995
21.813000000 -22.679328 -2.691030 0.000000 0.000000 0.000000 0.077567 0.996987
21.846000000 -22.735101 -2.699761 0.000000 0.000000 0.000000 0.077669 0.996979
21.879000000 -22.733897 -2.699719 0.000000 0.000000 0.000000 0.077768 0.996971
21.912000000 -22.788963 -2.708363 0.000000 0.000000 0.000000 0.077863 0.996964
21.945000000 -22.897230 -2.725441 0.000000 0.000000 0.000000 0.077955 0.996957
21.978000000 -22.951183 -2.733931 0.000000 0.000000 0.000000 0.078042 0.996950
22.011000000 -23.021733 -2.744945 0.000000 0.000000 0.000000 0.078126 0.996943
22.044000000 -23.074663 -2.753291 0.000000 0.000000 0.000000 0.078207 0.996937
22.077000000 -23.127374 -2.761613 0.000000 0.000000 0.000000 0.078284 0.996931
22.110000000 -23.179868 -2.769908 0.000000 0.000000 0.000000 0.078358 0.996925
22.143000000 -23.232144 -2.778176 0.000000 0.000000 0.000000 0.078428 0.996920
22.176000000 -23.284202 -2.786418 0.000000 0.000000 0.000000 0.078495 0.996915
22.209000000 -23.213337 -2.775050 0.000000 0.000000 0.000000 0.078559 0.996909
22.242000000 -23.366522 -2.798893 0.000000 0.000000 0.000000 0.078619 0.996905
22.275000000 -23.417050 -2.806912 0.000000 0.000000 0.000000 0.078677 0.996900
22.308000000 -23.467342 -2.814900 0.000000 0.000000 0.000000 0.078731 0.996896
22.341000000 -23.516281 -2.822438 0.000000 0.000000 0.000000 0.078783 0.996892
22.374000000 -23.565687 -2.830296 0.000000 0.000000 0.000000 0.078832 0.996888
22.407000000 -23.624271 -2.839091 0.000000 0.000000 0.000000 0.078878 0.996884
22.440000000 -23.672682 -2.846800 0.000000 0.000000 0.000000 0.078922 0.996881
22.473000000 -23.720578 -2.854435 0.000000 0.000000 0.000000 0.078963 0.996878
22.506000000 -23.768191 -2.862029 0.000000 0.000000 0.000000 0.079002 0.996874
22.539000000 -23.804655 -2.866917 0.000000 0.000000 0.000000 0.079038 0.996872
22.572000000 -23.851428 -2.874383 0.000000 0.000000 0.000000 0.079072 0.996869
22.605000000 -23.897838 -2.881795 0.000000 0.000000 0.000000 0.079105 0.996866
22.638000000 -23.943885 -2.889154 0.000000 0.000000 0.000000 0.079135 0.996864
22.671000000 -23.944604 -2.888737 0.000000 0.000000 0.000000 0.079163 0.996862
22.704000000 -23.990501 -2.896074 0.000000 0.000000 0.000000 0.079189 0.996860
22.737000000 -24.080631 -2.909790 0.000000 0.000000 0.000000 0.079214 0.996858
22.770000000 -24.125331 -2.916941 0.000000 0.000000 0.000000 0.079237 0.996856
22.803000000 -24.169669 -2.924037 0.000000 0.000000 0.000000 0.079258 0.996854
22.836000000 -24.213682 -2.930731 0.000000 0.000000 0.000000 0.079278 0.996853
22.869000000 -24.257361 -2.937724 0.000000 0.000000 0.000000 0.079296 0.996851
22.902000000 -24.302993 -2.943879 0.000000 0.000000 0.000000 0.082512 0.996590
22.935000000 -24.345829 -2.951006 0.000000 0.000000 0.000000 0.079328 0.996849
22.968000000 -24.388346 -2.957817 0.000000 0.000000 0.000000 0.079343 0.996847
23.001000000 -24.430499 -2.964571 0.000000 0.000000 0.000000 0.079356 0.996846
23.067000000 -24.511344 -2.976490 0.000000 0.000000 0.000000 0.079379 0.996845
23.133000000 -24.593281 -2.989627 0.000000 0.000000 0.000000 0.079398 0.996843
23.166000000 -24.592793 -2.988102 0.000000 0.000000 0.000000 0.079406 0.996842
23.199000000 -24.633134 -2.994571 0.000000 0.000000 0.000000 0.079413 0.996842
23.232000000 -24.673113 -3.000982 0.000000 0.000000 0.000000 0.079420 0.996841
23.265000000 -24.712774 -3.006406 0.000000 0.000000 0.000000 0.079425 0.996841
23.298000000 -24.752106 -3.012714 0.000000 0.000000 0.000000 0.079430 0.996840
23.331000000 -24.791076 -3.018965 0.000000 0.000000 0.000000 0.079435 0.996840
23.364000000 -24.829172 -3.023344 0.000000 0.000000 0.000000 0.079438 0.996840
23.397000000 -24.867333 -3.029466 0.000000 0.000000 0.000000 0.079442 0.996840
23.430000000 -24.939470 -3.039974 0.000000 0.000000 0.000000 0.079444 0.996839
23.463000000 -24.976731 -3.045951 0.000000 0.000000 0.000000 0.079446 0.996839
23.496000000 -25.013629 -3.051871 0.000000 0.000000 0.000000 0.079448 0.996839
23.529000000 -25.050165 -3.057733 0.000000 0.000000 0.000000 0.079449 0.996839
23.562000000 -25.053020 -3.056259 0.000000 0.000000 0.000000 0.079450 0.996839
23.595000000 -25.089101 -3.062048 0.000000 0.000000 0.000000 0.079450 0.996839
23.628000000 -25.124819 -3.067778 0.000000 0.000000 0.000000 0.079450 0.996839
23.661000000 -25.160437 -3.072347 0.000000 0.000000 0.000000 0.079449 0.996839
23.694000000 -25.195587 -3.077986 0.000000 0.000000 0.000000 0.079449 0.996839
23.727000000 -25.230375 -3.083567 0.000000 0.000000 0.000000 0.079448 0.996839
23.760000000 -25.264100 -3.087345 0.000000 0.000000 0.000000 0.079446 0.996839
23.793000000 -25.298068 -3.092794 0.000000 0.000000 0.000000 0.079445 0.996839
23.826000000 -25.331673 -3.098185 0.000000 0.000000 0.000000 0.079443 0.996839
23.859000000 -25.365130 -3.102351 0.000000 0.000000 0.000000 0.079441 0.996840
23.892000000 -25.398169 -3.107651 0.000000 0.000000 0.000000 0.079439 0.996840
23.925000000 -25.430846 -3.112892 0.000000 0.000000 0.000000 0.079436 0.996840
23.958000000 -25.462485 -3.116187 0.000000 0.000000 0.000000 0.079434 0.996840
23.991000000 -25.494359 -3.121299 0.000000 0.000000 0.000000 0.079431 0.996840
24.024000000 -25.525871 -3.126353 0.000000 0.000000 0.000000 0.079428 0.996841
24.057000000 -25.557020 -3.131349 0.000000 0.000000 0.000000 0.079425 0.996841
24.090000000 -25.556844 -3.130020 0.000000 0.000000 0.000000 0.079422 0.996841
24.123000000 -25.587704 -3.134969 0.000000 0.000000 0.000000 0.079419 0.996841
24.156000000 -25.618202 -3.139860 0.000000 0.000000 0.000000 0.079415 0.996842
24.189000000 -25.647936 -3.142683 0.000000 0.000000 0.000000 0.079412 0.996842
24.222000000 -25.677709 -3.147457 0.000000 0.000000 0.000000 0.079408 0.996842
24.255000000 -25.735858 -3.155571 0.000000 0.000000 0.000000 0.079405 0.996842
24.288000000 -25.764603 -3.160180 0.000000 0.000000 0.000000 0.079401 0.996843
24.321000000 -25.792986 -3.164730 0.000000 0.000000 0.000000 0.079397 0.996843
24.354000000 -25.820227 -3.166912 0.000000 0.000000 0.000000 0.079393 0.996843
24.387000000 -25.847798 -3.171332 0.000000 0.000000 0.000000 0.079390 0.996844
24.420000000 -25.875006 -3.175693 0.000000 0.000000 0.000000 0.079386 0.996844
24.453000000 -25.901726 -3.178489 0.000000 0.000000 0.000000 0.079382 0.996844
24.486000000 -25.928321 -3.182752 0.000000 0.000000 0.000000 0.079378 0.996845
24.519000000 -25.954553 -3.186956 0.000000 0.000000 0.000000 0.079374 0.996845
24.552000000 -25.980423 -3.191102 0.000000 0.000000 0.000000 0.079370 0.996845
24.585000000 -25.979524 -3.189210 0.000000 0.000000 0.000000 0.079366 0.996846
24.618000000 -26.004948 -3.193284 0.000000 0.000000 0.000000 0.079362 0.996846
24.651000000 -26.030009 -3.197300 0.000000 0.000000 0.000000 0.079358 0.996846
24.684000000 -26.054401 -3.199806 0.000000 0.000000 0.000000 0.079354 0.996846
24.717000000 -26.078824 -3.203719 0.000000 0.000000 0.000000 0.079350 0.996847
24.750000000 -26.125442 -3.209559 0.000000 0.000000 0.000000 0.079346 0.996847
24.783000000 -26.148655 -3.213278 0.000000 0.000000 0.000000 0.079342 0.996847
24.816000000 -26.171506 -3.216938 0.000000 0.000000 0.000000 0.079338 0.996848
24.849000000 -26.193994 -3.220541 0.000000 0.000000 0.000000 0.079334 0.996848
24.882000000 -26.193453 -3.219190 0.000000 0.000000 0.000000 0.079330 0.996848
24.915000000 -26.215629 -3.222742 0.000000 0.000000 0.000000 0.079327 0.996849
24.948000000 -26.237442 -3.226236 0.000000 0.000000 0.000000 0.079323 0.996849
24.981000000 -26.258329 -3.228618 0.000000 0.000000 0.000000 0.079319 0.996849
25.014000000 -26.279481 -3.232005 0.000000 0.000000 0.000000 0.079315 0.996850
25.047000000 -26.319862 -3.237774 0.000000 0.000000 0.000000 0.079311 0.996850
25.080000000 -26.339941 -3.240989 0.000000 0.000000 0.000000 0.079307 0.996850
25.113000000 -26.359658 -3.244146 0.000000 0.000000 0.000000 0.079303 0.996851
25.146000000 -26.379013 -3.247245 0.000000 0.000000 0.000000 0.079300 0.996851
25.179000000 -26.378086 -3.246368 0.000000 0.000000 0.000000 0.079296 0.996851
25.212000000 -26.397077 -3.249408 0.000000 0.000000 0.000000 0.079292 0.996851
25.245000000 -26.432999 -3.254765 0.000000 0.000000 0.000000 0.079288 0.996852
25.278000000 -26.450911 -3.257633 0.000000 0.000000 0.000000 0.079285 0.996852
25.311000000 -26.473286 -3.260765 0.000000 0.000000 0.000000 0.079281 0.996852
25.344000000 -26.490379 -3.263501 0.000000 0.000000 0.000000 0.079277 0.996853
25.377000000 -26.507110 -3.266179 0.000000 0.000000 0.000000 0.079274 0.996853
25.410000000 -26.523478 -3.268799 0.000000 0.000000 0.000000 0.079270 0.996853
25.443000000 -26.539484 -3.271360 0.000000 0.000000 0.000000 0.079266 0.996853
25.476000000 -26.533675 -3.270450 0.000000 0.000000 0.000000 0.079263 0.996854
25.509000000 -26.549595 -3.272998 0.000000 0.000000 0.000000 0.079259 0.996854
25.542000000 -26.579194 -3.277872 0.000000 0.000000 0.000000 0.079256 0.996854
25.575000000 -26.594035 -3.280246 0.000000 0.000000 0.000000 0.079252 0.996855
25.608000000 -26.608513 -3.282563 0.000000 0.000000 0.000000 0.079249 0.996855
25.641000000 -26.622629 -3.284822 0.000000 0.000000 0.000000 0.079245 0.996855
25.674000000 -26.621221 -3.284155 0.000000 0.000000 0.000000 0.079242 0.996855
25.707000000 -26.634904 -3.286344 0.000000 0.000000 0.000000 0.079239 0.996856
25.740000000 -26.660641 -3.290780 0.000000 0.000000 0.000000 0.079235 0.996856
25.773000000 -26.673421 -3.292825 0.000000 0.000000 0.000000 0.079232 0.996856
25.806000000 -26.685838 -3.294811 0.000000 0.000000 0.000000 0.079229 0.996856
25.839000000 -26.696613 -3.296958 0.000000 0.000000 0.000000 0.079225 0.996857
25.872000000 -26.708318 -3.298830 0.000000 0.000000 0.000000 0.079222 0.996857
25.905000000 -26.719660 -3.300644 0.000000 0.000000 0.000000 0.079219 0.996857
25.938000000 -26.729224 -3.302460 0.000000 0.000000 0.000000 0.079215 0.996858
25.971000000 -26.739822 -3.304155 0.000000 0.000000 0.000000 0.079212 0.996858
26.004000000 -26.750058 -3.305792 0.000000 0.000000 0.000000 0.079209 0.996858
26.037000000 -26.758675 -3.307373 0.000000 0.000000 0.000000 0.079206 0.996858
26.070000000 -26.768211 -3.308898 0.000000 0.000000 0.000000 0.079203 0.996859
26.103000000 -26.777385 -3.310364 0.000000 0.000000 0.000000 0.079199 0.996859
26.136000000 -26.785149 -3.311715 0.000000 0.000000 0.000000 0.079196 0.996859
26.169000000 -26.793680 -3.313079 0.000000 0.000000 0.000000 0.079193 0.996859
26.202000000 -26.801848 -3.314385 0.000000 0.000000 0.000000 0.079190 0.996860
26.235000000 -26.809654 -3.315633 0.000000 0.000000 0.000000 0.079187 0.996860
26.268000000 -26.808110 -3.315437 0.000000 0.000000 0.000000 0.079184 0.996860
26.334000000 -26.822562 -3.317748 0.000000 0.000000 0.000000 0.079178 0.996861
26.367000000 -26.829244 -3.318816 0.000000 0.000000 0.000000 0.079175 0.996861
26.433000000 -26.834429 -3.319773 0.000000 0.000000 0.000000 0.079169 0.996861
26.466000000 -26.844000 -3.320004 0.000000 0.000000 0.000000 0.079166 0.996861
26.499000000 -26.849082 -3.320816 0.000000 0.000000 0.000000 0.079163 0.996862
26.532000000 -26.857154 -3.321866 0.000000 0.000000 0.000000 0.079160 0.996862
26.565000000 -26.861303 -3.322530 0.000000 0.000000 0.000000 0.079157 0.996862
26.598000000 -26.865091 -3.323135 0.000000 0.000000 0.000000 0.079154 0.996862
26.631000000 -26.868516 -3.323682 0.000000 0.000000 0.000000 0.079151 0.996863
26.664000000 -26.871578 -3.324171 0.000000 0.000000 0.000000 0.079148 0.996863
26.697000000 -26.866769 -3.323102 0.000000 0.000000 0.000000 0.079145 0.996863
26.730000000 -26.869728 -3.323575 0.000000 0.000000 0.000000 0.079142 0.996863
26.763000000 -26.872983 -3.323523 0.000000 0.000000 0.000000 0.079139 0.996864
26.796000000 -26.874828 -3.323818 0.000000 0.000000 0.000000 0.079136 0.996864
26.829000000 -26.876311 -3.324055 0.000000 0.000000 0.000000 0.079133 0.996864
26.862000000 -26.875568 -3.323622 0.000000 0.000000 0.000000 0.079130 0.996864
26.895000000 -26.876246 -3.323730 0.000000 0.000000 0.000000 0.079127 0.996865
26.928000000 -26.876562 -3.323781 0.000000 0.000000 0.000000 0.079124 0.996865
26.961000000 -26.874549 -3.322696 0.000000 0.000000 0.000000 0.079121 0.996865
26.994000000 -26.874025 -3.322613 0.000000 0.000000 0.000000 0.079118 0.996865
27.027000000 -26.873139 -3.322471 0.000000 0.000000 0.000000 0.079115 0.996866
27.060000000 -26.869664 -3.320794 0.000000 0.000000 0.000000 0.079112 0.996866
27.093000000 -26.867870 -3.320507 0.000000 0.000000 0.000000 0.079109 0.996866
27.126000000 -26.865712 -3.320162 0.000000 0.000000 0.000000 0.079106 0.996866
27.159000000 -26.861089 -3.317570 0.000000 0.000000 0.000000 0.079103 0.996866
27.192000000 -26.858034 -3.317082 0.000000 0.000000 0.000000 0.079100 0.996867
27.225000000 -26.854617 -3.316536 0.000000 0.000000 0.000000 0.079097 0.996867
27.258000000 -26.849277 -3.314075 0.000000 0.000000 0.000000 0.079094 0.996867
27.291000000 -26.845115 -3.313411 0.000000 0.000000 0.000000 0.079091 0.996867
27.324000000 -26.840592 -3.312688 0.000000 0.000000 0.000000 0.079089 0.996868
27.357000000 -26.834007 -3.309897 0.000000 0.000000 0.000000 0.079086 0.996868
27.390000000 -26.828708 -3.309051 0.000000 0.000000 0.000000 0.079083 0.996868
27.423000000 -26.823047 -3.308147 0.000000 0.000000 0.000000 0.079080 0.996868
27.456000000 -26.815538 -3.305320 0.000000 0.000000 0.000000 0.079077 0.996869
27.489000000 -26.809168 -3.304303 0.000000 0.000000 0.000000 0.079074 0.996869
27.522000000 -26.802435 -3.303228 0.000000 0.000000 0.000000 0.079071 0.996869
27.555000000 -26.794759 -3.299989 0.000000 0.000000 0.000000 0.079068 0.996869
27.588000000 -26.787534 -3.298835 0.000000 0.000000 0.000000 0.079066 0.996869
27.621000000 -26.779947 -3.297624 0.000000 0.000000 0.000000 0.079063 0.996870
27.654000000 -26.774611 -3.294369 0.000000 0.000000 0.000000 0.079060 0.996870
27.687000000 -26.767319 -3.293205 0.000000 0.000000 0.000000 0.079057 0.996870
27.720000000 -26.759666 -3.291983 0.000000 0.000000 0.000000 0.079054 0.996870
27.753000000 -26.754877 -3.289364 0.000000 0.000000 0.000000 0.079052 0.996871
27.786000000 -26.747696 -3.288218 0.000000 0.000000 0.000000 0.079049 0.996871
27.819000000 -26.740158 -3.287015 0.000000 0.000000 0.000000 0.079046 0.996871
27.852000000 -26.735023 -3.284286 0.000000 0.000000 0.000000 0.079043 0.996871
27.885000000 -26.727843 -3.283140 0.000000 0.000000 0.000000 0.079040 0.996871
27.918000000 -26.720311 -3.281938 0.000000 0.000000 0.000000 0.079038 0.996872
27.951000000 -26.712427 -3.280679 0.000000 0.000000 0.000000 0.079035 0.996872
27.984000000 -26.715301 -3.279520 0.000000 0.000000 0.000000 0.079032 0.996872
28.017000000 -26.708177 -3.278383 0.000000 0.000000 0.000000 0.079029 0.996872
28.050000000 -26.695151 -3.274377 0.000000 0.000000 0.000000 0.079027 0.996872
28.083000000 -26.687925 -3.273224 0.000000 0.000000 0.000000 0.079024 0.996873
28.116000000 -26.680359 -3.272017 0.000000 0.000000 0.000000 0.079021 0.996873
28.149000000 -26.672453 -3.270755 0.000000 0.000000 0.000000 0.079019 0.996873
28.182000000 -26.674731 -3.268750 0.000000 0.000000 0.000000 0.079016 0.996873
28.215000000 -26.667409 -3.267582 0.000000 0.000000 0.000000 0.079013 0.996874
28.248000000 -26.654963 -3.263779 0.000000 0.000000 0.000000 0.079010 0.996874
28.281000000 -26.647807 -3.262638 0.000000 0.000000 0.000000 0.079008 0.996874
28.314000000 -26.640329 -3.261445 0.000000 0.000000 0.000000 0.079005 0.996874
28.347000000 -26.634757 -3.258628 0.000000 0.000000 0.000000 0.079002 0.996874
28.380000000 -26.627541 -3.257477 0.000000 0.000000 0.000000 0.079000 0.996875
28.413000000 -26.620010 -3.256276 0.000000 0.000000 0.000000 0.078997 0.996875
28.446000000 -26.614576 -3.253606 0.000000 0.000000 0.000000 0.078994 0.996875
28.479000000 -26.607367 -3.252456 0.000000 0.000000 0.000000 0.078992 0.996875
28.512000000 -26.599854 -3.251258 0.000000 0.000000 0.000000 0.078989 0.996875
28.545000000 -26.594637 -3.248444 0.000000 0.000000 0.000000 0.078986 0.996876
28.578000000 -26.587496 -3.247305 0.000000 0.000000 0.000000 0.078984 0.996876
28.611000000 -26.580062 -3.246120 0.000000 0.000000 0.000000 0.078981 0.996876
28.644000000 -26.572335 -3.244887 0.000000 0.000000 0.000000 0.078978 0.996876
28.677000000 -26.574469 -3.243189 0.000000 0.000000 0.000000 0.078976 0.996877
28.710000000 -26.559322 -3.239009 0.000000 0.000000 0.000000 0.078973 0.996877
28.743000000 -26.552414 -3.237908 0.000000 0.000000 0.000000 0.078970 0.996877
28.776000000 -26.545234 -3.236763 0.000000 0.000000 0.000000 0.078968 0.996877
28.809000000 -26.537783 -3.235575 0.000000 0.000000 0.000000 0.078965 0.996877
28.842000000 -26.530060 -3.234343 0.000000 0.000000 0.000000 0.078963 0.996878
28.875000000 -26.534338 -3.233202 0.000000 0.000000 0.000000 0.078960 0.996878
28.908000000 -26.527208 -3.232066 0.000000 0.000000 0.000000 0.078957 0.996878
28.941000000 -26.519823 -3.230888 0.000000 0.000000 0.000000 0.078955 0.996878
28.974000000 -26.514207 -3.228007 0.000000 0.000000 0.000000 0.078952 0.996878
29.007000000 -26.507093 -3.226873 0.000000 0.000000 0.000000 0.078949 0.996879
29.040000000 -26.494286 -3.223010 0.000000 0.000000 0.000000 0.078947 0.996879
29.073000000 -26.487242 -3.221887 0.000000 0.000000 0.000000 0.078944 0.996879
29.106000000 -26.479962 -3.220727 0.000000 0.000000 0.000000 0.078941 0.996879
29.139000000 -26.473690 -3.217533 0.000000 0.000000 0.000000 0.078939 0.996879
29.172000000 -26.466492 -3.216385 0.000000 0.000000 0.000000 0.078936 0.996880
29.205000000 -26.459065 -3.215202 0.000000 0.000000 0.000000 0.078934 0.996880
29.238000000 -26.453918 -3.212708 0.000000 0.000000 0.000000 0.078931 0.996880
29.271000000 -26.446923 -3.211593 0.000000 0.000000 0.000000 0.078928 0.996880
29.304000000 -26.439714 -3.210444 0.000000 0.000000 0.000000 0.078926 0.996881
29.337000000 -26.433848 -3.207480 0.000000 0.000000 0.000000 0.078923 0.996881
29.370000000 -26.426826 -3.206361 0.000000 0.000000 0.000000 0.078920 0.996881
29.403000000 -26.419599 -3.205209 0.000000 0.000000 0.000000 0.078918 0.996881
29.436000000 -26.413251 -3.201889 0.000000 0.000000 0.000000 0.078915 0.996881
29.469000000 -26.406088 -3.200748 0.000000 0.000000 0.000000 0.078913 0.996882
29.502000000 -26.398729 -3.199575 0.000000 0.000000 0.000000 0.078910 0.996882
29.535000000 -26.393637 -3.197165 0.000000 0.000000 0.000000 0.078907 0.996882
29.568000000 -26.386729 -3.196064 0.000000 0.000000 0.000000 0.078905 0.996882
29.601000000 -26.379639 -3.194935 0.000000 0.000000 0.000000 0.078902 0.996882
29.634000000 -26.373403 -3.191922 0.000000 0.000000 0.000000 0.078899 0.996883
29.700000000 -26.359214 -3.189662 0.000000 0.000000 0.000000 0.078891 0.996883
29.733000000 -26.351858 -3.188490 0.000000 0.000000 0.000000 0.078881 0.996884
29.766000000 -26.353629 -3.188165 0.000000 0.000000 0.000000 0.078868 0.996885
29.832000000 -26.339780 -3.185960 0.000000 0.000000 0.000000 0.078829 0.996888
29.865000000 -26.333901 -3.183526 0.000000 0.000000 0.000000 0.078803 0.996890
29.898000000 -26.327082 -3.182441 0.000000 0.000000 0.000000 0.078774 0.996892
29.931000000 -26.320112 -3.181333 0.000000 0.000000 0.000000 0.078741 0.996895
29.964000000 -26.314345 -3.178758 0.000000 0.000000 0.000000 0.078703 0.996898
29.997000000 -26.307578 -3.177682 0.000000 0.000000 0.000000 0.078662 0.996901
30.030000000 -26.300671 -3.176585 0.000000 0.000000 0.000000 0.078616 0.996905
30.063000000 -26.294905 -3.173961 0.000000 0.000000 0.000000 0.078567 0.996909
30.096000000 -26.288189 -3.172896 0.000000 0.000000 0.000000 0.078513 0.996913
30.129000000 -26.281340 -3.171810 0.000000 0.000000 0.000000 0.078455 0.996918
30.162000000 -26.274359 -3.170704 0.000000 0.000000 0.000000 0.078393 0.996922
30.195000000 -26.276430 -3.170024 0.000000 0.000000 0.000000 0.078327 0.996928
30.228000000 -26.270011 -3.169009 0.000000 0.000000 0.000000 0.078257 0.996933
30.261000000 -26.257606 -3.165918 0.000000 0.000000 0.000000 0.078183 0.996939
30.294000000 -26.251172 -3.164903 0.000000 0.000000 0.000000 0.078104 0.996945
30.327000000 -26.244624 -3.163870 0.000000 0.000000 0.000000 0.078020 0.996952
30.360000000 -26.237964 -3.162821 0.000000 0.000000 0.000000 0.077930 0.996959
30.393000000 -26.238460 -3.161758 0.000000 0.000000 0.000000 0.077834 0.996966
30.426000000 -26.231951 -3.160735 0.000000 0.000000 0.000000 0.077731 0.996974
30.459000000 -26.216679 -3.158240 0.000000 0.000000 0.000000 0.077621 0.996983
30.492000000 -26.209524 -3.157119 0.000000 0.000000 0.000000 0.077503 0.996992
30.525000000 -26.202254 -3.155981 0.000000 0.000000 0.000000 0.077376 0.997002
30.558000000 -26.194870 -3.154828 0.000000 0.000000 0.000000 0.077240 0.997013
30.591000000 -26.191180 -3.154265 0.000000 0.000000 0.000000 0.077094 0.997024
30.624000000 -26.182932 -3.152982 0.000000 0.000000 0.000000 0.076937 0.997036
30.657000000 -26.174558 -3.151681 0.000000 0.000000 0.000000 0.076769 0.997049
30.690000000 -26.166056 -3.150364 0.000000 0.000000 0.000000 0.076589 0.997063
30.723000000 -26.162394 -3.149674 0.000000 0.000000 0.000000 0.076396 0.997078
30.756000000 -26.131061 -3.145891 0.000000 0.000000 0.000000 0.076190 0.997093
30.789000000 -26.120829 -3.144318 0.000000 0.000000 0.000000 0.075969 0.997110
30.822000000 -26.110444 -3.142726 0.000000 0.000000 0.000000 0.075734 0.997128
30.855000000 -26.095568 -3.140803 0.000000 0.000000 0.000000 0.075482 0.997147
30.888000000 -26.084040 -3.139047 0.000000 0.000000 0.000000 0.075214 0.997167
30.921000000 -26.072342 -3.137273 0.000000 0.000000 0.000000 0.074929 0.997189
30.954000000 -26.060476 -3.135479 0.000000 0.000000 0.000000 0.074627 0.997212
30.987000000 -26.056437 -3.135455 0.000000 0.000000 0.000000 0.074306 0.997235
31.020000000 -26.043682 -3.133543 0.000000 0.000000 0.000000 0.073968 0.997261
31.053000000 -26.014599 -3.129244 0.000000 0.000000 0.000000 0.073613 0.997287
31.086000000 -26.000833 -3.127200 0.000000 0.000000 0.000000 0.073241 0.997314
31.119000000 -25.986875 -3.125139 0.000000 0.000000 0.000000 0.072853 0.997343
31.152000000 -25.975031 -3.124183 0.000000 0.000000 0.000000 0.072448 0.997372
31.185000000 -25.961631 -3.122226 0.000000 0.000000 0.000000 0.072027 0.997403
31.218000000 -25.948056 -3.120255 0.000000 0.000000 0.000000 0.071591 0.997434
31.251000000 -25.934591 -3.118900 0.000000 0.000000 0.000000 0.071139 0.997466
31.284000000 -25.921064 -3.116961 0.000000 0.000000 0.000000 0.070672 0.997500
31.317000000 -25.907369 -3.115010 0.000000 0.000000 0.000000 0.070190 0.997534
31.350000000 -25.894149 -3.113576 0.000000 0.000000 0.000000 0.069693 0.997568
31.383000000 -25.880595 -3.111673 0.000000 0.000000 0.000000 0.069181 0.997604
31.416000000 -25.866882 -3.109761 0.000000 0.000000 0.000000 0.068656 0.997640
31.449000000 -25.854346 -3.108552 0.000000 0.000000 0.000000 0.068116 0.997677
31.482000000 -25.840960 -3.106715 0.000000 0.000000 0.000000 0.067562 0.997715
31.515000000 -25.827429 -3.104874 0.000000 0.000000 0.000000 0.066994 0.997753
31.548000000 -25.813921 -3.103072 0.000000 0.000000 0.000000 0.066413 0.997792
31.581000000 -25.800411 -3.101265 0.000000 0.000000 0.000000 0.065818 0.997832
31.614000000 -25.786761 -3.099457 0.000000 0.000000 0.000000 0.065210 0.997872
31.647000000 -25.773647 -3.098181 0.000000 0.000000 0.000000 0.064588 0.997912
31.680000000 -25.760167 -3.096429 0.000000 0.000000 0.000000 0.063954 0.997953
31.713000000 -25.746556 -3.094677 0.000000 0.000000 0.000000 0.063307 0.997994
31.746000000 -25.734032 -3.094012 0.000000 0.000000 0.000000 0.062647 0.998036
31.779000000 -25.720751 -3.092338 0.000000 0.000000 0.000000 0.061975 0.998078
31.812000000 -25.707351 -3.090668 0.000000 0.000000 0.000000 0.061290 0.998120
31.845000000 -25.693830 -3.089001 0.000000 0.000000 0.000000 0.060593 0.998163
31.878000000 -25.693600 -3.089593 0.000000 0.000000 0.000000 0.059883 0.998205
31.911000000 -25.680160 -3.087975 0.000000 0.000000 0.000000 0.059162 0.998248
31.944000000 -25.666606 -3.086362 0.000000 0.000000 0.000000 0.058428 0.998292
31.977000000 -25.653164 -3.085264 0.000000 0.000000 0.000000 0.057682 0.998335
32.010000000 -25.639831 -3.083727 0.000000 0.000000 0.000000 0.056925 0.998378
32.043000000 -25.612302 -3.080797 0.000000 0.000000 0.000000 0.056156 0.998422
32.076000000 -25.598858 -3.079290 0.000000 0.000000 0.000000 0.055375 0.998466
32.109000000 -25.585412 -3.077809 0.000000 0.000000 0.000000 0.054582 0.998509
32.142000000 -25.571964 -3.076357 0.000000 0.000000 0.000000 0.053778 0.998553
32.175000000 -25.572022 -3.076900 0.000000 0.000000 0.000000 0.052963 0.998596
32.208000000 -25.558700 -3.075492 0.000000 0.000000 0.000000 0.052136 0.998640
32.241000000 -25.530871 -3.072677 0.000000 0.000000 0.000000 0.051298 0.998683
32.274000000 -25.517355 -3.071294 0.000000 0.000000 0.000000 0.050448 0.998727
32.307000000 -25.503836 -3.069940 0.000000 0.000000 0.000000 0.049588 0.998770
32.340000000 -25.490316 -3.068615 0.000000 0.000000 0.000000 0.048716 0.998813
32.373000000 -25.489836 -3.068076 0.000000 0.000000 0.000000 0.047833 0.998855
32.406000000 -25.476282 -3.066784 0.000000 0.000000 0.000000 0.046939 0.998898
32.439000000 -25.462726 -3.065522 0.000000 0.000000 0.000000 0.046034 0.998940
32.472000000 -25.447977 -3.063081 0.000000 0.000000 0.000000 0.045117 0.998982
32.505000000 -25.434198 -3.061843 0.000000 0.000000 0.000000 0.044190 0.999023
32.538000000 -25.406079 -3.058482 0.000000 0.000000 0.000000 0.043252 0.999064
32.571000000 -25.392242 -3.057290 0.000000 0.000000 0.000000 0.042303 0.999105
32.604000000 -25.378403 -3.056131 0.000000 0.000000 0.000000 0.041343 0.999145
32.637000000 -25.364563 -3.055004 0.000000 0.000000 0.000000 0.040373 0.999185
32.670000000 -25.364043 -3.053139 0.000000 0.000000 0.000000 0.039391 0.999224
32.703000000 -25.334398 -3.049080 0.000000 0.000000 0.000000 0.038399 0.999263
32.736000000 -25.320398 -3.048006 0.000000 0.000000 0.000000 0.037395 0.999301
32.769000000 -25.306397 -3.046966 0.000000 0.000000 0.000000 0.036381 0.999338
32.802000000 -25.292394 -3.045960 0.000000 0.000000 0.000000 0.035356 0.999375
32.835000000 -25.279069 -3.042539 0.000000 0.000000 0.000000 0.034321 0.999411
32.868000000 -25.264975 -3.041579 0.000000 0.000000 0.000000 0.033274 0.999446
32.901000000 -25.250880 -3.040654 0.000000 0.000000 0.000000 0.032217 0.999481
32.934000000 -25.236071 -3.037166 0.000000 0.000000 0.000000 0.031149 0.999515
32.967000000 -25.221859 -3.036288 0.000000 0.000000 0.000000 0.030070 0.999548
33.033000000 -25.192034 -3.030351 0.000000 0.000000 0.000000 0.027879 0.999611
33.066000000 -25.177513 -3.029549 0.000000 0.000000 0.000000 0.026768 0.999642
33.099000000 -25.162990 -3.028785 0.000000 0.000000 0.000000 0.025646 0.999671
33.132000000 -25.148467 -3.028060 0.000000 0.000000 0.000000 0.024513 0.999700
33.165000000 -25.148790 -3.024221 0.000000 0.000000 0.000000 0.023368 0.999727
33.198000000 -25.134399 -3.023557 0.000000 0.000000 0.000000 0.022214 0.999753
33.231000000 -25.120007 -3.022931 0.000000 0.000000 0.000000 0.021048 0.999778
33.264000000 -25.105614 -3.022346 0.000000 0.000000 0.000000 0.019871 0.999803
33.297000000 -25.105527 -3.018525 0.000000 0.000000 0.000000 0.018683 0.999825
33.330000000 -25.091170 -3.017997 0.000000 0.000000 0.000000 0.017485 0.999847
33.363000000 -25.061888 -3.012448 0.000000 0.000000 0.000000 0.016275 0.999868
33.396000000 -25.047447 -3.011986 0.000000 0.000000 0.000000 0.015054 0.999887
33.429000000 -25.033006 -3.011566 0.000000 0.000000 0.000000 0.013822 0.999904
33.462000000 -25.018565 -3.011188 0.000000 0.000000 0.000000 0.012579 0.999921
33.495000000 -25.018123 -3.006859 0.000000 0.000000 0.000000 0.011325 0.999936
33.528000000 -25.003638 -3.006540 0.000000 0.000000 0.000000 0.010060 0.999949
33.561000000 -24.974363 -3.000971 0.000000 0.000000 0.000000 0.008784 0.999961
33.594000000 -24.959872 -3.000726 0.000000 0.000000 0.000000 0.007496 0.999972
33.627000000 -24.945382 -3.000524 0.000000 0.000000 0.000000 0.006197 0.999981
33.660000000 -24.931607 -2.995788 0.000000 0.000000 0.000000 0.004887 0.999988
33.693000000 -24.917375 -2.995658 0.000000 0.000000 0.000000 0.003566 0.999994
33.726000000 -24.903144 -2.995572 0.000000 0.000000 0.000000 0.002233 0.999998
33.759000000 -24.889330 -2.991387 0.000000 0.000000 0.000000 0.000888 1.000000
33.792000000 -24.875293 -2.991371 0.000000 0.000000 0.000000 -0.000468 1.000000
33.825000000 -24.850096 -2.986361 0.000000 0.000000 0.000000 -0.001835 0.999998
33.858000000 -24.836021 -2.986420 0.000000 0.000000 0.000000 -0.003214 0.999995
33.891000000 -24.821948 -2.986525 0.000000 0.000000 0.000000 -0.004605 0.999989
33.924000000 -24.807875 -2.986675 0.000000 0.000000 0.000000 -0.006007 0.999982
33.957000000 -24.804299 -2.982035 0.000000 0.000000 0.000000 -0.007421 0.999972
33.990000000 -24.790291 -2.982253 0.000000 0.000000 0.000000 -0.008846 0.999961
34.023000000 -24.776285 -2.982516 0.000000 0.000000 0.000000 -0.010284 0.999947
34.056000000 -24.762146 -2.977373 0.000000 0.000000 0.000000 -0.011733 0.999931
34.089000000 -24.748224 -2.977710 0.000000 0.000000 0.000000 -0.013194 0.999913
34.122000000 -24.734305 -2.978093 0.000000 0.000000 0.000000 -0.014668 0.999892
34.155000000 -24.720583 -2.973227 0.000000 0.000000 0.000000 -0.016153 0.999870
34.188000000 -24.706841 -2.973681 0.000000 0.000000 0.000000 -0.017650 0.999844
34.221000000 -24.693101 -2.974182 0.000000 0.000000 0.000000 -0.019160 0.999816
34.254000000 -24.679494 -2.969731 0.000000 0.000000 0.000000 -0.020681 0.999786
34.287000000 -24.665924 -2.970302 0.000000 0.000000 0.000000 -0.022215 0.999753
34.320000000 -24.652357 -2.970922 0.000000 0.000000 0.000000 -0.023761 0.999718
34.353000000 -24.640365 -2.967474 0.000000 0.000000 0.000000 -0.025320 0.999679
34.386000000 -24.627328 -2.968145 0.000000 0.000000 0.000000 -0.026890 0.999638
34.419000000 -24.614294 -2.968864 0.000000 0.000000 0.000000 -0.028474 0.999595
34.452000000 -24.601264 -2.969630 0.000000 0.000000 0.000000 -0.030070 0.999548
34.485000000 -24.600158 -2.965635 0.000000 0.000000 0.000000 -0.031678 0.999498
34.518000000 -24.586999 -2.966480 0.000000 0.000000 0.000000 -0.033299 0.999445
34.551000000 -24.562687 -2.965553 0.000000 0.000000 0.000000 -0.034933 0.999390
34.584000000 -24.550163 -2.966440 0.000000 0.000000 0.000000 -0.036580 0.999331
34.617000000 -24.537644 -2.967375 0.000000 0.000000 0.000000 -0.038239 0.999269
34.650000000 -24.525130 -2.968359 0.000000 0.000000 0.000000 -0.039912 0.999203
34.683000000 -24.522158 -2.963476 0.000000 0.000000 0.000000 -0.041597 0.999134
34.716000000 -24.509086 -2.964577 0.000000 0.000000 0.000000 -0.043295 0.999062
34.749000000 -24.496019 -2.965730 0.000000 0.000000 0.000000 -0.045006 0.998987
34.782000000 -24.482895 -2.962320 0.000000 0.000000 0.000000 -0.046731 0.998908
34.815000000 -24.470004 -2.963540 0.000000 0.000000 0.000000 -0.048469 0.998825
34.848000000 -24.444369 -2.961398 0.000000 0.000000 0.000000 -0.050220 0.998738
34.881000000 -24.431715 -2.962685 0.000000 0.000000 0.000000 -0.051984 0.998648
34.914000000 -24.419067 -2.964023 0.000000 0.000000 0.000000 -0.053762 0.998554
34.947000000 -24.405182 -2.960391 0.000000 0.000000 0.000000 -0.055553 0.998456
34.980000000 -24.392451 -2.961824 0.000000 0.000000 0.000000 -0.057358 0.998354
35.013000000 -24.374313 -2.959127 0.000000 0.000000 0.000000 -0.059176 0.998248
35.046000000 -24.361735 -2.960630 0.000000 0.000000 0.000000 -0.061008 0.998137
35.079000000 -24.349165 -2.962187 0.000000 0.000000 0.000000 -0.062854 0.998023
35.112000000 -24.336602 -2.963798 0.000000 0.000000 0.000000 -0.064713 0.997904
35.145000000 -24.324048 -2.965462 0.000000 0.000000 0.000000 -0.066586 0.997781
35.178000000 -24.327562 -2.959088 0.000000 0.000000 0.000000 -0.068474 0.997653
35.211000000 -24.314926 -2.960842 0.000000 0.000000 0.000000 -0.070375 0.997521
35.244000000 -24.288904 -2.959067 0.000000 0.000000 0.000000 -0.072290 0.997384
35.277000000 -24.276360 -2.960906 0.000000 0.000000 0.000000 -0.074219 0.997242
35.310000000 -24.263826 -2.962802 0.000000 0.000000 0.000000 -0.076163 0.997095
35.343000000 -24.249299 -2.958482 0.000000 0.000000 0.000000 -0.078121 0.996944
35.376000000 -24.236601 -2.960496 0.000000 0.000000 0.000000 -0.080093 0.996787
35.409000000 -24.223914 -2.962568 0.000000 0.000000 0.000000 -0.082079 0.996626
35.442000000 -24.209786 -2.957466 0.000000 0.000000 0.000000 -0.084080 0.996459
35.475000000 -24.197125 -2.959630 0.000000 0.000000 0.000000 -0.086095 0.996287
35.508000000 -24.184475 -2.961853 0.000000 0.000000 0.000000 -0.088125 0.996109
35.541000000 -24.171837 -2.964135 0.000000 0.000000 0.000000 -0.090170 0.995926
35.574000000 -24.170561 -2.956673 0.000000 0.000000 0.000000 -0.092229 0.995738
35.607000000 -24.158022 -2.959029 0.000000 0.000000 0.000000 -0.094303 0.995544
35.640000000 -24.145495 -2.961444 0.000000 0.000000 0.000000 -0.096391 0.995344
35.673000000 -24.131033 -2.956299 0.000000 0.000000 0.000000 -0.098495 0.995138
35.706000000 -24.118476 -2.958822 0.000000 0.000000 0.000000 -0.100613 0.994926
35.739000000 -24.105932 -2.961406 0.000000 0.000000 0.000000 -0.102747 0.994708
35.772000000 -24.091452 -2.955618 0.000000 0.000000 0.000000 -0.104895 0.994483
35.805000000 -24.062236 -2.952761 0.000000 0.000000 0.000000 -0.107059 0.994253
35.838000000 -24.049686 -2.955501 0.000000 0.000000 0.000000 -0.109237 0.994016
35.871000000 -24.037150 -2.958304 0.000000 0.000000 0.000000 -0.111431 0.993772
35.904000000 -24.024629 -2.961171 0.000000 0.000000 0.000000 -0.113640 0.993522
35.937000000 -24.011519 -2.954354 0.000000 0.000000 0.000000 -0.115865 0.993265
35.970000000 -23.998998 -2.957329 0.000000 0.000000 0.000000 -0.118104 0.993001
36.003000000 -23.986493 -2.960369 0.000000 0.000000 0.000000 -0.120360 0.992730
36.036000000 -23.971173 -2.953595 0.000000 0.000000 0.000000 -0.122630 0.992452
36.069000000 -23.958652 -2.956751 0.000000 0.000000 0.000000 -0.124917 0.992167
36.102000000 -23.946148 -2.959973 0.000000 0.000000 0.000000 -0.127218 0.991875
36.135000000 -23.930053 -2.952774 0.000000 0.000000 0.000000 -0.129536 0.991575
36.168000000 -23.917420 -2.956146 0.000000 0.000000 0.000000 -0.131869 0.991267
36.201000000 -23.904805 -2.959586 0.000000 0.000000 0.000000 -0.134218 0.990952
36.234000000 -23.892210 -2.963094 0.000000 0.000000 0.000000 -0.136582 0.990629
36.267000000 -23.889369 -2.952568 0.000000 0.000000 0.000000 -0.138963 0.990298
36.333000000 -23.864374 -2.959827 0.000000 0.000000 0.000000 -0.143771 0.989611
36.366000000 -23.848344 -2.951763 0.000000 0.000000 0.000000 -0.146199 0.989255
36.399000000 -23.835897 -2.955539 0.000000 0.000000 0.000000 -0.148643 0.988891
36.432000000 -23.823471 -2.959385 0.000000 0.000000 0.000000 -0.151103 0.988518
36.465000000 -23.807421 -2.950537 0.000000 0.000000 0.000000 -0.153579 0.988136
36.498000000 -23.795122 -2.954469 0.000000 0.000000 0.000000 -0.156071 0.987746
36.564000000 -23.754783 -2.952724 0.000000 0.000000 0.000000 -0.161101 0.986938
36.597000000 -23.742586 -2.956839 0.000000 0.000000 0.000000 -0.163639 0.986520
36.630000000 -23.730414 -2.961024 0.000000 0.000000 0.000000 -0.166193 0.986093
36.663000000 -23.725393 -2.948267 0.000000 0.000000 0.000000 -0.168761 0.985657
36.696000000 -23.713311 -2.952543 0.000000 0.000000 0.000000 -0.171345 0.985211
36.729000000 -23.701256 -2.956890 0.000000 0.000000 0.000000 -0.173943 0.984756
36.762000000 -23.689227 -2.961309 0.000000 0.000000 0.000000 -0.176556 0.984291
36.795000000 -23.686514 -2.946913 0.000000 0.000000 0.000000 -0.179183 0.983816
36.828000000 -23.647861 -2.945313 0.000000 0.000000 0.000000 -0.181825 0.983331
36.894000000 -23.624699 -2.954287 0.000000 0.000000 0.000000 -0.187150 0.982331
36.927000000 -23.613159 -2.958880 0.000000 0.000000 0.000000 -0.189833 0.981816
36.960000000 -23.608061 -2.945013 0.000000 0.000000 0.000000 -0.192530 0.981291
36.993000000 -23.597090 -2.949504 0.000000 0.000000 0.000000 -0.195241 0.980755
37.026000000 -23.586147 -2.954063 0.000000 0.000000 0.000000 -0.197964 0.980209
37.059000000 -23.575233 -2.958689 0.000000 0.000000 0.000000 -0.200701 0.979653
37.092000000 -23.568831 -2.944302 0.000000 0.000000 0.000000 -0.203451 0.979085
37.125000000 -23.557872 -2.949075 0.000000 0.000000 0.000000 -0.206213 0.978507
37.158000000 -23.546944 -2.953916 0.000000 0.000000 0.000000 -0.208988 0.977918
37.191000000 -23.530352 -2.942488 0.000000 0.000000 0.000000 -0.211775 0.977318
37.224000000 -23.519763 -2.947315 0.000000 0.000000 0.000000 -0.214574 0.976708
37.257000000 -23.509205 -2.952211 0.000000 0.000000 0.000000 -0.217385 0.976086
37.290000000 -23.492401 -2.941033 0.000000 0.000000 0.000000 -0.220208 0.975453
37.323000000 -23.482108 -2.945942 0.000000 0.000000 0.000000 -0.223043 0.974809
37.356000000 -23.453606 -2.939921 0.000000 0.000000 0.000000 -0.225889 0.974153
37.389000000 -23.443284 -2.944992 0.000000 0.000000 0.000000 -0.228746 0.973486
37.422000000 -23.432994 -2.950131 0.000000 0.000000 0.000000 -0.231614 0.972808
37.455000000 -23.422738 -2.955336 0.000000 0.000000 0.000000 -0.234493 0.972118
37.488000000 -23.414546 -2.938445 0.000000 0.000000 0.000000 -0.237382 0.971416
37.521000000 -23.404369 -2.943747 0.000000 0.000000 0.000000 -0.240282 0.970703
37.554000000 -23.373816 -2.936964 0.000000 0.000000 0.000000 -0.243192 0.969978
37.587000000 -23.363449 -2.942523 0.000000 0.000000 0.000000 -0.246112 0.969242
37.620000000 -23.353119 -2.948150 0.000000 0.000000 0.000000 -0.249041 0.968493
37.653000000 -23.333568 -2.937557 0.000000 0.000000 0.000000 -0.251980 0.967732
37.686000000 -23.323202 -2.943359 0.000000 0.000000 0.000000 -0.254929 0.966960
37.719000000 -23.312875 -2.949230 0.000000 0.000000 0.000000 -0.257886 0.966175
37.752000000 -23.292790 -2.937273 0.000000 0.000000 0.000000 -0.260852 0.965379
37.785000000 -23.282563 -2.943246 0.000000 0.000000 0.000000 -0.263827 0.964570
37.818000000 -23.272376 -2.949287 0.000000 0.000000 0.000000 -0.266811 0.963749
37.851000000 -23.251540 -2.936121 0.000000 0.000000 0.000000 -0.269803 0.962916
37.884000000 -23.241510 -2.942231 0.000000 0.000000 0.000000 -0.272802 0.962070
37.917000000 -23.231521 -2.948409 0.000000 0.000000 0.000000 -0.275810 0.961212
37.950000000 -23.221573 -2.954654 0.000000 0.000000 0.000000 -0.278825 0.960342
37.983000000 -23.210952 -2.936605 0.000000 0.000000 0.000000 -0.281848 0.959459
38.016000000 -23.201127 -2.942932 0.000000 0.000000 0.000000 -0.284877 0.958564
38.049000000 -23.169832 -2.936969 0.000000 0.000000 0.000000 -0.287914 0.957656
38.082000000 -23.160096 -2.943416 0.000000 0.000000 0.000000 -0.290957 0.956736
38.115000000 -23.150403 -2.949928 0.000000 0.000000 0.000000 -0.294007 0.955803
38.148000000 -23.140754 -2.956507 0.000000 0.000000 0.000000 -0.297063 0.954858
38.181000000 -23.128396 -2.935579 0.000000 0.000000 0.000000 -0.300126 0.953900
38.214000000 -23.119046 -2.942118 0.000000 0.000000 0.000000 -0.303194 0.952929
38.247000000 -23.109741 -2.948722 0.000000 0.000000 0.000000 -0.306267 0.951946
38.280000000 -23.086960 -2.933893 0.000000 0.000000 0.000000 -0.309346 0.950950
38.313000000 -23.077914 -2.940484 0.000000 0.000000 0.000000 -0.312430 0.949941
38.346000000 -23.068913 -2.947138 0.000000 0.000000 0.000000 -0.315519 0.948919
38.379000000 -23.046568 -2.934061 0.000000 0.000000 0.000000 -0.318613 0.947885
38.412000000 -23.037751 -2.940752 0.000000 0.000000 0.000000 -0.321711 0.946838
38.445000000 -23.005901 -2.934790 0.000000 0.000000 0.000000 -0.324814 0.945778
38.478000000 -22.997179 -2.941591 0.000000 0.000000 0.000000 -0.327921 0.944705
38.511000000 -22.988503 -2.948452 0.000000 0.000000 0.000000 -0.331031 0.943620
38.544000000 -22.965723 -2.934002 0.000000 0.000000 0.000000 -0.334145 0.942522
38.577000000 -22.957475 -2.940698 0.000000 0.000000 0.000000 -0.337263 0.941411
38.610000000 -22.949274 -2.947453 0.000000 0.000000 0.000000 -0.340384 0.940287
38.643000000 -22.925720 -2.932428 0.000000 0.000000 0.000000 -0.343507 0.939150
38.676000000 -22.917902 -2.939038 0.000000 0.000000 0.000000 -0.346634 0.938001
38.709000000 -22.910130 -2.945703 0.000000 0.000000 0.000000 -0.349763 0.936838
38.742000000 -22.902404 -2.952424 0.000000 0.000000 0.000000 -0.352894 0.935663
38.775000000 -22.884814 -2.932791 0.000000 0.000000 0.000000 -0.356027 0.934476
38.808000000 -22.876988 -2.939774 0.000000 0.000000 0.000000 -0.359163 0.933275
38.841000000 -22.844454 -2.932629 0.000000 0.000000 0.000000 -0.362300 0.932062
38.874000000 -22.836910 -2.939544 0.000000 0.000000 0.000000 -0.365438 0.930836
38.907000000 -22.829415 -2.946513 0.000000 0.000000 0.000000 -0.368578 0.929597
38.940000000 -22.821968 -2.953534 0.000000 0.000000 0.000000 -0.371719 0.928345
38.973000000 -22.804366 -2.930409 0.000000 0.000000 0.000000 -0.374860 0.927081
39.006000000 -22.797431 -2.937120 0.000000 0.000000 0.000000 -0.378003 0.925804
39.072000000 -22.755184 -2.933889 0.000000 0.000000 0.000000 -0.384289 0.923213
39.105000000 -22.748426 -2.940704 0.000000 0.000000 0.000000 -0.387432 0.921898
39.138000000 -22.741716 -2.947566 0.000000 0.000000 0.000000 -0.390575 0.920571
39.171000000 -22.719507 -2.922596 0.000000 0.000000 0.000000 -0.393717 0.919232
39.204000000 -22.713139 -2.929282 0.000000 0.000000 0.000000 -0.396859 0.917879
39.237000000 -22.706819 -2.936013 0.000000 0.000000 0.000000 -0.400001 0.916515
39.270000000 -22.678159 -2.918292 0.000000 0.000000 0.000000 -0.403141 0.915138
39.303000000 -22.641603 -2.907980 0.000000 0.000000 0.000000 -0.401155 0.916010
39.336000000 -22.635796 -2.914287 0.000000 0.000000 0.000000 -0.409418 0.912347
39.369000000 -22.630099 -2.920694 0.000000 0.000000 0.000000 -0.412555 0.910933
39.402000000 -22.624448 -2.927142 0.000000 0.000000 0.000000 -0.415690 0.909507
39.435000000 -22.618842 -2.933630 0.000000 0.000000 0.000000 -0.418823 0.908068
39.468000000 -22.594208 -2.907171 0.000000 0.000000 0.000000 -0.421954 0.906617
39.501000000 -22.556674 -2.895967 0.000000 0.000000 0.000000 -0.420193 0.907435
39.534000000 -22.551491 -2.902082 0.000000 0.000000 0.000000 -0.428209 0.903680
39.567000000 -22.546416 -2.908287 0.000000 0.000000 0.000000 -0.431333 0.902193
39.633000000 -22.536399 -2.920807 0.000000 0.000000 0.000000 -0.437572 0.899183
39.666000000 -22.509003 -2.897487 0.000000 0.000000 0.000000 -0.440687 0.897661
39.699000000 -22.504109 -2.903822 0.000000 0.000000 0.000000 -0.443799 0.896126
39.732000000 -22.499260 -2.910190 0.000000 0.000000 0.000000 -0.446908 0.894580
39.765000000 -22.494455 -2.916594 0.000000 0.000000 0.000000 -0.450013 0.893022
39.798000000 -22.467094 -2.895258 0.000000 0.000000 0.000000 -0.453114 0.891452
39.831000000 -22.462310 -2.901817 0.000000 0.000000 0.000000 -0.456212 0.889871
39.864000000 -22.424626 -2.891094 0.000000 0.000000 0.000000 -0.459305 0.888278
39.930000000 -22.415804 -2.903645 0.000000 0.000000 0.000000 -0.465480 0.885058
39.963000000 -22.411460 -2.909966 0.000000 0.000000 0.000000 -0.468561 0.883431
39.996000000 -22.381707 -2.887729 0.000000 0.000000 0.000000 -0.471637 0.881793
40.029000000 -22.338997 -2.883725 0.000000 0.000000 0.000000 -0.474708 0.880143
40.062000000 -22.334906 -2.889950 0.000000 0.000000 0.000000 -0.477775 0.878482
40.095000000 -22.330859 -2.896204 0.000000 0.000000 0.000000 -0.480837 0.876810
40.128000000 -22.326856 -2.902486 0.000000 0.000000 0.000000 -0.483893 0.875127
40.161000000 -22.295745 -2.882272 0.000000 0.000000 0.000000 -0.486945 0.873433
40.194000000 -22.291870 -2.888541 0.000000 0.000000 0.000000 -0.489991 0.871728
40.227000000 -22.288040 -2.894837 0.000000 0.000000 0.000000 -0.493031 0.870012
40.260000000 -22.253686 -2.879672 0.000000 0.000000 0.000000 -0.496066 0.868285
40.293000000 -22.250139 -2.885690 0.000000 0.000000 0.000000 -0.499096 0.866547
40.326000000 -22.246634 -2.891733 0.000000 0.000000 0.000000 -0.502119 0.864799
40.359000000 -22.212090 -2.878079 0.000000 0.000000 0.000000 -0.505137 0.863039
40.392000000 -22.208738 -2.884049 0.000000 0.000000 0.000000 -0.508148 0.861270
40.425000000 -22.205427 -2.890043 0.000000 0.000000 0.000000 -0.511154 0.859489
40.458000000 -22.169579 -2.876848 0.000000 0.000000 0.000000 -0.514153 0.857698
40.491000000 -22.166370 -2.882853 0.000000 0.000000 0.000000 -0.517147 0.855897
40.524000000 -22.163204 -2.888880 0.000000 0.000000 0.000000 -0.520135 0.854084
40.557000000 -22.127651 -2.877211 0.000000 0.000000 0.000000 -0.523116 0.852261
40.590000000 -22.124539 -2.883342 0.000000 0.000000 0.000000 -0.526092 0.850428
40.623000000 -22.121469 -2.889495 0.000000 0.000000 0.000000 -0.529061 0.848584
40.656000000 -22.087251 -2.878915 0.000000 0.000000 0.000000 -0.532024 0.846730
40.689000000 -22.084294 -2.885055 0.000000 0.000000 0.000000 -0.534980 0.844865
40.722000000 -22.081381 -2.891215 0.000000 0.000000 0.000000 -0.537931 0.842989
40.755000000 -22.078511 -2.897396 0.000000 0.000000 0.000000 -0.540875 0.841103
40.788000000 -22.046116 -2.880794 0.000000 0.000000 0.000000 -0.543813 0.839207
40.821000000 -22.043366 -2.886939 0.000000 0.000000 0.000000 -0.546744 0.837300
40.854000000 -22.005880 -2.881549 0.000000 0.000000 0.000000 -0.549669 0.835383
40.887000000 -22.003437 -2.887219 0.000000 0.000000 0.000000 -0.552587 0.833455
40.920000000 -22.001034 -2.892905 0.000000 0.000000 0.000000 -0.555500 0.831517
40.953000000 -21.964223 -2.881901 0.000000 0.000000 0.000000 -0.558405 0.829568
40.986000000 -21.962004 -2.887363 0.000000 0.000000 0.000000 -0.561304 0.827610
41.019000000 -21.959824 -2.892840 0.000000 0.000000 0.000000 -0.564196 0.825641
41.052000000 -21.922782 -2.883361 0.000000 0.000000 0.000000 -0.567082 0.823661
41.085000000 -21.920691 -2.888834 0.000000 0.000000 0.000000 -0.569961 0.821672
41.118000000 -21.918639 -2.894322 0.000000 0.000000 0.000000 -0.572833 0.819672
41.151000000 -21.882062 -2.884935 0.000000 0.000000 0.000000 -0.575699 0.817662
41.184000000 -21.880170 -2.890219 0.000000 0.000000 0.000000 -0.578558 0.815642
41.217000000 -21.878316 -2.895516 0.000000 0.000000 0.000000 -0.581410 0.813611
41.250000000 -21.840117 -2.883861 0.000000 0.000000 0.000000 -0.584255 0.811570
41.283000000 -21.838579 -2.888458 0.000000 0.000000 0.000000 -0.587093 0.809520
41.316000000 -21.837074 -2.893066 0.000000 0.000000 0.000000 -0.589924 0.807459
41.349000000 -21.798748 -2.884731 0.000000 0.000000 0.000000 -0.592749 0.805388
41.382000000 -21.797303 -2.889371 0.000000 0.000000 0.000000 -0.595566 0.803306
41.415000000 -21.795891 -2.894021 0.000000 0.000000 0.000000 -0.598376 0.801215
41.448000000 -21.756380 -2.885226 0.000000 0.000000 0.000000 -0.601180 0.799114
41.481000000 -21.755094 -2.889688 0.000000 0.000000 0.000000 -0.603976 0.797003
41.514000000 -21.753838 -2.894159 0.000000 0.000000 0.000000 -0.606765 0.794881
41.547000000 -21.752614 -2.898639 0.000000 0.000000 0.000000 -0.609547 0.792750
41.580000000 -21.751422 -2.903127 0.000000 0.000000 0.000000 -0.612322 0.790609
41.613000000 -21.714658 -2.886621 0.000000 0.000000 0.000000 -0.615089 0.788458
41.646000000 -21.673469 -2.890181 0.000000 0.000000 0.000000 -0.617849 0.786297
41.679000000 -21.672332 -2.894850 0.000000 0.000000 0.000000 -0.620602 0.784126
41.712000000 -21.671229 -2.899527 0.000000 0.000000 0.000000 -0.623348 0.781945
41.745000000 -21.631772 -2.893261 0.000000 0.000000 0.000000 -0.626086 0.779754
41.778000000 -21.630783 -2.897732 0.000000 0.000000 0.000000 -0.628817 0.777553
41.811000000 -21.629826 -2.902209 0.000000 0.000000 0.000000 -0.631540 0.775343
41.844000000 -21.591040 -2.895073 0.000000 0.000000 0.000000 -0.634256 0.773123
41.877000000 -21.590268 -2.898949 0.000000 0.000000 0.000000 -0.636965 0.770893
41.910000000 -21.589523 -2.902831 0.000000 0.000000 0.000000 -0.639665 0.768653
41.943000000 -21.549153 -2.899084 0.000000 0.000000 0.000000 -0.642359 0.766404
41.976000000 -21.548424 -2.903196 0.000000 0.000000 0.000000 -0.645044 0.764145
42.009000000 -21.547723 -2.907314 0.000000 0.000000 0.000000 -0.647722 0.761876
42.042000000 -21.547052 -2.911437 0.000000 0.000000 0.000000 -0.650393 0.759598
42.075000000 -21.507584 -2.903293 0.000000 0.000000 0.000000 -0.653055 0.757310
42.108000000 -21.467208 -2.903012 0.000000 0.000000 0.000000 -0.655710 0.755013
42.141000000 -21.466748 -2.906261 0.000000 0.000000 0.000000 -0.658357 0.752705
42.207000000 -21.465898 -2.912769 0.000000 0.000000 0.000000 -0.663628 0.748063
42.240000000 -21.465508 -2.916028 0.000000 0.000000 0.000000 -0.666252 0.745727
42.273000000 -21.425897 -2.908501 0.000000 0.000000 0.000000 -0.668867 0.743382
42.306000000 -21.425572 -2.911576 0.000000 0.000000 0.000000 -0.671475 0.741027
42.339000000 -21.384818 -2.910710 0.000000 0.000000 0.000000 -0.674075 0.738663
42.372000000 -21.384578 -2.913332 0.000000 0.000000 0.000000 -0.676667 0.736290
42.405000000 -21.384356 -2.915955 0.000000 0.000000 0.000000 -0.679250 0.733907
42.438000000 -21.384154 -2.918581 0.000000 0.000000 0.000000 -0.681826 0.731515
42.471000000 -21.345088 -2.911275 0.000000 0.000000 0.000000 -0.684393 0.729113
42.504000000 -21.344971 -2.913135 0.000000 0.000000 0.000000 -0.686952 0.726703
42.537000000 -21.344867 -2.914995 0.000000 0.000000 0.000000 -0.689503 0.724283
42.570000000 -21.304013 -2.912277 0.000000 0.000000 0.000000 -0.692046 0.721853
42.603000000 -21.303946 -2.913873 0.000000 0.000000 0.000000 -0.694580 0.719415
42.636000000 -21.262175 -2.914746 0.000000 0.000000 0.000000 -0.697107 0.716967
42.669000000 -21.262128 -2.916444 0.000000 0.000000 0.000000 -0.699624 0.714511
42.702000000 -21.262092 -2.918143 0.000000 0.000000 0.000000 -0.702134 0.712045
42.735000000 -21.221649 -2.918768 0.000000 0.000000 0.000000 -0.704635 0.709570
42.768000000 -21.221636 -2.920645 0.000000 0.000000 0.000000 -0.707127 0.707086
42.801000000 -21.221637 -2.922523 0.000000 0.000000 0.000000 -0.709611 0.704593
42.834000000 -21.182039 -2.920414 0.000000 0.000000 0.000000 -0.712087 0.702091
42.867000000 -21.182055 -2.921528 0.000000 0.000000 0.000000 -0.714554 0.699581
42.933000000 -21.141431 -2.921521 0.000000 0.000000 0.000000 -0.719462 0.694532
42.966000000 -21.141452 -2.922101 0.000000 0.000000 0.000000 -0.721903 0.691995
42.999000000 -21.141477 -2.922682 0.000000 0.000000 0.000000 -0.724335 0.689448
43.032000000 -21.141506 -2.923262 0.000000 0.000000 0.000000 -0.726758 0.686893
43.065000000 -21.100912 -2.923453 0.000000 0.000000 0.000000 -0.729173 0.684329
43.098000000 -21.100940 -2.923891 0.000000 0.000000 0.000000 -0.731579 0.681756
43.131000000 -21.061208 -2.924511 0.000000 0.000000 0.000000 -0.733976 0.679175
43.164000000 -21.061207 -2.924498 0.000000 0.000000 0.000000 -0.736365 0.676585
43.197000000 -21.061207 -2.924486 0.000000 0.000000 0.000000 -0.738744 0.673986
43.230000000 -21.061206 -2.924473 0.000000 0.000000 0.000000 -0.741114 0.671379
43.263000000 -21.061206 -2.924461 0.000000 0.000000 0.000000 -0.743476 0.668763
43.296000000 -21.021380 -2.926034 0.000000 0.000000 0.000000 -0.745828 0.666139
43.329000000 -21.021355 -2.925815 0.000000 0.000000 0.000000 -0.748171 0.663506
43.362000000 -20.980860 -2.926394 0.000000 0.000000 0.000000 -0.750506 0.660864
43.395000000 -20.980762 -2.925621 0.000000 0.000000 0.000000 -0.752831 0.658214
43.428000000 -20.980658 -2.924848 0.000000 0.000000 0.000000 -0.755147 0.655556
43.461000000 -20.941186 -2.927423 0.000000 0.000000 0.000000 -0.757453 0.652889
43.494000000 -20.941047 -2.926491 0.000000 0.000000 0.000000 -0.759751 0.650214
43.527000000 -20.940902 -2.925560 0.000000 0.000000 0.000000 -0.762039 0.647531
43.560000000 -20.901637 -2.928770 0.000000 0.000000 0.000000 -0.764318 0.644839
43.593000000 -20.901451 -2.927677 0.000000 0.000000 0.000000 -0.766588 0.642139
43.626000000 -20.901257 -2.926586 0.000000 0.000000 0.000000 -0.768849 0.639431
43.659000000 -20.861958 -2.929569 0.000000 0.000000 0.000000 -0.771100 0.636714
43.692000000 -20.861675 -2.928098 0.000000 0.000000 0.000000 -0.773341 0.633990
43.725000000 -20.861381 -2.926628 0.000000 0.000000 0.000000 -0.775573 0.631257
43.758000000 -20.861078 -2.925161 0.000000 0.000000 0.000000 -0.777796 0.628517
43.791000000 -20.822737 -2.930849 0.000000 0.000000 0.000000 -0.780009 0.625768
43.824000000 -20.822377 -2.929226 0.000000 0.000000 0.000000 -0.782213 0.623011
43.857000000 -20.783954 -2.933113 0.000000 0.000000 0.000000 -0.784407 0.620246
43.890000000 -20.783576 -2.931515 0.000000 0.000000 0.000000 -0.786592 0.617473
43.923000000 -20.783186 -2.929921 0.000000 0.000000 0.000000 -0.788767 0.614693
43.956000000 -20.782786 -2.928329 0.000000 0.000000 0.000000 -0.790932 0.611904
43.989000000 -20.745546 -2.936063 0.000000 0.000000 0.000000 -0.793088 0.609108
44.022000000 -20.745121 -2.934467 0.000000 0.000000 0.000000 -0.795234 0.606303
44.055000000 -20.706794 -2.937470 0.000000 0.000000 0.000000 -0.797370 0.603491
44.088000000 -20.706186 -2.935312 0.000000 0.000000 0.000000 -0.799497 0.600670
44.121000000 -20.705562 -2.933159 0.000000 0.000000 0.000000 -0.801614 0.597841
44.154000000 -20.668904 -2.941270 0.000000 0.000000 0.000000 -0.803722 0.595005
44.187000000 -20.668331 -2.939392 0.000000 0.000000 0.000000 -0.805820 0.592160
44.220000000 -20.667746 -2.937517 0.000000 0.000000 0.000000 -0.807909 0.589307
44.253000000 -20.667147 -2.935647 0.000000 0.000000 0.000000 -0.809988 0.586446
44.286000000 -20.666536 -2.933780 0.000000 0.000000 0.000000 -0.812058 0.583577
44.319000000 -20.630811 -2.944722 0.000000 0.000000 0.000000 -0.814118 0.580700
44.352000000 -20.591569 -2.945131 0.000000 0.000000 0.000000 -0.816168 0.577814
44.385000000 -20.590494 -2.942076 0.000000 0.000000 0.000000 -0.818209 0.574920
44.418000000 -20.589398 -2.939029 0.000000 0.000000 0.000000 -0.820241 0.572018
44.451000000 -20.552715 -2.946660 0.000000 0.000000 0.000000 -0.822263 0.569108
44.484000000 -20.551516 -2.943470 0.000000 0.000000 0.000000 -0.824276 0.566188
44.517000000 -20.550295 -2.940289 0.000000 0.000000 0.000000 -0.826279 0.563261
44.550000000 -20.549052 -2.937115 0.000000 0.000000 0.000000 -0.828273 0.560325
44.583000000 -20.514835 -2.949819 0.000000 0.000000 0.000000 -0.830258 0.557380
44.616000000 -20.513632 -2.946875 0.000000 0.000000 0.000000 -0.832233 0.554426
44.649000000 -20.512409 -2.943938 0.000000 0.000000 0.000000 -0.834199 0.551464
44.682000000 -20.476069 -2.951357 0.000000 0.000000 0.000000 -0.836156 0.548492
44.715000000 -20.474567 -2.947892 0.000000 0.000000 0.000000 -0.838103 0.545512
44.748000000 -20.473041 -2.944438 0.000000 0.000000 0.000000 -0.840041 0.542523
44.781000000 -20.437838 -2.953833 0.000000 0.000000 0.000000 -0.841970 0.539525
44.814000000 -20.436230 -2.950332 0.000000 0.000000 0.000000 -0.843890 0.536517
44.847000000 -20.400013 -2.957042 0.000000 0.000000 0.000000 -0.845800 0.533500
44.880000000 -20.398354 -2.953562 0.000000 0.000000 0.000000 -0.847701 0.530474
44.913000000 -20.396672 -2.950093 0.000000 0.000000 0.000000 -0.849594 0.527438
44.946000000 -20.394967 -2.946634 0.000000 0.000000 0.000000 -0.851477 0.524393
44.979000000 -20.360921 -2.959072 0.000000 0.000000 0.000000 -0.853351 0.521337
45.012000000 -20.358896 -2.955118 0.000000 0.000000 0.000000 -0.855216 0.518272
45.045000000 -20.356844 -2.951176 0.000000 0.000000 0.000000 -0.857071 0.515198
45.078000000 -20.322960 -2.961164 0.000000 0.000000 0.000000 -0.858918 0.512112
45.111000000 -20.320754 -2.957075 0.000000 0.000000 0.000000 -0.860756 0.509017
45.144000000 -20.318520 -2.953000 0.000000 0.000000 0.000000 -0.862585 0.505912
45.210000000 -20.284289 -2.963823 0.000000 0.000000 0.000000 -0.866217 0.499669
45.243000000 -20.247791 -2.970290 0.000000 0.000000 0.000000 -0.868019 0.496531
45.276000000 -20.245404 -2.966223 0.000000 0.000000 0.000000 -0.869812 0.493383
45.309000000 -20.242989 -2.962171 0.000000 0.000000 0.000000 -0.871597 0.490224
45.342000000 -20.208875 -2.971451 0.000000 0.000000 0.000000 -0.873373 0.487053
45.375000000 -20.205941 -2.966694 0.000000 0.000000 0.000000 -0.875139 0.483871
45.408000000 -20.202976 -2.961957 0.000000 0.000000 0.000000 -0.876898 0.480677
45.441000000 -20.170650 -2.974480 0.000000 0.000000 0.000000 -0.878647 0.477472
45.474000000 -20.167660 -2.969859 0.000000 0.000000 0.000000 -0.880388 0.474254
45.507000000 -20.164639 -2.965258 0.000000 0.000000 0.000000 -0.882120 0.471025
45.540000000 -20.161587 -2.960677 0.000000 0.000000 0.000000 -0.883843 0.467783
45.573000000 -20.158503 -2.956115 0.000000 0.000000 0.000000 -0.885558 0.464529
45.606000000 -20.133014 -2.977259 0.000000 0.000000 0.000000 -0.887264 0.461262
45.639000000 -20.094579 -2.979643 0.000000 0.000000 0.000000 -0.888961 0.457984
45.672000000 -20.091070 -2.974711 0.000000 0.000000 0.000000 -0.890648 0.454694
45.705000000 -20.087526 -2.969804 0.000000 0.000000 0.000000 -0.892325 0.451393
45.738000000 -20.083948 -2.964920 0.000000 0.000000 0.000000 -0.893993 0.448081
45.771000000 -20.056752 -2.982219 0.000000 0.000000 0.000000 -0.895651 0.444758
45.804000000 -20.053000 -2.977267 0.000000 0.000000 0.000000 -0.897298 0.441426
45.837000000 -20.019105 -2.985093 0.000000 0.000000 0.000000 -0.898934 0.438084
45.870000000 -20.015198 -2.980095 0.000000 0.000000 0.000000 -0.900560 0.434733
45.903000000 -20.011256 -2.975124 0.000000 0.000000 0.000000 -0.902174 0.431373
45.936000000 -20.007278 -2.970182 0.000000 0.000000 0.000000 -0.903777 0.428005
45.969000000 -19.981383 -2.988353 0.000000 0.000000 0.000000 -0.905368 0.424629
46.002000000 -19.977235 -2.983361 0.000000 0.000000 0.000000 -0.906947 0.421245
46.035000000 -19.973050 -2.978401 0.000000 0.000000 0.000000 -0.908514 0.417854
46.068000000 -19.944181 -2.991903 0.000000 0.000000 0.000000 -0.910069 0.414457
46.101000000 -19.939869 -2.986947 0.000000 0.000000 0.000000 -0.911611 0.411054
46.134000000 -19.906672 -2.994758 0.000000 0.000000 0.000000 -0.913140 0.407645
46.167000000 -19.902035 -2.989588 0.000000 0.000000 0.000000 -0.914657 0.404231
46.233000000 -19.868146 -2.997117 0.000000 0.000000 0.000000 -0.917650 0.397390
46.266000000 -19.863034 -2.991670 0.000000 0.000000 0.000000 -0.919126 0.393963
46.299000000 -19.857881 -2.986262 0.000000 0.000000 0.000000 -0.920589 0.390533
46.332000000 -19.852687 -2.980894 0.000000 0.000000 0.000000 -0.922037 0.387101
46.365000000 -19.830473 -2.999606 0.000000 0.000000 0.000000 -0.923472 0.383666
46.398000000 -19.825103 -2.994217 0.000000 0.000000 0.000000 -0.924892 0.380229
46.431000000 -19.819692 -2.988870 0.000000 0.000000 0.000000 -0.926298 0.376791
46.464000000 -19.814240 -2.983566 0.000000 0.000000 0.000000 -0.927689 0.373353
46.497000000 -19.793588 -3.003250 0.000000 0.000000 0.000000 -0.929066 0.369914
46.530000000 -19.788160 -2.998119 0.000000 0.000000 0.000000 -0.930428 0.366475
46.563000000 -19.755767 -3.006680 0.000000 0.000000 0.000000 -0.931775 0.363037
46.596000000 -19.750023 -3.001410 0.000000 0.000000 0.000000 -0.933106 0.359600
46.629000000 -19.744238 -2.996186 0.000000 0.000000 0.000000 -0.934423 0.356165
46.662000000 -19.716555 -3.007127 0.000000 0.000000 0.000000 -0.935724 0.352732
46.695000000 -19.709939 -3.001322 0.000000 0.000000 0.000000 -0.937010 0.349303
46.728000000 -19.703279 -2.995568 0.000000 0.000000 0.000000 -0.938280 0.345876
46.761000000 -19.678215 -3.009402 0.000000 0.000000 0.000000 -0.939535 0.342453
46.794000000 -19.671520 -3.003783 0.000000 0.000000 0.000000 -0.940774 0.339035
46.827000000 -19.664780 -2.998217 0.000000 0.000000 0.000000 -0.941997 0.335621
46.860000000 -19.640354 -3.011415 0.000000 0.000000 0.000000 -0.943205 0.332212
46.893000000 -19.633466 -3.005887 0.000000 0.000000 0.000000 -0.944396 0.328810
46.926000000 -19.626535 -3.000413 0.000000 0.000000 0.000000 -0.945572 0.325414
46.959000000 -19.619562 -2.994995 0.000000 0.000000 0.000000 -0.946731 0.322025
46.992000000 -19.602658 -3.014427 0.000000 0.000000 0.000000 -0.947875 0.318643
47.025000000 -19.595631 -3.009113 0.000000 0.000000 0.000000 -0.949003 0.315268
47.058000000 -19.588563 -3.003855 0.000000 0.000000 0.000000 -0.950114 0.311902
47.091000000 -19.563729 -3.016238 0.000000 0.000000 0.000000 -0.951211 0.308543
47.124000000 -19.556133 -3.010743 0.000000 0.000000 0.000000 -0.952291 0.305192
47.157000000 -19.525500 -3.017805 0.000000 0.000000 0.000000 -0.953356 0.301849
47.190000000 -19.517683 -3.012316 0.000000 0.000000 0.000000 -0.954405 0.298514
47.223000000 -19.509825 -3.006887 0.000000 0.000000 0.000000 -0.955439 0.295188
47.256000000 -19.487310 -3.021043 0.000000 0.000000 0.000000 -0.956458 0.291870
47.289000000 -19.479446 -3.015763 0.000000 0.000000 0.000000 -0.957462 0.288560
47.322000000 -19.471542 -3.010543 0.000000 0.000000 0.000000 -0.958450 0.285260
47.355000000 -19.448994 -3.024688 0.000000 0.000000 0.000000 -0.959424 0.281967
47.388000000 -19.440957 -3.019529 0.000000 0.000000 0.000000 -0.960383 0.278684
47.421000000 -19.432881 -3.014431 0.000000 0.000000 0.000000 -0.961327 0.275410
47.454000000 -19.411439 -3.027937 0.000000 0.000000 0.000000 -0.962256 0.272144
47.487000000 -19.403255 -3.022917 0.000000 0.000000 0.000000 -0.963171 0.268888
47.520000000 -19.395034 -3.017959 0.000000 0.000000 0.000000 -0.964072 0.265641
47.553000000 -19.372928 -3.030539 0.000000 0.000000 0.000000 -0.964958 0.262403
47.586000000 -19.364278 -3.025471 0.000000 0.000000 0.000000 -0.965830 0.259175
47.619000000 -19.355590 -3.020466 0.000000 0.000000 0.000000 -0.966688 0.255956
47.652000000 -19.334134 -3.033781 0.000000 0.000000 0.000000 -0.967532 0.252747
47.685000000 -19.325213 -3.028791 0.000000 0.000000 0.000000 -0.968363 0.249547
47.718000000 -19.316256 -3.023866 0.000000 0.000000 0.000000 -0.969179 0.246357
47.751000000 -19.295790 -3.036904 0.000000 0.000000 0.000000 -0.969982 0.243177
47.784000000 -19.286698 -3.032052 0.000000 0.000000 0.000000 -0.970771 0.240007
47.817000000 -19.277571 -3.027265 0.000000 0.000000 0.000000 -0.971547 0.236846
47.850000000 -19.258049 -3.040647 0.000000 0.000000 0.000000 -0.972310 0.233696
47.883000000 -19.248928 -3.036006 0.000000 0.000000 0.000000 -0.973059 0.230556
47.916000000 -19.239775 -3.031430 0.000000 0.000000 0.000000 -0.973795 0.227426
47.949000000 -19.230590 -3.026919 0.000000 0.000000 0.000000 -0.974519 0.224306
47.982000000 -19.219477 -3.043883 0.000000 0.000000 0.000000 -0.975229 0.221196
48.015000000 -19.209941 -3.039335 0.000000 0.000000 0.000000 -0.975927 0.218097
48.048000000 -19.200374 -3.034853 0.000000 0.000000 0.000000 -0.976612 0.215008
48.081000000 -19.180772 -3.045720 0.000000 0.000000 0.000000 -0.977285 0.211930
48.114000000 -19.170811 -3.041198 0.000000 0.000000 0.000000 -0.977945 0.208862
48.147000000 -19.141404 -3.047134 0.000000 0.000000 0.000000 -0.978593 0.205805
48.180000000 -19.131040 -3.042584 0.000000 0.000000 0.000000 -0.979229 0.202759
48.213000000 -19.120644 -3.038106 0.000000 0.000000 0.000000 -0.979852 0.199723
48.246000000 -19.102812 -3.049620 0.000000 0.000000 0.000000 -0.980464 0.196698
48.279000000 -19.092463 -3.045305 0.000000 0.000000 0.000000 -0.981064 0.193683
48.312000000 -19.082084 -3.041060 0.000000 0.000000 0.000000 -0.981652 0.190680
48.345000000 -19.064202 -3.052389 0.000000 0.000000 0.000000 -0.982229 0.187687
48.378000000 -19.053743 -3.048252 0.000000 0.000000 0.000000 -0.982794 0.184705
48.411000000 -19.043257 -3.044185 0.000000 0.000000 0.000000 -0.983348 0.181734
48.444000000 -19.024690 -3.053795 0.000000 0.000000 0.000000 -0.983890 0.178774
48.477000000 -19.013756 -3.049698 0.000000 0.000000 0.000000 -0.984421 0.175825
48.510000000 -19.002795 -3.045672 0.000000 0.000000 0.000000 -0.984942 0.172888
48.543000000 -18.991808 -3.041718 0.000000 0.000000 0.000000 -0.985451 0.169961
48.576000000 -18.986031 -3.055652 0.000000 0.000000 0.000000 -0.985949 0.167045
48.609000000 -18.975056 -3.051834 0.000000 0.000000 0.000000 -0.986437 0.164141
48.642000000 -18.945965 -3.056835 0.000000 0.000000 0.000000 -0.986914 0.161247
48.675000000 -18.934529 -3.053007 0.000000 0.000000 0.000000 -0.987381 0.158365
48.708000000 -18.923068 -3.049252 0.000000 0.000000 0.000000 -0.987837 0.155494
48.741000000 -18.905751 -3.057299 0.000000 0.000000 0.000000 -0.988283 0.152634
48.774000000 -18.893992 -3.053588 0.000000 0.000000 0.000000 -0.988718 0.149786
48.807000000 -18.875815 -3.060707 0.000000 0.000000 0.000000 -0.987732 0.156156
48.840000000 -18.864208 -3.056990 0.000000 0.000000 0.000000 -0.989560 0.144123
48.873000000 -18.852523 -3.053525 0.000000 0.000000 0.000000 -0.989966 0.141308
48.906000000 -18.837933 -3.060085 0.000000 0.000000 0.000000 -0.988994 0.147955
48.939000000 -18.826372 -3.056588 0.000000 0.000000 0.000000 -0.990748 0.135713
48.972000000 -18.814736 -3.053351 0.000000 0.000000 0.000000 -0.991125 0.132932
49.005000000 -18.803079 -3.050186 0.000000 0.000000 0.000000 -0.991493 0.130163
49.038000000 -18.791403 -3.047093 0.000000 0.000000 0.000000 -0.991851 0.127405
49.071000000 -18.789640 -3.056314 0.000000 0.000000 0.000000 -0.992200 0.124658
49.104000000 -18.777744 -3.053288 0.000000 0.000000 0.000000 -0.992540 0.121923
49.137000000 -18.750648 -3.055310 0.000000 0.000000 0.000000 -0.992870 0.119199
49.170000000 -18.738589 -3.052382 0.000000 0.000000 0.000000 -0.993192 0.116486
49.203000000 -18.726511 -3.049527 0.000000 0.000000 0.000000 -0.993505 0.113785
49.236000000 -18.714416 -3.046743 0.000000 0.000000 0.000000 -0.993810 0.111095
49.269000000 -18.712207 -3.054292 0.000000 0.000000 0.000000 -0.994106 0.108417
49.302000000 -18.685317 -3.057121 0.000000 0.000000 0.000000 -0.993353 0.115105
49.335000000 -18.673434 -3.054347 0.000000 0.000000 0.000000 -0.994672 0.103094
49.368000000 -18.661488 -3.051854 0.000000 0.000000 0.000000 -0.994942 0.100449
49.434000000 -18.637551 -3.047078 0.000000 0.000000 0.000000 -0.995459 0.095194
49.467000000 -18.635811 -3.055661 0.000000 0.000000 0.000000 -0.995705 0.092584
49.533000000 -18.611763 -3.051241 0.000000 0.000000 0.000000 -0.996174 0.087397
49.566000000 -18.599720 -3.049135 0.000000 0.000000 0.000000 -0.996396 0.084820
49.599000000 -18.587664 -3.047097 0.000000 0.000000 0.000000 -0.996611 0.082255
49.632000000 -18.597666 -3.056550 0.000000 0.000000 0.000000 -0.996819 0.079701
49.665000000 -18.557701 -3.058763 0.000000 0.000000 0.000000 -0.997019 0.077158
49.731000000 -18.532686 -3.054958 0.000000 0.000000 0.000000 -0.997397 0.072106
49.764000000 -18.520162 -3.053161 0.000000 0.000000 0.000000 -0.997575 0.069597
49.797000000 -18.518272 -3.061352 0.000000 0.000000 0.000000 -0.997746 0.067099
49.830000000 -18.505739 -3.059669 0.000000 0.000000 0.000000 -0.997910 0.064612
49.863000000 -18.493197 -3.058054 0.000000 0.000000 0.000000 -0.998068 0.062136
49.896000000 -18.480645 -3.056507 0.000000 0.000000 0.000000 -0.998218 0.059671
49.929000000 -18.479098 -3.064175 0.000000 0.000000 0.000000 -0.998362 0.057217
49.962000000 -18.440023 -3.066983 0.000000 0.000000 0.000000 -0.998499 0.054775
49.995000000 -18.427490 -3.065613 0.000000 0.000000 0.000000 -0.998629 0.052343
50.028000000 -18.414949 -3.064311 0.000000 0.000000 0.000000 -0.998753 0.049922
50.061000000 -18.401068 -3.069595 0.000000 0.000000 0.000000 -0.998871 0.047513
50.094000000 -18.388509 -3.068407 0.000000 0.000000 0.000000 -0.998982 0.045114
50.127000000 -18.375942 -3.067285 0.000000 0.000000 0.000000 -0.999087 0.042726
50.160000000 -18.361738 -3.071701 0.000000 0.000000 0.000000 -0.999186 0.040349
50.193000000 -18.349026 -3.070682 0.000000 0.000000 0.000000 -0.999278 0.037983
50.226000000 -18.336309 -3.069728 0.000000 0.000000 0.000000 -0.999365 0.035627
50.259000000 -18.323586 -3.068841 0.000000 0.000000 0.000000 -0.999446 0.033283
50.292000000 -18.322848 -3.072567 0.000000 0.000000 0.000000 -0.999521 0.030949
50.325000000 -18.310138 -3.071788 0.000000 0.000000 0.000000 -0.999590 0.028626
50.358000000 -18.297423 -3.071074 0.000000 0.000000 0.000000 -0.999654 0.026313
50.391000000 -18.284201 -3.073669 0.000000 0.000000 0.000000 -0.999712 0.024011
50.424000000 -18.271535 -3.073069 0.000000 0.000000 0.000000 -0.999764 0.021720
50.457000000 -18.245260 -3.074896 0.000000 0.000000 0.000000 -0.999811 0.019439
50.490000000 -18.232518 -3.074409 0.000000 0.000000 0.000000 -0.999853 0.017169
50.523000000 -18.219772 -3.073986 0.000000 0.000000 0.000000 -0.999889 0.014909
50.556000000 -18.205791 -3.075286 0.000000 0.000000 0.000000 -0.999920 0.012659
50.589000000 -18.192867 -3.074968 0.000000 0.000000 0.000000 -0.999946 0.010420
50.622000000 -18.179940 -3.074712 0.000000 0.000000 0.000000 -0.999966 0.008192
50.655000000 -18.166522 -3.075533 0.000000 0.000000 0.000000 -0.999982 0.005974
50.688000000 -18.153589 -3.075387 0.000000 0.000000 0.000000 -0.999993 0.003765
50.721000000 -18.132336 -3.075879 0.000000 0.000000 0.000000 -0.999906 0.013733
50.754000000 -18.119500 -3.075654 0.000000 0.000000 0.000000 1.000000 0.000620
50.787000000 -18.106662 -3.075682 0.000000 0.000000 0.000000 0.999996 0.002797
50.820000000 -18.093823 -3.075771 0.000000 0.000000 0.000000 0.999988 0.004965
50.853000000 -18.080984 -3.075921 0.000000 0.000000 0.000000 0.999975 0.007122
50.886000000 -18.088537 -3.076638 0.000000 0.000000 0.000000 0.999957 0.009270
50.919000000 -18.075654 -3.076885 0.000000 0.000000 0.000000 0.999935 0.011407
50.952000000 -18.050018 -3.076999 0.000000 0.000000 0.000000 0.999908 0.013534
50.985000000 -18.037271 -3.077352 0.000000 0.000000 0.000000 0.999878 0.015652
51.018000000 -18.024524 -3.077764 0.000000 0.000000 0.000000 0.999842 0.017760
51.051000000 -18.011778 -3.078236 0.000000 0.000000 0.000000 0.999803 0.019858
51.084000000 -18.011047 -3.077410 0.000000 0.000000 0.000000 0.999759 0.021946
51.117000000 -17.998225 -3.077981 0.000000 0.000000 0.000000 0.999711 0.024025
51.150000000 -17.972305 -3.077865 0.000000 0.000000 0.000000 0.999660 0.026093
51.183000000 -17.959525 -3.078540 0.000000 0.000000 0.000000 0.999604 0.028153
51.216000000 -17.946746 -3.079273 0.000000 0.000000 0.000000 0.999544 0.030203
51.249000000 -17.933971 -3.080064 0.000000 0.000000 0.000000 0.999480 0.032243
51.282000000 -17.933248 -3.078537 0.000000 0.000000 0.000000 0.999412 0.034274
51.315000000 -17.920410 -3.079427 0.000000 0.000000 0.000000 0.999341 0.036296
51.348000000 -17.907575 -3.080373 0.000000 0.000000 0.000000 0.999266 0.038308
51.381000000 -17.894801 -3.079229 0.000000 0.000000 0.000000 0.999187 0.040311
51.414000000 -17.882108 -3.080262 0.000000 0.000000 0.000000 0.999105 0.042304
51.447000000 -17.856235 -3.079507 0.000000 0.000000 0.000000 0.999019 0.044289
51.480000000 -17.843562 -3.080640 0.000000 0.000000 0.000000 0.998929 0.046264
51.513000000 -17.830893 -3.081828 0.000000 0.000000 0.000000 0.998836 0.048231
51.546000000 -17.818005 -3.079432 0.000000 0.000000 0.000000 0.998740 0.050188
51.579000000 -17.805441 -3.080705 0.000000 0.000000 0.000000 0.998640 0.052136
51.612000000 -17.792882 -3.082032 0.000000 0.000000 0.000000 0.998537 0.054076
51.645000000 -17.779223 -3.079364 0.000000 0.000000 0.000000 0.998430 0.056006
51.678000000 -17.766569 -3.080796 0.000000 0.000000 0.000000 0.998321 0.057928
51.711000000 -17.753921 -3.082280 0.000000 0.000000 0.000000 0.998208 0.059841
51.744000000 -17.740638 -3.079635 0.000000 0.000000 0.000000 0.998092 0.061745
51.777000000 -17.728025 -3.081208 0.000000 0.000000 0.000000 0.997973 0.063641
51.810000000 -17.715419 -3.082834 0.000000 0.000000 0.000000 0.997851 0.065528
51.843000000 -17.702818 -3.084513 0.000000 0.000000 0.000000 0.997726 0.067407
51.876000000 -17.702064 -3.080569 0.000000 0.000000 0.000000 0.997597 0.069277
51.909000000 -17.689479 -3.082333 0.000000 0.000000 0.000000 0.997466 0.071138
51.942000000 -17.663161 -3.081201 0.000000 0.000000 0.000000 0.997333 0.072992
51.975000000 -17.650526 -3.083067 0.000000 0.000000 0.000000 0.997196 0.074837
52.008000000 -17.637897 -3.084984 0.000000 0.000000 0.000000 0.997056 0.076673
52.041000000 -17.624495 -3.082355 0.000000 0.000000 0.000000 0.996914 0.078502
52.074000000 -17.611918 -3.084354 0.000000 0.000000 0.000000 0.996769 0.080322
52.107000000 -17.599348 -3.086404 0.000000 0.000000 0.000000 0.996621 0.082134
52.140000000 -17.586026 -3.082983 0.000000 0.000000 0.000000 0.996471 0.083939
52.173000000 -17.573555 -3.085106 0.000000 0.000000 0.000000 0.996318 0.085735
52.206000000 -17.561092 -3.087277 0.000000 0.000000 0.000000 0.996162 0.087523
52.239000000 -17.548636 -3.089498 0.000000 0.000000 0.000000 0.996004 0.089304
52.272000000 -17.547351 -3.083786 0.000000 0.000000 0.000000 0.995844 0.091076
52.305000000 -17.534889 -3.086091 0.000000 0.000000 0.000000 0.995681 0.092841
52.338000000 -17.522434 -3.088445 0.000000 0.000000 0.000000 0.995515 0.094599
52.371000000 -17.508829 -3.084804 0.000000 0.000000 0.000000 0.995348 0.096348
52.404000000 -17.496428 -3.087234 0.000000 0.000000 0.000000 0.995178 0.098090
52.437000000 -17.469875 -3.086542 0.000000 0.000000 0.000000 0.995005 0.099825
52.470000000 -17.457382 -3.089080 0.000000 0.000000 0.000000 0.994830 0.101552
52.503000000 -17.444898 -3.091665 0.000000 0.000000 0.000000 0.994653 0.103272
52.536000000 -17.431014 -3.088101 0.000000 0.000000 0.000000 0.994474 0.104984
52.569000000 -17.418562 -3.090765 0.000000 0.000000 0.000000 0.994292 0.106689
52.602000000 -17.406121 -3.093476 0.000000 0.000000 0.000000 0.994109 0.108387
52.635000000 -17.392165 -3.089934 0.000000 0.000000 0.000000 0.993923 0.110077
52.668000000 -17.379750 -3.092724 0.000000 0.000000 0.000000 0.993735 0.111761
52.701000000 -17.367346 -3.095560 0.000000 0.000000 0.000000 0.993545 0.113437
52.734000000 -17.353544 -3.091734 0.000000 0.000000 0.000000 0.993353 0.115107
52.767000000 -17.341230 -3.094632 0.000000 0.000000 0.000000 0.993159 0.116770
52.833000000 -17.316633 -3.100563 0.000000 0.000000 0.000000 0.992765 0.120074
52.866000000 -17.304350 -3.103595 0.000000 0.000000 0.000000 0.992565 0.121716
52.899000000 -17.314202 -3.093351 0.000000 0.000000 0.000000 0.992363 0.123352
52.932000000 -17.301810 -3.096485 0.000000 0.000000 0.000000 0.992159 0.124981
52.965000000 -17.274806 -3.094935 0.000000 0.000000 0.000000 0.991953 0.126603
52.998000000 -17.262408 -3.098157 0.000000 0.000000 0.000000 0.991746 0.128219
53.031000000 -17.250021 -3.101423 0.000000 0.000000 0.000000 0.991537 0.129828
53.064000000 -17.237645 -3.104733 0.000000 0.000000 0.000000 0.991325 0.131431
53.097000000 -17.235078 -3.096730 0.000000 0.000000 0.000000 0.991112 0.133027
53.130000000 -17.222645 -3.100133 0.000000 0.000000 0.000000 0.990898 0.134617
53.163000000 -17.195576 -3.099201 0.000000 0.000000 0.000000 0.990681 0.136201
53.196000000 -17.183180 -3.102680 0.000000 0.000000 0.000000 0.990463 0.137779
53.229000000 -17.170795 -3.106202 0.000000 0.000000 0.000000 0.990243 0.139351
53.262000000 -17.155984 -3.101999 0.000000 0.000000 0.000000 0.990021 0.140917
53.295000000 -17.143602 -3.105602 0.000000 0.000000 0.000000 0.989798 0.142476
53.328000000 -17.131232 -3.109247 0.000000 0.000000 0.000000 0.989573 0.144030
53.361000000 -17.116670 -3.104904 0.000000 0.000000 0.000000 0.989347 0.145578
53.394000000 -17.104392 -3.108602 0.000000 0.000000 0.000000 0.989119 0.147120
53.427000000 -17.092126 -3.112341 0.000000 0.000000 0.000000 0.988889 0.148657
53.460000000 -17.077121 -3.107202 0.000000 0.000000 0.000000 0.988658 0.150187
53.493000000 -17.064896 -3.111008 0.000000 0.000000 0.000000 0.988425 0.151712
53.526000000 -17.052683 -3.114855 0.000000 0.000000 0.000000 0.988190 0.153232
53.559000000 -17.040483 -3.118743 0.000000 0.000000 0.000000 0.987954 0.154746
53.592000000 -17.037554 -3.110259 0.000000 0.000000 0.000000 0.987717 0.156254
53.625000000 -17.001118 -3.111959 0.000000 0.000000 0.000000 0.987478 0.157757
53.658000000 -16.989006 -3.115934 0.000000 0.000000 0.000000 0.987237 0.159255
53.691000000 -16.976907 -3.119948 0.000000 0.000000 0.000000 0.986996 0.160748
53.724000000 -16.964821 -3.124002 0.000000 0.000000 0.000000 0.986752 0.162235
53.757000000 -16.952748 -3.128095 0.000000 0.000000 0.000000 0.986507 0.163717
53.790000000 -16.958170 -3.115716 0.000000 0.000000 0.000000 0.986261 0.165194
53.823000000 -16.946007 -3.119913 0.000000 0.000000 0.000000 0.986013 0.166666
53.856000000 -16.918220 -3.118614 0.000000 0.000000 0.000000 0.985764 0.168134
53.889000000 -16.906081 -3.122883 0.000000 0.000000 0.000000 0.985514 0.169596
53.922000000 -16.893956 -3.127190 0.000000 0.000000 0.000000 0.985262 0.171053
53.955000000 -16.881843 -3.131536 0.000000 0.000000 0.000000 0.985009 0.172506
53.988000000 -16.878053 -3.121160 0.000000 0.000000 0.000000 0.984754 0.173953
54.021000000 -16.865962 -3.125573 0.000000 0.000000 0.000000 0.984498 0.175397
54.054000000 -16.838131 -3.123551 0.000000 0.000000 0.000000 0.984240 0.176835
54.087000000 -16.826153 -3.128003 0.000000 0.000000 0.000000 0.983982 0.178269
54.120000000 -16.814188 -3.132492 0.000000 0.000000 0.000000 0.983722 0.179699
54.153000000 -16.797837 -3.126450 0.000000 0.000000 0.000000 0.983460 0.181124
54.186000000 -16.785822 -3.131034 0.000000 0.000000 0.000000 0.983198 0.182544
54.219000000 -16.773821 -3.135656 0.000000 0.000000 0.000000 0.982934 0.183961
54.252000000 -16.761834 -3.140314 0.000000 0.000000 0.000000 0.982668 0.185373
54.285000000 -16.757803 -3.129650 0.000000 0.000000 0.000000 0.982402 0.186781
54.318000000 -16.745877 -3.134358 0.000000 0.000000 0.000000 0.982134 0.188185
54.351000000 -16.717854 -3.133339 0.000000 0.000000 0.000000 0.981864 0.189584
54.384000000 -16.705966 -3.138111 0.000000 0.000000 0.000000 0.981594 0.190980
54.417000000 -16.694092 -3.142919 0.000000 0.000000 0.000000 0.981322 0.192372
54.450000000 -16.677500 -3.136801 0.000000 0.000000 0.000000 0.981049 0.193760
54.483000000 -16.665606 -3.141693 0.000000 0.000000 0.000000 0.980775 0.195144
54.516000000 -16.653727 -3.146620 0.000000 0.000000 0.000000 0.980499 0.196524
54.549000000 -16.637040 -3.139980 0.000000 0.000000 0.000000 0.980222 0.197900
54.582000000 -16.625199 -3.144967 0.000000 0.000000 0.000000 0.979944 0.199273
54.615000000 -16.613373 -3.149989 0.000000 0.000000 0.000000 0.979664 0.200643
54.648000000 -16.596940 -3.143164 0.000000 0.000000 0.000000 0.979384 0.202008
54.681000000 -16.585241 -3.148207 0.000000 0.000000 0.000000 0.979102 0.203371
54.714000000 -16.573558 -3.153284 0.000000 0.000000 0.000000 0.978819 0.204730
54.747000000 -16.556944 -3.146568 0.000000 0.000000 0.000000 0.978534 0.206085
54.780000000 -16.545339 -3.151686 0.000000 0.000000 0.000000 0.978248 0.207437
54.813000000 -16.533749 -3.156837 0.000000 0.000000 0.000000 0.977961 0.208786
54.846000000 -16.522174 -3.162022 0.000000 0.000000 0.000000 0.977673 0.210132
54.879000000 -16.516875 -3.149560 0.000000 0.000000 0.000000 0.977383 0.211475
54.912000000 -16.505381 -3.154780 0.000000 0.000000 0.000000 0.977093 0.212815
54.945000000 -16.476782 -3.153156 0.000000 0.000000 0.000000 0.976801 0.214151
55.011000000 -16.453809 -3.163744 0.000000 0.000000 0.000000 0.976213 0.216816
55.044000000 -16.436731 -3.156434 0.000000 0.000000 0.000000 0.975917 0.218144
55.077000000 -16.425342 -3.161795 0.000000 0.000000 0.000000 0.975619 0.219469
55.110000000 -16.404460 -3.156170 0.000000 0.000000 0.000000 0.977695 0.210029
55.143000000 -16.392995 -3.161406 0.000000 0.000000 0.000000 0.975021 0.222112
55.176000000 -16.381635 -3.166868 0.000000 0.000000 0.000000 0.974720 0.223429
55.209000000 -16.370292 -3.172360 0.000000 0.000000 0.000000 0.974418 0.224744
55.242000000 -16.356438 -3.163280 0.000000 0.000000 0.000000 0.974114 0.226056
55.275000000 -16.345182 -3.168804 0.000000 0.000000 0.000000 0.973809 0.227366
55.308000000 -16.333941 -3.174358 0.000000 0.000000 0.000000 0.973503 0.228674
55.341000000 -16.322717 -3.179944 0.000000 0.000000 0.000000 0.973195 0.229980
55.374000000 -16.316166 -3.167044 0.000000 0.000000 0.000000 0.972887 0.231283
55.407000000 -16.304931 -3.172707 0.000000 0.000000 0.000000 0.972576 0.232584
55.440000000 -16.276265 -3.170677 0.000000 0.000000 0.000000 0.972265 0.233883
55.473000000 -16.265161 -3.176349 0.000000 0.000000 0.000000 0.971952 0.235180
55.506000000 -16.254074 -3.182051 0.000000 0.000000 0.000000 0.971638 0.236474
55.539000000 -16.236254 -3.174301 0.000000 0.000000 0.000000 0.971322 0.237767
55.572000000 -16.225223 -3.180047 0.000000 0.000000 0.000000 0.971005 0.239059
55.605000000 -16.214208 -3.185823 0.000000 0.000000 0.000000 0.970687 0.240348
55.638000000 -16.196022 -3.178322 0.000000 0.000000 0.000000 0.970367 0.241636
55.671000000 -16.184986 -3.184183 0.000000 0.000000 0.000000 0.970046 0.242921
55.704000000 -16.173966 -3.190074 0.000000 0.000000 0.000000 0.969723 0.244206
55.737000000 -16.162962 -3.195994 0.000000 0.000000 0.000000 0.969399 0.245489
55.770000000 -16.155889 -3.182006 0.000000 0.000000 0.000000 0.969074 0.246770
55.803000000 -16.144977 -3.187950 0.000000 0.000000 0.000000 0.968747 0.248050
55.836000000 -16.115523 -3.185559 0.000000 0.000000 0.000000 0.968419 0.249328
55.869000000 -16.104651 -3.191556 0.000000 0.000000 0.000000 0.968089 0.250605
55.902000000 -16.093795 -3.197582 0.000000 0.000000 0.000000 0.967758 0.251880
55.935000000 -16.075145 -3.189064 0.000000 0.000000 0.000000 0.967426 0.253154
55.968000000 -16.064349 -3.195130 0.000000 0.000000 0.000000 0.967092 0.254427
56.001000000 -16.053570 -3.201225 0.000000 0.000000 0.000000 0.966757 0.255698
56.034000000 -16.034841 -3.192473 0.000000 0.000000 0.000000 0.966420 0.256968
56.067000000 -16.024148 -3.198592 0.000000 0.000000 0.000000 0.966082 0.258236
56.133000000 -16.002815 -3.210916 0.000000 0.000000 0.000000 0.965401 0.260768
56.166000000 -15.994605 -3.196226 0.000000 0.000000 0.000000 0.965059 0.262032
56.199000000 -15.983995 -3.202447 0.000000 0.000000 0.000000 0.964716 0.263294
56.232000000 -15.973402 -3.208696 0.000000 0.000000 0.000000 0.964371 0.264555
56.265000000 -15.962827 -3.214973 0.000000 0.000000 0.000000 0.964024 0.265815
56.298000000 -15.954482 -3.199947 0.000000 0.000000 0.000000 0.963676 0.267072
56.331000000 -15.943990 -3.206247 0.000000 0.000000 0.000000 0.963327 0.268329
56.364000000 -15.933517 -3.212574 0.000000 0.000000 0.000000 0.962977 0.269584
56.397000000 -15.914541 -3.203643 0.000000 0.000000 0.000000 0.962625 0.270837
56.430000000 -15.904174 -3.209979 0.000000 0.000000 0.000000 0.962272 0.272088
56.463000000 -15.874719 -3.207145 0.000000 0.000000 0.000000 0.961918 0.273339
56.496000000 -15.864470 -3.213482 0.000000 0.000000 0.000000 0.961562 0.274587
56.529000000 -15.854238 -3.219846 0.000000 0.000000 0.000000 0.961205 0.275834
56.562000000 -15.834484 -3.210618 0.000000 0.000000 0.000000 0.960847 0.277080
56.595000000 -15.824258 -3.217051 0.000000 0.000000 0.000000 0.960487 0.278324
56.628000000 -15.796007 -3.212799 0.000000 0.000000 0.000000 0.964174 0.265270
56.661000000 -15.785808 -3.219062 0.000000 0.000000 0.000000 0.959764 0.280807
56.694000000 -15.775730 -3.225513 0.000000 0.000000 0.000000 0.959401 0.282046
56.727000000 -15.765669 -3.231990 0.000000 0.000000 0.000000 0.959036 0.283284
56.760000000 -15.754621 -3.217303 0.000000 0.000000 0.000000 0.958670 0.284520
56.793000000 -15.744628 -3.223808 0.000000 0.000000 0.000000 0.958303 0.285755
56.826000000 -15.734654 -3.230339 0.000000 0.000000 0.000000 0.957934 0.286988
56.859000000 -15.724697 -3.236896 0.000000 0.000000 0.000000 0.957565 0.288219
56.892000000 -15.714874 -3.221010 0.000000 0.000000 0.000000 0.957194 0.289449
56.925000000 -15.704986 -3.227594 0.000000 0.000000 0.000000 0.956821 0.290677
56.958000000 -15.674725 -3.224821 0.000000 0.000000 0.000000 0.956448 0.291903
56.991000000 -15.664825 -3.231486 0.000000 0.000000 0.000000 0.956073 0.293128
57.024000000 -15.654944 -3.238176 0.000000 0.000000 0.000000 0.955697 0.294351
57.057000000 -15.634846 -3.228763 0.000000 0.000000 0.000000 0.955320 0.295573
57.090000000 -15.625045 -3.235471 0.000000 0.000000 0.000000 0.954942 0.296793
57.123000000 -15.597813 -3.230428 0.000000 0.000000 0.000000 0.959245 0.282574
57.156000000 -15.587968 -3.236967 0.000000 0.000000 0.000000 0.954182 0.299228
57.189000000 -15.578267 -3.243716 0.000000 0.000000 0.000000 0.953800 0.300443
57.222000000 -15.568585 -3.250491 0.000000 0.000000 0.000000 0.953417 0.301656
57.255000000 -15.555233 -3.236225 0.000000 0.000000 0.000000 0.953033 0.302868
57.288000000 -15.545673 -3.242984 0.000000 0.000000 0.000000 0.952647 0.304077
57.321000000 -15.536132 -3.249769 0.000000 0.000000 0.000000 0.952261 0.305286
57.354000000 -15.515440 -3.239632 0.000000 0.000000 0.000000 0.951873 0.306492
57.387000000 -15.505992 -3.246421 0.000000 0.000000 0.000000 0.951484 0.307697
57.420000000 -15.496562 -3.253234 0.000000 0.000000 0.000000 0.951094 0.308900
57.453000000 -15.475444 -3.243288 0.000000 0.000000 0.000000 0.950703 0.310102
57.486000000 -15.466028 -3.250163 0.000000 0.000000 0.000000 0.950311 0.311302
57.519000000 -15.456631 -3.257062 0.000000 0.000000 0.000000 0.949918 0.312500
57.552000000 -15.447253 -3.263985 0.000000 0.000000 0.000000 0.949523 0.313696
57.585000000 -15.436100 -3.246501 0.000000 0.000000 0.000000 0.949128 0.314891
57.618000000 -15.426932 -3.253338 0.000000 0.000000 0.000000 0.948731 0.316084
57.651000000 -15.396462 -3.250136 0.000000 0.000000 0.000000 0.948334 0.317275
57.684000000 -15.387305 -3.257037 0.000000 0.000000 0.000000 0.947935 0.318464
57.717000000 -15.378166 -3.263962 0.000000 0.000000 0.000000 0.947535 0.319652
57.750000000 -15.356950 -3.253340 0.000000 0.000000 0.000000 0.947134 0.320838
57.783000000 -15.347934 -3.260242 0.000000 0.000000 0.000000 0.946732 0.322022
57.816000000 -15.338936 -3.267166 0.000000 0.000000 0.000000 0.946329 0.323205
57.849000000 -15.329957 -3.274112 0.000000 0.000000 0.000000 0.945925 0.324386
57.882000000 -15.317196 -3.257192 0.000000 0.000000 0.000000 0.945520 0.325565
57.915000000 -15.308186 -3.264233 0.000000 0.000000 0.000000 0.945114 0.326742
57.948000000 -15.277261 -3.260815 0.000000 0.000000 0.000000 0.944706 0.327917
57.981000000 -15.268295 -3.267894 0.000000 0.000000 0.000000 0.944298 0.329091
58.014000000 -15.259347 -3.274995 0.000000 0.000000 0.000000 0.943889 0.330263
58.047000000 -15.237114 -3.264212 0.000000 0.000000 0.000000 0.943479 0.331433
58.080000000 -15.228222 -3.271340 0.000000 0.000000 0.000000 0.943068 0.332601
58.113000000 -15.219349 -3.278490 0.000000 0.000000 0.000000 0.942655 0.333768
58.146000000 -15.210495 -3.285662 0.000000 0.000000 0.000000 0.942242 0.334932
58.179000000 -15.201660 -3.292857 0.000000 0.000000 0.000000 0.941828 0.336095
58.212000000 -15.197182 -3.267698 0.000000 0.000000 0.000000 0.941413 0.337256
58.245000000 -15.156857 -3.271634 0.000000 0.000000 0.000000 0.940997 0.338415
58.278000000 -15.148057 -3.278905 0.000000 0.000000 0.000000 0.940580 0.339573
58.311000000 -15.139277 -3.286197 0.000000 0.000000 0.000000 0.940162 0.340729
58.344000000 -15.130516 -3.293512 0.000000 0.000000 0.000000 0.939743 0.341882
58.377000000 -15.117279 -3.274844 0.000000 0.000000 0.000000 0.939323 0.343034
58.410000000 -15.083466 -3.273467 0.000000 0.000000 0.000000 0.945751 0.324893
58.443000000 -15.074680 -3.280312 0.000000 0.000000 0.000000 0.945352 0.326051
58.476000000 -15.065912 -3.287178 0.000000 0.000000 0.000000 0.944953 0.327206
58.509000000 -15.057495 -3.294491 0.000000 0.000000 0.000000 0.937634 0.347624
58.542000000 -15.037930 -3.281968 0.000000 0.000000 0.000000 0.937210 0.348766
58.575000000 -15.029569 -3.289193 0.000000 0.000000 0.000000 0.936784 0.349907
58.608000000 -15.021227 -3.296438 0.000000 0.000000 0.000000 0.936358 0.351046
58.641000000 -14.998001 -3.285439 0.000000 0.000000 0.000000 0.935931 0.352184
58.674000000 -14.989690 -3.292727 0.000000 0.000000 0.000000 0.935503 0.353319
58.707000000 -14.981398 -3.300035 0.000000 0.000000 0.000000 0.935074 0.354452
58.740000000 -14.958292 -3.288949 0.000000 0.000000 0.000000 0.934644 0.355584
58.773000000 -14.950089 -3.296249 0.000000 0.000000 0.000000 0.934214 0.356713
58.806000000 -14.941904 -3.303569 0.000000 0.000000 0.000000 0.933782 0.357841
58.839000000 -14.933738 -3.310909 0.000000 0.000000 0.000000 0.933350 0.358967
58.872000000 -14.918728 -3.292472 0.000000 0.000000 0.000000 0.932917 0.360091
58.905000000 -14.910655 -3.299797 0.000000 0.000000 0.000000 0.932483 0.361213
58.938000000 -14.879080 -3.295635 0.000000 0.000000 0.000000 0.932049 0.362333
58.971000000 -14.871113 -3.302933 0.000000 0.000000 0.000000 0.931613 0.363452
59.004000000 -14.863165 -3.310251 0.000000 0.000000 0.000000 0.931177 0.364568
59.037000000 -14.839526 -3.299140 0.000000 0.000000 0.000000 0.930740 0.365683
59.070000000 -14.831631 -3.306478 0.000000 0.000000 0.000000 0.930302 0.366795
59.136000000 -14.815896 -3.321212 0.000000 0.000000 0.000000 0.929424 0.369014
59.169000000 -14.799946 -3.302091 0.000000 0.000000 0.000000 0.928983 0.370121
59.202000000 -14.792212 -3.309417 0.000000 0.000000 0.000000 0.928542 0.371226
59.235000000 -14.760290 -3.305479 0.000000 0.000000 0.000000 0.928101 0.372329
59.268000000 -14.752579 -3.312854 0.000000 0.000000 0.000000 0.927658 0.373430
59.301000000 -14.744887 -3.320247 0.000000 0.000000 0.000000 0.927215 0.374529
59.334000000 -14.720794 -3.308802 0.000000 0.000000 0.000000 0.926771 0.375626
59.400000000 -14.705604 -3.323575 0.000000 0.000000 0.000000 0.925881 0.377815
59.433000000 -14.698037 -3.330989 0.000000 0.000000 0.000000 0.925435 0.378906
59.466000000 -14.680960 -3.312137 0.000000 0.000000 0.000000 0.924988 0.379995
59.499000000 -14.673418 -3.319593 0.000000 0.000000 0.000000 0.924541 0.381082
59.532000000 -14.641219 -3.314308 0.000000 0.000000 0.000000 0.933271 0.359172
59.565000000 -14.633476 -3.321306 0.000000 0.000000 0.000000 0.932849 0.360267
59.598000000 -14.625750 -3.328322 0.000000 0.000000 0.000000 0.932426 0.361360
59.631000000 -14.618560 -3.335926 0.000000 0.000000 0.000000 0.922745 0.385412
59.664000000 -14.611228 -3.343350 0.000000 0.000000 0.000000 0.922294 0.386490
59.697000000 -14.601766 -3.317671 0.000000 0.000000 0.000000 0.921842 0.387565
59.730000000 -14.594528 -3.325065 0.000000 0.000000 0.000000 0.921390 0.388639
59.763000000 -14.562213 -3.319816 0.000000 0.000000 0.000000 0.920938 0.389710
59.796000000 -14.555127 -3.327123 0.000000 0.000000 0.000000 0.920484 0.390780
59.829000000 -14.548060 -3.334446 0.000000 0.000000 0.000000 0.920030 0.391847
59.862000000 -14.541010 -3.341786 0.000000 0.000000 0.000000 0.919576 0.392913
59.895000000 -14.522335 -3.322421 0.000000 0.000000 0.000000 0.919121 0.393976
59.928000000 -14.515279 -3.329834 0.000000 0.000000 0.000000 0.918665 0.395038
59.961000000 -14.482962 -3.324909 0.000000 0.000000 0.000000 0.918208 0.396097
59.994000000 -14.476033 -3.332255 0.000000 0.000000 0.000000 0.917752 0.397155
60.027000000 -14.469123 -3.339617 0.000000 0.000000 0.000000 0.917294 0.398211
60.060000000 -14.462231 -3.346995 0.000000 0.000000 0.000000 0.916836 0.399264
60.093000000 -14.443010 -3.327873 0.000000 0.000000 0.000000 0.916377 0.400316
60.126000000 -14.436073 -3.335366 0.000000 0.000000 0.000000 0.915918 0.401365
60.159000000 -14.402830 -3.330839 0.000000 0.000000 0.000000 0.915458 0.402413
60.192000000 -14.395907 -3.338385 0.000000 0.000000 0.000000 0.914998 0.403458
60.225000000 -14.389003 -3.345947 0.000000 0.000000 0.000000 0.914537 0.404501
60.258000000 -14.382117 -3.353525 0.000000 0.000000 0.000000 0.914076 0.405543
60.291000000 -14.363540 -3.332903 0.000000 0.000000 0.000000 0.913614 0.406582
60.324000000 -14.356919 -3.340254 0.000000 0.000000 0.000000 0.913152 0.407619
60.357000000 -14.323588 -3.335455 0.000000 0.000000 0.000000 0.912689 0.408655
60.390000000 -14.316949 -3.342893 0.000000 0.000000 0.000000 0.912226 0.409688
60.423000000 -14.310329 -3.350345 0.000000 0.000000 0.000000 0.911762 0.410719
60.456000000 -14.284207 -3.337602 0.000000 0.000000 0.000000 0.911298 0.411748
60.489000000 -14.277746 -3.344940 0.000000 0.000000 0.000000 0.910833 0.412775
60.522000000 -14.271303 -3.352292 0.000000 0.000000 0.000000 0.910368 0.413800
60.555000000 -14.245385 -3.338980 0.000000 0.000000 0.000000 0.909902 0.414823
60.588000000 -14.239185 -3.346119 0.000000 0.000000 0.000000 0.909436 0.415844
60.621000000 -14.233001 -3.353272 0.000000 0.000000 0.000000 0.908969 0.416863
60.654000000 -14.226836 -3.360438 0.000000 0.000000 0.000000 0.908502 0.417880
60.687000000 -14.206228 -3.341148 0.000000 0.000000 0.000000 0.908035 0.418895
60.720000000 -14.200041 -3.348402 0.000000 0.000000 0.000000 0.907567 0.419907
60.753000000 -14.167352 -3.343111 0.000000 0.000000 0.000000 0.907099 0.420918
60.786000000 -14.161266 -3.350312 0.000000 0.000000 0.000000 0.906630 0.421927
60.819000000 -14.155196 -3.357526 0.000000 0.000000 0.000000 0.906161 0.422933
60.852000000 -14.128025 -3.345524 0.000000 0.000000 0.000000 0.905691 0.423938
60.885000000 -14.121927 -3.352837 0.000000 0.000000 0.000000 0.905222 0.424940
60.918000000 -14.115846 -3.360163 0.000000 0.000000 0.000000 0.904751 0.425940
60.951000000 -14.088806 -3.348064 0.000000 0.000000 0.000000 0.904281 0.426938
60.984000000 -14.082764 -3.355408 0.000000 0.000000 0.000000 0.903810 0.427934
61.017000000 -14.076740 -3.362765 0.000000 0.000000 0.000000 0.903338 0.428928
61.050000000 -14.070733 -3.370135 0.000000 0.000000 0.000000 0.902867 0.429920
61.083000000 -14.049829 -3.350101 0.000000 0.000000 0.000000 0.902395 0.430910
61.116000000 -14.043962 -3.357361 0.000000 0.000000 0.000000 0.901922 0.431898
61.149000000 -14.010595 -3.352155 0.000000 0.000000 0.000000 0.901450 0.432884
61.182000000 -14.004783 -3.359412 0.000000 0.000000 0.000000 0.900977 0.433867
61.215000000 -13.998988 -3.366682 0.000000 0.000000 0.000000 0.900504 0.434849
61.248000000 -13.971834 -3.353874 0.000000 0.000000 0.000000 0.900030 0.435828
61.281000000 -13.966188 -3.361021 0.000000 0.000000 0.000000 0.899556 0.436805
61.314000000 -13.960557 -3.368180 0.000000 0.000000 0.000000 0.899082 0.437781
61.347000000 -13.933014 -3.355518 0.000000 0.000000 0.000000 0.898607 0.438754
61.380000000 -13.927470 -3.362629 0.000000 0.000000 0.000000 0.898133 0.439725
61.413000000 -13.921942 -3.369752 0.000000 0.000000 0.000000 0.897658 0.440693
61.446000000 -13.894220 -3.356711 0.000000 0.000000 0.000000 0.897182 0.441660
61.479000000 -13.888814 -3.363738 0.000000 0.000000 0.000000 0.896707 0.442625
61.512000000 -13.883424 -3.370777 0.000000 0.000000 0.000000 0.896231 0.443587
61.545000000 -13.878051 -3.377828 0.000000 0.000000 0.000000 0.895755 0.444548
61.578000000 -13.854976 -3.358339 0.000000 0.000000 0.000000 0.895279 0.445506
61.611000000 -13.849584 -3.365473 0.000000 0.000000 0.000000 0.894802 0.446462
61.644000000 -13.844209 -3.372620 0.000000 0.000000 0.000000 0.894326 0.447416
61.677000000 -13.816236 -3.359642 0.000000 0.000000 0.000000 0.893849 0.448368
61.710000000 -13.810989 -3.366679 0.000000 0.000000 0.000000 0.893372 0.449318
61.743000000 -13.777258 -3.361203 0.000000 0.000000 0.000000 0.892894 0.450266
61.809000000 -13.766833 -3.375342 0.000000 0.000000 0.000000 0.891939 0.452155
61.842000000 -13.738140 -3.362379 0.000000 0.000000 0.000000 0.891461 0.453096
61.875000000 -13.733017 -3.369404 0.000000 0.000000 0.000000 0.890983 0.454036
61.908000000 -13.727909 -3.376439 0.000000 0.000000 0.000000 0.890505 0.454973
61.941000000 -13.699015 -3.363528 0.000000 0.000000 0.000000 0.890027 0.455908
61.974000000 -13.693976 -3.370529 0.000000 0.000000 0.000000 0.889549 0.456841
62.007000000 -13.663927 -3.359163 0.000000 0.000000 0.000000 0.904156 0.427202
62.040000000 -13.658502 -3.365764 0.000000 0.000000 0.000000 0.903709 0.428147
62.073000000 -13.653092 -3.372377 0.000000 0.000000 0.000000 0.903262 0.429090
62.106000000 -13.647697 -3.379001 0.000000 0.000000 0.000000 0.902814 0.430031
62.139000000 -13.620461 -3.365930 0.000000 0.000000 0.000000 0.902603 0.430473
62.172000000 -13.615052 -3.372611 0.000000 0.000000 0.000000 0.902156 0.431410
62.205000000 -13.609657 -3.379304 0.000000 0.000000 0.000000 0.901708 0.432345
62.238000000 -13.581765 -3.366457 0.000000 0.000000 0.000000 0.901392 0.433004
62.271000000 -13.576584 -3.372930 0.000000 0.000000 0.000000 0.900944 0.433935
62.304000000 -13.571418 -3.379414 0.000000 0.000000 0.000000 0.900496 0.434863
62.337000000 -13.542835 -3.367326 0.000000 0.000000 0.000000 0.900189 0.435500
62.370000000 -13.537699 -3.373817 0.000000 0.000000 0.000000 0.899741 0.436425
62.403000000 -13.532578 -3.380318 0.000000 0.000000 0.000000 0.899293 0.437347
62.436000000 -13.503811 -3.368571 0.000000 0.000000 0.000000 0.898982 0.437985
62.469000000 -13.498685 -3.375123 0.000000 0.000000 0.000000 0.898534 0.438904
62.502000000 -13.493574 -3.381685 0.000000 0.000000 0.000000 0.898086 0.439820
62.535000000 -13.465263 -3.369093 0.000000 0.000000 0.000000 0.897766 0.440474
62.568000000 -13.460323 -3.375480 0.000000 0.000000 0.000000 0.897318 0.441386
62.601000000 -13.455397 -3.381877 0.000000 0.000000 0.000000 0.896869 0.442295
62.634000000 -13.426609 -3.369765 0.000000 0.000000 0.000000 0.896564 0.442915
62.667000000 -13.421739 -3.376134 0.000000 0.000000 0.000000 0.896116 0.443820
62.733000000 -13.412039 -3.388901 0.000000 0.000000 0.000000 0.895220 0.445625
62.766000000 -13.407210 -3.395300 0.000000 0.000000 0.000000 0.894771 0.446524
62.799000000 -13.388634 -3.369902 0.000000 0.000000 0.000000 0.895325 0.445414
62.832000000 -13.383958 -3.376088 0.000000 0.000000 0.000000 0.894879 0.446310
62.865000000 -13.379294 -3.382284 0.000000 0.000000 0.000000 0.894432 0.447203
62.898000000 -13.349636 -3.370861 0.000000 0.000000 0.000000 0.894116 0.447836
62.931000000 -13.344867 -3.377240 0.000000 0.000000 0.000000 0.893670 0.448725
62.964000000 -13.311067 -3.371392 0.000000 0.000000 0.000000 0.892893 0.450268
62.997000000 -13.306415 -3.377686 0.000000 0.000000 0.000000 0.892447 0.451153
63.030000000 -13.301777 -3.383989 0.000000 0.000000 0.000000 0.892000 0.452036
63.063000000 -13.297153 -3.390302 0.000000 0.000000 0.000000 0.891553 0.452916
63.096000000 -13.272381 -3.372337 0.000000 0.000000 0.000000 0.891674 0.452678
63.129000000 -13.267749 -3.378676 0.000000 0.000000 0.000000 0.891228 0.453555
63.162000000 -13.233888 -3.372610 0.000000 0.000000 0.000000 0.890446 0.455088
63.195000000 -13.229406 -3.378814 0.000000 0.000000 0.000000 0.890000 0.455961
63.228000000 -13.224938 -3.385026 0.000000 0.000000 0.000000 0.889554 0.456831
63.261000000 -13.220483 -3.391247 0.000000 0.000000 0.000000 0.889107 0.457698
63.294000000 -13.195395 -3.372671 0.000000 0.000000 0.000000 0.889230 0.457460
63.327000000 -13.191024 -3.378790 0.000000 0.000000 0.000000 0.888785 0.458325
63.360000000 -13.186666 -3.384917 0.000000 0.000000 0.000000 0.888340 0.459186
63.393000000 -13.156821 -3.372749 0.000000 0.000000 0.000000 0.888011 0.459822
63.426000000 -13.119531 -3.371271 0.000000 0.000000 0.000000 0.886877 0.462005
63.459000000 -13.115355 -3.377245 0.000000 0.000000 0.000000 0.886431 0.462860
63.492000000 -13.111191 -3.383227 0.000000 0.000000 0.000000 0.885986 0.463713
63.525000000 -13.107041 -3.389217 0.000000 0.000000 0.000000 0.885540 0.464563
63.558000000 -13.080400 -3.371920 0.000000 0.000000 0.000000 0.885525 0.464592
63.591000000 -13.076348 -3.377788 0.000000 0.000000 0.000000 0.885080 0.465438
63.624000000 -13.072310 -3.383664 0.000000 0.000000 0.000000 0.884636 0.466283
63.657000000 -13.042102 -3.371379 0.000000 0.000000 0.000000 0.884279 0.466959
63.690000000 -13.038115 -3.377221 0.000000 0.000000 0.000000 0.883835 0.467799
63.723000000 -13.034140 -3.383070 0.000000 0.000000 0.000000 0.883391 0.468638
63.756000000 -13.003781 -3.370759 0.000000 0.000000 0.000000 0.883047 0.469285
63.789000000 -12.999863 -3.376565 0.000000 0.000000 0.000000 0.882603 0.470119
63.822000000 -12.995958 -3.382377 0.000000 0.000000 0.000000 0.882159 0.470951
63.855000000 -12.992065 -3.388198 0.000000 0.000000 0.000000 0.881716 0.471781
63.888000000 -12.964928 -3.370544 0.000000 0.000000 0.000000 0.881876 0.471481
63.921000000 -12.960986 -3.376450 0.000000 0.000000 0.000000 0.881434 0.472307
63.954000000 -12.926752 -3.369755 0.000000 0.000000 0.000000 0.880649 0.473768
63.987000000 -12.922965 -3.375491 0.000000 0.000000 0.000000 0.880207 0.474590
64.020000000 -12.919191 -3.381235 0.000000 0.000000 0.000000 0.879765 0.475409
64.053000000 -12.888886 -3.369020 0.000000 0.000000 0.000000 0.879422 0.476044
64.086000000 -12.885200 -3.374668 0.000000 0.000000 0.000000 0.878980 0.476859
64.119000000 -12.881526 -3.380323 0.000000 0.000000 0.000000 0.878539 0.477671
64.152000000 -12.850732 -3.368412 0.000000 0.000000 0.000000 0.878182 0.478327
64.185000000 -12.847080 -3.374072 0.000000 0.000000 0.000000 0.877741 0.479135
64.218000000 -12.843439 -3.379739 0.000000 0.000000 0.000000 0.877300 0.479942
64.251000000 -12.839810 -3.385413 0.000000 0.000000 0.000000 0.876860 0.480746
64.284000000 -12.812777 -3.367825 0.000000 0.000000 0.000000 0.876953 0.480577
64.317000000 -12.809189 -3.373448 0.000000 0.000000 0.000000 0.876514 0.481377
64.350000000 -12.774766 -3.367380 0.000000 0.000000 0.000000 0.875718 0.482823
64.383000000 -12.771218 -3.373005 0.000000 0.000000 0.000000 0.875279 0.483619
64.416000000 -12.738657 -3.363737 0.000000 0.000000 0.000000 0.874715 0.484638
64.449000000 -12.735204 -3.369260 0.000000 0.000000 0.000000 0.874276 0.485429
64.482000000 -12.731762 -3.374790 0.000000 0.000000 0.000000 0.873837 0.486218
64.515000000 -12.700592 -3.362755 0.000000 0.000000 0.000000 0.873506 0.486814
64.548000000 -12.697191 -3.368255 0.000000 0.000000 0.000000 0.873068 0.487598
64.581000000 -12.693802 -3.373761 0.000000 0.000000 0.000000 0.872631 0.488381
64.614000000 -12.690424 -3.379273 0.000000 0.000000 0.000000 0.872193 0.489161
64.647000000 -12.661023 -3.364880 0.000000 0.000000 0.000000 0.871997 0.489512
64.680000000 -12.657719 -3.370300 0.000000 0.000000 0.000000 0.871560 0.490288
64.713000000 -12.654426 -3.375726 0.000000 0.000000 0.000000 0.871125 0.491062
64.746000000 -12.623219 -3.363476 0.000000 0.000000 0.000000 0.870747 0.491731
64.779000000 -12.620031 -3.368766 0.000000 0.000000 0.000000 0.870312 0.492501
64.812000000 -12.616854 -3.374061 0.000000 0.000000 0.000000 0.869877 0.493269
64.845000000 -12.585476 -3.362581 0.000000 0.000000 0.000000 0.869529 0.493882
64.878000000 -12.582307 -3.367899 0.000000 0.000000 0.000000 0.869095 0.494645
64.911000000 -12.579148 -3.373223 0.000000 0.000000 0.000000 0.868661 0.495407
64.944000000 -12.547863 -3.360963 0.000000 0.000000 0.000000 0.868282 0.496071
64.977000000 -12.544825 -3.366119 0.000000 0.000000 0.000000 0.867849 0.496828
65.010000000 -12.541798 -3.371281 0.000000 0.000000 0.000000 0.867416 0.497583
65.043000000 -12.510258 -3.359381 0.000000 0.000000 0.000000 0.867041 0.498236
65.076000000 -12.507290 -3.364478 0.000000 0.000000 0.000000 0.866609 0.498987
65.109000000 -12.504331 -3.369580 0.000000 0.000000 0.000000 0.866178 0.499735
65.142000000 -12.472643 -3.358423 0.000000 0.000000 0.000000 0.865784 0.500417
65.175000000 -12.469665 -3.363597 0.000000 0.000000 0.000000 0.865354 0.501162
65.208000000 -12.466696 -3.368777 0.000000 0.000000 0.000000 0.864924 0.501904
65.241000000 -12.435087 -3.357181 0.000000 0.000000 0.000000 0.864553 0.502542
65.274000000 -12.432180 -3.362290 0.000000 0.000000 0.000000 0.864124 0.503280
65.307000000 -12.429282 -3.367404 0.000000 0.000000 0.000000 0.863695 0.504015
65.340000000 -12.426394 -3.372524 0.000000 0.000000 0.000000 0.863266 0.504749
65.373000000 -12.397427 -3.356407 0.000000 0.000000 0.000000 0.863324 0.504650
65.406000000 -12.361974 -3.351282 0.000000 0.000000 0.000000 0.862471 0.506107
65.439000000 -12.359103 -3.356422 0.000000 0.000000 0.000000 0.862044 0.506834
65.472000000 -12.356242 -3.361568 0.000000 0.000000 0.000000 0.861617 0.507559
65.505000000 -12.353391 -3.366718 0.000000 0.000000 0.000000 0.861191 0.508282
65.538000000 -12.322241 -3.354368 0.000000 0.000000 0.000000 0.860881 0.508806
65.571000000 -12.319473 -3.359400 0.000000 0.000000 0.000000 0.860456 0.509524
65.604000000 -12.316714 -3.364437 0.000000 0.000000 0.000000 0.860032 0.510241
65.637000000 -12.284763 -3.353348 0.000000 0.000000 0.000000 0.859622 0.510931
65.670000000 -12.282040 -3.358356 0.000000 0.000000 0.000000 0.859198 0.511643
65.703000000 -12.279327 -3.363369 0.000000 0.000000 0.000000 0.858775 0.512353
65.736000000 -12.247280 -3.352143 0.000000 0.000000 0.000000 0.858386 0.513004
65.769000000 -12.244625 -3.357084 0.000000 0.000000 0.000000 0.857964 0.513710
65.802000000 -12.241979 -3.362030 0.000000 0.000000 0.000000 0.857542 0.514413
65.835000000 -12.239343 -3.366980 0.000000 0.000000 0.000000 0.857121 0.515115
65.868000000 -12.209831 -3.350916 0.000000 0.000000 0.000000 0.857140 0.515083
65.901000000 -12.207233 -3.355806 0.000000 0.000000 0.000000 0.856720 0.515781
65.934000000 -12.172372 -3.349619 0.000000 0.000000 0.000000 0.855931 0.517090
65.967000000 -12.169831 -3.354457 0.000000 0.000000 0.000000 0.855512 0.517784
66.033000000 -12.164776 -3.364147 0.000000 0.000000 0.000000 0.854675 0.519164
66.066000000 -12.134817 -3.348861 0.000000 0.000000 0.000000 0.854710 0.519105
66.099000000 -12.132265 -3.353775 0.000000 0.000000 0.000000 0.854294 0.519791
66.132000000 -12.129723 -3.358693 0.000000 0.000000 0.000000 0.853878 0.520473
66.165000000 -12.127190 -3.363616 0.000000 0.000000 0.000000 0.853463 0.521154
66.198000000 -12.124666 -3.368543 0.000000 0.000000 0.000000 0.853048 0.521833
66.231000000 -12.060136 -3.346262 0.000000 0.000000 0.000000 0.852273 0.523097
66.264000000 -12.057694 -3.351076 0.000000 0.000000 0.000000 0.851859 0.523771
66.297000000 -12.055260 -3.355894 0.000000 0.000000 0.000000 0.851445 0.524443
66.330000000 -12.052835 -3.360716 0.000000 0.000000 0.000000 0.851032 0.525113
66.363000000 -12.022705 -3.345140 0.000000 0.000000 0.000000 0.850988 0.525186
66.396000000 -12.020363 -3.349812 0.000000 0.000000 0.000000 0.850576 0.525852
66.429000000 -12.018030 -3.354488 0.000000 0.000000 0.000000 0.850166 0.526515
66.462000000 -12.015706 -3.359168 0.000000 0.000000 0.000000 0.849755 0.527177
66.495000000 -12.013390 -3.363851 0.000000 0.000000 0.000000 0.849346 0.527837
66.528000000 -11.985328 -3.344070 0.000000 0.000000 0.000000 0.849766 0.527160
66.561000000 -11.947873 -3.342672 0.000000 0.000000 0.000000 0.848522 0.529160
66.594000000 -11.945619 -3.347277 0.000000 0.000000 0.000000 0.848114 0.529813
66.627000000 -11.943373 -3.351885 0.000000 0.000000 0.000000 0.847707 0.530465
66.660000000 -11.941136 -3.356497 0.000000 0.000000 0.000000 0.847300 0.531114
66.693000000 -11.910418 -3.341865 0.000000 0.000000 0.000000 0.847277 0.531152
66.726000000 -11.908156 -3.346541 0.000000 0.000000 0.000000 0.846872 0.531797
66.759000000 -11.873060 -3.340524 0.000000 0.000000 0.000000 0.846060 0.533088
66.792000000 -11.870886 -3.345071 0.000000 0.000000 0.000000 0.845655 0.533729
66.825000000 -11.868720 -3.349622 0.000000 0.000000 0.000000 0.845252 0.534368
66.858000000 -11.866562 -3.354176 0.000000 0.000000 0.000000 0.844849 0.535004
66.891000000 -11.835573 -3.339127 0.000000 0.000000 0.000000 0.844832 0.535032
66.924000000 -11.833452 -3.343616 0.000000 0.000000 0.000000 0.844431 0.535664
66.957000000 -11.798299 -3.338117 0.000000 0.000000 0.000000 0.843626 0.536931
66.990000000 -11.796196 -3.342621 0.000000 0.000000 0.000000 0.843226 0.537559
67.023000000 -11.794100 -3.347128 0.000000 0.000000 0.000000 0.842827 0.538185
67.056000000 -11.760843 -3.336887 0.000000 0.000000 0.000000 0.842426 0.538812
67.089000000 -11.758788 -3.341339 0.000000 0.000000 0.000000 0.842028 0.539434
67.122000000 -11.756741 -3.345795 0.000000 0.000000 0.000000 0.841631 0.540053
67.155000000 -11.723634 -3.335173 0.000000 0.000000 0.000000 0.841205 0.540716
67.188000000 -11.721678 -3.339462 0.000000 0.000000 0.000000 0.840809 0.541332
67.221000000 -11.687141 -3.332568 0.000000 0.000000 0.000000 0.840156 0.542345
67.254000000 -11.685172 -3.336929 0.000000 0.000000 0.000000 0.839761 0.542956
67.287000000 -11.683211 -3.341293 0.000000 0.000000 0.000000 0.839367 0.543565
67.320000000 -11.681257 -3.345661 0.000000 0.000000 0.000000 0.838974 0.544172
67.353000000 -11.679311 -3.350031 0.000000 0.000000 0.000000 0.838581 0.544777
67.386000000 -11.649291 -3.332996 0.000000 0.000000 0.000000 0.838802 0.544436
67.419000000 -11.647368 -3.337313 0.000000 0.000000 0.000000 0.838412 0.545038
67.452000000 -11.611962 -3.331612 0.000000 0.000000 0.000000 0.837641 0.546221
67.485000000 -11.610092 -3.335861 0.000000 0.000000 0.000000 0.837251 0.546818
67.518000000 -11.608228 -3.340112 0.000000 0.000000 0.000000 0.836862 0.547413
67.551000000 -11.574712 -3.330742 0.000000 0.000000 0.000000 0.836467 0.548017
67.584000000 -11.572840 -3.335045 0.000000 0.000000 0.000000 0.836080 0.548608
67.617000000 -11.570975 -3.339351 0.000000 0.000000 0.000000 0.835693 0.549197
67.650000000 -11.569117 -3.343659 0.000000 0.000000 0.000000 0.835307 0.549784
67.683000000 -11.537419 -3.329727 0.000000 0.000000 0.000000 0.835212 0.549928
67.716000000 -11.535587 -3.333990 0.000000 0.000000 0.000000 0.834828 0.550511
67.749000000 -11.500103 -3.328469 0.000000 0.000000 0.000000 0.834055 0.551682
67.782000000 -11.498330 -3.332643 0.000000 0.000000 0.000000 0.833672 0.552260
67.815000000 -11.496565 -3.336820 0.000000 0.000000 0.000000 0.833290 0.552837
67.848000000 -11.462842 -3.327334 0.000000 0.000000 0.000000 0.832872 0.553466
67.881000000 -11.461103 -3.331479 0.000000 0.000000 0.000000 0.832491 0.554038
67.914000000 -11.459370 -3.335626 0.000000 0.000000 0.000000 0.832112 0.554608
67.947000000 -11.457644 -3.339775 0.000000 0.000000 0.000000 0.831733 0.555176
67.980000000 -11.425613 -3.326873 0.000000 0.000000 0.000000 0.831692 0.555237
68.013000000 -11.423852 -3.331121 0.000000 0.000000 0.000000 0.831315 0.555802
68.046000000 -11.388202 -3.325778 0.000000 0.000000 0.000000 0.830515 0.556997
68.079000000 -11.386511 -3.329906 0.000000 0.000000 0.000000 0.830139 0.557557
68.112000000 -11.384827 -3.334036 0.000000 0.000000 0.000000 0.829764 0.558115
68.145000000 -11.351000 -3.325468 0.000000 0.000000 0.000000 0.829334 0.558754
68.178000000 -11.349293 -3.329685 0.000000 0.000000 0.000000 0.828960 0.559308
68.211000000 -11.347593 -3.333905 0.000000 0.000000 0.000000 0.828587 0.559860
68.244000000 -11.313848 -3.324583 0.000000 0.000000 0.000000 0.828162 0.560489
68.277000000 -11.312215 -3.328667 0.000000 0.000000 0.000000 0.827791 0.561037
68.310000000 -11.310588 -3.332753 0.000000 0.000000 0.000000 0.827421 0.561583
68.343000000 -11.276605 -3.324030 0.000000 0.000000 0.000000 0.827017 0.562177
68.376000000 -11.274984 -3.328131 0.000000 0.000000 0.000000 0.826648 0.562719
68.409000000 -11.273370 -3.332234 0.000000 0.000000 0.000000 0.826281 0.563259
68.442000000 -11.271763 -3.336340 0.000000 0.000000 0.000000 0.825914 0.563796
68.475000000 -11.270162 -3.340447 0.000000 0.000000 0.000000 0.825548 0.564332
68.508000000 -11.239426 -3.323181 0.000000 0.000000 0.000000 0.825858 0.563879
68.541000000 -11.202217 -3.322582 0.000000 0.000000 0.000000 0.824720 0.565541
68.574000000 -11.200669 -3.326595 0.000000 0.000000 0.000000 0.824357 0.566071
68.607000000 -11.199127 -3.330610 0.000000 0.000000 0.000000 0.823994 0.566599
68.640000000 -11.197592 -3.334627 0.000000 0.000000 0.000000 0.823632 0.567124
68.673000000 -11.164986 -3.321776 0.000000 0.000000 0.000000 0.823602 0.567168
68.706000000 -11.163482 -3.325720 0.000000 0.000000 0.000000 0.823243 0.567690
68.739000000 -11.127940 -3.320959 0.000000 0.000000 0.000000 0.822477 0.568798
68.772000000 -11.126478 -3.324839 0.000000 0.000000 0.000000 0.822119 0.569316
68.805000000 -11.125023 -3.328721 0.000000 0.000000 0.000000 0.821762 0.569831
68.838000000 -11.090640 -3.320442 0.000000 0.000000 0.000000 0.821355 0.570418
68.871000000 -11.089180 -3.324365 0.000000 0.000000 0.000000 0.820999 0.570929
68.904000000 -11.087726 -3.328290 0.000000 0.000000 0.000000 0.820645 0.571439
68.937000000 -11.086278 -3.332216 0.000000 0.000000 0.000000 0.820291 0.571947
68.970000000 -11.084837 -3.336145 0.000000 0.000000 0.000000 0.819938 0.572452
69.003000000 -11.053665 -3.319270 0.000000 0.000000 0.000000 0.820269 0.571978
69.036000000 -11.016496 -3.318255 0.000000 0.000000 0.000000 0.819188 0.573525
69.069000000 -11.015147 -3.321967 0.000000 0.000000 0.000000 0.818838 0.574024
69.102000000 -11.013803 -3.325681 0.000000 0.000000 0.000000 0.818489 0.574522
69.135000000 -11.012465 -3.329396 0.000000 0.000000 0.000000 0.818141 0.575018
69.168000000 -10.979331 -3.317405 0.000000 0.000000 0.000000 0.818111 0.575061
69.201000000 -10.977997 -3.321119 0.000000 0.000000 0.000000 0.817764 0.575553
69.234000000 -10.942293 -3.316507 0.000000 0.000000 0.000000 0.817038 0.576584
69.300000000 -10.939694 -3.323843 0.000000 0.000000 0.000000 0.816350 0.577558
69.333000000 -10.938403 -3.327514 0.000000 0.000000 0.000000 0.816007 0.578042
69.366000000 -10.937117 -3.331186 0.000000 0.000000 0.000000 0.815666 0.578524
69.399000000 -10.905210 -3.315767 0.000000 0.000000 0.000000 0.815956 0.578114
69.465000000 -10.902642 -3.323102 0.000000 0.000000 0.000000 0.815278 0.579069
69.498000000 -10.901366 -3.326772 0.000000 0.000000 0.000000 0.814941 0.579544
69.531000000 -10.868143 -3.314781 0.000000 0.000000 0.000000 0.814913 0.579583
69.564000000 -10.831126 -3.313743 0.000000 0.000000 0.000000 0.813864 0.581056
69.597000000 -10.829919 -3.317263 0.000000 0.000000 0.000000 0.813529 0.581525
69.630000000 -10.828717 -3.320785 0.000000 0.000000 0.000000 0.813195 0.581991
69.663000000 -10.827521 -3.324309 0.000000 0.000000 0.000000 0.812862 0.582456
69.696000000 -10.794121 -3.313213 0.000000 0.000000 0.000000 0.812840 0.582486
69.729000000 -10.792904 -3.316803 0.000000 0.000000 0.000000 0.812510 0.582947
69.762000000 -10.757011 -3.312040 0.000000 0.000000 0.000000 0.811805 0.583929
69.795000000 -10.755857 -3.315486 0.000000 0.000000 0.000000 0.811476 0.584386
69.828000000 -10.754708 -3.318933 0.000000 0.000000 0.000000 0.811148 0.584841
69.861000000 -10.719827 -3.311429 0.000000 0.000000 0.000000 0.810763 0.585375
69.894000000 -10.718664 -3.314944 0.000000 0.000000 0.000000 0.810437 0.585826
69.927000000 -10.717506 -3.318460 0.000000 0.000000 0.000000 0.810112 0.586275
69.960000000 -10.716353 -3.321977 0.000000 0.000000 0.000000 0.809788 0.586722
69.993000000 -10.682843 -3.310540 0.000000 0.000000 0.000000 0.809747 0.586779
70.026000000 -10.681722 -3.313967 0.000000 0.000000 0.000000 0.809426 0.587223
70.059000000 -10.645695 -3.309843 0.000000 0.000000 0.000000 0.808713 0.588203
70.092000000 -10.644585 -3.313278 0.000000 0.000000 0.000000 0.808394 0.588642
70.125000000 -10.643480 -3.316714 0.000000 0.000000 0.000000 0.808075 0.589080
70.158000000 -10.642380 -3.320152 0.000000 0.000000 0.000000 0.807757 0.589516
70.191000000 -10.608497 -3.309064 0.000000 0.000000 0.000000 0.807691 0.589606
70.224000000 -10.571675 -3.307325 0.000000 0.000000 0.000000 0.806797 0.590828
70.257000000 -10.570619 -3.310666 0.000000 0.000000 0.000000 0.806482 0.591258
70.290000000 -10.569568 -3.314008 0.000000 0.000000 0.000000 0.806168 0.591686
70.323000000 -10.568521 -3.317351 0.000000 0.000000 0.000000 0.805855 0.592112
70.356000000 -10.567479 -3.320695 0.000000 0.000000 0.000000 0.805544 0.592536
70.389000000 -10.534495 -3.307387 0.000000 0.000000 0.000000 0.805752 0.592254
70.422000000 -10.533471 -3.310669 0.000000 0.000000 0.000000 0.805442 0.592674
70.455000000 -10.497356 -3.306668 0.000000 0.000000 0.000000 0.804806 0.593537
70.488000000 -10.496341 -3.309956 0.000000 0.000000 0.000000 0.804499 0.593954
70.521000000 -10.495331 -3.313246 0.000000 0.000000 0.000000 0.804192 0.594369
70.554000000 -10.460418 -3.305907 0.000000 0.000000 0.000000 0.803858 0.594822
70.587000000 -10.459428 -3.309149 0.000000 0.000000 0.000000 0.803553 0.595233
70.620000000 -10.458443 -3.312392 0.000000 0.000000 0.000000 0.803250 0.595642
70.653000000 -10.423441 -3.304974 0.000000 0.000000 0.000000 0.802957 0.596036
70.686000000 -10.422485 -3.308143 0.000000 0.000000 0.000000 0.802656 0.596442
70.719000000 -10.386843 -3.302816 0.000000 0.000000 0.000000 0.802149 0.597123
70.752000000 -10.385900 -3.305970 0.000000 0.000000 0.000000 0.801850 0.597525
70.785000000 -10.384961 -3.309126 0.000000 0.000000 0.000000 0.801552 0.597925
70.818000000 -10.384026 -3.312283 0.000000 0.000000 0.000000 0.801255 0.598323
70.851000000 -10.349548 -3.303190 0.000000 0.000000 0.000000 0.801125 0.598497
70.884000000 -10.348637 -3.306277 0.000000 0.000000 0.000000 0.800830 0.598892
70.917000000 -10.347730 -3.309365 0.000000 0.000000 0.000000 0.800536 0.599284
70.950000000 -10.312390 -3.302480 0.000000 0.000000 0.000000 0.800193 0.599742
70.983000000 -10.311479 -3.305602 0.000000 0.000000 0.000000 0.799901 0.600131
71.016000000 -10.310572 -3.308725 0.000000 0.000000 0.000000 0.799611 0.600519
71.049000000 -10.309669 -3.311850 0.000000 0.000000 0.000000 0.799321 0.600905
71.082000000 -10.276151 -3.302451 0.000000 0.000000 0.000000 0.799277 0.600963
71.115000000 -10.275227 -3.305652 0.000000 0.000000 0.000000 0.798989 0.601346
71.148000000 -10.239133 -3.301182 0.000000 0.000000 0.000000 0.798408 0.602116
71.181000000 -10.238287 -3.304147 0.000000 0.000000 0.000000 0.798122 0.602496
71.214000000 -10.237444 -3.307112 0.000000 0.000000 0.000000 0.797836 0.602874
71.247000000 -10.201532 -3.302794 0.000000 0.000000 0.000000 0.797590 0.603199
71.280000000 -10.200520 -3.306377 0.000000 0.000000 0.000000 0.797307 0.603574
71.313000000 -10.199512 -3.309962 0.000000 0.000000 0.000000 0.797024 0.603948
71.346000000 -10.198508 -3.313548 0.000000 0.000000 0.000000 0.796742 0.604320
71.379000000 -10.163002 -3.308114 0.000000 0.000000 0.000000 0.796723 0.604344
71.412000000 -10.161707 -3.312746 0.000000 0.000000 0.000000 0.796443 0.604714
71.445000000 -10.123554 -3.316338 0.000000 0.000000 0.000000 0.795871 0.605466
71.478000000 -10.122004 -3.321940 0.000000 0.000000 0.000000 0.795593 0.605832
71.511000000 -10.084624 -3.323640 0.000000 0.000000 0.000000 0.795209 0.606336
71.544000000 -10.082791 -3.330319 0.000000 0.000000 0.000000 0.794932 0.606699
71.577000000 -10.080963 -3.337011 0.000000 0.000000 0.000000 0.794656 0.607060
71.610000000 -10.079138 -3.343716 0.000000 0.000000 0.000000 0.794381 0.607420
71.643000000 -10.042367 -3.343039 0.000000 0.000000 0.000000 0.794182 0.607680
71.676000000 -10.040273 -3.350776 0.000000 0.000000 0.000000 0.793909 0.608036
71.709000000 -10.002397 -3.354738 0.000000 0.000000 0.000000 0.793528 0.608533
71.775000000 -9.997714 -3.372211 0.000000 0.000000 0.000000 0.792992 0.609232
71.808000000 -9.995376 -3.380986 0.000000 0.000000 0.000000 0.792728 0.609575
71.841000000 -9.958138 -3.382686 0.000000 0.000000 0.000000 0.792483 0.609894
71.874000000 -9.955527 -3.392549 0.000000 0.000000 0.000000 0.792225 0.610229
71.907000000 -9.952916 -3.402446 0.000000 0.000000 0.000000 0.791972 0.610558
71.940000000 -9.914892 -3.407437 0.000000 0.000000 0.000000 0.791687 0.610927
71.973000000 -9.912035 -3.418341 0.000000 0.000000 0.000000 0.791443 0.611244
72.006000000 -9.909176 -3.429289 0.000000 0.000000 0.000000 0.791204 0.611553
72.039000000 -9.906316 -3.440279 0.000000 0.000000 0.000000 0.790971 0.611854
72.072000000 -9.870720 -3.435755 0.000000 0.000000 0.000000 0.790947 0.611885
72.105000000 -9.867595 -3.447797 0.000000 0.000000 0.000000 0.790728 0.612168
72.138000000 -9.825747 -3.467736 0.000000 0.000000 0.000000 0.790236 0.612802
72.171000000 -9.822349 -3.480959 0.000000 0.000000 0.000000 0.790034 0.613063
72.204000000 -9.783086 -3.490336 0.000000 0.000000 0.000000 0.789752 0.613426
72.237000000 -9.779454 -3.504560 0.000000 0.000000 0.000000 0.789569 0.613662
72.270000000 -9.775811 -3.518860 0.000000 0.000000 0.000000 0.789396 0.613884
72.303000000 -9.772159 -3.533235 0.000000 0.000000 0.000000 0.789235 0.614091
72.336000000 -9.733337 -3.541715 0.000000 0.000000 0.000000 0.789036 0.614347
72.369000000 -9.729423 -3.557195 0.000000 0.000000 0.000000 0.788901 0.614521
72.402000000 -9.725494 -3.572762 0.000000 0.000000 0.000000 0.788780 0.614676
72.435000000 -9.686051 -3.584157 0.000000 0.000000 0.000000 0.788602 0.614904
72.468000000 -9.681866 -3.600807 0.000000 0.000000 0.000000 0.788512 0.615020
72.501000000 -9.642090 -3.613229 0.000000 0.000000 0.000000 0.788369 0.615203
72.534000000 -9.637628 -3.631034 0.000000 0.000000 0.000000 0.788255 0.615349
72.567000000 -9.633146 -3.648950 0.000000 0.000000 0.000000 0.788219 0.615394
72.633000000 -9.624103 -3.685115 0.000000 0.000000 0.000000 0.788210 0.615407
72.666000000 -9.587611 -3.681907 0.000000 0.000000 0.000000 0.788274 0.615325
72.699000000 -9.582723 -3.701437 0.000000 0.000000 0.000000 0.788326 0.615257
72.732000000 -9.577800 -3.721094 0.000000 0.000000 0.000000 0.788404 0.615158
72.765000000 -9.534698 -3.737997 0.000000 0.000000 0.000000 0.788540 0.614984
72.798000000 -9.529373 -3.759198 0.000000 0.000000 0.000000 0.788672 0.614814
72.831000000 -9.524001 -3.780542 0.000000 0.000000 0.000000 0.788833 0.614607
72.864000000 -9.481013 -3.795611 0.000000 0.000000 0.000000 0.789019 0.614369
72.897000000 -9.475446 -3.817628 0.000000 0.000000 0.000000 0.789244 0.614080
72.930000000 -9.469823 -3.839793 0.000000 0.000000 0.000000 0.789502 0.613748
72.963000000 -9.464143 -3.862106 0.000000 0.000000 0.000000 0.789796 0.613370
72.996000000 -9.428115 -3.855477 0.000000 0.000000 0.000000 0.789702 0.613491
73.029000000 -9.422322 -3.878177 0.000000 0.000000 0.000000 0.790072 0.613014
73.062000000 -9.375295 -3.918866 0.000000 0.000000 0.000000 0.790717 0.612183
73.095000000 -9.369162 -3.942567 0.000000 0.000000 0.000000 0.791170 0.611597
73.128000000 -9.362950 -3.966424 0.000000 0.000000 0.000000 0.791667 0.610953
73.161000000 -9.322123 -3.985647 0.000000 0.000000 0.000000 0.792111 0.610378
73.194000000 -9.315592 -4.010419 0.000000 0.000000 0.000000 0.792699 0.609613
73.227000000 -9.308966 -4.035353 0.000000 0.000000 0.000000 0.793330 0.608792
73.260000000 -9.268997 -4.056484 0.000000 0.000000 0.000000 0.793932 0.608006
73.293000000 -9.261979 -4.082474 0.000000 0.000000 0.000000 0.794638 0.607083
73.326000000 -9.254847 -4.108636 0.000000 0.000000 0.000000 0.795378 0.606114
73.359000000 -9.215305 -4.130562 0.000000 0.000000 0.000000 0.796195 0.605040
73.392000000 -9.207773 -4.157650 0.000000 0.000000 0.000000 0.796993 0.603988
73.425000000 -9.200112 -4.184915 0.000000 0.000000 0.000000 0.797816 0.602901
73.458000000 -9.160103 -4.208491 0.000000 0.000000 0.000000 0.798762 0.601647
73.491000000 -9.151956 -4.236850 0.000000 0.000000 0.000000 0.799626 0.600498
73.524000000 -9.143666 -4.265395 0.000000 0.000000 0.000000 0.800508 0.599323
73.557000000 -9.103142 -4.289768 0.000000 0.000000 0.000000 0.801463 0.598044
73.590000000 -9.094358 -4.319339 0.000000 0.000000 0.000000 0.802370 0.596827
73.623000000 -9.085417 -4.349104 0.000000 0.000000 0.000000 0.803285 0.595594
73.656000000 -9.045251 -4.373311 0.000000 0.000000 0.000000 0.804255 0.594285
73.689000000 -9.035893 -4.403767 0.000000 0.000000 0.000000 0.805180 0.593030
73.722000000 -9.026368 -4.434419 0.000000 0.000000 0.000000 0.806108 0.591769
73.755000000 -8.986822 -4.461030 0.000000 0.000000 0.000000 0.807038 0.590500
73.788000000 -8.976764 -4.492701 0.000000 0.000000 0.000000 0.807962 0.589235
73.821000000 -8.966529 -4.524577 0.000000 0.000000 0.000000 0.808880 0.587974
73.854000000 -8.927780 -4.551658 0.000000 0.000000 0.000000 0.809795 0.586713
73.887000000 -8.916988 -4.584520 0.000000 0.000000 0.000000 0.810697 0.585466
73.920000000 -8.905992 -4.617643 0.000000 0.000000 0.000000 0.811588 0.584231
73.953000000 -8.894770 -4.651075 0.000000 0.000000 0.000000 0.812466 0.583009
73.986000000 -8.867997 -4.644878 0.000000 0.000000 0.000000 0.812473 0.582999
74.019000000 -8.856595 -4.678547 0.000000 0.000000 0.000000 0.813322 0.581814
74.052000000 -8.807890 -4.740718 0.000000 0.000000 0.000000 0.815059 0.579379
74.085000000 -8.795867 -4.775197 0.000000 0.000000 0.000000 0.815868 0.578238
74.118000000 -8.783611 -4.809978 0.000000 0.000000 0.000000 0.816657 0.577123
74.151000000 -8.747127 -4.839260 0.000000 0.000000 0.000000 0.817489 0.575945
74.184000000 -8.734478 -4.874560 0.000000 0.000000 0.000000 0.818232 0.574888
74.217000000 -8.691607 -4.923258 0.000000 0.000000 0.000000 0.819412 0.573205
74.250000000 -8.678422 -4.959314 0.000000 0.000000 0.000000 0.820105 0.572213
74.283000000 -8.665003 -4.995669 0.000000 0.000000 0.000000 0.820772 0.571255
74.316000000 -8.651350 -5.032324 0.000000 0.000000 0.000000 0.821412 0.570335
74.349000000 -8.620800 -5.045457 0.000000 0.000000 0.000000 0.821738 0.569865
74.382000000 -8.606790 -5.082782 0.000000 0.000000 0.000000 0.822322 0.569022
74.415000000 -8.592550 -5.120407 0.000000 0.000000 0.000000 0.822878 0.568218
74.448000000 -8.553215 -5.154160 0.000000 0.000000 0.000000 0.823391 0.567474
74.481000000 -8.538432 -5.192856 0.000000 0.000000 0.000000 0.823887 0.566754
74.514000000 -8.523425 -5.231854 0.000000 0.000000 0.000000 0.824353 0.566076
74.547000000 -8.483437 -5.265705 0.000000 0.000000 0.000000 0.824740 0.565512
74.580000000 -8.468008 -5.305520 0.000000 0.000000 0.000000 0.825145 0.564922
74.613000000 -8.452364 -5.345640 0.000000 0.000000 0.000000 0.825518 0.564375
74.646000000 -8.412692 -5.380151 0.000000 0.000000 0.000000 0.825769 0.564008
74.679000000 -8.396715 -5.420941 0.000000 0.000000 0.000000 0.826082 0.563550
74.712000000 -8.380533 -5.462038 0.000000 0.000000 0.000000 0.826363 0.563137
74.745000000 -8.364152 -5.503444 0.000000 0.000000 0.000000 0.826615 0.562768
74.778000000 -8.343223 -5.496516 0.000000 0.000000 0.000000 0.826488 0.562955
74.811000000 -8.326912 -5.537849 0.000000 0.000000 0.000000 0.826679 0.562674
74.844000000 -8.273252 -5.615572 0.000000 0.000000 0.000000 0.827004 0.562197
74.877000000 -8.256558 -5.657656 0.000000 0.000000 0.000000 0.827136 0.562002
74.910000000 -8.239685 -5.700057 0.000000 0.000000 0.000000 0.827239 0.561850
74.943000000 -8.202379 -5.737264 0.000000 0.000000 0.000000 0.827285 0.561783
74.976000000 -8.185309 -5.780177 0.000000 0.000000 0.000000 0.827332 0.561713
75.009000000 -8.168074 -5.823414 0.000000 0.000000 0.000000 0.827352 0.561683
75.042000000 -8.150679 -5.866975 0.000000 0.000000 0.000000 0.827346 0.561693
75.075000000 -8.128722 -5.862622 0.000000 0.000000 0.000000 0.827326 0.561723
75.108000000 -8.111157 -5.906774 0.000000 0.000000 0.000000 0.827268 0.561808
75.141000000 -8.093446 -5.951256 0.000000 0.000000 0.000000 0.827185 0.561929
75.174000000 -8.052077 -5.991047 0.000000 0.000000 0.000000 0.827261 0.561817
75.207000000 -8.034041 -6.036425 0.000000 0.000000 0.000000 0.827132 0.562007
75.240000000 -8.015873 -6.082140 0.000000 0.000000 0.000000 0.826981 0.562230
75.273000000 -7.973592 -6.122054 0.000000 0.000000 0.000000 0.826860 0.562408
75.306000000 -7.955223 -6.168474 0.000000 0.000000 0.000000 0.826666 0.562693
75.339000000 -7.895279 -6.255803 0.000000 0.000000 0.000000 0.826278 0.563263
75.372000000 -7.876687 -6.303082 0.000000 0.000000 0.000000 0.826045 0.563604
75.405000000 -7.857985 -6.350707 0.000000 0.000000 0.000000 0.825795 0.563971
75.438000000 -7.817113 -6.392440 0.000000 0.000000 0.000000 0.825506 0.564393
75.471000000 -7.798341 -6.440574 0.000000 0.000000 0.000000 0.825222 0.564809
75.504000000 -7.779472 -6.489059 0.000000 0.000000 0.000000 0.824922 0.565247
75.537000000 -7.737979 -6.532094 0.000000 0.000000 0.000000 0.824550 0.565789
75.570000000 -7.719019 -6.581211 0.000000 0.000000 0.000000 0.824222 0.566267
75.603000000 -7.699975 -6.630685 0.000000 0.000000 0.000000 0.823880 0.566764
75.636000000 -7.657402 -6.674778 0.000000 0.000000 0.000000 0.823450 0.567389
75.669000000 -7.638260 -6.724957 0.000000 0.000000 0.000000 0.823085 0.567918
75.702000000 -7.619045 -6.775497 0.000000 0.000000 0.000000 0.822709 0.568463
75.735000000 -7.574855 -6.821117 0.000000 0.000000 0.000000 0.822231 0.569154
75.768000000 -7.555487 -6.872561 0.000000 0.000000 0.000000 0.821836 0.569724
75.801000000 -7.536056 -6.924370 0.000000 0.000000 0.000000 0.821433 0.570305
75.834000000 -7.490680 -6.970281 0.000000 0.000000 0.000000 0.820930 0.571029
75.867000000 -7.471173 -7.022831 0.000000 0.000000 0.000000 0.820513 0.571628
75.933000000 -7.431997 -7.129042 0.000000 0.000000 0.000000 0.819662 0.572847
75.966000000 -7.405311 -7.122515 0.000000 0.000000 0.000000 0.819554 0.573002
75.999000000 -7.385698 -7.176154 0.000000 0.000000 0.000000 0.819118 0.573626
76.032000000 -7.366038 -7.230166 0.000000 0.000000 0.000000 0.818678 0.574253
76.065000000 -7.318943 -7.277355 0.000000 0.000000 0.000000 0.818158 0.574994
76.098000000 -7.299281 -7.331959 0.000000 0.000000 0.000000 0.817713 0.575626
76.131000000 -7.279578 -7.386938 0.000000 0.000000 0.000000 0.817267 0.576259
76.164000000 -7.259836 -7.442292 0.000000 0.000000 0.000000 0.816820 0.576893
76.197000000 -7.231499 -7.435068 0.000000 0.000000 0.000000 0.816725 0.577028
76.230000000 -7.211792 -7.490672 0.000000 0.000000 0.000000 0.816277 0.577661
76.263000000 -7.192049 -7.546653 0.000000 0.000000 0.000000 0.815830 0.578292
76.296000000 -7.143161 -7.595903 0.000000 0.000000 0.000000 0.815294 0.579047
76.329000000 -7.123399 -7.652554 0.000000 0.000000 0.000000 0.814849 0.579674
76.362000000 -7.103605 -7.709583 0.000000 0.000000 0.000000 0.814405 0.580297
76.395000000 -7.054103 -7.759381 0.000000 0.000000 0.000000 0.813892 0.581016
76.428000000 -7.034327 -7.816970 0.000000 0.000000 0.000000 0.813452 0.581632
76.461000000 -7.014521 -7.874938 0.000000 0.000000 0.000000 0.813015 0.582243
76.494000000 -6.964017 -7.925573 0.000000 0.000000 0.000000 0.812500 0.582961
76.527000000 -6.944228 -7.984114 0.000000 0.000000 0.000000 0.812068 0.583562
76.560000000 -6.873009 -8.095227 0.000000 0.000000 0.000000 0.811141 0.584850
76.593000000 -6.853153 -8.154879 0.000000 0.000000 0.000000 0.810716 0.585440
76.626000000 -6.833273 -8.214909 0.000000 0.000000 0.000000 0.810293 0.586024
76.659000000 -6.780832 -8.268007 0.000000 0.000000 0.000000 0.809811 0.586691
76.692000000 -6.760919 -8.328752 0.000000 0.000000 0.000000 0.809396 0.587263
76.725000000 -6.740981 -8.389876 0.000000 0.000000 0.000000 0.808985 0.587829
76.758000000 -6.721020 -8.451378 0.000000 0.000000 0.000000 0.808578 0.588389
76.791000000 -6.687491 -8.443515 0.000000 0.000000 0.000000 0.808538 0.588445
76.824000000 -6.667547 -8.505258 0.000000 0.000000 0.000000 0.808139 0.588992
76.857000000 -6.647579 -8.567378 0.000000 0.000000 0.000000 0.807744 0.589533
76.890000000 -6.592899 -8.622791 0.000000 0.000000 0.000000 0.807315 0.590121
76.923000000 -6.572852 -8.685745 0.000000 0.000000 0.000000 0.806929 0.590649
76.956000000 -6.552781 -8.749077 0.000000 0.000000 0.000000 0.806546 0.591171
76.989000000 -6.497208 -8.805280 0.000000 0.000000 0.000000 0.806116 0.591758
77.022000000 -6.477087 -8.869364 0.000000 0.000000 0.000000 0.805742 0.592267
77.055000000 -6.400504 -8.991298 0.000000 0.000000 0.000000 0.804981 0.593301
77.088000000 -6.380288 -9.056554 0.000000 0.000000 0.000000 0.804614 0.593798
77.121000000 -6.360049 -9.122189 0.000000 0.000000 0.000000 0.804253 0.594288
77.154000000 -6.302702 -9.179786 0.000000 0.000000 0.000000 0.803882 0.594789
77.187000000 -6.282461 -9.245993 0.000000 0.000000 0.000000 0.803535 0.595257
77.220000000 -6.262193 -9.312576 0.000000 0.000000 0.000000 0.803198 0.595713
77.253000000 -6.241898 -9.379535 0.000000 0.000000 0.000000 0.802870 0.596154
77.286000000 -6.205202 -9.368027 0.000000 0.000000 0.000000 0.802890 0.596127
77.319000000 -6.185150 -9.434403 0.000000 0.000000 0.000000 0.802586 0.596537
77.352000000 -6.107453 -9.555736 0.000000 0.000000 0.000000 0.802003 0.597320
77.385000000 -6.087632 -9.622059 0.000000 0.000000 0.000000 0.801723 0.597695
77.418000000 -6.067773 -9.688750 0.000000 0.000000 0.000000 0.801457 0.598053
77.451000000 -6.009783 -9.743394 0.000000 0.000000 0.000000 0.801273 0.598299
77.484000000 -5.990148 -9.809686 0.000000 0.000000 0.000000 0.801033 0.598621
77.517000000 -5.970468 -9.876337 0.000000 0.000000 0.000000 0.800805 0.598925
77.550000000 -5.911868 -9.930755 0.000000 0.000000 0.000000 0.800677 0.599096
77.583000000 -5.892394 -9.996983 0.000000 0.000000 0.000000 0.800477 0.599364
77.616000000 -5.872870 -10.063562 0.000000 0.000000 0.000000 0.800291 0.599611
77.649000000 -5.853292 -10.130491 0.000000 0.000000 0.000000 0.800122 0.599837
77.682000000 -5.814510 -10.116678 0.000000 0.000000 0.000000 0.800204 0.599728
77.715000000 -5.795266 -10.182510 0.000000 0.000000 0.000000 0.800070 0.599907
77.748000000 -5.775960 -10.248676 0.000000 0.000000 0.000000 0.799954 0.600061
77.781000000 -5.718363 -10.299065 0.000000 0.000000 0.000000 0.799884 0.600154
77.814000000 -5.699489 -10.363886 0.000000 0.000000 0.000000 0.799807 0.600258
77.847000000 -5.680545 -10.429021 0.000000 0.000000 0.000000 0.799748 0.600336
77.880000000 -5.623293 -10.478512 0.000000 0.000000 0.000000 0.799682 0.600424
77.913000000 -5.604763 -10.542312 0.000000 0.000000 0.000000 0.799661 0.600451
77.946000000 -5.586156 -10.606404 0.000000 0.000000 0.000000 0.799660 0.600453
77.979000000 -5.529395 -10.654871 0.000000 0.000000 0.000000 0.799632 0.600490
78.012000000 -5.511187 -10.717602 0.000000 0.000000 0.000000 0.799667 0.600443
78.045000000 -5.436679 -10.828572 0.000000 0.000000 0.000000 0.799667 0.600443
78.078000000 -5.418745 -10.890328 0.000000 0.000000 0.000000 0.799737 0.600350
78.111000000 -5.356857 -10.959023 0.000000 0.000000 0.000000 0.799889 0.600147
78.144000000 -5.339213 -11.019607 0.000000 0.000000 0.000000 0.799992 0.600010
78.177000000 -5.321481 -11.080422 0.000000 0.000000 0.000000 0.800111 0.599852
78.210000000 -5.303660 -11.141467 0.000000 0.000000 0.000000 0.800245 0.599673
78.243000000 -5.254605 -11.167451 0.000000 0.000000 0.000000 0.800361 0.599518
78.276000000 -5.237104 -11.227200 0.000000 0.000000 0.000000 0.800523 0.599302
78.309000000 -5.219510 -11.287154 0.000000 0.000000 0.000000 0.800699 0.599067
78.342000000 -5.165408 -11.332815 0.000000 0.000000 0.000000 0.800899 0.598799
78.375000000 -5.148081 -11.391577 0.000000 0.000000 0.000000 0.801099 0.598531
78.408000000 -5.130659 -11.450521 0.000000 0.000000 0.000000 0.801311 0.598247
78.441000000 -5.113141 -11.509647 0.000000 0.000000 0.000000 0.801534 0.597949
78.474000000 -5.077153 -11.495176 0.000000 0.000000 0.000000 0.801524 0.597963
78.507000000 -5.059999 -11.552903 0.000000 0.000000 0.000000 0.801767 0.597636
78.540000000 -4.989986 -11.654949 0.000000 0.000000 0.000000 0.802232 0.597012
78.573000000 -4.972968 -11.711724 0.000000 0.000000 0.000000 0.802494 0.596660
78.606000000 -4.955857 -11.768635 0.000000 0.000000 0.000000 0.802764 0.596296
78.639000000 -4.938651 -11.825682 0.000000 0.000000 0.000000 0.803043 0.595921
78.672000000 -4.903993 -11.811626 0.000000 0.000000 0.000000 0.803057 0.595902
78.705000000 -4.887126 -11.867336 0.000000 0.000000 0.000000 0.803351 0.595506
78.738000000 -4.870168 -11.923155 0.000000 0.000000 0.000000 0.803651 0.595101
78.771000000 -4.819142 -11.965714 0.000000 0.000000 0.000000 0.803959 0.594685
78.804000000 -4.802388 -12.020454 0.000000 0.000000 0.000000 0.804391 0.594100
78.837000000 -4.785522 -12.075277 0.000000 0.000000 0.000000 0.804964 0.593324
78.870000000 -4.734691 -12.116175 0.000000 0.000000 0.000000 0.805350 0.592799
78.903000000 -4.718015 -12.169759 0.000000 0.000000 0.000000 0.805932 0.592008
78.936000000 -4.701208 -12.223395 0.000000 0.000000 0.000000 0.806513 0.591216
78.969000000 -4.652422 -12.266378 0.000000 0.000000 0.000000 0.807738 0.589542
79.002000000 -4.635459 -12.319371 0.000000 0.000000 0.000000 0.808471 0.588536
79.035000000 -4.618341 -12.372395 0.000000 0.000000 0.000000 0.809204 0.587528
79.068000000 -4.572082 -12.414012 0.000000 0.000000 0.000000 0.811494 0.584360
79.101000000 -4.554705 -12.465998 0.000000 0.000000 0.000000 0.812602 0.582820
79.134000000 -4.537112 -12.517974 0.000000 0.000000 0.000000 0.813706 0.581277
79.167000000 -4.494940 -12.560188 0.000000 0.000000 0.000000 0.816420 0.577459
79.233000000 -4.458633 -12.662137 0.000000 0.000000 0.000000 0.819382 0.573248
79.266000000 -4.440064 -12.713030 0.000000 0.000000 0.000000 0.820855 0.571137
79.299000000 -4.418826 -12.703180 0.000000 0.000000 0.000000 0.822695 0.568482
79.332000000 -4.400026 -12.752904 0.000000 0.000000 0.000000 0.824599 0.565718
79.365000000 -4.345289 -12.845484 0.000000 0.000000 0.000000 0.830272 0.557358
79.398000000 -4.325348 -12.894220 0.000000 0.000000 0.000000 0.832591 0.553889
79.431000000 -4.304995 -12.942801 0.000000 0.000000 0.000000 0.834895 0.550410
79.464000000 -4.284232 -12.991224 0.000000 0.000000 0.000000 0.837184 0.546922
79.497000000 -4.276146 -12.988230 0.000000 0.000000 0.000000 0.838616 0.544722
79.530000000 -4.254870 -13.036044 0.000000 0.000000 0.000000 0.841217 0.540697
79.563000000 -4.208700 -13.127674 0.000000 0.000000 0.000000 0.847164 0.531331
79.596000000 -4.186331 -13.173928 0.000000 0.000000 0.000000 0.849994 0.526792
79.629000000 -4.163474 -13.219930 0.000000 0.000000 0.000000 0.852800 0.522237
79.662000000 -4.140130 -13.265677 0.000000 0.000000 0.000000 0.855574 0.517680
79.695000000 -4.143216 -13.264263 0.000000 0.000000 0.000000 0.855618 0.517608
79.728000000 -4.119867 -13.308818 0.000000 0.000000 0.000000 0.858328 0.513101
79.761000000 -4.096065 -13.353100 0.000000 0.000000 0.000000 0.860986 0.508628
79.794000000 -4.080296 -13.400734 0.000000 0.000000 0.000000 0.863534 0.504291
79.827000000 -4.055874 -13.444021 0.000000 0.000000 0.000000 0.866074 0.499916
79.860000000 -4.019597 -13.534855 0.000000 0.000000 0.000000 0.870999 0.491285
79.893000000 -3.994412 -13.576523 0.000000 0.000000 0.000000 0.873386 0.487028
79.926000000 -3.968851 -13.617896 0.000000 0.000000 0.000000 0.875705 0.482847
79.959000000 -3.942926 -13.658976 0.000000 0.000000 0.000000 0.877953 0.478747
79.992000000 -3.961020 -13.666577 0.000000 0.000000 0.000000 0.877864 0.478910
80.025000000 -3.935291 -13.706544 0.000000 0.000000 0.000000 0.879988 0.474996
80.058000000 -3.902300 -13.791650 0.000000 0.000000 0.000000 0.884223 0.467064
80.091000000 -3.876542 -13.829393 0.000000 0.000000 0.000000 0.886185 0.463332
80.124000000 -3.850528 -13.866831 0.000000 0.000000 0.000000 0.888075 0.459700
80.157000000 -3.824268 -13.903970 0.000000 0.000000 0.000000 0.889893 0.456169
80.190000000 -3.844493 -13.913771 0.000000 0.000000 0.000000 0.889701 0.456543
80.223000000 -3.818627 -13.949807 0.000000 0.000000 0.000000 0.891394 0.453228
80.256000000 -3.790044 -14.035384 0.000000 0.000000 0.000000 0.894648 0.446771
80.289000000 -3.764034 -14.069994 0.000000 0.000000 0.000000 0.896194 0.443662
80.322000000 -3.737869 -14.104313 0.000000 0.000000 0.000000 0.897675 0.440659
80.355000000 -3.737582 -14.153758 0.000000 0.000000 0.000000 0.898987 0.437975
80.388000000 -3.711747 -14.186767 0.000000 0.000000 0.000000 0.900341 0.435184
80.421000000 -3.685806 -14.219493 0.000000 0.000000 0.000000 0.901635 0.432498
80.454000000 -3.686812 -14.269933 0.000000 0.000000 0.000000 0.902650 0.430376
80.487000000 -3.661176 -14.301573 0.000000 0.000000 0.000000 0.903827 0.427899
80.520000000 -3.635476 -14.332941 0.000000 0.000000 0.000000 0.904947 0.425523
80.553000000 -3.636735 -14.380807 0.000000 0.000000 0.000000 0.905830 0.423642
80.586000000 -3.611654 -14.410837 0.000000 0.000000 0.000000 0.906843 0.421468
80.619000000 -3.586553 -14.440601 0.000000 0.000000 0.000000 0.907806 0.419391
80.652000000 -3.561441 -14.470105 0.000000 0.000000 0.000000 0.908718 0.417410
80.685000000 -3.589782 -14.489932 0.000000 0.000000 0.000000 0.908596 0.417677
80.718000000 -3.565191 -14.518600 0.000000 0.000000 0.000000 0.909417 0.415885
80.751000000 -3.540621 -14.547019 0.000000 0.000000 0.000000 0.910193 0.414184
80.784000000 -3.516078 -14.575194 0.000000 0.000000 0.000000 0.910925 0.412572
80.817000000 -3.544589 -14.595755 0.000000 0.000000 0.000000 0.910799 0.412850
80.850000000 -3.498902 -14.696623 0.000000 0.000000 0.000000 0.912716 0.408595
80.883000000 -3.475534 -14.722791 0.000000 0.000000 0.000000 0.913323 0.407236
80.916000000 -3.452247 -14.748716 0.000000 0.000000 0.000000 0.913891 0.405959
80.949000000 -3.455566 -14.795789 0.000000 0.000000 0.000000 0.914324 0.404984
80.982000000 -3.432740 -14.820948 0.000000 0.000000 0.000000 0.914820 0.403863
81.015000000 -3.410017 -14.845873 0.000000 0.000000 0.000000 0.915281 0.402817
81.048000000 -3.414810 -14.891229 0.000000 0.000000 0.000000 0.915636 0.402008
81.081000000 -3.392865 -14.915009 0.000000 0.000000 0.000000 0.916032 0.401105
81.114000000 -3.371085 -14.938457 0.000000 0.000000 0.000000 0.916396 0.400272
81.147000000 -3.378615 -14.986415 0.000000 0.000000 0.000000 0.916561 0.399895
81.180000000 -3.357411 -15.009182 0.000000 0.000000 0.000000 0.916866 0.399194
81.213000000 -3.336387 -15.031631 0.000000 0.000000 0.000000 0.917143 0.398557
81.246000000 -3.315549 -15.053764 0.000000 0.000000 0.000000 0.917393 0.397982
81.279000000 -3.294902 -15.075587 0.000000 0.000000 0.000000 0.917617 0.397466
81.312000000 -3.343744 -15.077514 0.000000 0.000000 0.000000 0.917204 0.398419
81.345000000 -3.310355 -15.165944 0.000000 0.000000 0.000000 0.917699 0.397276
81.378000000 -3.290688 -15.186828 0.000000 0.000000 0.000000 0.917849 0.396929
81.411000000 -3.271228 -15.207415 0.000000 0.000000 0.000000 0.917976 0.396635
81.444000000 -3.251978 -15.227708 0.000000 0.000000 0.000000 0.918081 0.396393
81.477000000 -3.232943 -15.247709 0.000000 0.000000 0.000000 0.918164 0.396200
81.510000000 -3.277733 -15.249677 0.000000 0.000000 0.000000 0.917962 0.396669
81.543000000 -3.246474 -15.330344 0.000000 0.000000 0.000000 0.918161 0.396208
81.576000000 -3.228409 -15.349444 0.000000 0.000000 0.000000 0.918183 0.396156
81.609000000 -3.210571 -15.368262 0.000000 0.000000 0.000000 0.918187 0.396148
81.642000000 -3.214593 -15.406048 0.000000 0.000000 0.000000 0.918205 0.396105
81.675000000 -3.197266 -15.424362 0.000000 0.000000 0.000000 0.918173 0.396181
81.708000000 -3.180173 -15.442400 0.000000 0.000000 0.000000 0.918122 0.396297
81.741000000 -3.163314 -15.460165 0.000000 0.000000 0.000000 0.918056 0.396452
81.774000000 -3.186572 -15.480331 0.000000 0.000000 0.000000 0.917997 0.396586
81.807000000 -3.170080 -15.497803 0.000000 0.000000 0.000000 0.917898 0.396815
81.840000000 -3.164785 -15.556846 0.000000 0.000000 0.000000 0.917561 0.397594
81.873000000 -3.148980 -15.573665 0.000000 0.000000 0.000000 0.917432 0.397893
81.906000000 -3.133420 -15.590216 0.000000 0.000000 0.000000 0.917288 0.398224
81.939000000 -3.118101 -15.606500 0.000000 0.000000 0.000000 0.917127 0.398596
81.972000000 -3.145546 -15.630741 0.000000 0.000000 0.000000 0.916990 0.398909
82.005000000 -3.130555 -15.646781 0.000000 0.000000 0.000000 0.916796 0.399356
82.038000000 -3.126973 -15.699729 0.000000 0.000000 0.000000 0.916347 0.400386
82.071000000 -3.112892 -15.714896 0.000000 0.000000 0.000000 0.916123 0.400898
82.104000000 -3.099059 -15.729800 0.000000 0.000000 0.000000 0.915885 0.401441
82.137000000 -3.109282 -15.765130 0.000000 0.000000 0.000000 0.915573 0.402152
82.170000000 -3.095997 -15.779551 0.000000 0.000000 0.000000 0.915307 0.402756
82.203000000 -3.082964 -15.793710 0.000000 0.000000 0.000000 0.915028 0.403390
82.236000000 -3.070182 -15.807608 0.000000 0.000000 0.000000 0.914736 0.404051
82.269000000 -3.090269 -15.823150 0.000000 0.000000 0.000000 0.914719 0.404090
82.302000000 -3.077969 -15.836618 0.000000 0.000000 0.000000 0.914403 0.404805
82.335000000 -3.072528 -15.878442 0.000000 0.000000 0.000000 0.913806 0.406152
82.368000000 -3.060977 -15.891205 0.000000 0.000000 0.000000 0.913466 0.406915
82.401000000 -3.049681 -15.903707 0.000000 0.000000 0.000000 0.913115 0.407702
82.434000000 -3.057286 -15.931632 0.000000 0.000000 0.000000 0.912816 0.408371
82.467000000 -3.046487 -15.943683 0.000000 0.000000 0.000000 0.912444 0.409201
82.533000000 -3.025656 -15.967004 0.000000 0.000000 0.000000 0.911672 0.410919
82.566000000 -3.040236 -15.976940 0.000000 0.000000 0.000000 0.911789 0.410659
82.599000000 -3.030418 -15.988011 0.000000 0.000000 0.000000 0.911381 0.411564
82.632000000 -3.020856 -15.998821 0.000000 0.000000 0.000000 0.910965 0.412485
82.665000000 -3.023435 -16.017501 0.000000 0.000000 0.000000 0.910746 0.412967
82.698000000 -3.014495 -16.027686 0.000000 0.000000 0.000000 0.910314 0.413917
82.731000000 -3.005810 -16.037610 0.000000 0.000000 0.000000 0.909875 0.414882
82.764000000 -2.997379 -16.047272 0.000000 0.000000 0.000000 0.909429 0.415859
82.797000000 -3.008855 -16.056501 0.000000 0.000000 0.000000 0.909639 0.415399
82.830000000 -3.000591 -16.066021 0.000000 0.000000 0.000000 0.909181 0.416401
82.863000000 -2.998948 -16.096770 0.000000 0.000000 0.000000 0.908443 0.418010
82.896000000 -2.991221 -16.105777 0.000000 0.000000 0.000000 0.907972 0.419031
82.929000000 -2.983747 -16.114519 0.000000 0.000000 0.000000 0.907495 0.420062
82.962000000 -2.986885 -16.127366 0.000000 0.000000 0.000000 0.907289 0.420508
82.995000000 -2.980262 -16.135174 0.000000 0.000000 0.000000 0.906803 0.421555
83.028000000 -2.973889 -16.142714 0.000000 0.000000 0.000000 0.906312 0.422609
83.061000000 -2.967766 -16.149987 0.000000 0.000000 0.000000 0.905817 0.423670
83.094000000 -2.976392 -16.155312 0.000000 0.000000 0.000000 0.906101 0.423061
83.127000000 -2.970548 -16.162282 0.000000 0.000000 0.000000 0.905600 0.424134
83.160000000 -2.968389 -16.182015 0.000000 0.000000 0.000000 0.904872 0.425684
83.193000000 -2.963162 -16.188324 0.000000 0.000000 0.000000 0.904362 0.426765
83.226000000 -2.958182 -16.194361 0.000000 0.000000 0.000000 0.903850 0.427850
83.259000000 -2.953446 -16.200125 0.000000 0.000000 0.000000 0.903334 0.428939
83.292000000 -2.963014 -16.205976 0.000000 0.000000 0.000000 0.903633 0.428308
83.325000000 -2.958553 -16.211426 0.000000 0.000000 0.000000 0.903113 0.429402
83.358000000 -2.958887 -16.225543 0.000000 0.000000 0.000000 0.902413 0.430873
83.391000000 -2.955280 -16.230002 0.000000 0.000000 0.000000 0.901887 0.431971
83.424000000 -2.951913 -16.234184 0.000000 0.000000 0.000000 0.901360 0.433070
83.457000000 -2.958365 -16.245418 0.000000 0.000000 0.000000 0.901135 0.433538
83.490000000 -2.955295 -16.249260 0.000000 0.000000 0.000000 0.900605 0.434639
83.523000000 -2.952462 -16.252823 0.000000 0.000000 0.000000 0.900072 0.435740
83.556000000 -2.949865 -16.256104 0.000000 0.000000 0.000000 0.899538 0.436842
83.589000000 -2.959834 -16.260922 0.000000 0.000000 0.000000 0.899893 0.436110
83.622000000 -2.957617 -16.263731 0.000000 0.000000 0.000000 0.899358 0.437213
83.655000000 -2.955633 -16.266256 0.000000 0.000000 0.000000 0.898822 0.438315
83.688000000 -2.964034 -16.274800 0.000000 0.000000 0.000000 0.898638 0.438691
83.721000000 -2.962481 -16.276790 0.000000 0.000000 0.000000 0.898100 0.439792
83.754000000 -2.970322 -16.285960 0.000000 0.000000 0.000000 0.897361 0.441297
83.787000000 -2.969450 -16.287092 0.000000 0.000000 0.000000 0.896819 0.442397
83.820000000 -2.968804 -16.287934 0.000000 0.000000 0.000000 0.896276 0.443496
83.853000000 -2.968383 -16.288486 0.000000 0.000000 0.000000 0.895732 0.444595
83.886000000 -2.979727 -16.295614 0.000000 0.000000 0.000000 0.896078 0.443897
83.919000000 -2.979481 -16.295936 0.000000 0.000000 0.000000 0.895533 0.444996
83.952000000 -2.979458 -16.295967 0.000000 0.000000 0.000000 0.894986 0.446094
83.985000000 -2.991896 -16.303433 0.000000 0.000000 0.000000 0.894730 0.446608
84.018000000 -2.992262 -16.302947 0.000000 0.000000 0.000000 0.894181 0.447706
84.051000000 -2.992846 -16.302166 0.000000 0.000000 0.000000 0.893631 0.448802
84.084000000 -3.004963 -16.305957 0.000000 0.000000 0.000000 0.893457 0.449148
84.117000000 -3.006169 -16.304335 0.000000 0.000000 0.000000 0.892906 0.450244
84.150000000 -3.007588 -16.302416 0.000000 0.000000 0.000000 0.892352 0.451340
84.183000000 -3.019360 -16.305403 0.000000 0.000000 0.000000 0.892157 0.451725
84.216000000 -3.021232 -16.302854 0.000000 0.000000 0.000000 0.891602 0.452820
84.249000000 -3.023315 -16.300004 0.000000 0.000000 0.000000 0.891045 0.453914
84.282000000 -3.035584 -16.301690 0.000000 0.000000 0.000000 0.890838 0.454321
84.315000000 -3.038127 -16.298185 0.000000 0.000000 0.000000 0.890279 0.455415
84.348000000 -3.053789 -16.295589 0.000000 0.000000 0.000000 0.889502 0.456932
84.381000000 -3.056919 -16.291221 0.000000 0.000000 0.000000 0.888940 0.458024
84.414000000 -3.060250 -16.286547 0.000000 0.000000 0.000000 0.888376 0.459117
84.447000000 -3.072757 -16.285838 0.000000 0.000000 0.000000 0.888159 0.459537
84.480000000 -3.076489 -16.280563 0.000000 0.000000 0.000000 0.887592 0.460630
84.513000000 -3.080418 -16.274979 0.000000 0.000000 0.000000 0.887024 0.461724
84.546000000 -3.094422 -16.274022 0.000000 0.000000 0.000000 0.886764 0.462223
84.579000000 -3.098729 -16.267855 0.000000 0.000000 0.000000 0.886191 0.463320
84.612000000 -3.103230 -16.261374 0.000000 0.000000 0.000000 0.885616 0.464418
84.645000000 -3.107922 -16.254579 0.000000 0.000000 0.000000 0.885039 0.465517
84.678000000 -3.117393 -16.259635 0.000000 0.000000 0.000000 0.885342 0.464940
84.711000000 -3.122204 -16.252654 0.000000 0.000000 0.000000 0.884761 0.466046
84.744000000 -3.127203 -16.245356 0.000000 0.000000 0.000000 0.884175 0.467155
84.777000000 -3.143741 -16.243401 0.000000 0.000000 0.000000 0.883840 0.467790
84.810000000 -3.149109 -16.235499 0.000000 0.000000 0.000000 0.883247 0.468907
84.843000000 -3.170093 -16.222869 0.000000 0.000000 0.000000 0.882312 0.470666
84.876000000 -3.176038 -16.213994 0.000000 0.000000 0.000000 0.881710 0.471792
84.909000000 -3.182161 -16.204796 0.000000 0.000000 0.000000 0.881103 0.472925
84.942000000 -3.199882 -16.201243 0.000000 0.000000 0.000000 0.880716 0.473644
84.975000000 -3.206297 -16.191522 0.000000 0.000000 0.000000 0.880099 0.474791
85.008000000 -3.212886 -16.181473 0.000000 0.000000 0.000000 0.879475 0.475945
85.041000000 -3.219644 -16.171096 0.000000 0.000000 0.000000 0.878845 0.477108
85.074000000 -3.232169 -16.176335 0.000000 0.000000 0.000000 0.879046 0.476737
85.107000000 -3.239190 -16.165528 0.000000 0.000000 0.000000 0.878404 0.477920
85.140000000 -3.265757 -16.148215 0.000000 0.000000 0.000000 0.877278 0.479982
85.173000000 -3.273305 -16.136406 0.000000 0.000000 0.000000 0.876618 0.481186
85.206000000 -3.281012 -16.124261 0.000000 0.000000 0.000000 0.875949 0.482403
85.239000000 -3.302655 -16.118694 0.000000 0.000000 0.000000 0.875400 0.483399
85.272000000 -3.310639 -16.105983 0.000000 0.000000 0.000000 0.874712 0.484644
85.305000000 -3.334959 -16.097523 0.000000 0.000000 0.000000 0.873971 0.485979
85.338000000 -3.343339 -16.084018 0.000000 0.000000 0.000000 0.873260 0.487254
85.371000000 -3.351865 -16.070169 0.000000 0.000000 0.000000 0.872538 0.488546
85.404000000 -3.360533 -16.055974 0.000000 0.000000 0.000000 0.871803 0.489856
85.437000000 -3.382877 -16.050375 0.000000 0.000000 0.000000 0.871242 0.490854
85.470000000 -3.391830 -16.035558 0.000000 0.000000 0.000000 0.870480 0.492203
85.503000000 -3.400916 -16.020391 0.000000 0.000000 0.000000 0.869704 0.493573
85.536000000 -3.410131 -16.004870 0.000000 0.000000 0.000000 0.868912 0.494966
85.569000000 -3.419471 -15.988994 0.000000 0.000000 0.000000 0.868105 0.496381
85.602000000 -3.425094 -16.010983 0.000000 0.000000 0.000000 0.868947 0.494906
85.635000000 -3.467409 -15.966227 0.000000 0.000000 0.000000 0.866576 0.499044
85.668000000 -3.477389 -15.948977 0.000000 0.000000 0.000000 0.865715 0.500537
85.701000000 -3.487479 -15.931363 0.000000 0.000000 0.000000 0.864834 0.502058
85.734000000 -3.497672 -15.913383 0.000000 0.000000 0.000000 0.863932 0.503608
85.767000000 -3.511714 -15.919775 0.000000 0.000000 0.000000 0.863998 0.503495
85.833000000 -3.532323 -15.883073 0.000000 0.000000 0.000000 0.862089 0.506756
85.866000000 -3.558085 -15.871353 0.000000 0.000000 0.000000 0.861287 0.508119
85.899000000 -3.568566 -15.852313 0.000000 0.000000 0.000000 0.860272 0.509835
85.932000000 -3.579129 -15.832897 0.000000 0.000000 0.000000 0.859233 0.511585
85.965000000 -3.605809 -15.819431 0.000000 0.000000 0.000000 0.858381 0.513013
85.998000000 -3.616591 -15.799309 0.000000 0.000000 0.000000 0.857290 0.514834
86.031000000 -3.627440 -15.778804 0.000000 0.000000 0.000000 0.856173 0.516689
86.064000000 -3.638352 -15.757915 0.000000 0.000000 0.000000 0.855030 0.518579
86.097000000 -3.652859 -15.760287 0.000000 0.000000 0.000000 0.855310 0.518117
86.130000000 -3.664196 -15.738513 0.000000 0.000000 0.000000 0.854117 0.520081
86.163000000 -3.701567 -15.699854 0.000000 0.000000 0.000000 0.852024 0.523502
86.196000000 -3.713018 -15.677168 0.000000 0.000000 0.000000 0.850772 0.525536
86.229000000 -3.724503 -15.654087 0.000000 0.000000 0.000000 0.849490 0.527605
86.262000000 -3.750671 -15.632541 0.000000 0.000000 0.000000 0.848433 0.529304
86.295000000 -3.762572 -15.608146 0.000000 0.000000 0.000000 0.847092 0.531446
86.328000000 -3.798871 -15.570383 0.000000 0.000000 0.000000 0.844755 0.535154
86.361000000 -3.810480 -15.545737 0.000000 0.000000 0.000000 0.843350 0.537364
86.394000000 -3.822093 -15.520686 0.000000 0.000000 0.000000 0.841915 0.539610
86.427000000 -3.833704 -15.495228 0.000000 0.000000 0.000000 0.840450 0.541890
86.460000000 -3.845307 -15.469361 0.000000 0.000000 0.000000 0.838953 0.544204
86.493000000 -3.849616 -15.501363 0.000000 0.000000 0.000000 0.840185 0.542300
86.526000000 -3.860721 -15.476703 0.000000 0.000000 0.000000 0.838637 0.544691
86.559000000 -3.897817 -15.435839 0.000000 0.000000 0.000000 0.835629 0.549294
86.592000000 -3.908443 -15.411148 0.000000 0.000000 0.000000 0.834011 0.551748
86.625000000 -3.919043 -15.386055 0.000000 0.000000 0.000000 0.832360 0.554236
86.658000000 -3.929609 -15.360557 0.000000 0.000000 0.000000 0.830675 0.556757
86.691000000 -3.944627 -15.367420 0.000000 0.000000 0.000000 0.830807 0.556561
86.724000000 -3.954975 -15.342176 0.000000 0.000000 0.000000 0.829064 0.559154
86.757000000 -3.992205 -15.299075 0.000000 0.000000 0.000000 0.825811 0.563947
86.790000000 -4.002132 -15.273573 0.000000 0.000000 0.000000 0.823991 0.566602
86.823000000 -4.011998 -15.247672 0.000000 0.000000 0.000000 0.822136 0.569291
86.856000000 -4.042613 -15.235147 0.000000 0.000000 0.000000 0.820341 0.571875
86.889000000 -4.051758 -15.210243 0.000000 0.000000 0.000000 0.818414 0.574628
86.922000000 -4.060829 -15.184954 0.000000 0.000000 0.000000 0.816451 0.577415
86.955000000 -4.093620 -15.171394 0.000000 0.000000 0.000000 0.814474 0.580200
86.988000000 -4.102153 -15.146611 0.000000 0.000000 0.000000 0.812435 0.583051
87.021000000 -4.110596 -15.121453 0.000000 0.000000 0.000000 0.810358 0.585935
87.054000000 -4.143247 -15.106207 0.000000 0.000000 0.000000 0.808228 0.588869
87.087000000 -4.151250 -15.081245 0.000000 0.000000 0.000000 0.806073 0.591817
87.120000000 -4.159145 -15.055918 0.000000 0.000000 0.000000 0.803877 0.594796
87.153000000 -4.190986 -15.038627 0.000000 0.000000 0.000000 0.801632 0.597818
87.186000000 -4.198512 -15.013230 0.000000 0.000000 0.000000 0.799354 0.600860
87.219000000 -4.205910 -14.987474 0.000000 0.000000 0.000000 0.797034 0.603934
87.252000000 -4.237944 -14.971285 0.000000 0.000000 0.000000 0.794671 0.607040
87.285000000 -4.244831 -14.945910 0.000000 0.000000 0.000000 0.792266 0.610176
87.318000000 -4.251573 -14.920190 0.000000 0.000000 0.000000 0.789818 0.613341
87.351000000 -4.282782 -14.901071 0.000000 0.000000 0.000000 0.787407 0.616434
87.384000000 -4.289147 -14.875209 0.000000 0.000000 0.000000 0.784873 0.619657
87.417000000 -4.295349 -14.849009 0.000000 0.000000 0.000000 0.782295 0.622908
87.450000000 -4.327481 -14.830745 0.000000 0.000000 0.000000 0.779783 0.626049
87.483000000 -4.333198 -14.804792 0.000000 0.000000 0.000000 0.777120 0.629352
87.516000000 -4.338735 -14.778514 0.000000 0.000000 0.000000 0.774413 0.632680
87.549000000 -4.344084 -14.751914 0.000000 0.000000 0.000000 0.771664 0.636031
87.582000000 -4.371435 -14.758962 0.000000 0.000000 0.000000 0.771818 0.635844
87.615000000 -4.376520 -14.732755 0.000000 0.000000 0.000000 0.768997 0.639252
87.648000000 -4.416444 -14.687575 0.000000 0.000000 0.000000 0.763424 0.645898
87.681000000 -4.420809 -14.661438 0.000000 0.000000 0.000000 0.760503 0.649334
87.714000000 -4.424961 -14.635008 0.000000 0.000000 0.000000 0.757540 0.652789
87.747000000 -4.428895 -14.608287 0.000000 0.000000 0.000000 0.754534 0.656261
87.780000000 -4.461591 -14.615553 0.000000 0.000000 0.000000 0.754593 0.656193
87.813000000 -4.465233 -14.589412 0.000000 0.000000 0.000000 0.751519 0.659712
87.846000000 -4.506905 -14.545100 0.000000 0.000000 0.000000 0.745273 0.666760
87.879000000 -4.509738 -14.519507 0.000000 0.000000 0.000000 0.742098 0.670291
87.912000000 -4.512335 -14.493667 0.000000 0.000000 0.000000 0.738882 0.673835
87.945000000 -4.551480 -14.472817 0.000000 0.000000 0.000000 0.735533 0.677489
87.978000000 -4.553572 -14.447140 0.000000 0.000000 0.000000 0.732234 0.681053
88.011000000 -4.555417 -14.421232 0.000000 0.000000 0.000000 0.728894 0.684626
88.044000000 -4.557007 -14.395096 0.000000 0.000000 0.000000 0.725514 0.688207
88.077000000 -4.594748 -14.399290 0.000000 0.000000 0.000000 0.725415 0.688312
88.110000000 -4.596081 -14.373558 0.000000 0.000000 0.000000 0.721974 0.691921
88.143000000 -4.636097 -14.322953 0.000000 0.000000 0.000000 0.715122 0.698999
88.176000000 -4.636676 -14.296796 0.000000 0.000000 0.000000 0.711590 0.702595
88.209000000 -4.636981 -14.270437 0.000000 0.000000 0.000000 0.708023 0.706189
88.242000000 -4.637007 -14.243879 0.000000 0.000000 0.000000 0.704423 0.709781
88.275000000 -4.677476 -14.251905 0.000000 0.000000 0.000000 0.704482 0.709722
88.308000000 -4.677277 -14.227285 0.000000 0.000000 0.000000 0.700837 0.713321
88.374000000 -4.722443 -14.172307 0.000000 0.000000 0.000000 0.689766 0.724032
88.407000000 -4.721405 -14.151434 0.000000 0.000000 0.000000 0.686017 0.727585
88.440000000 -4.720135 -14.130487 0.000000 0.000000 0.000000 0.682242 0.731126
88.473000000 -4.769642 -14.138836 0.000000 0.000000 0.000000 0.682244 0.731124
88.506000000 -4.768361 -14.120544 0.000000 0.000000 0.000000 0.678438 0.734658
88.539000000 -4.815394 -14.086614 0.000000 0.000000 0.000000 0.670812 0.741628
88.572000000 -4.813698 -14.069874 0.000000 0.000000 0.000000 0.666941 0.745111
88.605000000 -4.811818 -14.053144 0.000000 0.000000 0.000000 0.663049 0.748576
88.638000000 -4.862049 -14.040030 0.000000 0.000000 0.000000 0.659160 0.752003
88.671000000 -4.860123 -14.025550 0.000000 0.000000 0.000000 0.655226 0.755433
88.737000000 -4.908427 -13.992932 0.000000 0.000000 0.000000 0.646895 0.762579
88.770000000 -4.906235 -13.979745 0.000000 0.000000 0.000000 0.642903 0.765947
88.803000000 -4.903907 -13.966633 0.000000 0.000000 0.000000 0.638894 0.769295
88.836000000 -4.955448 -13.952217 0.000000 0.000000 0.000000 0.635458 0.772135
88.869000000 -4.953159 -13.940591 0.000000 0.000000 0.000000 0.631415 0.775445
88.902000000 -4.950757 -13.929066 0.000000 0.000000 0.000000 0.627355 0.778734
88.935000000 -4.948244 -13.917643 0.000000 0.000000 0.000000 0.623277 0.782001
88.968000000 -5.005099 -13.920459 0.000000 0.000000 0.000000 0.623255 0.782018
89.001000000 -5.003243 -13.912391 0.000000 0.000000 0.000000 0.619159 0.785266
89.034000000 -5.001329 -13.904476 0.000000 0.000000 0.000000 0.615045 0.788492
89.067000000 -4.999360 -13.896715 0.000000 0.000000 0.000000 0.610914 0.791697
89.133000000 -5.051063 -13.878696 0.000000 0.000000 0.000000 0.606860 0.794809
89.166000000 -5.103201 -13.859553 0.000000 0.000000 0.000000 0.598618 0.801035
89.199000000 -5.101759 -13.854698 0.000000 0.000000 0.000000 0.594419 0.804156
89.232000000 -5.100315 -13.850033 0.000000 0.000000 0.000000 0.590203 0.807255
89.265000000 -5.153948 -13.837003 0.000000 0.000000 0.000000 0.586106 0.810234
89.298000000 -5.153017 -13.834198 0.000000 0.000000 0.000000 0.581857 0.813291
89.331000000 -5.205760 -13.816957 0.000000 0.000000 0.000000 0.573742 0.819036
89.364000000 -5.205295 -13.815693 0.000000 0.000000 0.000000 0.569446 0.822029
89.397000000 -5.204895 -13.814655 0.000000 0.000000 0.000000 0.565134 0.824999
89.430000000 -5.204566 -13.813839 0.000000 0.000000 0.000000 0.560807 0.827947
89.463000000 -5.258383 -13.798938 0.000000 0.000000 0.000000 0.560654 0.828050
89.496000000 -5.258413 -13.799024 0.000000 0.000000 0.000000 0.556310 0.830975
89.529000000 -5.258533 -13.799336 0.000000 0.000000 0.000000 0.551949 0.833878
89.562000000 -5.258748 -13.799872 0.000000 0.000000 0.000000 0.547573 0.836758
89.595000000 -5.313096 -13.785709 0.000000 0.000000 0.000000 0.547738 0.836650
89.628000000 -5.314020 -13.787828 0.000000 0.000000 0.000000 0.543346 0.839509
89.661000000 -5.369312 -13.775878 0.000000 0.000000 0.000000 0.534658 0.845068
89.694000000 -5.371103 -13.779661 0.000000 0.000000 0.000000 0.530219 0.847860
89.727000000 -5.373093 -13.783756 0.000000 0.000000 0.000000 0.525764 0.850631
89.760000000 -5.375289 -13.788159 0.000000 0.000000 0.000000 0.521290 0.853379
89.793000000 -5.426834 -13.768349 0.000000 0.000000 0.000000 0.521366 0.853333
89.826000000 -5.486783 -13.763969 0.000000 0.000000 0.000000 0.508855 0.860852
89.859000000 -5.490559 -13.770841 0.000000 0.000000 0.000000 0.504313 0.863521
89.892000000 -5.494584 -13.777995 0.000000 0.000000 0.000000 0.499750 0.866170
89.925000000 -5.498864 -13.785428 0.000000 0.000000 0.000000 0.495164 0.868799
89.958000000 -5.550340 -13.765105 0.000000 0.000000 0.000000 0.494233 0.869330
89.991000000 -5.555298 -13.773456 0.000000 0.000000 0.000000 0.489609 0.871942
90.024000000 -5.560531 -13.782074 0.000000 0.000000 0.000000 0.484959 0.874537
90.057000000 -5.566043 -13.790953 0.000000 0.000000 0.000000 0.480281 0.877115
90.090000000 -5.615163 -13.769128 0.000000 0.000000 0.000000 0.480259 0.877127
90.123000000 -5.621489 -13.779052 0.000000 0.000000 0.000000 0.475532 0.879698
90.156000000 -5.681058 -13.774197 0.000000 0.000000 0.000000 0.466091 0.884737
90.189000000 -5.688428 -13.784982 0.000000 0.000000 0.000000 0.461280 0.887254
90.222000000 -5.696116 -13.795998 0.000000 0.000000 0.000000 0.456431 0.889759
90.255000000 -5.750629 -13.783835 0.000000 0.000000 0.000000 0.451526 0.892258
90.288000000 -5.759640 -13.796141 0.000000 0.000000 0.000000 0.446591 0.894738
90.321000000 -5.818327 -13.791672 0.000000 0.000000 0.000000 0.438404 0.898778
90.354000000 -5.828751 -13.805056 0.000000 0.000000 0.000000 0.433365 0.901219
90.387000000 -5.839539 -13.818624 0.000000 0.000000 0.000000 0.428277 0.903648
90.420000000 -5.850697 -13.832366 0.000000 0.000000 0.000000 0.423143 0.906063
90.453000000 -5.894059 -13.810146 0.000000 0.000000 0.000000 0.421221 0.906958
90.486000000 -5.905803 -13.824092 0.000000 0.000000 0.000000 0.416014 0.909358
90.519000000 -5.917937 -13.838188 0.000000 0.000000 0.000000 0.410770 0.911739
90.552000000 -5.930466 -13.852426 0.000000 0.000000 0.000000 0.405494 0.914098
90.585000000 -5.943398 -13.866796 0.000000 0.000000 0.000000 0.400190 0.916432
90.618000000 -6.031387 -13.830194 0.000000 0.000000 0.000000 0.392366 0.919809
90.651000000 -6.044902 -13.844295 0.000000 0.000000 0.000000 0.387009 0.922076
90.684000000 -6.058835 -13.858501 0.000000 0.000000 0.000000 0.381636 0.924313
90.717000000 -6.073193 -13.872802 0.000000 0.000000 0.000000 0.376250 0.926518
90.750000000 -6.111749 -13.853267 0.000000 0.000000 0.000000 0.373877 0.927478
90.783000000 -6.126867 -13.867810 0.000000 0.000000 0.000000 0.368487 0.929633
90.816000000 -6.178494 -13.862846 0.000000 0.000000 0.000000 0.360748 0.932663
90.849000000 -6.194513 -13.877409 0.000000 0.000000 0.000000 0.355421 0.934706
90.882000000 -6.211007 -13.891990 0.000000 0.000000 0.000000 0.350148 0.936694
90.915000000 -6.227954 -13.906611 0.000000 0.000000 0.000000 0.344929 0.938629
90.948000000 -6.245366 -13.921249 0.000000 0.000000 0.000000 0.339767 0.940510
90.981000000 -6.263947 -13.888955 0.000000 0.000000 0.000000 0.342462 0.939532
91.014000000 -6.281644 -13.903751 0.000000 0.000000 0.000000 0.337439 0.941348
91.047000000 -6.299809 -13.918556 0.000000 0.000000 0.000000 0.332482 0.943110
91.080000000 -6.342406 -13.907861 0.000000 0.000000 0.000000 0.327324 0.944912
91.113000000 -6.361274 -13.922627 0.000000 0.000000 0.000000 0.322509 0.946567
91.146000000 -6.423662 -13.928332 0.000000 0.000000 0.000000 0.312689 0.949856
91.179000000 -6.444019 -13.943274 0.000000 0.000000 0.000000 0.308019 0.951380
91.212000000 -6.464850 -13.958188 0.000000 0.000000 0.000000 0.303430 0.952854
91.245000000 -6.506507 -13.950886 0.000000 0.000000 0.000000 0.299253 0.954174
91.278000000 -6.528275 -13.965932 0.000000 0.000000 0.000000 0.294837 0.955548
91.311000000 -6.550514 -13.980939 0.000000 0.000000 0.000000 0.290510 0.956872
91.344000000 -6.573225 -13.995901 0.000000 0.000000 0.000000 0.286276 0.958147
91.377000000 -6.593752 -13.977510 0.000000 0.000000 0.000000 0.286578 0.958057
91.410000000 -6.617582 -13.993062 0.000000 0.000000 0.000000 0.282545 0.959254
91.443000000 -6.641884 -14.008562 0.000000 0.000000 0.000000 0.278614 0.960403
91.476000000 -6.685391 -14.006837 0.000000 0.000000 0.000000 0.274391 0.961618
91.509000000 -6.711278 -14.022808 0.000000 0.000000 0.000000 0.270673 0.962671
91.542000000 -6.780816 -14.038663 0.000000 0.000000 0.000000 0.263150 0.964755
91.575000000 -6.808600 -14.054922 0.000000 0.000000 0.000000 0.259656 0.965701
91.608000000 -6.836853 -14.071105 0.000000 0.000000 0.000000 0.256280 0.966603
91.641000000 -6.876845 -14.070170 0.000000 0.000000 0.000000 0.253288 0.967391
91.674000000 -6.905538 -14.086178 0.000000 0.000000 0.000000 0.250161 0.968204
91.707000000 -6.934690 -14.102112 0.000000 0.000000 0.000000 0.247165 0.968973
91.740000000 -6.964299 -14.117974 0.000000 0.000000 0.000000 0.244302 0.969699
91.773000000 -6.975131 -14.101958 0.000000 0.000000 0.000000 0.244552 0.969636
91.806000000 -7.004815 -14.117812 0.000000 0.000000 0.000000 0.241972 0.970283
91.839000000 -7.080268 -14.138012 0.000000 0.000000 0.000000 0.236895 0.971535
91.872000000 -7.112235 -14.154444 0.000000 0.000000 0.000000 0.234610 0.972090
91.905000000 -7.144644 -14.170814 0.000000 0.000000 0.000000 0.232481 0.972601
91.938000000 -7.184168 -14.172817 0.000000 0.000000 0.000000 0.230888 0.972980
91.971000000 -7.216540 -14.188943 0.000000 0.000000 0.000000 0.229085 0.973406
92.004000000 -7.249339 -14.205025 0.000000 0.000000 0.000000 0.227453 0.973789
92.037000000 -7.282560 -14.221069 0.000000 0.000000 0.000000 0.225996 0.974128
92.070000000 -7.295248 -14.211142 0.000000 0.000000 0.000000 0.226230 0.974074
92.103000000 -7.329658 -14.227863 0.000000 0.000000 0.000000 0.224802 0.974405
92.136000000 -7.409104 -14.250532 0.000000 0.000000 0.000000 0.223106 0.974794
92.169000000 -7.444785 -14.267595 0.000000 0.000000 0.000000 0.221976 0.975052
92.202000000 -7.480869 -14.284640 0.000000 0.000000 0.000000 0.220846 0.975309
92.235000000 -7.525395 -14.290835 0.000000 0.000000 0.000000 0.221665 0.975123
92.268000000 -7.562008 -14.308237 0.000000 0.000000 0.000000 0.221026 0.975268
92.301000000 -7.599002 -14.325667 0.000000 0.000000 0.000000 0.220388 0.975412
92.334000000 -7.636375 -14.343129 0.000000 0.000000 0.000000 0.219749 0.975556
92.367000000 -7.648232 -14.334136 0.000000 0.000000 0.000000 0.221915 0.975066
92.433000000 -7.725460 -14.370879 0.000000 0.000000 0.000000 0.221723 0.975110
92.466000000 -7.772859 -14.377432 0.000000 0.000000 0.000000 0.223196 0.974774
92.499000000 -7.812059 -14.396275 0.000000 0.000000 0.000000 0.223490 0.974706
92.532000000 -7.851593 -14.415247 0.000000 0.000000 0.000000 0.223783 0.974639
92.565000000 -7.891460 -14.434351 0.000000 0.000000 0.000000 0.224077 0.974571
92.598000000 -7.902695 -14.423401 0.000000 0.000000 0.000000 0.225578 0.974225
92.631000000 -7.943295 -14.443192 0.000000 0.000000 0.000000 0.226241 0.974071
92.664000000 -8.038754 -14.472608 0.000000 0.000000 0.000000 0.228696 0.973498
92.697000000 -8.081139 -14.493622 0.000000 0.000000 0.000000 0.229908 0.973212
92.730000000 -8.123808 -14.514872 0.000000 0.000000 0.000000 0.231181 0.972911
92.763000000 -8.166756 -14.536368 0.000000 0.000000 0.000000 0.232508 0.972595
92.796000000 -8.176428 -14.521905 0.000000 0.000000 0.000000 0.232519 0.972592
92.829000000 -8.219422 -14.543667 0.000000 0.000000 0.000000 0.233937 0.972252
92.862000000 -8.315751 -14.571978 0.000000 0.000000 0.000000 0.236690 0.971585
92.895000000 -8.359122 -14.594410 0.000000 0.000000 0.000000 0.238177 0.971222
92.928000000 -8.402753 -14.617130 0.000000 0.000000 0.000000 0.239690 0.970849
92.961000000 -8.457972 -14.623532 0.000000 0.000000 0.000000 0.241265 0.970459
92.994000000 -8.501946 -14.646819 0.000000 0.000000 0.000000 0.242818 0.970072
93.027000000 -8.546171 -14.670412 0.000000 0.000000 0.000000 0.244384 0.969679
93.060000000 -8.590644 -14.694316 0.000000 0.000000 0.000000 0.245959 0.969280
93.093000000 -8.635363 -14.718535 0.000000 0.000000 0.000000 0.247539 0.968878
93.126000000 -8.604144 -14.677457 0.000000 0.000000 0.000000 0.246040 0.969260
93.159000000 -8.649048 -14.701825 0.000000 0.000000 0.000000 0.247621 0.968857
93.192000000 -8.753273 -14.732298 0.000000 0.000000 0.000000 0.250862 0.968023
93.225000000 -8.798832 -14.757618 0.000000 0.000000 0.000000 0.252429 0.967615
93.258000000 -8.906169 -14.789755 0.000000 0.000000 0.000000 0.255697 0.966757
93.291000000 -8.952628 -14.816191 0.000000 0.000000 0.000000 0.257237 0.966348
93.324000000 -8.999320 -14.842964 0.000000 0.000000 0.000000 0.258758 0.965942
93.357000000 -9.046242 -14.870073 0.000000 0.000000 0.000000 0.260256 0.965540
93.390000000 -9.061250 -14.848208 0.000000 0.000000 0.000000 0.260331 0.965519
93.423000000 -9.108200 -14.875523 0.000000 0.000000 0.000000 0.261773 0.965129
93.456000000 -9.216695 -14.907129 0.000000 0.000000 0.000000 0.264718 0.964326
93.489000000 -9.263641 -14.935015 0.000000 0.000000 0.000000 0.266091 0.963948
93.522000000 -9.310818 -14.963228 0.000000 0.000000 0.000000 0.267427 0.963578
93.555000000 -9.372440 -14.966085 0.000000 0.000000 0.000000 0.268671 0.963232
93.588000000 -9.419217 -14.994393 0.000000 0.000000 0.000000 0.269928 0.962880
93.621000000 -9.466228 -15.023017 0.000000 0.000000 0.000000 0.271144 0.962539
93.654000000 -9.529268 -15.026090 0.000000 0.000000 0.000000 0.272167 0.962250
93.687000000 -9.576109 -15.054903 0.000000 0.000000 0.000000 0.273297 0.961930
93.720000000 -9.623186 -15.084020 0.000000 0.000000 0.000000 0.274383 0.961620
93.753000000 -9.687086 -15.087364 0.000000 0.000000 0.000000 0.275336 0.961348
93.786000000 -9.734069 -15.116692 0.000000 0.000000 0.000000 0.276335 0.961062
93.819000000 -9.781290 -15.146312 0.000000 0.000000 0.000000 0.277289 0.960786
93.852000000 -9.844350 -15.149276 0.000000 0.000000 0.000000 0.278212 0.960520
93.885000000 -9.891160 -15.178886 0.000000 0.000000 0.000000 0.279080 0.960268
93.918000000 -9.938208 -15.208774 0.000000 0.000000 0.000000 0.279906 0.960027
93.951000000 -10.000556 -15.210838 0.000000 0.000000 0.000000 0.280816 0.959762
93.984000000 -10.046927 -15.240524 0.000000 0.000000 0.000000 0.281559 0.959544
94.017000000 -10.093535 -15.270471 0.000000 0.000000 0.000000 0.282261 0.959338
94.050000000 -10.140382 -15.300674 0.000000 0.000000 0.000000 0.282924 0.959142
94.083000000 -10.156392 -15.272074 0.000000 0.000000 0.000000 0.283044 0.959107
94.116000000 -10.202404 -15.301832 0.000000 0.000000 0.000000 0.283631 0.958934
94.149000000 -10.312490 -15.333700 0.000000 0.000000 0.000000 0.284931 0.958548
94.182000000 -10.358382 -15.363636 0.000000 0.000000 0.000000 0.285447 0.958395
94.215000000 -10.404505 -15.393801 0.000000 0.000000 0.000000 0.285928 0.958251
94.248000000 -10.450861 -15.424190 0.000000 0.000000 0.000000 0.286377 0.958117
94.281000000 -10.467866 -15.394568 0.000000 0.000000 0.000000 0.286461 0.958092
94.314000000 -10.513403 -15.424481 0.000000 0.000000 0.000000 0.286848 0.957976
94.347000000 -10.623998 -15.455811 0.000000 0.000000 0.000000 0.287588 0.957754
94.380000000 -10.669547 -15.485885 0.000000 0.000000 0.000000 0.287918 0.957655
94.413000000 -10.715319 -15.516157 0.000000 0.000000 0.000000 0.288220 0.957564
94.446000000 -10.779872 -15.516576 0.000000 0.000000 0.000000 0.288487 0.957484
94.479000000 -10.825255 -15.546661 0.000000 0.000000 0.000000 0.288740 0.957408
94.512000000 -10.870855 -15.576931 0.000000 0.000000 0.000000 0.288969 0.957338
94.545000000 -10.935683 -15.577488 0.000000 0.000000 0.000000 0.289153 0.957283
94.578000000 -10.980977 -15.607606 0.000000 0.000000 0.000000 0.289340 0.957226
94.611000000 -11.026483 -15.637894 0.000000 0.000000 0.000000 0.289507 0.957176
94.644000000 -11.091300 -15.638223 0.000000 0.000000 0.000000 0.289518 0.957173
94.677000000 -11.136482 -15.668315 0.000000 0.000000 0.000000 0.289649 0.957133
94.710000000 -11.181870 -15.698566 0.000000 0.000000 0.000000 0.289763 0.957098
94.743000000 -11.246552 -15.698769 0.000000 0.000000 0.000000 0.289804 0.957086
94.776000000 -11.291591 -15.728804 0.000000 0.000000 0.000000 0.289888 0.957061
94.809000000 -11.336827 -15.758986 0.000000 0.000000 0.000000 0.289958 0.957039
94.842000000 -11.382261 -15.789314 0.000000 0.000000 0.000000 0.290016 0.957022
94.875000000 -11.401664 -15.759313 0.000000 0.000000 0.000000 0.289916 0.957052
94.908000000 -11.446620 -15.789308 0.000000 0.000000 0.000000 0.289951 0.957042
94.941000000 -11.556677 -15.819878 0.000000 0.000000 0.000000 0.289883 0.957062
94.974000000 -11.601594 -15.849842 0.000000 0.000000 0.000000 0.289899 0.957057
95.007000000 -11.646692 -15.879932 0.000000 0.000000 0.000000 0.289906 0.957055
95.040000000 -11.691973 -15.910148 0.000000 0.000000 0.000000 0.289906 0.957055
95.073000000 -11.712466 -15.881222 0.000000 0.000000 0.000000 0.289862 0.957069
95.106000000 -11.757587 -15.911318 0.000000 0.000000 0.000000 0.289847 0.957073
95.139000000 -11.867622 -15.941806 0.000000 0.000000 0.000000 0.289853 0.957071
95.172000000 -11.912589 -15.971797 0.000000 0.000000 0.000000 0.289828 0.957079
95.205000000 -11.957724 -16.001900 0.000000 0.000000 0.000000 0.289797 0.957088
95.238000000 -12.022944 -16.002426 0.000000 0.000000 0.000000 0.289660 0.957130
95.271000000 -12.067908 -16.032389 0.000000 0.000000 0.000000 0.289622 0.957141
95.304000000 -12.113031 -16.062455 0.000000 0.000000 0.000000 0.289581 0.957154
95.337000000 -12.178433 -16.063338 0.000000 0.000000 0.000000 0.289413 0.957204
95.370000000 -12.223465 -16.093312 0.000000 0.000000 0.000000 0.289366 0.957219
95.403000000 -12.268650 -16.123385 0.000000 0.000000 0.000000 0.289317 0.957233
95.436000000 -12.334154 -16.124324 0.000000 0.000000 0.000000 0.289175 0.957276
95.469000000 -12.379259 -16.154314 0.000000 0.000000 0.000000 0.289123 0.957292
95.502000000 -12.424511 -16.184397 0.000000 0.000000 0.000000 0.289070 0.957308
95.568000000 -12.534400 -16.214578 0.000000 0.000000 0.000000 0.288885 0.957364
95.601000000 -12.579516 -16.244537 0.000000 0.000000 0.000000 0.288831 0.957380
95.667000000 -12.690006 -16.275165 0.000000 0.000000 0.000000 0.288592 0.957452
95.733000000 -12.780463 -16.335145 0.000000 0.000000 0.000000 0.288485 0.957484
95.766000000 -12.800221 -16.305797 0.000000 0.000000 0.000000 0.288361 0.957522
95.799000000 -12.845208 -16.335597 0.000000 0.000000 0.000000 0.288309 0.957537
95.832000000 -12.890315 -16.365471 0.000000 0.000000 0.000000 0.288259 0.957553
95.865000000 -12.955613 -16.366164 0.000000 0.000000 0.000000 0.288135 0.957590
95.898000000 -13.000606 -16.395937 0.000000 0.000000 0.000000 0.288086 0.957604
95.931000000 -13.045713 -16.425779 0.000000 0.000000 0.000000 0.288039 0.957619
95.964000000 -13.111013 -16.426363 0.000000 0.000000 0.000000 0.288163 0.957581
95.997000000 -13.155981 -16.456123 0.000000 0.000000 0.000000 0.288118 0.957595
96.030000000 -13.201057 -16.485948 0.000000 0.000000 0.000000 0.288075 0.957608
96.063000000 -13.266153 -16.486149 0.000000 0.000000 0.000000 0.287848 0.957676
96.096000000 -13.311034 -16.515808 0.000000 0.000000 0.000000 0.287808 0.957688
96.129000000 -13.416543 -16.542569 0.000000 0.000000 0.000000 0.287606 0.957749
96.162000000 -13.461553 -16.572280 0.000000 0.000000 0.000000 0.287568 0.957760
96.195000000 -13.506661 -16.602052 0.000000 0.000000 0.000000 0.287532 0.957771
96.228000000 -13.551867 -16.631883 0.000000 0.000000 0.000000 0.287498 0.957781
96.261000000 -13.577501 -16.605978 0.000000 0.000000 0.000000 0.287334 0.957830
96.294000000 -13.622363 -16.635553 0.000000 0.000000 0.000000 0.287302 0.957840
96.327000000 -13.667228 -16.665125 0.000000 0.000000 0.000000 0.287272 0.957849
96.360000000 -13.733050 -16.665607 0.000000 0.000000 0.000000 0.287185 0.957875
96.393000000 -13.777890 -16.695149 0.000000 0.000000 0.000000 0.287158 0.957883
96.426000000 -13.822733 -16.724687 0.000000 0.000000 0.000000 0.287132 0.957891
96.459000000 -13.888427 -16.725046 0.000000 0.000000 0.000000 0.287022 0.957924
96.492000000 -13.933221 -16.754535 0.000000 0.000000 0.000000 0.286999 0.957931
96.525000000 -13.978016 -16.784021 0.000000 0.000000 0.000000 0.286977 0.957937
96.558000000 -14.044149 -16.784892 0.000000 0.000000 0.000000 0.286784 0.957995
96.591000000 -14.089053 -16.814421 0.000000 0.000000 0.000000 0.286764 0.958001
96.624000000 -14.133958 -16.843948 0.000000 0.000000 0.000000 0.286746 0.958007
96.657000000 -14.199805 -16.844220 0.000000 0.000000 0.000000 0.286552 0.958065
96.690000000 -14.244679 -16.873699 0.000000 0.000000 0.000000 0.286536 0.958069
96.723000000 -14.289554 -16.903176 0.000000 0.000000 0.000000 0.286522 0.958074
96.756000000 -14.355731 -16.903648 0.000000 0.000000 0.000000 0.286320 0.958134
96.789000000 -14.400670 -16.933139 0.000000 0.000000 0.000000 0.286308 0.958138
96.822000000 -14.445610 -16.962628 0.000000 0.000000 0.000000 0.286296 0.958141
96.855000000 -14.490552 -16.992116 0.000000 0.000000 0.000000 0.286286 0.958144
96.888000000 -14.511327 -16.962879 0.000000 0.000000 0.000000 0.286165 0.958180
96.921000000 -14.556213 -16.992314 0.000000 0.000000 0.000000 0.286156 0.958183
96.954000000 -14.666641 -17.021923 0.000000 0.000000 0.000000 0.286001 0.958229
96.987000000 -14.711453 -17.051288 0.000000 0.000000 0.000000 0.285993 0.958232
97.020000000 -14.756266 -17.080652 0.000000 0.000000 0.000000 0.285987 0.958234
97.053000000 -14.822241 -17.081008 0.000000 0.000000 0.000000 0.286020 0.958224
97.086000000 -14.867088 -17.110399 0.000000 0.000000 0.000000 0.286015 0.958225
97.119000000 -14.911935 -17.139789 0.000000 0.000000 0.000000 0.286011 0.958226
97.152000000 -14.977707 -17.139688 0.000000 0.000000 0.000000 0.285838 0.958278
97.185000000 -15.022505 -17.169022 0.000000 0.000000 0.000000 0.285835 0.958279
97.218000000 -15.067304 -17.198355 0.000000 0.000000 0.000000 0.285832 0.958280
97.251000000 -15.133285 -17.198554 0.000000 0.000000 0.000000 0.285857 0.958272
97.284000000 -15.178110 -17.227908 0.000000 0.000000 0.000000 0.285855 0.958273
97.317000000 -15.222935 -17.257262 0.000000 0.000000 0.000000 0.285854 0.958273
97.350000000 -15.267761 -17.286616 0.000000 0.000000 0.000000 0.285852 0.958274
97.383000000 -15.288439 -17.256936 0.000000 0.000000 0.000000 0.285675 0.958327
97.416000000 -15.333154 -17.286194 0.000000 0.000000 0.000000 0.285674 0.958327
97.449000000 -15.443920 -17.315014 0.000000 0.000000 0.000000 0.285693 0.958321
97.482000000 -15.488628 -17.344270 0.000000 0.000000 0.000000 0.285693 0.958321
97.515000000 -15.533337 -17.373527 0.000000 0.000000 0.000000 0.285694 0.958321
97.548000000 -15.599639 -17.374009 0.000000 0.000000 0.000000 0.285434 0.958398
97.581000000 -15.644507 -17.403336 0.000000 0.000000 0.000000 0.285435 0.958398
97.614000000 -15.729427 -17.415322 0.000000 0.000000 0.000000 0.285460 0.958391
97.647000000 -15.774214 -17.444599 0.000000 0.000000 0.000000 0.285461 0.958390
97.680000000 -15.819001 -17.473876 0.000000 0.000000 0.000000 0.285462 0.958390
97.713000000 -15.863789 -17.503153 0.000000 0.000000 0.000000 0.285463 0.958390
97.746000000 -15.908576 -17.532430 0.000000 0.000000 0.000000 0.285465 0.958389
97.779000000 -15.910745 -17.490549 0.000000 0.000000 0.000000 0.285461 0.958390
97.812000000 -15.955527 -17.519823 0.000000 0.000000 0.000000 0.285462 0.958390
97.845000000 -16.000310 -17.549097 0.000000 0.000000 0.000000 0.285464 0.958389
97.878000000 -16.066221 -17.548816 0.000000 0.000000 0.000000 0.285277 0.958445
97.911000000 -16.110993 -17.578058 0.000000 0.000000 0.000000 0.285279 0.958445
97.944000000 -16.221864 -17.606938 0.000000 0.000000 0.000000 0.285295 0.958440
97.977000000 -16.266644 -17.636188 0.000000 0.000000 0.000000 0.285297 0.958439
98.010000000 -16.311424 -17.665438 0.000000 0.000000 0.000000 0.285299 0.958439
98.043000000 -16.356204 -17.694689 0.000000 0.000000 0.000000 0.285301 0.958438
98.076000000 -16.400983 -17.723940 0.000000 0.000000 0.000000 0.285303 0.958437
98.109000000 -16.377130 -17.664870 0.000000 0.000000 0.000000 0.285295 0.958440
98.142000000 -16.532786 -17.722415 0.000000 0.000000 0.000000 0.285112 0.958494
98.175000000 -16.577495 -17.751595 0.000000 0.000000 0.000000 0.285114 0.958494
98.208000000 -16.622204 -17.780774 0.000000 0.000000 0.000000 0.285115 0.958493
98.241000000 -16.666913 -17.809954 0.000000 0.000000 0.000000 0.285117 0.958493
98.274000000 -16.688237 -17.780439 0.000000 0.000000 0.000000 0.285130 0.958489
98.307000000 -16.732967 -17.809635 0.000000 0.000000 0.000000 0.285132 0.958488
98.340000000 -16.843656 -17.838283 0.000000 0.000000 0.000000 0.285130 0.958489
98.373000000 -16.888365 -17.867466 0.000000 0.000000 0.000000 0.285131 0.958488
98.406000000 -16.933074 -17.896648 0.000000 0.000000 0.000000 0.285133 0.958488
98.439000000 -16.999497 -17.896697 0.000000 0.000000 0.000000 0.285130 0.958489
98.472000000 -17.044339 -17.925967 0.000000 0.000000 0.000000 0.285131 0.958489
98.505000000 -17.089182 -17.955236 0.000000 0.000000 0.000000 0.285133 0.958488
98.538000000 -17.154618 -17.954514 0.000000 0.000000 0.000000 0.285130 0.958489
98.571000000 -17.199301 -17.983679 0.000000 0.000000 0.000000 0.285131 0.958489
98.604000000 -17.270768 -17.987250 0.000000 0.000000 0.000000 0.285129 0.958489
98.637000000 -17.315545 -18.016476 0.000000 0.000000 0.000000 0.285130 0.958489
98.670000000 -17.360322 -18.045703 0.000000 0.000000 0.000000 0.285131 0.958489
98.703000000 -17.405099 -18.074930 0.000000 0.000000 0.000000 0.285132 0.958488
98.736000000 -17.465121 -18.070500 0.000000 0.000000 0.000000 0.285129 0.958489
98.769000000 -17.509738 -18.099622 0.000000 0.000000 0.000000 0.285130 0.958489
98.802000000 -17.554355 -18.128744 0.000000 0.000000 0.000000 0.285131 0.958488
98.835000000 -17.620868 -18.129003 0.000000 0.000000 0.000000 0.285129 0.958489
98.868000000 -17.665681 -18.158253 0.000000 0.000000 0.000000 0.285130 0.958489
98.901000000 -17.710495 -18.187503 0.000000 0.000000 0.000000 0.285131 0.958489
98.934000000 -17.775866 -18.186877 0.000000 0.000000 0.000000 0.285129 0.958489
98.967000000 -17.820527 -18.216028 0.000000 0.000000 0.000000 0.285130 0.958489
99.033000000 -17.909848 -18.274329 0.000000 0.000000 0.000000 0.285131 0.958488
99.066000000 -17.954509 -18.303479 0.000000 0.000000 0.000000 0.285132 0.958488
99.099000000 -17.930985 -18.244608 0.000000 0.000000 0.000000 0.285129 0.958489
99.132000000 -18.084901 -18.301495 0.000000 0.000000 0.000000 0.285129 0.958489
99.165000000 -18.129550 -18.330638 0.000000 0.000000 0.000000 0.285129 0.958489
99.198000000 -18.174200 -18.359781 0.000000 0.000000 0.000000 0.285130 0.958489
99.231000000 -18.218849 -18.388924 0.000000 0.000000 0.000000 0.285130 0.958489
99.264000000 -18.241258 -18.360047 0.000000 0.000000 0.000000 0.285129 0.958489
99.297000000 -18.285856 -18.389156 0.000000 0.000000 0.000000 0.285129 0.958489
99.330000000 -18.330454 -18.418266 0.000000 0.000000 0.000000 0.285130 0.958489
99.363000000 -18.375051 -18.447375 0.000000 0.000000 0.000000 0.285130 0.958489
99.396000000 -18.419649 -18.476484 0.000000 0.000000 0.000000 0.285130 0.958489
99.429000000 -18.545742 -18.471887 0.000000 0.000000 0.000000 0.284750 0.958602
99.462000000 -18.590323 -18.500935 0.000000 0.000000 0.000000 0.284750 0.958602
99.495000000 -18.634904 -18.529984 0.000000 0.000000 0.000000 0.284750 0.958602
99.528000000 -18.679485 -18.559031 0.000000 0.000000 0.000000 0.284750 0.958602
99.561000000 -18.706063 -18.532963 0.000000 0.000000 0.000000 0.284614 0.958642
99.594000000 -18.750646 -18.561994 0.000000 0.000000 0.000000 0.284614 0.958642
99.627000000 -18.795229 -18.591026 0.000000 0.000000 0.000000 0.284614 0.958642
99.660000000 -18.839812 -18.620057 0.000000 0.000000 0.000000 0.284614 0.958642
99.693000000 -18.884395 -18.649088 0.000000 0.000000 0.000000 0.284614 0.958642
99.726000000 -18.861025 -18.590233 0.000000 0.000000 0.000000 0.284632 0.958637
99.759000000 -18.905584 -18.619251 0.000000 0.000000 0.000000 0.284632 0.958637
99.792000000 -19.016135 -18.647728 0.000000 0.000000 0.000000 0.284632 0.958637
99.825000000 -19.060739 -18.676776 0.000000 0.000000 0.000000 0.284632 0.958637
99.858000000 -19.171314 -18.704828 0.000000 0.000000 0.000000 0.284632 0.958637
99.891000000 -19.215897 -18.733862 0.000000 0.000000 0.000000 0.284632 0.958637
99.924000000 -19.260479 -18.762895 0.000000 0.000000 0.000000 0.284632 0.958637
99.957000000 -19.326162 -18.761699 0.000000 0.000000 0.000000 0.284632 0.958637
99.990000000 -19.370656 -18.790675 0.000000 0.000000 0.000000 0.284632 0.958637
100.023000000 -19.415150 -18.819651 0.000000 0.000000 0.000000 0.284632 0.958637
100.056000000 -19.481324 -18.818451 0.000000 0.000000 0.000000 0.284632 0.958637
100.089000000 -19.525837 -18.847439 0.000000 0.000000 0.000000 0.284632 0.958637
100.122000000 -19.570350 -18.876427 0.000000 0.000000 0.000000 0.284632 0.958637
100.155000000 -19.614863 -18.905415 0.000000 0.000000 0.000000 0.284632 0.958637
100.188000000 -19.636306 -18.875024 0.000000 0.000000 0.000000 0.284632 0.958637
100.221000000 -19.680772 -18.903982 0.000000 0.000000 0.000000 0.284632 0.958637
100.254000000 -19.791500 -18.931653 0.000000 0.000000 0.000000 0.284632 0.958637
100.287000000 -19.835998 -18.960631 0.000000 0.000000 0.000000 0.284632 0.958637
100.320000000 -19.880495 -18.989609 0.000000 0.000000 0.000000 0.284632 0.958637
100.353000000 -19.924993 -19.018587 0.000000 0.000000 0.000000 0.284632 0.958637
100.386000000 -19.969491 -19.047565 0.000000 0.000000 0.000000 0.284632 0.958637
100.419000000 -19.946541 -18.987785 0.000000 0.000000 0.000000 0.284448 0.958691
100.452000000 -20.101942 -19.044301 0.000000 0.000000 0.000000 0.284467 0.958686
100.485000000 -20.146465 -19.073274 0.000000 0.000000 0.000000 0.284467 0.958686
100.518000000 -20.190988 -19.102246 0.000000 0.000000 0.000000 0.284466 0.958686
100.551000000 -20.235510 -19.131219 0.000000 0.000000 0.000000 0.284466 0.958686
100.584000000 -20.257218 -19.100562 0.000000 0.000000 0.000000 0.284467 0.958686
100.617000000 -20.301713 -19.129517 0.000000 0.000000 0.000000 0.284467 0.958686
100.650000000 -20.346207 -19.158471 0.000000 0.000000 0.000000 0.284466 0.958686
100.683000000 -20.412330 -19.156775 0.000000 0.000000 0.000000 0.284207 0.958763
100.716000000 -20.456799 -19.185678 0.000000 0.000000 0.000000 0.284207 0.958763
100.749000000 -20.501268 -19.214582 0.000000 0.000000 0.000000 0.284207 0.958763
100.782000000 -20.567689 -19.212860 0.000000 0.000000 0.000000 0.284233 0.958755
100.815000000 -20.612179 -19.241780 0.000000 0.000000 0.000000 0.284232 0.958755
100.848000000 -20.656668 -19.270700 0.000000 0.000000 0.000000 0.284232 0.958755
100.881000000 -20.723053 -19.268841 0.000000 0.000000 0.000000 0.284049 0.958810
100.914000000 -20.767548 -19.297741 0.000000 0.000000 0.000000 0.284049 0.958810
100.947000000 -20.878202 -19.324751 0.000000 0.000000 0.000000 0.283883 0.958859
100.980000000 -20.922663 -19.353606 0.000000 0.000000 0.000000 0.283883 0.958859
101.013000000 -20.967124 -19.382462 0.000000 0.000000 0.000000 0.283883 0.958859
101.046000000 -21.033538 -19.380495 0.000000 0.000000 0.000000 0.283902 0.958853
101.079000000 -21.078004 -19.409356 0.000000 0.000000 0.000000 0.283901 0.958853
101.112000000 -21.122469 -19.438217 0.000000 0.000000 0.000000 0.283901 0.958853
101.145000000 -21.188452 -19.436426 0.000000 0.000000 0.000000 0.283902 0.958853
101.178000000 -21.232866 -19.465253 0.000000 0.000000 0.000000 0.283901 0.958853
101.211000000 -21.277280 -19.494081 0.000000 0.000000 0.000000 0.283901 0.958853
101.244000000 -21.343704 -19.492809 0.000000 0.000000 0.000000 0.283902 0.958853
101.277000000 -21.388216 -19.521700 0.000000 0.000000 0.000000 0.283901 0.958853
101.310000000 -21.432729 -19.550591 0.000000 0.000000 0.000000 0.283901 0.958853
101.343000000 -21.498662 -19.548265 0.000000 0.000000 0.000000 0.283902 0.958853
101.376000000 -21.543042 -19.577070 0.000000 0.000000 0.000000 0.283901 0.958853
101.409000000 -21.587422 -19.605876 0.000000 0.000000 0.000000 0.283901 0.958853
101.442000000 -21.653953 -19.604275 0.000000 0.000000 0.000000 0.283902 0.958853
101.475000000 -21.698420 -19.633137 0.000000 0.000000 0.000000 0.283902 0.958853
101.508000000 -21.742888 -19.662000 0.000000 0.000000 0.000000 0.283901 0.958853
101.541000000 -21.809383 -19.660212 0.000000 0.000000 0.000000 0.283718 0.958908
101.574000000 -21.853900 -19.689082 0.000000 0.000000 0.000000 0.283718 0.958908
101.607000000 -21.898417 -19.717952 0.000000 0.000000 0.000000 0.283718 0.958908
101.640000000 -21.942934 -19.746822 0.000000 0.000000 0.000000 0.283718 0.958908
101.673000000 -21.987451 -19.775691 0.000000 0.000000 0.000000 0.283718 0.958908
101.706000000 -21.964675 -19.716368 0.000000 0.000000 0.000000 0.283736 0.958902
101.739000000 -22.120330 -19.772443 0.000000 0.000000 0.000000 0.283920 0.958848
101.772000000 -22.164905 -19.801377 0.000000 0.000000 0.000000 0.283920 0.958848
101.805000000 -22.209480 -19.830311 0.000000 0.000000 0.000000 0.283920 0.958848
101.838000000 -22.254055 -19.859245 0.000000 0.000000 0.000000 0.283920 0.958848
101.871000000 -22.275322 -19.828563 0.000000 0.000000 0.000000 0.283902 0.958853
101.904000000 -22.319799 -19.857431 0.000000 0.000000 0.000000 0.283902 0.958853
101.937000000 -22.430879 -19.884798 0.000000 0.000000 0.000000 0.284085 0.958799
101.970000000 -22.475432 -19.913740 0.000000 0.000000 0.000000 0.284085 0.958799
102.003000000 -22.519984 -19.942681 0.000000 0.000000 0.000000 0.284085 0.958799
102.036000000 -22.564537 -19.971623 0.000000 0.000000 0.000000 0.284085 0.958799
102.069000000 -22.586266 -19.940711 0.000000 0.000000 0.000000 0.284067 0.958804
102.102000000 -22.630773 -19.969621 0.000000 0.000000 0.000000 0.284067 0.958804
102.135000000 -22.741681 -19.996745 0.000000 0.000000 0.000000 0.284067 0.958804
102.168000000 -22.786194 -20.025659 0.000000 0.000000 0.000000 0.284067 0.958804
102.234000000 -22.875221 -20.083486 0.000000 0.000000 0.000000 0.284067 0.958804
102.267000000 -22.896995 -20.052255 0.000000 0.000000 0.000000 0.284067 0.958804
102.300000000 -22.941433 -20.081120 0.000000 0.000000 0.000000 0.284067 0.958804
102.366000000 -23.030309 -20.138849 0.000000 0.000000 0.000000 0.284067 0.958804
102.399000000 -23.052750 -20.107998 0.000000 0.000000 0.000000 0.284067 0.958804
102.432000000 -23.097273 -20.136918 0.000000 0.000000 0.000000 0.284067 0.958804
102.465000000 -23.208464 -20.163883 0.000000 0.000000 0.000000 0.284067 0.958804
102.498000000 -23.253017 -20.192822 0.000000 0.000000 0.000000 0.284067 0.958804
102.531000000 -23.297570 -20.221762 0.000000 0.000000 0.000000 0.284067 0.958804
102.564000000 -23.342123 -20.250701 0.000000 0.000000 0.000000 0.284067 0.958804
102.597000000 -23.364431 -20.220167 0.000000 0.000000 0.000000 0.284067 0.958804
102.630000000 -23.409081 -20.249170 0.000000 0.000000 0.000000 0.284067 0.958804
102.663000000 -23.453731 -20.278172 0.000000 0.000000 0.000000 0.284067 0.958804
102.696000000 -23.519871 -20.276376 0.000000 0.000000 0.000000 0.284067 0.958804
102.729000000 -23.564445 -20.305329 0.000000 0.000000 0.000000 0.284067 0.958804
102.762000000 -23.675305 -20.333108 0.000000 0.000000 0.000000 0.284251 0.958750
102.795000000 -23.719907 -20.362103 0.000000 0.000000 0.000000 0.284251 0.958750
102.828000000 -23.764508 -20.391098 0.000000 0.000000 0.000000 0.284251 0.958750
102.861000000 -23.830655 -20.389613 0.000000 0.000000 0.000000 0.284233 0.958755
102.894000000 -23.875224 -20.418585 0.000000 0.000000 0.000000 0.284233 0.958755
102.927000000 -23.919793 -20.447557 0.000000 0.000000 0.000000 0.284233 0.958755
102.960000000 -23.986383 -20.446161 0.000000 0.000000 0.000000 0.284416 0.958701
103.026000000 -24.075624 -20.504220 0.000000 0.000000 0.000000 0.284416 0.958701
103.059000000 -24.120244 -20.533250 0.000000 0.000000 0.000000 0.284416 0.958701
103.092000000 -24.141526 -20.502791 0.000000 0.000000 0.000000 0.284398 0.958706
103.125000000 -24.186068 -20.531767 0.000000 0.000000 0.000000 0.284398 0.958706
103.158000000 -24.297514 -20.559904 0.000000 0.000000 0.000000 0.284582 0.958652
103.191000000 -24.342227 -20.589015 0.000000 0.000000 0.000000 0.284582 0.958652
103.224000000 -24.386940 -20.618127 0.000000 0.000000 0.000000 0.284582 0.958652
103.257000000 -24.452551 -20.616278 0.000000 0.000000 0.000000 0.284564 0.958657
103.290000000 -24.497058 -20.645254 0.000000 0.000000 0.000000 0.284564 0.958657
103.323000000 -24.594517 -20.664052 0.000000 0.000000 0.000000 0.284564 0.958657
103.356000000 -24.639069 -20.693056 0.000000 0.000000 0.000000 0.284564 0.958657
103.389000000 -24.683621 -20.722061 0.000000 0.000000 0.000000 0.284564 0.958657
103.422000000 -24.728173 -20.751065 0.000000 0.000000 0.000000 0.284564 0.958657
103.455000000 -24.763768 -20.730071 0.000000 0.000000 0.000000 0.284747 0.958603
103.488000000 -24.808445 -20.759182 0.000000 0.000000 0.000000 0.284747 0.958603
103.521000000 -24.853123 -20.788292 0.000000 0.000000 0.000000 0.284747 0.958603
103.554000000 -24.919037 -20.786838 0.000000 0.000000 0.000000 0.284729 0.958608
103.587000000 -24.963610 -20.815878 0.000000 0.000000 0.000000 0.284729 0.958608
103.620000000 -25.008184 -20.844918 0.000000 0.000000 0.000000 0.284729 0.958608
103.653000000 -25.052757 -20.873958 0.000000 0.000000 0.000000 0.284729 0.958608
103.686000000 -25.074451 -20.843687 0.000000 0.000000 0.000000 0.284913 0.958553
103.719000000 -25.119021 -20.872749 0.000000 0.000000 0.000000 0.284913 0.958553
103.752000000 -25.163591 -20.901812 0.000000 0.000000 0.000000 0.284913 0.958553
103.785000000 -25.229594 -20.900731 0.000000 0.000000 0.000000 0.285078 0.958504
103.818000000 -25.274129 -20.929792 0.000000 0.000000 0.000000 0.285078 0.958504
103.851000000 -25.318664 -20.958854 0.000000 0.000000 0.000000 0.285078 0.958504
103.884000000 -25.384717 -20.958111 0.000000 0.000000 0.000000 0.285060 0.958510
103.917000000 -25.518342 -21.001262 0.000000 0.000000 0.000000 0.285254 0.958452
103.950000000 -25.562904 -21.030364 0.000000 0.000000 0.000000 0.285254 0.958452
103.983000000 -25.607465 -21.059466 0.000000 0.000000 0.000000 0.285254 0.958452
104.016000000 -25.652026 -21.088568 0.000000 0.000000 0.000000 0.285254 0.958452
104.049000000 -25.695000 -21.072472 0.000000 0.000000 0.000000 0.285226 0.958460
104.082000000 -25.739514 -21.101539 0.000000 0.000000 0.000000 0.285226 0.958460
104.115000000 -25.784028 -21.130607 0.000000 0.000000 0.000000 0.285226 0.958460
104.148000000 -25.828542 -21.159674 0.000000 0.000000 0.000000 0.285226 0.958460
104.181000000 -25.850172 -21.129909 0.000000 0.000000 0.000000 0.285226 0.958460
104.214000000 -25.894733 -21.159007 0.000000 0.000000 0.000000 0.285226 0.958460
104.247000000 -26.005381 -21.188066 0.000000 0.000000 0.000000 0.285226 0.958460
104.280000000 -26.050042 -21.217229 0.000000 0.000000 0.000000 0.285226 0.958460
104.313000000 -26.094702 -21.246392 0.000000 0.000000 0.000000 0.285226 0.958460
104.346000000 -26.139363 -21.275555 0.000000 0.000000 0.000000 0.285226 0.958460
104.379000000 -26.160399 -21.245792 0.000000 0.000000 0.000000 0.285226 0.958460
104.412000000 -26.205003 -21.274918 0.000000 0.000000 0.000000 0.285226 0.958460
104.445000000 -26.315944 -21.304095 0.000000 0.000000 0.000000 0.285409 0.958406
104.478000000 -26.360679 -21.333332 0.000000 0.000000 0.000000 0.285409 0.958406
104.511000000 -26.405414 -21.362568 0.000000 0.000000 0.000000 0.285409 0.958406
104.544000000 -26.471181 -21.362224 0.000000 0.000000 0.000000 0.285391 0.958411
104.577000000 -26.515876 -21.391432 0.000000 0.000000 0.000000 0.285391 0.958411
104.610000000 -26.560572 -21.420640 0.000000 0.000000 0.000000 0.285391 0.958411
104.643000000 -26.605268 -21.449848 0.000000 0.000000 0.000000 0.285391 0.958411
104.676000000 -26.626031 -21.419934 0.000000 0.000000 0.000000 0.285573 0.958357
104.709000000 -26.670591 -21.449078 0.000000 0.000000 0.000000 0.285566 0.958359
104.742000000 -26.779249 -21.476675 0.000000 0.000000 0.000000 0.285548 0.958364
104.775000000 -26.823383 -21.505536 0.000000 0.000000 0.000000 0.285527 0.958371
104.808000000 -26.867517 -21.534395 0.000000 0.000000 0.000000 0.285497 0.958380
104.841000000 -26.928439 -21.531043 0.000000 0.000000 0.000000 0.285529 0.958370
104.874000000 -26.971494 -21.559197 0.000000 0.000000 0.000000 0.285477 0.958386
104.907000000 -27.014550 -21.587344 0.000000 0.000000 0.000000 0.285412 0.958405
104.940000000 -27.075280 -21.583424 0.000000 0.000000 0.000000 0.285504 0.958377
104.973000000 -27.117431 -21.610983 0.000000 0.000000 0.000000 0.285411 0.958405
105.006000000 -27.159582 -21.638531 0.000000 0.000000 0.000000 0.285304 0.958437
105.039000000 -27.218742 -21.633689 0.000000 0.000000 0.000000 0.285291 0.958441
105.072000000 -27.259847 -21.660538 0.000000 0.000000 0.000000 0.285152 0.958482
105.105000000 -27.300949 -21.687368 0.000000 0.000000 0.000000 0.284997 0.958528
105.138000000 -27.342050 -21.714178 0.000000 0.000000 0.000000 0.284826 0.958579
105.171000000 -27.359676 -21.682637 0.000000 0.000000 0.000000 0.284855 0.958571
105.204000000 -27.399949 -21.708891 0.000000 0.000000 0.000000 0.284650 0.958631
105.237000000 -27.497678 -21.730007 0.000000 0.000000 0.000000 0.284237 0.958754
105.270000000 -27.537081 -21.755622 0.000000 0.000000 0.000000 0.283999 0.958825
105.303000000 -27.576476 -21.781202 0.000000 0.000000 0.000000 0.283744 0.958900
105.336000000 -27.632674 -21.775649 0.000000 0.000000 0.000000 0.283509 0.958970
105.369000000 -27.671172 -21.800592 0.000000 0.000000 0.000000 0.283221 0.959055
105.402000000 -27.709656 -21.825492 0.000000 0.000000 0.000000 0.282917 0.959144
105.435000000 -27.765087 -21.819827 0.000000 0.000000 0.000000 0.282615 0.959234
105.468000000 -27.802781 -21.844149 0.000000 0.000000 0.000000 0.282278 0.959333
105.501000000 -27.840457 -21.868421 0.000000 0.000000 0.000000 0.281926 0.959436
105.534000000 -27.895126 -21.862880 0.000000 0.000000 0.000000 0.281558 0.959544
105.567000000 -27.932124 -21.886638 0.000000 0.000000 0.000000 0.281174 0.959657
105.633000000 -28.006053 -21.933980 0.000000 0.000000 0.000000 0.280363 0.959894
105.666000000 -28.021992 -21.903905 0.000000 0.000000 0.000000 0.280395 0.959885
105.699000000 -28.058079 -21.926954 0.000000 0.000000 0.000000 0.279953 0.960014
105.732000000 -28.094136 -21.949936 0.000000 0.000000 0.000000 0.279497 0.960146
105.765000000 -28.146243 -21.943863 0.000000 0.000000 0.000000 0.279088 0.960265
105.798000000 -28.181577 -21.966295 0.000000 0.000000 0.000000 0.278605 0.960406
105.831000000 -28.216875 -21.988654 0.000000 0.000000 0.000000 0.278109 0.960549
105.864000000 -28.252137 -22.010938 0.000000 0.000000 0.000000 0.277600 0.960697
105.897000000 -28.267964 -21.981871 0.000000 0.000000 0.000000 0.277685 0.960672
105.930000000 -28.384088 -22.015126 0.000000 0.000000 0.000000 0.276147 0.961115
105.963000000 -28.417725 -22.036193 0.000000 0.000000 0.000000 0.275624 0.961265
105.996000000 -28.451306 -22.057172 0.000000 0.000000 0.000000 0.275102 0.961415
106.029000000 -28.484829 -22.078065 0.000000 0.000000 0.000000 0.274579 0.961564
106.062000000 -28.518296 -22.098871 0.000000 0.000000 0.000000 0.274057 0.961713
106.095000000 -28.503426 -22.052310 0.000000 0.000000 0.000000 0.272798 0.962071
106.128000000 -28.536468 -22.072685 0.000000 0.000000 0.000000 0.271848 0.962340
106.161000000 -28.569465 -22.092942 0.000000 0.000000 0.000000 0.270899 0.962608
106.194000000 -28.614253 -22.086836 0.000000 0.000000 0.000000 0.267996 0.963420
106.227000000 -28.646268 -22.106139 0.000000 0.000000 0.000000 0.266568 0.963816
106.260000000 -28.723996 -22.120808 0.000000 0.000000 0.000000 0.262296 0.964987
106.293000000 -28.755722 -22.139429 0.000000 0.000000 0.000000 0.260314 0.965524
106.326000000 -28.787419 -22.157857 0.000000 0.000000 0.000000 0.258118 0.966113
106.359000000 -28.830572 -22.153233 0.000000 0.000000 0.000000 0.255641 0.966772
106.392000000 -28.861721 -22.170942 0.000000 0.000000 0.000000 0.253337 0.967378
106.425000000 -28.892839 -22.188437 0.000000 0.000000 0.000000 0.250989 0.967990
106.458000000 -28.932685 -22.184031 0.000000 0.000000 0.000000 0.248619 0.968601
106.491000000 -28.962917 -22.200644 0.000000 0.000000 0.000000 0.246203 0.969218
106.524000000 -28.993104 -22.217035 0.000000 0.000000 0.000000 0.243761 0.969835
106.557000000 -29.030577 -22.213447 0.000000 0.000000 0.000000 0.241189 0.970478
106.590000000 -29.059869 -22.228964 0.000000 0.000000 0.000000 0.238711 0.971091
106.623000000 -29.089098 -22.244255 0.000000 0.000000 0.000000 0.236221 0.971699
106.656000000 -29.124390 -22.241430 0.000000 0.000000 0.000000 0.233661 0.972318
106.689000000 -29.152734 -22.255886 0.000000 0.000000 0.000000 0.231160 0.972916
106.722000000 -29.180995 -22.270115 0.000000 0.000000 0.000000 0.228659 0.973506
106.755000000 -29.215647 -22.267281 0.000000 0.000000 0.000000 0.226086 0.974107
106.788000000 -29.243249 -22.280821 0.000000 0.000000 0.000000 0.223595 0.974682
106.821000000 -29.270754 -22.294137 0.000000 0.000000 0.000000 0.221112 0.975248
106.854000000 -29.298160 -22.307233 0.000000 0.000000 0.000000 0.218640 0.975806
106.887000000 -29.303919 -22.292344 0.000000 0.000000 0.000000 0.218593 0.975816
106.920000000 -29.330867 -22.305053 0.000000 0.000000 0.000000 0.216151 0.976360
106.953000000 -29.389117 -22.315964 0.000000 0.000000 0.000000 0.211193 0.977444
106.986000000 -29.415316 -22.327838 0.000000 0.000000 0.000000 0.208785 0.977962
107.019000000 -29.459561 -22.332805 0.000000 0.000000 0.000000 0.205021 0.978758
107.052000000 -29.484760 -22.343844 0.000000 0.000000 0.000000 0.202655 0.979250
107.085000000 -29.509813 -22.354675 0.000000 0.000000 0.000000 0.200311 0.979732
107.118000000 -29.534720 -22.365300 0.000000 0.000000 0.000000 0.197992 0.980204
107.151000000 -29.559479 -22.375722 0.000000 0.000000 0.000000 0.195697 0.980664
107.184000000 -29.547961 -22.357800 0.000000 0.000000 0.000000 0.197120 0.980379
107.217000000 -29.572146 -22.367933 0.000000 0.000000 0.000000 0.194879 0.980827
107.250000000 -29.622361 -22.375961 0.000000 0.000000 0.000000 0.190531 0.981681
107.283000000 -29.645539 -22.385308 0.000000 0.000000 0.000000 0.188343 0.982103
107.316000000 -29.668540 -22.394464 0.000000 0.000000 0.000000 0.186183 0.982515
107.349000000 -29.691364 -22.403432 0.000000 0.000000 0.000000 0.184050 0.982917
107.382000000 -29.714009 -22.412215 0.000000 0.000000 0.000000 0.181946 0.983308
107.415000000 -29.749323 -22.403084 0.000000 0.000000 0.000000 0.179324 0.983790
107.481000000 -29.791751 -22.419079 0.000000 0.000000 0.000000 0.175228 0.984528
107.514000000 -29.812674 -22.426767 0.000000 0.000000 0.000000 0.173237 0.984880
107.547000000 -29.825066 -22.421164 0.000000 0.000000 0.000000 0.172419 0.985024
107.580000000 -29.845063 -22.428361 0.000000 0.000000 0.000000 0.170486 0.985360
107.613000000 -29.864748 -22.435340 0.000000 0.000000 0.000000 0.168580 0.985688
107.646000000 -29.887194 -22.433869 0.000000 0.000000 0.000000 0.166845 0.985983
107.679000000 -29.906484 -22.440564 0.000000 0.000000 0.000000 0.164995 0.986294
107.712000000 -29.925457 -22.447054 0.000000 0.000000 0.000000 0.163173 0.986597
107.745000000 -29.946388 -22.445241 0.000000 0.000000 0.000000 0.161416 0.986886
107.778000000 -29.964824 -22.451413 0.000000 0.000000 0.000000 0.159647 0.987174
107.811000000 -29.982940 -22.457390 0.000000 0.000000 0.000000 0.157905 0.987454
107.844000000 -30.003565 -22.455413 0.000000 0.000000 0.000000 0.156199 0.987726
107.877000000 -30.021316 -22.461148 0.000000 0.000000 0.000000 0.154508 0.987992
107.910000000 -30.038742 -22.466697 0.000000 0.000000 0.000000 0.152842 0.988251
107.943000000 -30.055841 -22.472063 0.000000 0.000000 0.000000 0.151202 0.988503
107.976000000 -30.057846 -22.464800 0.000000 0.000000 0.000000 0.151162 0.988509
108.009000000 -30.074780 -22.470082 0.000000 0.000000 0.000000 0.149570 0.988751
108.042000000 -30.109595 -22.473289 0.000000 0.000000 0.000000 0.146319 0.989237
108.075000000 -30.125742 -22.478153 0.000000 0.000000 0.000000 0.144773 0.989465
108.108000000 -30.141557 -22.482848 0.000000 0.000000 0.000000 0.143249 0.989687
108.141000000 -30.158929 -22.481214 0.000000 0.000000 0.000000 0.141701 0.989910
108.174000000 -30.174340 -22.485700 0.000000 0.000000 0.000000 0.140220 0.990120
108.207000000 -30.189417 -22.490026 0.000000 0.000000 0.000000 0.138760 0.990326
108.240000000 -30.204595 -22.488597 0.000000 0.000000 0.000000 0.137448 0.990509
108.273000000 -30.218989 -22.492653 0.000000 0.000000 0.000000 0.136028 0.990705
108.306000000 -30.233044 -22.496558 0.000000 0.000000 0.000000 0.134629 0.990896
108.339000000 -30.247532 -22.494855 0.000000 0.000000 0.000000 0.133431 0.991058
108.372000000 -30.261005 -22.498534 0.000000 0.000000 0.000000 0.132069 0.991241
108.405000000 -30.274138 -22.502070 0.000000 0.000000 0.000000 0.130725 0.991419
108.438000000 -30.286930 -22.505466 0.000000 0.000000 0.000000 0.129398 0.991593
108.471000000 -30.285987 -22.499694 0.000000 0.000000 0.000000 0.129815 0.991538
108.504000000 -30.298135 -22.502916 0.000000 0.000000 0.000000 0.128522 0.991707
108.537000000 -30.320550 -22.503304 0.000000 0.000000 0.000000 0.126364 0.991984
108.570000000 -30.331413 -22.506104 0.000000 0.000000 0.000000 0.125102 0.992144
108.603000000 -30.341931 -22.508777 0.000000 0.000000 0.000000 0.123855 0.992300
108.636000000 -30.352103 -22.511326 0.000000 0.000000 0.000000 0.122623 0.992453
108.669000000 -30.352107 -22.506775 0.000000 0.000000 0.000000 0.123131 0.992390
108.702000000 -30.361965 -22.509247 0.000000 0.000000 0.000000 0.121927 0.992539
108.735000000 -30.380288 -22.509439 0.000000 0.000000 0.000000 0.119999 0.992774
108.768000000 -30.389078 -22.511584 0.000000 0.000000 0.000000 0.118820 0.992916
108.834000000 -30.405609 -22.515536 0.000000 0.000000 0.000000 0.116496 0.993191
108.867000000 -30.404607 -22.510009 0.000000 0.000000 0.000000 0.117049 0.993126
108.933000000 -30.419280 -22.513478 0.000000 0.000000 0.000000 0.114782 0.993391
108.966000000 -30.426089 -22.515055 0.000000 0.000000 0.000000 0.113661 0.993520
108.999000000 -30.425918 -22.510745 0.000000 0.000000 0.000000 0.114161 0.993462
109.032000000 -30.432431 -22.512256 0.000000 0.000000 0.000000 0.113053 0.993589
109.065000000 -30.444098 -22.510426 0.000000 0.000000 0.000000 0.111306 0.993786
109.098000000 -30.449578 -22.511665 0.000000 0.000000 0.000000 0.110207 0.993909
109.131000000 -30.454704 -22.512809 0.000000 0.000000 0.000000 0.109113 0.994029
109.164000000 -30.459475 -22.513859 0.000000 0.000000 0.000000 0.108023 0.994148
109.197000000 -30.458197 -22.508678 0.000000 0.000000 0.000000 0.108524 0.994094
109.230000000 -30.462390 -22.509602 0.000000 0.000000 0.000000 0.107440 0.994212
109.263000000 -30.469516 -22.505986 0.000000 0.000000 0.000000 0.105841 0.994383
109.296000000 -30.472691 -22.506667 0.000000 0.000000 0.000000 0.104761 0.994497
109.329000000 -30.475508 -22.507264 0.000000 0.000000 0.000000 0.103683 0.994610
109.362000000 -30.477969 -22.507779 0.000000 0.000000 0.000000 0.102606 0.994722
109.395000000 -30.478426 -22.504221 0.000000 0.000000 0.000000 0.103040 0.994677
109.428000000 -30.480833 -22.504724 0.000000 0.000000 0.000000 0.101965 0.994788
109.461000000 -30.482881 -22.505147 0.000000 0.000000 0.000000 0.100890 0.994898
109.494000000 -30.483748 -22.501450 0.000000 0.000000 0.000000 0.100316 0.994956
109.527000000 -30.485066 -22.501718 0.000000 0.000000 0.000000 0.099242 0.995063
109.560000000 -30.486025 -22.501910 0.000000 0.000000 0.000000 0.098168 0.995170
109.593000000 -30.485617 -22.498128 0.000000 0.000000 0.000000 0.097543 0.995231
109.626000000 -30.485820 -22.498168 0.000000 0.000000 0.000000 0.096468 0.995336
109.659000000 -30.485664 -22.498137 0.000000 0.000000 0.000000 0.095394 0.995440
109.692000000 -30.483868 -22.494497 0.000000 0.000000 0.000000 0.094772 0.995499
109.725000000 -30.482921 -22.494315 0.000000 0.000000 0.000000 0.093698 0.995601
109.758000000 -30.479170 -22.489750 0.000000 0.000000 0.000000 0.092012 0.995758
109.791000000 -30.477181 -22.489379 0.000000 0.000000 0.000000 0.090938 0.995857
109.824000000 -30.474831 -22.488945 0.000000 0.000000 0.000000 0.089863 0.995954
109.857000000 -30.472119 -22.488451 0.000000 0.000000 0.000000 0.088789 0.996050
109.890000000 -30.470784 -22.484717 0.000000 0.000000 0.000000 0.089287 0.996006
109.923000000 -30.467643 -22.484149 0.000000 0.000000 0.000000 0.088212 0.996102
109.956000000 -30.464139 -22.483522 0.000000 0.000000 0.000000 0.087138 0.996196
109.989000000 -30.459050 -22.478757 0.000000 0.000000 0.000000 0.086569 0.996246
110.022000000 -30.454779 -22.478008 0.000000 0.000000 0.000000 0.085496 0.996339
110.055000000 -30.443794 -22.471947 0.000000 0.000000 0.000000 0.083912 0.996473
110.088000000 -30.438359 -22.471024 0.000000 0.000000 0.000000 0.082839 0.996563
110.121000000 -30.432560 -22.470052 0.000000 0.000000 0.000000 0.081768 0.996651
110.154000000 -30.425799 -22.465209 0.000000 0.000000 0.000000 0.081176 0.996700
110.187000000 -30.419419 -22.464161 0.000000 0.000000 0.000000 0.080108 0.996786
110.220000000 -30.412674 -22.463066 0.000000 0.000000 0.000000 0.079042 0.996871
110.253000000 -30.404354 -22.458147 0.000000 0.000000 0.000000 0.078407 0.996921
110.286000000 -30.396892 -22.456964 0.000000 0.000000 0.000000 0.077347 0.997004
110.319000000 -30.389065 -22.455737 0.000000 0.000000 0.000000 0.076290 0.997086
110.352000000 -30.379874 -22.450397 0.000000 0.000000 0.000000 0.075686 0.997132
110.385000000 -30.371382 -22.449097 0.000000 0.000000 0.000000 0.074639 0.997211
110.418000000 -30.362524 -22.447756 0.000000 0.000000 0.000000 0.073596 0.997288
110.451000000 -30.353301 -22.446376 0.000000 0.000000 0.000000 0.072560 0.997364
110.484000000 -30.351985 -22.442244 0.000000 0.000000 0.000000 0.072963 0.997335
110.517000000 -30.342394 -22.440827 0.000000 0.000000 0.000000 0.071941 0.997409
110.550000000 -30.320141 -22.433634 0.000000 0.000000 0.000000 0.070351 0.997522
110.583000000 -30.309300 -22.432089 0.000000 0.000000 0.000000 0.069346 0.997593
110.616000000 -30.298093 -22.430511 0.000000 0.000000 0.000000 0.068350 0.997661
110.649000000 -30.286520 -22.428900 0.000000 0.000000 0.000000 0.067363 0.997729
110.682000000 -30.285659 -22.423902 0.000000 0.000000 0.000000 0.067728 0.997704
110.715000000 -30.273826 -22.422281 0.000000 0.000000 0.000000 0.066758 0.997769
110.748000000 -30.247656 -22.414070 0.000000 0.000000 0.000000 0.065118 0.997878
110.781000000 -30.234714 -22.412366 0.000000 0.000000 0.000000 0.064167 0.997939
110.814000000 -30.221406 -22.410635 0.000000 0.000000 0.000000 0.063224 0.997999
110.847000000 -30.206554 -22.403799 0.000000 0.000000 0.000000 0.062582 0.998040
110.880000000 -30.192567 -22.402031 0.000000 0.000000 0.000000 0.061657 0.998097
110.913000000 -30.178213 -22.400238 0.000000 0.000000 0.000000 0.060740 0.998154
110.946000000 -30.162269 -22.393518 0.000000 0.000000 0.000000 0.060070 0.998194
110.979000000 -30.147244 -22.391696 0.000000 0.000000 0.000000 0.059170 0.998248
111.012000000 -30.131852 -22.389853 0.000000 0.000000 0.000000 0.058278 0.998300
111.045000000 -30.115076 -22.382814 0.000000 0.000000 0.000000 0.057547 0.998343
111.078000000 -30.099068 -22.380956 0.000000 0.000000 0.000000 0.056670 0.998393
111.111000000 -30.082693 -22.379080 0.000000 0.000000 0.000000 0.055801 0.998442
111.144000000 -30.065950 -22.377188 0.000000 0.000000 0.000000 0.054939 0.998490
111.177000000 -30.064668 -22.371109 0.000000 0.000000 0.000000 0.055181 0.998476
111.210000000 -30.047600 -22.369211 0.000000 0.000000 0.000000 0.054332 0.998523
111.243000000 -30.011545 -22.360240 0.000000 0.000000 0.000000 0.052680 0.998611
111.276000000 -29.993571 -22.358333 0.000000 0.000000 0.000000 0.051844 0.998655
111.309000000 -29.975229 -22.356415 0.000000 0.000000 0.000000 0.051013 0.998698
111.342000000 -29.955235 -22.348364 0.000000 0.000000 0.000000 0.050322 0.998733
111.375000000 -29.936227 -22.346439 0.000000 0.000000 0.000000 0.049500 0.998774
111.408000000 -29.916850 -22.344507 0.000000 0.000000 0.000000 0.048684 0.998814
111.441000000 -29.895416 -22.336874 0.000000 0.000000 0.000000 0.047934 0.998851
111.474000000 -29.875298 -22.334935 0.000000 0.000000 0.000000 0.047125 0.998889
111.507000000 -29.854813 -22.332993 0.000000 0.000000 0.000000 0.046319 0.998927
111.540000000 -29.833203 -22.324869 0.000000 0.000000 0.000000 0.045538 0.998963
111.573000000 -29.812209 -22.322948 0.000000 0.000000 0.000000 0.044737 0.998999
111.606000000 -29.790846 -22.321028 0.000000 0.000000 0.000000 0.043938 0.999034
111.639000000 -29.766491 -22.312038 0.000000 0.000000 0.000000 0.043230 0.999065
111.672000000 -29.744153 -22.310100 0.000000 0.000000 0.000000 0.042434 0.999099
111.705000000 -29.721447 -22.308166 0.000000 0.000000 0.000000 0.041639 0.999133
111.738000000 -29.696765 -22.298393 0.000000 0.000000 0.000000 0.040940 0.999162
111.771000000 -29.673335 -22.296470 0.000000 0.000000 0.000000 0.040144 0.999194
111.804000000 -29.649536 -22.294555 0.000000 0.000000 0.000000 0.039347 0.999226
111.837000000 -29.623219 -22.284446 0.000000 0.000000 0.000000 0.038636 0.999253
111.870000000 -29.598572 -22.282539 0.000000 0.000000 0.000000 0.037836 0.999284
111.903000000 -29.573556 -22.280644 0.000000 0.000000 0.000000 0.037033 0.999314
111.936000000 -29.546894 -22.270327 0.000000 0.000000 0.000000 0.036280 0.999342
111.969000000 -29.521259 -22.268466 0.000000 0.000000 0.000000 0.035471 0.999371
112.002000000 -29.495255 -22.266622 0.000000 0.000000 0.000000 0.034658 0.999399
112.035000000 -29.466448 -22.256282 0.000000 0.000000 0.000000 0.033842 0.999427
112.068000000 -29.439554 -22.254462 0.000000 0.000000 0.000000 0.033020 0.999455
112.101000000 -29.409380 -22.243106 0.000000 0.000000 0.000000 0.032207 0.999481
112.134000000 -29.381656 -22.241319 0.000000 0.000000 0.000000 0.031373 0.999508
112.167000000 -29.353563 -22.239559 0.000000 0.000000 0.000000 0.030533 0.999534
112.233000000 -29.296268 -22.236126 0.000000 0.000000 0.000000 0.028830 0.999584
112.266000000 -29.295490 -22.225808 0.000000 0.000000 0.000000 0.028968 0.999580
112.299000000 -29.266350 -22.224124 0.000000 0.000000 0.000000 0.028095 0.999605
112.332000000 -29.236840 -22.222476 0.000000 0.000000 0.000000 0.027213 0.999630
112.365000000 -29.204603 -22.210481 0.000000 0.000000 0.000000 0.026396 0.999652
112.398000000 -29.174251 -22.208885 0.000000 0.000000 0.000000 0.025493 0.999675
112.431000000 -29.143530 -22.207331 0.000000 0.000000 0.000000 0.024580 0.999698
112.464000000 -29.112439 -22.205821 0.000000 0.000000 0.000000 0.023655 0.999720
112.497000000 -29.110412 -22.194935 0.000000 0.000000 0.000000 0.023744 0.999718
112.530000000 -29.078945 -22.193450 0.000000 0.000000 0.000000 0.022794 0.999740
112.563000000 -29.012472 -22.178678 0.000000 0.000000 0.000000 0.021064 0.999778
112.596000000 -28.979800 -22.177311 0.000000 0.000000 0.000000 0.020086 0.999798
112.629000000 -28.946759 -22.176002 0.000000 0.000000 0.000000 0.019093 0.999818
112.662000000 -28.913348 -22.174753 0.000000 0.000000 0.000000 0.018085 0.999836
112.695000000 -28.879568 -22.173566 0.000000 0.000000 0.000000 0.017061 0.999854
112.728000000 -28.812511 -22.146790 0.000000 0.000000 0.000000 0.015469 0.999880
112.761000000 -28.777819 -22.145728 0.000000 0.000000 0.000000 0.014410 0.999896
112.794000000 -28.742759 -22.144740 0.000000 0.000000 0.000000 0.013334 0.999911
112.827000000 -28.707330 -22.143826 0.000000 0.000000 0.000000 0.012239 0.999925
112.860000000 -28.671532 -22.142992 0.000000 0.000000 0.000000 0.011124 0.999938
112.893000000 -28.699558 -22.129720 0.000000 0.000000 0.000000 0.012183 0.999926
112.926000000 -28.663679 -22.128861 0.000000 0.000000 0.000000 0.011027 0.999939
112.959000000 -28.627431 -22.128088 0.000000 0.000000 0.000000 0.009850 0.999951
112.992000000 -28.589549 -22.112586 0.000000 0.000000 0.000000 0.008953 0.999960
113.025000000 -28.552837 -22.111944 0.000000 0.000000 0.000000 0.007732 0.999970
113.058000000 -28.479274 -22.094745 0.000000 0.000000 0.000000 0.005591 0.999984
113.091000000 -28.442308 -22.094348 0.000000 0.000000 0.000000 0.004323 0.999991
113.124000000 -28.404975 -22.094051 0.000000 0.000000 0.000000 0.003032 0.999995
113.157000000 -28.367276 -22.093859 0.000000 0.000000 0.000000 0.001716 0.999999
113.190000000 -28.368577 -22.076742 0.000000 0.000000 0.000000 0.002035 0.999998
113.223000000 -28.268541 -22.059114 0.000000 0.000000 0.000000 -0.001253 0.999999
113.256000000 -28.231406 -22.059219 0.000000 0.000000 0.000000 -0.002646 0.999996
113.289000000 -28.193911 -22.059440 0.000000 0.000000 0.000000 -0.004065 0.999992
113.322000000 -28.156057 -22.059781 0.000000 0.000000 0.000000 -0.005512 0.999985
113.355000000 -28.117844 -22.060245 0.000000 0.000000 0.000000 -0.006987 0.999976
113.388000000 -28.145201 -22.040540 0.000000 0.000000 0.000000 -0.005763 0.999983
113.421000000 -28.107750 -22.040987 0.000000 0.000000 0.000000 -0.007295 0.999973
113.454000000 -28.032468 -22.020774 0.000000 0.000000 0.000000 -0.009929 0.999951
113.487000000 -27.994863 -22.021535 0.000000 0.000000 0.000000 -0.011521 0.999934
113.520000000 -27.956912 -22.022434 0.000000 0.000000 0.000000 -0.013143 0.999914
113.553000000 -27.918616 -22.023475 0.000000 0.000000 0.000000 -0.014798 0.999891
113.586000000 -27.919649 -22.001809 0.000000 0.000000 0.000000 -0.014468 0.999895
113.619000000 -27.882044 -22.002911 0.000000 0.000000 0.000000 -0.016187 0.999869
113.652000000 -27.805367 -21.982986 0.000000 0.000000 0.000000 -0.019339 0.999813
113.685000000 -27.767458 -21.984467 0.000000 0.000000 0.000000 -0.021125 0.999777
113.718000000 -27.729221 -21.986107 0.000000 0.000000 0.000000 -0.022946 0.999737
113.751000000 -27.691494 -21.964117 0.000000 0.000000 0.000000 -0.024548 0.999699
113.784000000 -27.653692 -21.965988 0.000000 0.000000 0.000000 -0.026441 0.999650
113.817000000 -27.615575 -21.968028 0.000000 0.000000 0.000000 -0.028370 0.999598
113.850000000 -27.576782 -21.943325 0.000000 0.000000 0.000000 -0.030032 0.999549
113.883000000 -27.538909 -21.945616 0.000000 0.000000 0.000000 -0.032037 0.999487
113.916000000 -27.500732 -21.948087 0.000000 0.000000 0.000000 -0.034080 0.999419
113.949000000 -27.462253 -21.950745 0.000000 0.000000 0.000000 -0.036163 0.999346
113.982000000 -27.461058 -21.921157 0.000000 0.000000 0.000000 -0.035874 0.999356
114.015000000 -27.423045 -21.923901 0.000000 0.000000 0.000000 -0.038039 0.999276
114.048000000 -27.344471 -21.899863 0.000000 0.000000 0.000000 -0.042059 0.999115
114.081000000 -27.306312 -21.903093 0.000000 0.000000 0.000000 -0.044307 0.999018
114.114000000 -27.267874 -21.906528 0.000000 0.000000 0.000000 -0.046599 0.998914
114.147000000 -27.227214 -21.876452 0.000000 0.000000 0.000000 -0.048578 0.998819
114.180000000 -27.189036 -21.880186 0.000000 0.000000 0.000000 -0.050958 0.998701
114.213000000 -27.133360 -21.851677 0.000000 0.000000 0.000000 -0.053943 0.998544
114.246000000 -27.095602 -21.855774 0.000000 0.000000 0.000000 -0.056252 0.998417
114.279000000 -27.057592 -21.860084 0.000000 0.000000 0.000000 -0.058773 0.998271
114.312000000 -27.019335 -21.864625 0.000000 0.000000 0.000000 -0.061341 0.998117
114.345000000 -26.992240 -21.833136 0.000000 0.000000 0.000000 -0.062777 0.998028
114.378000000 -26.954156 -21.837955 0.000000 0.000000 0.000000 -0.065445 0.997856
114.411000000 -26.915839 -21.843019 0.000000 0.000000 0.000000 -0.068163 0.997674
114.444000000 -26.877290 -21.848334 0.000000 0.000000 0.000000 -0.070933 0.997481
114.477000000 -26.838512 -21.853907 0.000000 0.000000 0.000000 -0.073756 0.997276
114.510000000 -26.872691 -21.811987 0.000000 0.000000 0.000000 -0.070601 0.997505
114.543000000 -26.834460 -21.817435 0.000000 0.000000 0.000000 -0.073532 0.997293
114.576000000 -26.752155 -21.793578 0.000000 0.000000 0.000000 -0.078879 0.996884
114.609000000 -26.713769 -21.799700 0.000000 0.000000 0.000000 -0.081921 0.996639
114.642000000 -26.631132 -21.775579 0.000000 0.000000 0.000000 -0.087818 0.996137
114.675000000 -26.592817 -21.782395 0.000000 0.000000 0.000000 -0.090975 0.995853
114.708000000 -26.541129 -21.755623 0.000000 0.000000 0.000000 -0.094927 0.995484
114.741000000 -26.503762 -21.762818 0.000000 0.000000 0.000000 -0.098071 0.995179
114.774000000 -26.466232 -21.770296 0.000000 0.000000 0.000000 -0.101407 0.994845
114.807000000 -26.428543 -21.778073 0.000000 0.000000 0.000000 -0.104805 0.994493
114.840000000 -26.394350 -21.748161 0.000000 0.000000 0.000000 -0.107405 0.994215
114.873000000 -26.357244 -21.756279 0.000000 0.000000 0.000000 -0.110930 0.993828
114.906000000 -26.320004 -21.764708 0.000000 0.000000 0.000000 -0.114519 0.993421
114.939000000 -26.282633 -21.773456 0.000000 0.000000 0.000000 -0.118174 0.992993
114.972000000 -26.245135 -21.782530 0.000000 0.000000 0.000000 -0.121896 0.992543
115.005000000 -26.275965 -21.737517 0.000000 0.000000 0.000000 -0.117988 0.993015
115.038000000 -26.156342 -21.728631 0.000000 0.000000 0.000000 -0.128970 0.991648
115.071000000 -26.119614 -21.738355 0.000000 0.000000 0.000000 -0.132897 0.991130
115.104000000 -26.082791 -21.748419 0.000000 0.000000 0.000000 -0.136895 0.990586
115.137000000 -26.035787 -21.721462 0.000000 0.000000 0.000000 -0.140701 0.990052
115.170000000 -25.999142 -21.732098 0.000000 0.000000 0.000000 -0.144842 0.989455
115.203000000 -25.962423 -21.743092 0.000000 0.000000 0.000000 -0.149057 0.988829
115.236000000 -25.915426 -21.716174 0.000000 0.000000 0.000000 -0.153250 0.988188
115.269000000 -25.879170 -21.727701 0.000000 0.000000 0.000000 -0.157613 0.987501
115.302000000 -25.842865 -21.739600 0.000000 0.000000 0.000000 -0.162053 0.986782
115.335000000 -25.793566 -21.711255 0.000000 0.000000 0.000000 -0.166414 0.986056
115.368000000 -25.757530 -21.723779 0.000000 0.000000 0.000000 -0.171008 0.985270
115.401000000 -25.721467 -21.736693 0.000000 0.000000 0.000000 -0.175681 0.984447
115.434000000 -25.685384 -21.750005 0.000000 0.000000 0.000000 -0.180433 0.983587
115.467000000 -25.670482 -21.709536 0.000000 0.000000 0.000000 -0.180377 0.983598
115.533000000 -25.598610 -21.737236 0.000000 0.000000 0.000000 -0.190294 0.981727
115.566000000 -25.546236 -21.710912 0.000000 0.000000 0.000000 -0.195231 0.980757
115.599000000 -25.510440 -21.725754 0.000000 0.000000 0.000000 -0.200396 0.979715
115.632000000 -25.474667 -21.741032 0.000000 0.000000 0.000000 -0.205645 0.978627
115.665000000 -25.422579 -21.712361 0.000000 0.000000 0.000000 -0.210870 0.977514
115.698000000 -25.387629 -21.728178 0.000000 0.000000 0.000000 -0.216289 0.976329
115.731000000 -25.298881 -21.715746 0.000000 0.000000 0.000000 -0.226704 0.973964
115.764000000 -25.264175 -21.732830 0.000000 0.000000 0.000000 -0.232287 0.972647
115.797000000 -25.229550 -21.750371 0.000000 0.000000 0.000000 -0.237953 0.971277
115.830000000 -25.195015 -21.768378 0.000000 0.000000 0.000000 -0.243699 0.969851
115.863000000 -25.171408 -21.722175 0.000000 0.000000 0.000000 -0.244243 0.969714
115.896000000 -25.137623 -21.740348 0.000000 0.000000 0.000000 -0.250151 0.968207
115.929000000 -25.103960 -21.758989 0.000000 0.000000 0.000000 -0.256133 0.966642
115.962000000 -25.070430 -21.778103 0.000000 0.000000 0.000000 -0.262184 0.965018
115.995000000 -25.045385 -21.732119 0.000000 0.000000 0.000000 -0.261859 0.965106
116.028000000 -25.012371 -21.751550 0.000000 0.000000 0.000000 -0.268056 0.963403
116.061000000 -24.916790 -21.749262 0.000000 0.000000 0.000000 -0.280198 0.959942
116.094000000 -24.883625 -21.770498 0.000000 0.000000 0.000000 -0.286507 0.958078
116.127000000 -24.850759 -21.792206 0.000000 0.000000 0.000000 -0.292874 0.956151
116.160000000 -24.786408 -21.767214 0.000000 0.000000 0.000000 -0.299211 0.954187
116.193000000 -24.753905 -21.789889 0.000000 0.000000 0.000000 -0.305683 0.952133
116.226000000 -24.721728 -21.813036 0.000000 0.000000 0.000000 -0.312204 0.950015
116.259000000 -24.689885 -21.836656 0.000000 0.000000 0.000000 -0.318771 0.947832
116.292000000 -24.654754 -21.785559 0.000000 0.000000 0.000000 -0.318659 0.947869
116.325000000 -24.623333 -21.809438 0.000000 0.000000 0.000000 -0.325325 0.945602
116.358000000 -24.521781 -21.810279 0.000000 0.000000 0.000000 -0.338398 0.941003
116.391000000 -24.490959 -21.835798 0.000000 0.000000 0.000000 -0.345119 0.938559
116.424000000 -24.460516 -21.861781 0.000000 0.000000 0.000000 -0.351870 0.936049
116.457000000 -24.430462 -21.888225 0.000000 0.000000 0.000000 -0.358650 0.933472
116.490000000 -24.392918 -21.837095 0.000000 0.000000 0.000000 -0.358606 0.933489
116.523000000 -24.363937 -21.863266 0.000000 0.000000 0.000000 -0.365452 0.930830
116.556000000 -24.265559 -21.865169 0.000000 0.000000 0.000000 -0.379106 0.925353
116.589000000 -24.238451 -21.891905 0.000000 0.000000 0.000000 -0.385968 0.922512
116.622000000 -24.211754 -21.919061 0.000000 0.000000 0.000000 -0.392844 0.919605
116.655000000 -24.141467 -21.892975 0.000000 0.000000 0.000000 -0.399806 0.916600
116.688000000 -24.116662 -21.919738 0.000000 0.000000 0.000000 -0.406700 0.913562
116.721000000 -24.092272 -21.946888 0.000000 0.000000 0.000000 -0.413599 0.910459
116.754000000 -24.068302 -21.974419 0.000000 0.000000 0.000000 -0.420501 0.907292
116.787000000 -24.015156 -21.923262 0.000000 0.000000 0.000000 -0.420629 0.907233
116.820000000 -23.991803 -21.950878 0.000000 0.000000 0.000000 -0.427553 0.903990
116.853000000 -23.890901 -21.952824 0.000000 0.000000 0.000000 -0.441469 0.897276
116.886000000 -23.869683 -21.980400 0.000000 0.000000 0.000000 -0.448356 0.893855
116.919000000 -23.848897 -22.008308 0.000000 0.000000 0.000000 -0.455233 0.890372
116.952000000 -23.828548 -22.036543 0.000000 0.000000 0.000000 -0.462099 0.886828
116.985000000 -23.767900 -21.986426 0.000000 0.000000 0.000000 -0.462396 0.886674
117.018000000 -23.748352 -22.014449 0.000000 0.000000 0.000000 -0.469258 0.883061
117.051000000 -23.650136 -22.017811 0.000000 0.000000 0.000000 -0.483202 0.875509
117.084000000 -23.633138 -22.044809 0.000000 0.000000 0.000000 -0.489997 0.871724
117.117000000 -23.616565 -22.072072 0.000000 0.000000 0.000000 -0.496770 0.867882
117.150000000 -23.600420 -22.099593 0.000000 0.000000 0.000000 -0.503519 0.863984
117.183000000 -23.584709 -22.127366 0.000000 0.000000 0.000000 -0.510243 0.860030
117.216000000 -23.533035 -22.046245 0.000000 0.000000 0.000000 -0.503783 0.863830
117.249000000 -23.422208 -22.077054 0.000000 0.000000 0.000000 -0.523971 0.851736
117.282000000 -23.409635 -22.101946 0.000000 0.000000 0.000000 -0.530608 0.847617
117.315000000 -23.397453 -22.127033 0.000000 0.000000 0.000000 -0.537215 0.843445
117.348000000 -23.313852 -22.105946 0.000000 0.000000 0.000000 -0.543912 0.839142
117.381000000 -23.303330 -22.129474 0.000000 0.000000 0.000000 -0.550457 0.834864
117.414000000 -23.293178 -22.153163 0.000000 0.000000 0.000000 -0.556969 0.830533
117.447000000 -23.283399 -22.177008 0.000000 0.000000 0.000000 -0.563450 0.826150
117.480000000 -23.206913 -22.142567 0.000000 0.000000 0.000000 -0.563661 0.826006
117.513000000 -23.197489 -22.166641 0.000000 0.000000 0.000000 -0.570111 0.821568
117.546000000 -23.106306 -22.192088 0.000000 0.000000 0.000000 -0.583237 0.812302
117.579000000 -23.097594 -22.217918 0.000000 0.000000 0.000000 -0.589582 0.807708
117.612000000 -23.089288 -22.243881 0.000000 0.000000 0.000000 -0.595894 0.803063
117.645000000 -22.999913 -22.234946 0.000000 0.000000 0.000000 -0.602552 0.798079
117.678000000 -22.992896 -22.259593 0.000000 0.000000 0.000000 -0.608792 0.793330
117.711000000 -22.986269 -22.284348 0.000000 0.000000 0.000000 -0.614997 0.788529
117.744000000 -22.895746 -22.294165 0.000000 0.000000 0.000000 -0.621555 0.783370
117.777000000 -22.889404 -22.321340 0.000000 0.000000 0.000000 -0.627686 0.778467
117.810000000 -22.883491 -22.348612 0.000000 0.000000 0.000000 -0.633780 0.773513
117.843000000 -22.794299 -22.351245 0.000000 0.000000 0.000000 -0.640228 0.768185
117.876000000 -22.789475 -22.377588 0.000000 0.000000 0.000000 -0.646246 0.763129
117.909000000 -22.785066 -22.404003 0.000000 0.000000 0.000000 -0.652226 0.758024
117.942000000 -22.694554 -22.405489 0.000000 0.000000 0.000000 -0.658482 0.752597
117.975000000 -22.691277 -22.429961 0.000000 0.000000 0.000000 -0.664384 0.747391
118.008000000 -22.688387 -22.454478 0.000000 0.000000 0.000000 -0.670248 0.742138
118.041000000 -22.598297 -22.455268 0.000000 0.000000 0.000000 -0.676325 0.736603
118.074000000 -22.596436 -22.477065 0.000000 0.000000 0.000000 -0.682108 0.731251
118.107000000 -22.594920 -22.498874 0.000000 0.000000 0.000000 -0.687851 0.725852
118.140000000 -22.506342 -22.493851 0.000000 0.000000 0.000000 -0.693771 0.720196
118.173000000 -22.505700 -22.511056 0.000000 0.000000 0.000000 -0.699431 0.714700
118.206000000 -22.505332 -22.528232 0.000000 0.000000 0.000000 -0.705049 0.709159
118.239000000 -22.412395 -22.525042 0.000000 0.000000 0.000000 -0.710937 0.703255
118.272000000 -22.412540 -22.538214 0.000000 0.000000 0.000000 -0.716469 0.697619
118.305000000 -22.412892 -22.551324 0.000000 0.000000 0.000000 -0.721958 0.691937
118.338000000 -22.322742 -22.553041 0.000000 0.000000 0.000000 -0.727682 0.685915
118.371000000 -22.323348 -22.563262 0.000000 0.000000 0.000000 -0.733081 0.680141
118.404000000 -22.324110 -22.573395 0.000000 0.000000 0.000000 -0.738437 0.674322
118.437000000 -22.325026 -22.583436 0.000000 0.000000 0.000000 -0.743749 0.668460
118.470000000 -22.232935 -22.571710 0.000000 0.000000 0.000000 -0.743862 0.668334
118.503000000 -22.233584 -22.577754 0.000000 0.000000 0.000000 -0.749129 0.662424
118.536000000 -22.146350 -22.591180 0.000000 0.000000 0.000000 -0.759726 0.650243
118.569000000 -22.147003 -22.595356 0.000000 0.000000 0.000000 -0.764855 0.644203
118.602000000 -22.147701 -22.599398 0.000000 0.000000 0.000000 -0.769940 0.638117
118.635000000 -22.148440 -22.603305 0.000000 0.000000 0.000000 -0.774982 0.631983
118.668000000 -22.149216 -22.607077 0.000000 0.000000 0.000000 -0.779984 0.625800
118.701000000 -22.061373 -22.606232 0.000000 0.000000 0.000000 -0.775165 0.631759
118.734000000 -22.061708 -22.607857 0.000000 0.000000 0.000000 -0.780185 0.625548
118.767000000 -22.062037 -22.609335 0.000000 0.000000 0.000000 -0.785170 0.619280
118.833000000 -21.973724 -22.616535 0.000000 0.000000 0.000000 -0.795213 0.606331
118.866000000 -21.886797 -22.625317 0.000000 0.000000 0.000000 -0.804995 0.593281
118.899000000 -21.885709 -22.621809 0.000000 0.000000 0.000000 -0.809798 0.586709
118.932000000 -21.884502 -22.618131 0.000000 0.000000 0.000000 -0.814574 0.580060
118.965000000 -21.801742 -22.630752 0.000000 0.000000 0.000000 -0.819379 0.573252
118.998000000 -21.799758 -22.625317 0.000000 0.000000 0.000000 -0.824106 0.566436
119.031000000 -21.797605 -22.619711 0.000000 0.000000 0.000000 -0.828811 0.559529
119.064000000 -21.717539 -22.633739 0.000000 0.000000 0.000000 -0.833478 0.552553
119.097000000 -21.714483 -22.626514 0.000000 0.000000 0.000000 -0.838141 0.545453
119.130000000 -21.711208 -22.619126 0.000000 0.000000 0.000000 -0.842752 0.538302
119.163000000 -21.707707 -22.611579 0.000000 0.000000 0.000000 -0.847295 0.531122
119.196000000 -21.635509 -22.632116 0.000000 0.000000 0.000000 -0.847319 0.531085
119.229000000 -21.631050 -22.622914 0.000000 0.000000 0.000000 -0.851771 0.523914
119.262000000 -21.626320 -22.613560 0.000000 0.000000 0.000000 -0.856142 0.516741
119.295000000 -21.554887 -22.629688 0.000000 0.000000 0.000000 -0.860614 0.509258
119.328000000 -21.549100 -22.619258 0.000000 0.000000 0.000000 -0.864806 0.502107
119.361000000 -21.474390 -22.625974 0.000000 0.000000 0.000000 -0.873180 0.487399
119.394000000 -21.467249 -22.614518 0.000000 0.000000 0.000000 -0.877116 0.480279
119.427000000 -21.459686 -22.602905 0.000000 0.000000 0.000000 -0.880949 0.473211
119.460000000 -21.451691 -22.591148 0.000000 0.000000 0.000000 -0.884677 0.466205
119.493000000 -21.389968 -22.615456 0.000000 0.000000 0.000000 -0.884722 0.466119
119.526000000 -21.380442 -22.601742 0.000000 0.000000 0.000000 -0.888280 0.459302
119.559000000 -21.304802 -22.596780 0.000000 0.000000 0.000000 -0.895192 0.445680
119.592000000 -21.292601 -22.580826 0.000000 0.000000 0.000000 -0.898467 0.439041
119.625000000 -21.279877 -22.564825 0.000000 0.000000 0.000000 -0.901623 0.432522
119.658000000 -21.220829 -22.578561 0.000000 0.000000 0.000000 -0.904686 0.426078
119.691000000 -21.207127 -22.562198 0.000000 0.000000 0.000000 -0.907604 0.419827
119.724000000 -21.192892 -22.545816 0.000000 0.000000 0.000000 -0.910404 0.413721
119.757000000 -21.178127 -22.529423 0.000000 0.000000 0.000000 -0.913086 0.407767
119.790000000 -21.134848 -22.559664 0.000000 0.000000 0.000000 -0.913039 0.407872
119.823000000 -21.119577 -22.542854 0.000000 0.000000 0.000000 -0.915672 0.401926
119.856000000 -21.103766 -22.526055 0.000000 0.000000 0.000000 -0.918266 0.395963
119.889000000 -21.044911 -22.538965 0.000000 0.000000 0.000000 -0.920461 0.390835
119.922000000 -21.027716 -22.521395 0.000000 0.000000 0.000000 -0.922876 0.385098
119.955000000 -21.009970 -22.503868 0.000000 0.000000 0.000000 -0.925255 0.379347
119.988000000 -20.991669 -22.486397 0.000000 0.000000 0.000000 -0.927598 0.373580
120.021000000 -20.952264 -22.511859 0.000000 0.000000 0.000000 -0.926726 0.375737
120.054000000 -20.851469 -22.479218 0.000000 0.000000 0.000000 -0.932093 0.362218
120.087000000 -20.828774 -22.458695 0.000000 0.000000 0.000000 -0.933892 0.357555
120.120000000 -20.805527 -22.438254 0.000000 0.000000 0.000000 -0.935668 0.352882
120.153000000 -20.743980 -22.441649 0.000000 0.000000 0.000000 -0.936468 0.350753
120.186000000 -20.718340 -22.419553 0.000000 0.000000 0.000000 -0.937962 0.346738
120.219000000 -20.692164 -22.397539 0.000000 0.000000 0.000000 -0.939439 0.342715
120.252000000 -20.665451 -22.375614 0.000000 0.000000 0.000000 -0.940899 0.338687
120.285000000 -20.632690 -22.397646 0.000000 0.000000 0.000000 -0.940056 0.341020
120.318000000 -20.604412 -22.374248 0.000000 0.000000 0.000000 -0.941290 0.337598
120.351000000 -20.516893 -22.352939 0.000000 0.000000 0.000000 -0.942784 0.333403
120.384000000 -20.486774 -22.328807 0.000000 0.000000 0.000000 -0.943751 0.330658
120.417000000 -20.456171 -22.304716 0.000000 0.000000 0.000000 -0.944709 0.327911
120.450000000 -20.394967 -22.304601 0.000000 0.000000 0.000000 -0.944928 0.327278
120.483000000 -20.362668 -22.279374 0.000000 0.000000 0.000000 -0.945689 0.325073
120.516000000 -20.329912 -22.254161 0.000000 0.000000 0.000000 -0.946445 0.322866
120.549000000 -20.269004 -22.247970 0.000000 0.000000 0.000000 -0.946436 0.322890
120.582000000 -20.234270 -22.221325 0.000000 0.000000 0.000000 -0.946994 0.321252
120.615000000 -20.199109 -22.194658 0.000000 0.000000 0.000000 -0.947548 0.319614
120.648000000 -20.163523 -22.167967 0.000000 0.000000 0.000000 -0.948099 0.317974
120.681000000 -20.137070 -22.190875 0.000000 0.000000 0.000000 -0.947453 0.319895
120.714000000 -20.100573 -22.163209 0.000000 0.000000 0.000000 -0.947840 0.318745
120.747000000 -20.000788 -22.131354 0.000000 0.000000 0.000000 -0.947986 0.318311
120.780000000 -19.962779 -22.102722 0.000000 0.000000 0.000000 -0.948123 0.317904
120.813000000 -19.924421 -22.073963 0.000000 0.000000 0.000000 -0.948219 0.317617
120.846000000 -19.859725 -22.065916 0.000000 0.000000 0.000000 -0.948158 0.317798
120.879000000 -19.819847 -22.035917 0.000000 0.000000 0.000000 -0.948181 0.317730
120.912000000 -19.779646 -22.005755 0.000000 0.000000 0.000000 -0.948170 0.317763
120.945000000 -19.713324 -22.000255 0.000000 0.000000 0.000000 -0.948116 0.317924
120.978000000 -19.672120 -21.969217 0.000000 0.000000 0.000000 -0.948044 0.318139
121.011000000 -19.630617 -21.937983 0.000000 0.000000 0.000000 -0.947944 0.318436
121.044000000 -19.564423 -21.931643 0.000000 0.000000 0.000000 -0.947750 0.319015
121.077000000 -19.522217 -21.899678 0.000000 0.000000 0.000000 -0.947600 0.319459
121.110000000 -19.479733 -21.867485 0.000000 0.000000 0.000000 -0.947428 0.319969
121.143000000 -19.411526 -21.860004 0.000000 0.000000 0.000000 -0.947148 0.320797
121.176000000 -19.368203 -21.826915 0.000000 0.000000 0.000000 -0.946936 0.321421
121.209000000 -19.324621 -21.793573 0.000000 0.000000 0.000000 -0.946707 0.322095
121.242000000 -19.280785 -21.759970 0.000000 0.000000 0.000000 -0.946463 0.322813
121.275000000 -19.254053 -21.784476 0.000000 0.000000 0.000000 -0.946369 0.323088
121.308000000 -19.209438 -21.750034 0.000000 0.000000 0.000000 -0.946097 0.323882
121.341000000 -19.092863 -21.704292 0.000000 0.000000 0.000000 -0.945490 0.325651
121.374000000 -19.046977 -21.668460 0.000000 0.000000 0.000000 -0.945196 0.326502
121.407000000 -19.000860 -21.632331 0.000000 0.000000 0.000000 -0.944894 0.327377
121.440000000 -18.928987 -21.621696 0.000000 0.000000 0.000000 -0.944533 0.328417
121.473000000 -18.882289 -21.584775 0.000000 0.000000 0.000000 -0.944216 0.329328
121.506000000 -18.835372 -21.547543 0.000000 0.000000 0.000000 -0.943893 0.330250
121.539000000 -18.762635 -21.534906 0.000000 0.000000 0.000000 -0.943538 0.331265
121.572000000 -18.715071 -21.496822 0.000000 0.000000 0.000000 -0.943208 0.332204
121.605000000 -18.667296 -21.458416 0.000000 0.000000 0.000000 -0.942875 0.333147
121.638000000 -18.594346 -21.445190 0.000000 0.000000 0.000000 -0.942533 0.334114
121.671000000 -18.546141 -21.406109 0.000000 0.000000 0.000000 -0.942201 0.335049
121.704000000 -18.497728 -21.366705 0.000000 0.000000 0.000000 -0.941871 0.335974
121.737000000 -18.449106 -21.326977 0.000000 0.000000 0.000000 -0.941546 0.336885
121.770000000 -18.425397 -21.354679 0.000000 0.000000 0.000000 -0.941528 0.336934
121.803000000 -18.377059 -21.315009 0.000000 0.000000 0.000000 -0.941215 0.337809
121.836000000 -18.255740 -21.263936 0.000000 0.000000 0.000000 -0.940574 0.339589
121.869000000 -18.207447 -21.223844 0.000000 0.000000 0.000000 -0.940274 0.340418
121.902000000 -18.158944 -21.183438 0.000000 0.000000 0.000000 -0.939983 0.341221
121.935000000 -18.085700 -21.172877 0.000000 0.000000 0.000000 -0.939694 0.342015
121.968000000 -18.037520 -21.132457 0.000000 0.000000 0.000000 -0.939422 0.342762
122.034000000 -17.940520 -21.050704 0.000000 0.000000 0.000000 -0.938908 0.344168
122.067000000 -17.915012 -21.081937 0.000000 0.000000 0.000000 -0.938902 0.344184
122.133000000 -17.818697 -21.000268 0.000000 0.000000 0.000000 -0.938453 0.345408
122.166000000 -17.770212 -20.959001 0.000000 0.000000 0.000000 -0.938244 0.345974
122.199000000 -17.743835 -20.991869 0.000000 0.000000 0.000000 -0.938210 0.346065
122.232000000 -17.696017 -20.951044 0.000000 0.000000 0.000000 -0.938023 0.346572
122.265000000 -17.647981 -20.909948 0.000000 0.000000 0.000000 -0.937847 0.347049
122.298000000 -17.599724 -20.868583 0.000000 0.000000 0.000000 -0.937681 0.347497
122.331000000 -17.572489 -20.902720 0.000000 0.000000 0.000000 -0.937604 0.347704
122.364000000 -17.524964 -20.861857 0.000000 0.000000 0.000000 -0.937459 0.348097
122.397000000 -17.401680 -20.813634 0.000000 0.000000 0.000000 -0.937111 0.349032
122.430000000 -17.354428 -20.772773 0.000000 0.000000 0.000000 -0.936984 0.349372
122.463000000 -17.306960 -20.731670 0.000000 0.000000 0.000000 -0.936866 0.349688
122.496000000 -17.231131 -20.724178 0.000000 0.000000 0.000000 -0.936723 0.350072
122.529000000 -17.184034 -20.683269 0.000000 0.000000 0.000000 -0.936622 0.350341
122.562000000 -17.062086 -20.635292 0.000000 0.000000 0.000000 -0.936431 0.350852
122.595000000 -17.015385 -20.594590 0.000000 0.000000 0.000000 -0.936346 0.351078
122.628000000 -16.968476 -20.553671 0.000000 0.000000 0.000000 -0.936269 0.351285
122.661000000 -16.894403 -20.547425 0.000000 0.000000 0.000000 -0.936229 0.351391
122.694000000 -16.848178 -20.507044 0.000000 0.000000 0.000000 -0.936165 0.351560
122.727000000 -16.801752 -20.466462 0.000000 0.000000 0.000000 -0.936108 0.351713
122.760000000 -16.755124 -20.425682 0.000000 0.000000 0.000000 -0.936057 0.351850
122.793000000 -16.725921 -20.457722 0.000000 0.000000 0.000000 -0.936080 0.351788
122.826000000 -16.679517 -20.417115 0.000000 0.000000 0.000000 -0.936039 0.351895
122.859000000 -16.558663 -20.369586 0.000000 0.000000 0.000000 -0.935955 0.352120
122.892000000 -16.512618 -20.329235 0.000000 0.000000 0.000000 -0.935924 0.352202
122.925000000 -16.466383 -20.288708 0.000000 0.000000 0.000000 -0.935898 0.352272
122.958000000 -16.419956 -20.248006 0.000000 0.000000 0.000000 -0.935875 0.352331
122.991000000 -16.390512 -20.280016 0.000000 0.000000 0.000000 -0.935864 0.352361
123.024000000 -16.344284 -20.239462 0.000000 0.000000 0.000000 -0.935849 0.352402
123.090000000 -16.177059 -20.151011 0.000000 0.000000 0.000000 -0.935871 0.352343
123.123000000 -16.130832 -20.110466 0.000000 0.000000 0.000000 -0.935865 0.352360
123.156000000 -16.055834 -20.103738 0.000000 0.000000 0.000000 -0.935818 0.352484
123.189000000 -16.009996 -20.063506 0.000000 0.000000 0.000000 -0.935816 0.352489
123.222000000 -15.963988 -20.023129 0.000000 0.000000 0.000000 -0.935816 0.352488
123.255000000 -15.917810 -19.982607 0.000000 0.000000 0.000000 -0.935818 0.352483
123.288000000 -15.888592 -20.016034 0.000000 0.000000 0.000000 -0.935762 0.352632
123.321000000 -15.842830 -19.975843 0.000000 0.000000 0.000000 -0.935767 0.352619
123.354000000 -15.721274 -19.928531 0.000000 0.000000 0.000000 -0.935771 0.352610
123.387000000 -15.675547 -19.888374 0.000000 0.000000 0.000000 -0.935778 0.352590
123.420000000 -15.629664 -19.848089 0.000000 0.000000 0.000000 -0.935786 0.352568
123.453000000 -15.583626 -19.807677 0.000000 0.000000 0.000000 -0.935795 0.352544
123.486000000 -15.554703 -19.842165 0.000000 0.000000 0.000000 -0.935773 0.352603
123.519000000 -15.509248 -19.802249 0.000000 0.000000 0.000000 -0.935783 0.352576
123.552000000 -15.387640 -19.755037 0.000000 0.000000 0.000000 -0.935774 0.352602
123.585000000 -15.342089 -19.715038 0.000000 0.000000 0.000000 -0.935785 0.352572
123.618000000 -15.296400 -19.674926 0.000000 0.000000 0.000000 -0.935796 0.352542
123.651000000 -15.221336 -19.668599 0.000000 0.000000 0.000000 -0.935842 0.352421
123.684000000 -15.175950 -19.628775 0.000000 0.000000 0.000000 -0.935853 0.352390
123.717000000 -15.130436 -19.588848 0.000000 0.000000 0.000000 -0.935865 0.352359
123.750000000 -15.084792 -19.548818 0.000000 0.000000 0.000000 -0.935877 0.352328
123.783000000 -15.055562 -19.582646 0.000000 0.000000 0.000000 -0.935835 0.352439
123.816000000 -15.010368 -19.542987 0.000000 0.000000 0.000000 -0.935846 0.352408
123.849000000 -14.890277 -19.497626 0.000000 0.000000 0.000000 -0.935835 0.352439
123.882000000 -14.845321 -19.458177 0.000000 0.000000 0.000000 -0.935846 0.352410
123.915000000 -14.800257 -19.418642 0.000000 0.000000 0.000000 -0.935857 0.352381
123.948000000 -14.755083 -19.379020 0.000000 0.000000 0.000000 -0.935867 0.352353
123.981000000 -14.724445 -19.411797 0.000000 0.000000 0.000000 -0.935834 0.352441
124.014000000 -14.584872 -19.349942 0.000000 0.000000 0.000000 -0.935827 0.352459
124.047000000 -14.540074 -19.310624 0.000000 0.000000 0.000000 -0.935837 0.352434
124.080000000 -14.495179 -19.271231 0.000000 0.000000 0.000000 -0.935846 0.352409
124.113000000 -14.450187 -19.231761 0.000000 0.000000 0.000000 -0.935855 0.352386
124.146000000 -14.405098 -19.192216 0.000000 0.000000 0.000000 -0.935863 0.352363
124.179000000 -14.394136 -19.242694 0.000000 0.000000 0.000000 -0.935833 0.352445
124.212000000 -14.349386 -19.203424 0.000000 0.000000 0.000000 -0.935840 0.352424
124.245000000 -14.229095 -19.158113 0.000000 0.000000 0.000000 -0.935832 0.352446
124.278000000 -14.184476 -19.118951 0.000000 0.000000 0.000000 -0.935839 0.352428
124.311000000 -14.139855 -19.079793 0.000000 0.000000 0.000000 -0.935846 0.352410
124.344000000 -14.063729 -19.073164 0.000000 0.000000 0.000000 -0.935831 0.352448
124.377000000 -14.019033 -19.033935 0.000000 0.000000 0.000000 -0.935837 0.352433
124.410000000 -13.974335 -18.994707 0.000000 0.000000 0.000000 -0.935843 0.352418
124.443000000 -13.899347 -18.988650 0.000000 0.000000 0.000000 -0.935831 0.352450
124.476000000 -13.854822 -18.949571 0.000000 0.000000 0.000000 -0.935835 0.352437
124.509000000 -13.810296 -18.910494 0.000000 0.000000 0.000000 -0.935840 0.352425
124.542000000 -13.765769 -18.871419 0.000000 0.000000 0.000000 -0.935844 0.352414
124.575000000 -13.721240 -18.832345 0.000000 0.000000 0.000000 -0.935848 0.352404
124.608000000 -13.734404 -18.903793 0.000000 0.000000 0.000000 -0.935762 0.352632
124.641000000 -13.569225 -18.818327 0.000000 0.000000 0.000000 -0.935769 0.352615
124.674000000 -13.524512 -18.779055 0.000000 0.000000 0.000000 -0.935772 0.352607
124.707000000 -13.479797 -18.739783 0.000000 0.000000 0.000000 -0.935774 0.352600
124.740000000 -13.405191 -18.734433 0.000000 0.000000 0.000000 -0.935768 0.352616
124.773000000 -13.360801 -18.695444 0.000000 0.000000 0.000000 -0.935770 0.352610
124.806000000 -13.316410 -18.656456 0.000000 0.000000 0.000000 -0.935772 0.352605
124.839000000 -13.240628 -18.649772 0.000000 0.000000 0.000000 -0.935700 0.352797
124.872000000 -13.196164 -18.610688 0.000000 0.000000 0.000000 -0.935702 0.352792
124.905000000 -13.151700 -18.571604 0.000000 0.000000 0.000000 -0.935703 0.352789
124.938000000 -13.107235 -18.532522 0.000000 0.000000 0.000000 -0.935704 0.352785
124.971000000 -13.076246 -18.565052 0.000000 0.000000 0.000000 -0.935706 0.352780
125.004000000 -13.031781 -18.525969 0.000000 0.000000 0.000000 -0.935707 0.352778
125.037000000 -12.987315 -18.486886 0.000000 0.000000 0.000000 -0.935708 0.352776
125.070000000 -12.912561 -18.480818 0.000000 0.000000 0.000000 -0.935706 0.352781
125.103000000 -12.868253 -18.441873 0.000000 0.000000 0.000000 -0.935706 0.352780
125.136000000 -12.747781 -18.394601 0.000000 0.000000 0.000000 -0.935706 0.352781
125.169000000 -12.703114 -18.355340 0.000000 0.000000 0.000000 -0.935706 0.352781
125.202000000 -12.658447 -18.316080 0.000000 0.000000 0.000000 -0.935706 0.352780
125.235000000 -12.613780 -18.276820 0.000000 0.000000 0.000000 -0.935706 0.352780
125.268000000 -12.582600 -18.307424 0.000000 0.000000 0.000000 -0.935706 0.352782
125.301000000 -12.537670 -18.267933 0.000000 0.000000 0.000000 -0.935705 0.352782
125.367000000 -12.373846 -18.182216 0.000000 0.000000 0.000000 -0.935705 0.352783
125.433000000 -12.284475 -18.103661 0.000000 0.000000 0.000000 -0.935705 0.352784
125.499000000 -12.210701 -18.097696 0.000000 0.000000 0.000000 -0.935637 0.352963
125.532000000 -12.166321 -18.058658 0.000000 0.000000 0.000000 -0.935637 0.352964
125.565000000 -12.121941 -18.019619 0.000000 0.000000 0.000000 -0.935637 0.352965
125.598000000 -12.077561 -17.980581 0.000000 0.000000 0.000000 -0.935636 0.352966
125.631000000 -12.090468 -18.050190 0.000000 0.000000 0.000000 -0.935644 0.352944
125.664000000 -12.045780 -18.010882 0.000000 0.000000 0.000000 -0.935644 0.352946
125.697000000 -11.926927 -17.964927 0.000000 0.000000 0.000000 -0.935577 0.353123
125.730000000 -11.882485 -17.925806 0.000000 0.000000 0.000000 -0.935578 0.353121
125.763000000 -11.838042 -17.886686 0.000000 0.000000 0.000000 -0.935580 0.353114
125.796000000 -11.762992 -17.878661 0.000000 0.000000 0.000000 -0.935492 0.353349
125.829000000 -11.718450 -17.839414 0.000000 0.000000 0.000000 -0.935500 0.353326
125.862000000 -11.602358 -17.795197 0.000000 0.000000 0.000000 -0.935506 0.353311
125.895000000 -11.558596 -17.756643 0.000000 0.000000 0.000000 -0.935523 0.353266
125.928000000 -11.514832 -17.718095 0.000000 0.000000 0.000000 -0.935545 0.353208
125.961000000 -11.471064 -17.679555 0.000000 0.000000 0.000000 -0.935572 0.353136
125.994000000 -11.444333 -17.714058 0.000000 0.000000 0.000000 -0.935519 0.353276
126.027000000 -11.401416 -17.676254 0.000000 0.000000 0.000000 -0.935557 0.353174
126.060000000 -11.358495 -17.638465 0.000000 0.000000 0.000000 -0.935602 0.353057
126.093000000 -11.287844 -17.633500 0.000000 0.000000 0.000000 -0.935531 0.353245
126.126000000 -11.245424 -17.596139 0.000000 0.000000 0.000000 -0.935587 0.353095
126.159000000 -11.133686 -17.554393 0.000000 0.000000 0.000000 -0.935635 0.352969
126.192000000 -11.091877 -17.517614 0.000000 0.000000 0.000000 -0.935704 0.352787
126.225000000 -11.050063 -17.480860 0.000000 0.000000 0.000000 -0.935779 0.352587
126.258000000 -10.982206 -17.477842 0.000000 0.000000 0.000000 -0.935755 0.352651
126.291000000 -10.941221 -17.441838 0.000000 0.000000 0.000000 -0.935842 0.352419
126.324000000 -10.900232 -17.405867 0.000000 0.000000 0.000000 -0.935936 0.352170
126.357000000 -10.833504 -17.403565 0.000000 0.000000 0.000000 -0.935990 0.352028
126.390000000 -10.793354 -17.368390 0.000000 0.000000 0.000000 -0.936095 0.351747
126.423000000 -10.753205 -17.333257 0.000000 0.000000 0.000000 -0.936206 0.351451
126.456000000 -10.713054 -17.298170 0.000000 0.000000 0.000000 -0.936323 0.351140
126.489000000 -10.687424 -17.331395 0.000000 0.000000 0.000000 -0.936243 0.351354
126.522000000 -10.648069 -17.297016 0.000000 0.000000 0.000000 -0.936371 0.351013
126.555000000 -10.608717 -17.262691 0.000000 0.000000 0.000000 -0.936504 0.350658
126.588000000 -10.569367 -17.228421 0.000000 0.000000 0.000000 -0.936642 0.350289
126.621000000 -10.411520 -17.196770 0.000000 0.000000 0.000000 -0.936910 0.349572
126.654000000 -10.372221 -17.162702 0.000000 0.000000 0.000000 -0.937057 0.349176
126.687000000 -10.332921 -17.128693 0.000000 0.000000 0.000000 -0.937209 0.348768
126.720000000 -10.293621 -17.094744 0.000000 0.000000 0.000000 -0.937366 0.348347
126.753000000 -10.254319 -17.060857 0.000000 0.000000 0.000000 -0.937527 0.347913
126.786000000 -10.258952 -17.117587 0.000000 0.000000 0.000000 -0.937380 0.348308
126.819000000 -10.221388 -17.085201 0.000000 0.000000 0.000000 -0.937549 0.347852
126.852000000 -10.122437 -17.051603 0.000000 0.000000 0.000000 -0.937819 0.347126
126.885000000 -10.085584 -17.019992 0.000000 0.000000 0.000000 -0.937995 0.346648
126.918000000 -10.048755 -16.988468 0.000000 0.000000 0.000000 -0.938175 0.346160
126.951000000 -9.987945 -16.986961 0.000000 0.000000 0.000000 -0.938298 0.345829
126.984000000 -9.951644 -16.955997 0.000000 0.000000 0.000000 -0.938485 0.345321
127.017000000 -9.915372 -16.925128 0.000000 0.000000 0.000000 -0.938675 0.344804
127.050000000 -9.855749 -16.923590 0.000000 0.000000 0.000000 -0.938803 0.344456
127.083000000 -9.819990 -16.893269 0.000000 0.000000 0.000000 -0.938999 0.343921
127.116000000 -9.784266 -16.863050 0.000000 0.000000 0.000000 -0.939197 0.343378
127.149000000 -9.748576 -16.832931 0.000000 0.000000 0.000000 -0.939399 0.342826
127.182000000 -9.726574 -16.863026 0.000000 0.000000 0.000000 -0.939339 0.342990
127.215000000 -9.691650 -16.833601 0.000000 0.000000 0.000000 -0.939645 0.342151
127.248000000 -9.598884 -16.803322 0.000000 0.000000 0.000000 -0.940125 0.340830
127.281000000 -9.564364 -16.774507 0.000000 0.000000 0.000000 -0.940452 0.339927
127.314000000 -9.529873 -16.745830 0.000000 0.000000 0.000000 -0.940778 0.339024
127.347000000 -9.475955 -16.745780 0.000000 0.000000 0.000000 -0.941616 0.336690
127.380000000 -9.442272 -16.718164 0.000000 0.000000 0.000000 -0.942062 0.335437
127.413000000 -9.408613 -16.690719 0.000000 0.000000 0.000000 -0.942508 0.334184
127.446000000 -9.351906 -16.684943 0.000000 0.000000 0.000000 -0.943726 0.330729
127.479000000 -9.317505 -16.657458 0.000000 0.000000 0.000000 -0.944352 0.328937
127.512000000 -9.283088 -16.630176 0.000000 0.000000 0.000000 -0.944975 0.327143
127.545000000 -9.248656 -16.603096 0.000000 0.000000 0.000000 -0.945594 0.325348
127.578000000 -9.234391 -16.629299 0.000000 0.000000 0.000000 -0.946252 0.323429
127.611000000 -9.201071 -16.603511 0.000000 0.000000 0.000000 -0.947127 0.320859
127.644000000 -9.120901 -16.574866 0.000000 0.000000 0.000000 -0.948893 0.315598
127.677000000 -9.088245 -16.550445 0.000000 0.000000 0.000000 -0.949775 0.312934
127.710000000 -9.055576 -16.526301 0.000000 0.000000 0.000000 -0.950659 0.310238
127.743000000 -9.008146 -16.519827 0.000000 0.000000 0.000000 -0.951529 0.307560
127.776000000 -8.975309 -16.496125 0.000000 0.000000 0.000000 -0.952409 0.304823
127.809000000 -8.942458 -16.472703 0.000000 0.000000 0.000000 -0.953284 0.302076
127.842000000 -8.897785 -16.466220 0.000000 0.000000 0.000000 -0.954133 0.299384
127.875000000 -8.865094 -16.443468 0.000000 0.000000 0.000000 -0.954991 0.296635
127.908000000 -8.832401 -16.420994 0.000000 0.000000 0.000000 -0.955838 0.293894
127.941000000 -8.790086 -16.414324 0.000000 0.000000 0.000000 -0.956630 0.291307
127.974000000 -8.757738 -16.392613 0.000000 0.000000 0.000000 -0.957452 0.288594
128.007000000 -8.725403 -16.371177 0.000000 0.000000 0.000000 -0.958260 0.285900
128.040000000 -8.693083 -16.350014 0.000000 0.000000 0.000000 -0.959052 0.283230
128.073000000 -8.685996 -16.364840 0.000000 0.000000 0.000000 -0.959009 0.283376
128.106000000 -8.654324 -16.344335 0.000000 0.000000 0.000000 -0.959777 0.280764
128.139000000 -8.585182 -16.317317 0.000000 0.000000 0.000000 -0.961275 0.275591
128.172000000 -8.554199 -16.297964 0.000000 0.000000 0.000000 -0.962002 0.273043
128.205000000 -8.523274 -16.278876 0.000000 0.000000 0.000000 -0.962711 0.270531
128.238000000 -8.488242 -16.273053 0.000000 0.000000 0.000000 -0.963407 0.268043
128.271000000 -8.458248 -16.254965 0.000000 0.000000 0.000000 -0.964081 0.265608
128.304000000 -8.428338 -16.237135 0.000000 0.000000 0.000000 -0.964738 0.263214
128.337000000 -8.394288 -16.231559 0.000000 0.000000 0.000000 -0.965404 0.260757
128.370000000 -8.365166 -16.214592 0.000000 0.000000 0.000000 -0.966026 0.258447
128.403000000 -8.336153 -16.197875 0.000000 0.000000 0.000000 -0.966629 0.256179
128.436000000 -8.307250 -16.181404 0.000000 0.000000 0.000000 -0.967216 0.253955
128.469000000 -8.301756 -16.191556 0.000000 0.000000 0.000000 -0.967199 0.254021
128.502000000 -8.273068 -16.175373 0.000000 0.000000 0.000000 -0.967757 0.251887
128.535000000 -8.210031 -16.152103 0.000000 0.000000 0.000000 -0.968806 0.247819
128.568000000 -8.181480 -16.136476 0.000000 0.000000 0.000000 -0.969327 0.245773
128.601000000 -8.153052 -16.121074 0.000000 0.000000 0.000000 -0.969833 0.243771
128.667000000 -8.091815 -16.098258 0.000000 0.000000 0.000000 -0.970692 0.240328
128.733000000 -8.035671 -16.068789 0.000000 0.000000 0.000000 -0.971599 0.236631
128.766000000 -8.032718 -16.075440 0.000000 0.000000 0.000000 -0.971485 0.237103
128.799000000 -8.004982 -16.061046 0.000000 0.000000 0.000000 -0.971908 0.235362
128.832000000 -7.977383 -16.046850 0.000000 0.000000 0.000000 -0.972318 0.233663
128.865000000 -7.949095 -16.039881 0.000000 0.000000 0.000000 -0.972654 0.232259
128.898000000 -7.922357 -16.026342 0.000000 0.000000 0.000000 -0.973039 0.230642
128.931000000 -7.895774 -16.012993 0.000000 0.000000 0.000000 -0.973411 0.229064
128.964000000 -7.869630 -16.006394 0.000000 0.000000 0.000000 -0.973757 0.227589
128.997000000 -7.844081 -15.993763 0.000000 0.000000 0.000000 -0.974107 0.226089
129.030000000 -7.818708 -15.981318 0.000000 0.000000 0.000000 -0.974445 0.224627
129.063000000 -7.793512 -15.969055 0.000000 0.000000 0.000000 -0.974772 0.223201
129.096000000 -7.793153 -15.974775 0.000000 0.000000 0.000000 -0.974769 0.223216
129.129000000 -7.768594 -15.962907 0.000000 0.000000 0.000000 -0.975078 0.221863
129.162000000 -7.720186 -15.945307 0.000000 0.000000 0.000000 -0.975714 0.219050
129.195000000 -7.696846 -15.934302 0.000000 0.000000 0.000000 -0.976001 0.217765
129.228000000 -7.673801 -15.923532 0.000000 0.000000 0.000000 -0.976280 0.216513
129.261000000 -7.651052 -15.912993 0.000000 0.000000 0.000000 -0.976550 0.215293
129.294000000 -7.650690 -15.917782 0.000000 0.000000 0.000000 -0.976558 0.215255
129.327000000 -7.628455 -15.907508 0.000000 0.000000 0.000000 -0.976812 0.214097
129.360000000 -7.585182 -15.892413 0.000000 0.000000 0.000000 -0.977315 0.211791
129.393000000 -7.564185 -15.882892 0.000000 0.000000 0.000000 -0.977552 0.210692
129.426000000 -7.543494 -15.873584 0.000000 0.000000 0.000000 -0.977783 0.209622
129.459000000 -7.521808 -15.867791 0.000000 0.000000 0.000000 -0.977985 0.208674
129.492000000 -7.501581 -15.858773 0.000000 0.000000 0.000000 -0.978201 0.207658
129.525000000 -7.481663 -15.849959 0.000000 0.000000 0.000000 -0.978411 0.206669
129.558000000 -7.462058 -15.841347 0.000000 0.000000 0.000000 -0.978614 0.205704
129.591000000 -7.461336 -15.844596 0.000000 0.000000 0.000000 -0.978570 0.205916
129.624000000 -7.441994 -15.836101 0.000000 0.000000 0.000000 -0.978762 0.205000
129.657000000 -7.403724 -15.822624 0.000000 0.000000 0.000000 -0.979102 0.203369
129.690000000 -7.385273 -15.814635 0.000000 0.000000 0.000000 -0.979282 0.202499
129.723000000 -7.367140 -15.806836 0.000000 0.000000 0.000000 -0.979457 0.201651
129.756000000 -7.349325 -15.799224 0.000000 0.000000 0.000000 -0.979627 0.200824
129.789000000 -7.348813 -15.801469 0.000000 0.000000 0.000000 -0.979572 0.201093
129.822000000 -7.331194 -15.793936 0.000000 0.000000 0.000000 -0.979733 0.200307
129.855000000 -7.296730 -15.781505 0.000000 0.000000 0.000000 -0.980006 0.198968
129.888000000 -7.279994 -15.774435 0.000000 0.000000 0.000000 -0.980158 0.198220
129.921000000 -7.263580 -15.767542 0.000000 0.000000 0.000000 -0.980305 0.197490
129.954000000 -7.247491 -15.760825 0.000000 0.000000 0.000000 -0.980448 0.196777
129.987000000 -7.248016 -15.763113 0.000000 0.000000 0.000000 -0.980394 0.197048
130.020000000 -7.232327 -15.756556 0.000000 0.000000 0.000000 -0.980530 0.196369
130.053000000 -7.216965 -15.750171 0.000000 0.000000 0.000000 -0.980663 0.195706
130.086000000 -7.201929 -15.743956 0.000000 0.000000 0.000000 -0.980792 0.195058
130.119000000 -7.202438 -15.746106 0.000000 0.000000 0.000000 -0.980758 0.195225
130.152000000 -7.187777 -15.740042 0.000000 0.000000 0.000000 -0.980881 0.194606
130.185000000 -7.159402 -15.730099 0.000000 0.000000 0.000000 -0.981097 0.193515
130.218000000 -7.145607 -15.724449 0.000000 0.000000 0.000000 -0.981214 0.192924
130.251000000 -7.119586 -15.715370 0.000000 0.000000 0.000000 -0.981407 0.191941
130.284000000 -7.106789 -15.710177 0.000000 0.000000 0.000000 -0.981517 0.191374
130.317000000 -7.094322 -15.705143 0.000000 0.000000 0.000000 -0.981625 0.190820
130.350000000 -7.083216 -15.702122 0.000000 0.000000 0.000000 -0.981691 0.190481
130.383000000 -7.071517 -15.697415 0.000000 0.000000 0.000000 -0.981794 0.189949
130.416000000 -7.060150 -15.692863 0.000000 0.000000 0.000000 -0.981895 0.189428
130.449000000 -7.049118 -15.688465 0.000000 0.000000 0.000000 -0.981993 0.188917
130.482000000 -7.049843 -15.690147 0.000000 0.000000 0.000000 -0.981951 0.189133
130.515000000 -7.039158 -15.685881 0.000000 0.000000 0.000000 -0.982046 0.188642
130.548000000 -7.019141 -15.679090 0.000000 0.000000 0.000000 -0.982197 0.187853
130.581000000 -7.009349 -15.675210 0.000000 0.000000 0.000000 -0.982288 0.187379
130.614000000 -6.999893 -15.671480 0.000000 0.000000 0.000000 -0.982376 0.186914
130.647000000 -6.992033 -15.669826 0.000000 0.000000 0.000000 -0.982428 0.186643
130.680000000 -6.983379 -15.666422 0.000000 0.000000 0.000000 -0.982513 0.186193
130.713000000 -6.975062 -15.663165 0.000000 0.000000 0.000000 -0.982597 0.185750
130.746000000 -6.967595 -15.661401 0.000000 0.000000 0.000000 -0.982639 0.185530
130.779000000 -6.959863 -15.658380 0.000000 0.000000 0.000000 -0.982719 0.185101
130.812000000 -6.952469 -15.655503 0.000000 0.000000 0.000000 -0.982799 0.184679
130.845000000 -6.946253 -15.654297 0.000000 0.000000 0.000000 -0.982840 0.184462
130.878000000 -6.939523 -15.651684 0.000000 0.000000 0.000000 -0.982917 0.184052
130.911000000 -6.933132 -15.649213 0.000000 0.000000 0.000000 -0.982992 0.183646
130.944000000 -6.927481 -15.647858 0.000000 0.000000 0.000000 -0.983027 0.183463
130.977000000 -6.921606 -15.645590 0.000000 0.000000 0.000000 -0.983100 0.183067
131.010000000 -6.916070 -15.643463 0.000000 0.000000 0.000000 -0.983173 0.182677
131.043000000 -6.911758 -15.642646 0.000000 0.000000 0.000000 -0.983212 0.182469
131.076000000 -6.906852 -15.640764 0.000000 0.000000 0.000000 -0.983283 0.182086
131.109000000 -6.902116 -15.639796 0.000000 0.000000 0.000000 -0.983340 0.181774
131.142000000 -6.897954 -15.638204 0.000000 0.000000 0.000000 -0.983410 0.181397
131.208000000 -6.890653 -15.635426 0.000000 0.000000 0.000000 -0.983548 0.180647
131.241000000 -6.887514 -15.634239 0.000000 0.000000 0.000000 -0.983616 0.180275
131.274000000 -6.889097 -15.635714 0.000000 0.000000 0.000000 -0.983566 0.180549
131.307000000 -6.886114 -15.634582 0.000000 0.000000 0.000000 -0.983634 0.180178
131.340000000 -6.882139 -15.633927 0.000000 0.000000 0.000000 -0.983729 0.179658
131.373000000 -6.880128 -15.633168 0.000000 0.000000 0.000000 -0.983796 0.179289
131.406000000 -6.878460 -15.632541 0.000000 0.000000 0.000000 -0.983864 0.178920
131.439000000 -6.877135 -15.632044 0.000000 0.000000 0.000000 -0.983931 0.178551
131.472000000 -6.878031 -15.633386 0.000000 0.000000 0.000000 -0.983879 0.178834
131.505000000 -6.876982 -15.632993 0.000000 0.000000 0.000000 -0.983946 0.178465
131.538000000 -6.876678 -15.633806 0.000000 0.000000 0.000000 -0.984047 0.177910
131.571000000 -6.876546 -15.633757 0.000000 0.000000 0.000000 -0.984113 0.177541
131.604000000 -6.876757 -15.633837 0.000000 0.000000 0.000000 -0.984180 0.177173
131.637000000 -6.878390 -15.635398 0.000000 0.000000 0.000000 -0.984212 0.176995
131.670000000 -6.879247 -15.635717 0.000000 0.000000 0.000000 -0.984278 0.176627
131.703000000 -6.880449 -15.636164 0.000000 0.000000 0.000000 -0.984344 0.176258
131.736000000 -6.883046 -15.638188 0.000000 0.000000 0.000000 -0.984382 0.176046
131.769000000 -6.884890 -15.638870 0.000000 0.000000 0.000000 -0.984448 0.175677
131.802000000 -6.888233 -15.641090 0.000000 0.000000 0.000000 -0.984477 0.175512
131.835000000 -6.890693 -15.641997 0.000000 0.000000 0.000000 -0.984543 0.175144
131.868000000 -6.893499 -15.643029 0.000000 0.000000 0.000000 -0.984608 0.174777
131.901000000 -6.896651 -15.644186 0.000000 0.000000 0.000000 -0.984673 0.174411
131.934000000 -6.901144 -15.647008 0.000000 0.000000 0.000000 -0.984688 0.174324
131.967000000 -6.904952 -15.648402 0.000000 0.000000 0.000000 -0.984753 0.173961
132.033000000 -6.913606 -15.651562 0.000000 0.000000 0.000000 -0.984880 0.173241
132.066000000 -6.918451 -15.653329 0.000000 0.000000 0.000000 -0.984942 0.172884
132.099000000 -6.914312 -15.652764 0.000000 0.000000 0.000000 -0.984837 0.173484
132.132000000 -6.918991 -15.654469 0.000000 0.000000 0.000000 -0.984898 0.173134
132.165000000 -6.930880 -15.659897 0.000000 0.000000 0.000000 -0.984988 0.172620
132.198000000 -6.936632 -15.661982 0.000000 0.000000 0.000000 -0.985048 0.172279
132.231000000 -6.942731 -15.664189 0.000000 0.000000 0.000000 -0.985107 0.171942
132.264000000 -6.950221 -15.668170 0.000000 0.000000 0.000000 -0.985145 0.171725
132.297000000 -6.956942 -15.670591 0.000000 0.000000 0.000000 -0.985202 0.171397
132.330000000 -6.971805 -15.677297 0.000000 0.000000 0.000000 -0.985300 0.170835
132.363000000 -6.979468 -15.680041 0.000000 0.000000 0.000000 -0.985355 0.170516
132.396000000 -6.987477 -15.682906 0.000000 0.000000 0.000000 -0.985409 0.170202
132.429000000 -6.995832 -15.685892 0.000000 0.000000 0.000000 -0.985462 0.169893
132.462000000 -6.998402 -15.688415 0.000000 0.000000 0.000000 -0.985450 0.169968
132.495000000 -7.007262 -15.691570 0.000000 0.000000 0.000000 -0.985501 0.169669
132.528000000 -7.016469 -15.694846 0.000000 0.000000 0.000000 -0.985552 0.169376
132.561000000 -7.026023 -15.698241 0.000000 0.000000 0.000000 -0.985601 0.169087
132.594000000 -7.026948 -15.700089 0.000000 0.000000 0.000000 -0.985587 0.169170
132.627000000 -7.036744 -15.703559 0.000000 0.000000 0.000000 -0.985635 0.168892
132.660000000 -7.058633 -15.712908 0.000000 0.000000 0.000000 -0.985722 0.168381
132.693000000 -7.069446 -15.716718 0.000000 0.000000 0.000000 -0.985768 0.168113
132.726000000 -7.080607 -15.720648 0.000000 0.000000 0.000000 -0.985812 0.167852
132.759000000 -7.093481 -15.726990 0.000000 0.000000 0.000000 -0.985849 0.167634
132.792000000 -7.105348 -15.731151 0.000000 0.000000 0.000000 -0.985892 0.167383
132.825000000 -7.117562 -15.735430 0.000000 0.000000 0.000000 -0.985934 0.167137
132.858000000 -7.130124 -15.739827 0.000000 0.000000 0.000000 -0.985974 0.166897
132.891000000 -7.143033 -15.744342 0.000000 0.000000 0.000000 -0.986014 0.166661
132.924000000 -7.131120 -15.742131 0.000000 0.000000 0.000000 -0.985975 0.166890
132.957000000 -7.172108 -15.758332 0.000000 0.000000 0.000000 -0.986107 0.166112
132.990000000 -7.186007 -15.763156 0.000000 0.000000 0.000000 -0.986144 0.165891
133.023000000 -7.200255 -15.768097 0.000000 0.000000 0.000000 -0.986180 0.165676
133.056000000 -7.214850 -15.773155 0.000000 0.000000 0.000000 -0.986216 0.165466
133.089000000 -7.216025 -15.775295 0.000000 0.000000 0.000000 -0.986229 0.165387
133.122000000 -7.230901 -15.780433 0.000000 0.000000 0.000000 -0.986262 0.165186
133.155000000 -7.263236 -15.793655 0.000000 0.000000 0.000000 -0.986348 0.164673
133.188000000 -7.279197 -15.799142 0.000000 0.000000 0.000000 -0.986380 0.164481
133.221000000 -7.295507 -15.804744 0.000000 0.000000 0.000000 -0.986412 0.164293
133.254000000 -7.312166 -15.810462 0.000000 0.000000 0.000000 -0.986442 0.164109
133.287000000 -7.313500 -15.813049 0.000000 0.000000 0.000000 -0.986470 0.163940
133.320000000 -7.330493 -15.818861 0.000000 0.000000 0.000000 -0.986500 0.163764
133.353000000 -7.347836 -15.824789 0.000000 0.000000 0.000000 -0.986528 0.163592
133.386000000 -7.366971 -15.833378 0.000000 0.000000 0.000000 -0.986577 0.163297
133.419000000 -7.385010 -15.839521 0.000000 0.000000 0.000000 -0.986604 0.163132
133.452000000 -7.423404 -15.854720 0.000000 0.000000 0.000000 -0.986677 0.162692
133.485000000 -7.442442 -15.861178 0.000000 0.000000 0.000000 -0.986703 0.162534
133.518000000 -7.461830 -15.867749 0.000000 0.000000 0.000000 -0.986728 0.162380
133.551000000 -7.481566 -15.874433 0.000000 0.000000 0.000000 -0.986753 0.162228
133.584000000 -7.483642 -15.877358 0.000000 0.000000 0.000000 -0.986768 0.162141
133.617000000 -7.503879 -15.884195 0.000000 0.000000 0.000000 -0.986792 0.161995
133.650000000 -7.546887 -15.900996 0.000000 0.000000 0.000000 -0.986860 0.161579
133.683000000 -7.568172 -15.908160 0.000000 0.000000 0.000000 -0.986883 0.161438
133.716000000 -7.589806 -15.915437 0.000000 0.000000 0.000000 -0.986906 0.161299
133.749000000 -7.613103 -15.925530 0.000000 0.000000 0.000000 -0.986931 0.161146
133.782000000 -7.635381 -15.933006 0.000000 0.000000 0.000000 -0.986953 0.161011
133.815000000 -7.658009 -15.940595 0.000000 0.000000 0.000000 -0.986974 0.160878
133.848000000 -7.680986 -15.948295 0.000000 0.000000 0.000000 -0.986996 0.160746
133.881000000 -7.682288 -15.950813 0.000000 0.000000 0.000000 -0.986991 0.160777
133.914000000 -7.705535 -15.958595 0.000000 0.000000 0.000000 -0.987012 0.160648
133.947000000 -7.754883 -15.977314 0.000000 0.000000 0.000000 -0.987059 0.160357
133.980000000 -7.779227 -15.985440 0.000000 0.000000 0.000000 -0.987080 0.160231
134.013000000 -7.803922 -15.993676 0.000000 0.000000 0.000000 -0.987100 0.160106
134.046000000 -7.830588 -16.004722 0.000000 0.000000 0.000000 -0.987113 0.160027
134.079000000 -7.855970 -16.013175 0.000000 0.000000 0.000000 -0.987133 0.159903
134.112000000 -7.881703 -16.021738 0.000000 0.000000 0.000000 -0.987153 0.159780
134.145000000 -7.909475 -16.033057 0.000000 0.000000 0.000000 -0.987175 0.159643
134.178000000 -7.935899 -16.041833 0.000000 0.000000 0.000000 -0.987195 0.159520
134.211000000 -7.962674 -16.050720 0.000000 0.000000 0.000000 -0.987215 0.159397
134.244000000 -7.989800 -16.059715 0.000000 0.000000 0.000000 -0.987234 0.159274
134.277000000 -7.991991 -16.062574 0.000000 0.000000 0.000000 -0.987229 0.159306
134.310000000 -8.019578 -16.071716 0.000000 0.000000 0.000000 -0.987249 0.159183
134.343000000 -8.047515 -16.080966 0.000000 0.000000 0.000000 -0.987269 0.159060
134.376000000 -8.075803 -16.090324 0.000000 0.000000 0.000000 -0.987289 0.158936
134.409000000 -8.077260 -16.092875 0.000000 0.000000 0.000000 -0.987267 0.159075
134.442000000 -8.105810 -16.102321 0.000000 0.000000 0.000000 -0.987287 0.158950
134.475000000 -8.166390 -16.124532 0.000000 0.000000 0.000000 -0.987293 0.158911
134.508000000 -8.196146 -16.134365 0.000000 0.000000 0.000000 -0.987313 0.158784
134.541000000 -8.258459 -16.157014 0.000000 0.000000 0.000000 -0.987321 0.158739
134.574000000 -8.289235 -16.167172 0.000000 0.000000 0.000000 -0.987341 0.158610
134.607000000 -8.320362 -16.177437 0.000000 0.000000 0.000000 -0.987362 0.158478
134.640000000 -8.353687 -16.190034 0.000000 0.000000 0.000000 -0.987379 0.158377
134.673000000 -8.385470 -16.200498 0.000000 0.000000 0.000000 -0.987400 0.158243
134.706000000 -8.417604 -16.211068 0.000000 0.000000 0.000000 -0.987422 0.158107
134.739000000 -8.452005 -16.224397 0.000000 0.000000 0.000000 -0.987426 0.158083
134.772000000 -8.484832 -16.235184 0.000000 0.000000 0.000000 -0.987448 0.157943
134.805000000 -8.518011 -16.246075 0.000000 0.000000 0.000000 -0.987471 0.157802
134.838000000 -8.551541 -16.257071 0.000000 0.000000 0.000000 -0.987494 0.157657
134.871000000 -8.550724 -16.258884 0.000000 0.000000 0.000000 -0.987482 0.157732
134.904000000 -8.583913 -16.269763 0.000000 0.000000 0.000000 -0.987506 0.157583
134.937000000 -8.617452 -16.280745 0.000000 0.000000 0.000000 -0.987530 0.157432
134.970000000 -8.648712 -16.293380 0.000000 0.000000 0.000000 -0.987544 0.157341
135.003000000 -8.681830 -16.304207 0.000000 0.000000 0.000000 -0.987569 0.157185
135.036000000 -8.715295 -16.315135 0.000000 0.000000 0.000000 -0.987594 0.157027
135.069000000 -8.747148 -16.328091 0.000000 0.000000 0.000000 -0.987599 0.156999
135.102000000 -8.780365 -16.338925 0.000000 0.000000 0.000000 -0.987625 0.156835
135.135000000 -8.845220 -16.362497 0.000000 0.000000 0.000000 -0.987673 0.156532
135.168000000 -8.878360 -16.373272 0.000000 0.000000 0.000000 -0.987700 0.156362
135.201000000 -8.911841 -16.384143 0.000000 0.000000 0.000000 -0.987727 0.156189
135.234000000 -8.942929 -16.396692 0.000000 0.000000 0.000000 -0.987756 0.156008
135.267000000 -8.975954 -16.407390 0.000000 0.000000 0.000000 -0.987784 0.155828
135.333000000 -9.043003 -16.429068 0.000000 0.000000 0.000000 -0.987842 0.155459
135.366000000 -9.041596 -16.431397 0.000000 0.000000 0.000000 -0.987838 0.155488
135.399000000 -9.074842 -16.442128 0.000000 0.000000 0.000000 -0.987868 0.155294
135.432000000 -9.108413 -16.452949 0.000000 0.000000 0.000000 -0.987899 0.155097
135.465000000 -9.139404 -16.465661 0.000000 0.000000 0.000000 -0.987933 0.154881
135.498000000 -9.172478 -16.476292 0.000000 0.000000 0.000000 -0.987965 0.154676
135.531000000 -9.235709 -16.499502 0.000000 0.000000 0.000000 -0.988037 0.154214
135.564000000 -9.268855 -16.510107 0.000000 0.000000 0.000000 -0.988071 0.154002
135.597000000 -9.302311 -16.520794 0.000000 0.000000 0.000000 -0.988104 0.153785
135.630000000 -9.336078 -16.531564 0.000000 0.000000 0.000000 -0.988139 0.153564
135.663000000 -9.335723 -16.534213 0.000000 0.000000 0.000000 -0.988154 0.153466
135.696000000 -9.368809 -16.544743 0.000000 0.000000 0.000000 -0.988190 0.153236
135.729000000 -9.402193 -16.555350 0.000000 0.000000 0.000000 -0.988226 0.153002
135.762000000 -9.434139 -16.568542 0.000000 0.000000 0.000000 -0.988277 0.152669
135.795000000 -9.467317 -16.579042 0.000000 0.000000 0.000000 -0.988315 0.152426
135.828000000 -9.500783 -16.589616 0.000000 0.000000 0.000000 -0.988353 0.152178
135.861000000 -9.532208 -16.602796 0.000000 0.000000 0.000000 -0.988409 0.151817
135.894000000 -9.565325 -16.613214 0.000000 0.000000 0.000000 -0.988448 0.151560
135.927000000 -9.598720 -16.623701 0.000000 0.000000 0.000000 -0.988488 0.151297
135.960000000 -9.630250 -16.636972 0.000000 0.000000 0.000000 -0.988549 0.150897
135.993000000 -9.663341 -16.647315 0.000000 0.000000 0.000000 -0.988591 0.150624
136.026000000 -9.696699 -16.657720 0.000000 0.000000 0.000000 -0.988633 0.150346
136.059000000 -9.727989 -16.671180 0.000000 0.000000 0.000000 -0.988694 0.149948
136.092000000 -9.761007 -16.681430 0.000000 0.000000 0.000000 -0.988738 0.149659
136.125000000 -9.794280 -16.691738 0.000000 0.000000 0.000000 -0.988782 0.149364
136.158000000 -9.826180 -16.705318 0.000000 0.000000 0.000000 -0.988863 0.148826
136.191000000 -9.859284 -16.715513 0.000000 0.000000 0.000000 -0.988909 0.148520
136.224000000 -9.892634 -16.725761 0.000000 0.000000 0.000000 -0.988956 0.148207
136.257000000 -9.924465 -16.739538 0.000000 0.000000 0.000000 -0.989033 0.147692
136.290000000 -9.957621 -16.749666 0.000000 0.000000 0.000000 -0.989082 0.147367
136.323000000 -9.991013 -16.759842 0.000000 0.000000 0.000000 -0.989131 0.147035
136.356000000 -10.024642 -16.770065 0.000000 0.000000 0.000000 -0.989182 0.146697
136.389000000 -10.022494 -16.773574 0.000000 0.000000 0.000000 -0.989209 0.146512
136.422000000 -10.055590 -16.783597 0.000000 0.000000 0.000000 -0.989261 0.146161
136.455000000 -10.120526 -16.807541 0.000000 0.000000 0.000000 -0.989401 0.145212
136.488000000 -10.153614 -16.817467 0.000000 0.000000 0.000000 -0.989454 0.144846
136.521000000 -10.186917 -16.827431 0.000000 0.000000 0.000000 -0.989509 0.144473
136.554000000 -10.220435 -16.837430 0.000000 0.000000 0.000000 -0.989564 0.144093
136.587000000 -10.218509 -16.841281 0.000000 0.000000 0.000000 -0.989599 0.143852
136.620000000 -10.251569 -16.851100 0.000000 0.000000 0.000000 -0.989657 0.143457
136.653000000 -10.316511 -16.875133 0.000000 0.000000 0.000000 -0.989806 0.142425
136.686000000 -10.349589 -16.884853 0.000000 0.000000 0.000000 -0.989865 0.142014
136.719000000 -10.382863 -16.894601 0.000000 0.000000 0.000000 -0.989925 0.141594
136.752000000 -10.414633 -16.908858 0.000000 0.000000 0.000000 -0.990021 0.140921
136.785000000 -10.447742 -16.918479 0.000000 0.000000 0.000000 -0.990083 0.140485
136.818000000 -10.481038 -16.928121 0.000000 0.000000 0.000000 -0.990146 0.140040
136.851000000 -10.514519 -16.937785 0.000000 0.000000 0.000000 -0.990210 0.139586
136.884000000 -10.512454 -16.942386 0.000000 0.000000 0.000000 -0.990247 0.139322
136.917000000 -10.545492 -16.951870 0.000000 0.000000 0.000000 -0.990313 0.138850
136.950000000 -10.610432 -16.975885 0.000000 0.000000 0.000000 -0.990478 0.137671
136.983000000 -10.643503 -16.985260 0.000000 0.000000 0.000000 -0.990546 0.137181
137.016000000 -10.676742 -16.994646 0.000000 0.000000 0.000000 -0.990615 0.136681
137.049000000 -10.710147 -17.004043 0.000000 0.000000 0.000000 -0.990685 0.136171
137.082000000 -10.708029 -17.009168 0.000000 0.000000 0.000000 -0.990719 0.135927
137.115000000 -10.741010 -17.018392 0.000000 0.000000 0.000000 -0.990792 0.135396
137.148000000 -10.805460 -17.042474 0.000000 0.000000 0.000000 -0.990963 0.134137
137.181000000 -10.838397 -17.051557 0.000000 0.000000 0.000000 -0.991037 0.133585
137.214000000 -10.871482 -17.060642 0.000000 0.000000 0.000000 -0.991113 0.133023
137.247000000 -10.904716 -17.069726 0.000000 0.000000 0.000000 -0.991190 0.132449
137.280000000 -10.903020 -17.075694 0.000000 0.000000 0.000000 -0.991225 0.132188
137.313000000 -10.935980 -17.084644 0.000000 0.000000 0.000000 -0.991304 0.131591
137.346000000 -11.000602 -17.108759 0.000000 0.000000 0.000000 -0.991491 0.130175
137.379000000 -11.033580 -17.117571 0.000000 0.000000 0.000000 -0.991572 0.129554
137.412000000 -11.066692 -17.126374 0.000000 0.000000 0.000000 -0.991655 0.128921
137.445000000 -11.098182 -17.141911 0.000000 0.000000 0.000000 -0.991767 0.128057
137.478000000 -11.131183 -17.150578 0.000000 0.000000 0.000000 -0.991852 0.127399
137.511000000 -11.164311 -17.159231 0.000000 0.000000 0.000000 -0.991937 0.126728
137.544000000 -11.197568 -17.167870 0.000000 0.000000 0.000000 -0.992025 0.126044
137.577000000 -11.195767 -17.175013 0.000000 0.000000 0.000000 -0.992053 0.125817
137.610000000 -11.228783 -17.183524 0.000000 0.000000 0.000000 -0.992143 0.125106
137.643000000 -11.293234 -17.208315 0.000000 0.000000 0.000000 -0.992341 0.123525
137.676000000 -11.326120 -17.216620 0.000000 0.000000 0.000000 -0.992433 0.122785
137.709000000 -11.366817 -17.235465 0.000000 0.000000 0.000000 -0.992573 0.121650
137.742000000 -11.399700 -17.243642 0.000000 0.000000 0.000000 -0.992667 0.120881
137.775000000 -11.432598 -17.251761 0.000000 0.000000 0.000000 -0.992762 0.120096
137.808000000 -11.465511 -17.259819 0.000000 0.000000 0.000000 -0.992859 0.119295
137.841000000 -11.498438 -17.267817 0.000000 0.000000 0.000000 -0.992957 0.118479
137.874000000 -11.488246 -17.274672 0.000000 0.000000 0.000000 -0.992945 0.118574
137.907000000 -11.521176 -17.282637 0.000000 0.000000 0.000000 -0.993046 0.117725
137.940000000 -11.585490 -17.307504 0.000000 0.000000 0.000000 -0.993251 0.115988
137.973000000 -11.618363 -17.315274 0.000000 0.000000 0.000000 -0.993353 0.115105
138.006000000 -11.651251 -17.322977 0.000000 0.000000 0.000000 -0.993457 0.114205
138.039000000 -11.682355 -17.340045 0.000000 0.000000 0.000000 -0.993565 0.113261
138.072000000 -11.715129 -17.347601 0.000000 0.000000 0.000000 -0.993672 0.112325
138.105000000 -11.751262 -17.366640 0.000000 0.000000 0.000000 -0.993789 0.111280
138.138000000 -11.783991 -17.374056 0.000000 0.000000 0.000000 -0.993898 0.110307
138.171000000 -11.816736 -17.381399 0.000000 0.000000 0.000000 -0.994007 0.109314
138.204000000 -11.849498 -17.388665 0.000000 0.000000 0.000000 -0.994118 0.108302
138.237000000 -11.882277 -17.395855 0.000000 0.000000 0.000000 -0.994230 0.107270
138.270000000 -11.875042 -17.404884 0.000000 0.000000 0.000000 -0.994200 0.107546
138.303000000 -11.907588 -17.411992 0.000000 0.000000 0.000000 -0.994316 0.106473
138.336000000 -11.940151 -17.419018 0.000000 0.000000 0.000000 -0.994432 0.105379
138.369000000 -11.972732 -17.425962 0.000000 0.000000 0.000000 -0.994550 0.104263
138.402000000 -11.970944 -17.437005 0.000000 0.000000 0.000000 -0.994522 0.104525
138.435000000 -12.066486 -17.469118 0.000000 0.000000 0.000000 -0.994844 0.101420
138.468000000 -12.098902 -17.475778 0.000000 0.000000 0.000000 -0.994964 0.100237
138.501000000 -12.131336 -17.482350 0.000000 0.000000 0.000000 -0.995084 0.099030
138.534000000 -12.163789 -17.488830 0.000000 0.000000 0.000000 -0.995206 0.097800
138.567000000 -12.161990 -17.500865 0.000000 0.000000 0.000000 -0.995181 0.098054
138.633000000 -12.226780 -17.513618 0.000000 0.000000 0.000000 -0.995432 0.095470
138.666000000 -12.257245 -17.532709 0.000000 0.000000 0.000000 -0.995525 0.094498
138.699000000 -12.289583 -17.538883 0.000000 0.000000 0.000000 -0.995653 0.093142
138.732000000 -12.321940 -17.544955 0.000000 0.000000 0.000000 -0.995781 0.091759
138.765000000 -12.352051 -17.564110 0.000000 0.000000 0.000000 -0.995882 0.090657
138.798000000 -12.384264 -17.570002 0.000000 0.000000 0.000000 -0.996012 0.089219
138.831000000 -12.416495 -17.575786 0.000000 0.000000 0.000000 -0.996142 0.087753
138.864000000 -12.448747 -17.581460 0.000000 0.000000 0.000000 -0.996273 0.086258
138.897000000 -12.446398 -17.595605 0.000000 0.000000 0.000000 -0.996253 0.086482
138.930000000 -12.478485 -17.601194 0.000000 0.000000 0.000000 -0.996387 0.084928
138.963000000 -12.540723 -17.627409 0.000000 0.000000 0.000000 -0.996633 0.081995
138.996000000 -12.572797 -17.632697 0.000000 0.000000 0.000000 -0.996764 0.080379
139.029000000 -12.604890 -17.637866 0.000000 0.000000 0.000000 -0.996896 0.078731
139.062000000 -12.637003 -17.642911 0.000000 0.000000 0.000000 -0.997027 0.077052
139.095000000 -12.669135 -17.647830 0.000000 0.000000 0.000000 -0.997158 0.075339
139.128000000 -12.634632 -17.659052 0.000000 0.000000 0.000000 -0.997023 0.077111
139.161000000 -12.728566 -17.690805 0.000000 0.000000 0.000000 -0.997406 0.071983
139.194000000 -12.760519 -17.695413 0.000000 0.000000 0.000000 -0.997535 0.070168
139.227000000 -12.792490 -17.699887 0.000000 0.000000 0.000000 -0.997664 0.068317
139.260000000 -12.824014 -17.723476 0.000000 0.000000 0.000000 -0.997793 0.066395
139.293000000 -12.856358 -17.727770 0.000000 0.000000 0.000000 -0.997920 0.064471
139.326000000 -12.888722 -17.731920 0.000000 0.000000 0.000000 -0.998044 0.062509
139.359000000 -12.921104 -17.735923 0.000000 0.000000 0.000000 -0.998168 0.060510
139.392000000 -12.919559 -17.757228 0.000000 0.000000 0.000000 -0.998168 0.060506
139.425000000 -12.952048 -17.761150 0.000000 0.000000 0.000000 -0.998292 0.058427
139.458000000 -13.014987 -17.790193 0.000000 0.000000 0.000000 -0.998522 0.054341
139.491000000 -13.047432 -17.793702 0.000000 0.000000 0.000000 -0.998638 0.052181
139.524000000 -13.079894 -17.797048 0.000000 0.000000 0.000000 -0.998750 0.049979
139.557000000 -13.109937 -17.822720 0.000000 0.000000 0.000000 -0.998854 0.047869
139.590000000 -13.142209 -17.825785 0.000000 0.000000 0.000000 -0.998961 0.045581
139.623000000 -13.174497 -17.828680 0.000000 0.000000 0.000000 -0.999064 0.043248
139.656000000 -13.204186 -17.854267 0.000000 0.000000 0.000000 -0.999151 0.041188
139.689000000 -13.236176 -17.856872 0.000000 0.000000 0.000000 -0.999248 0.038765
139.722000000 -13.287944 -17.885601 0.000000 0.000000 0.000000 -0.999384 0.035086
139.755000000 -13.319858 -17.887815 0.000000 0.000000 0.000000 -0.999470 0.032568
139.788000000 -13.351785 -17.889842 0.000000 0.000000 0.000000 -0.999550 0.030001
139.821000000 -13.383724 -17.891680 0.000000 0.000000 0.000000 -0.999625 0.027385
139.854000000 -13.392558 -17.919353 0.000000 0.000000 0.000000 -0.999644 0.026691
139.887000000 -13.424309 -17.921009 0.000000 0.000000 0.000000 -0.999713 0.023974
139.920000000 -13.456071 -17.922465 0.000000 0.000000 0.000000 -0.999775 0.021204
139.953000000 -13.487843 -17.923717 0.000000 0.000000 0.000000 -0.999831 0.018382
139.986000000 -13.485729 -17.951089 0.000000 0.000000 0.000000 -0.999828 0.018543
140.019000000 -13.517141 -17.952211 0.000000 0.000000 0.000000 -0.999878 0.015613
140.052000000 -13.548560 -17.953119 0.000000 0.000000 0.000000 -0.999920 0.012626
140.085000000 -13.577778 -17.980826 0.000000 0.000000 0.000000 -0.999953 0.009737
140.118000000 -13.655522 -18.009842 0.000000 0.000000 0.000000 -0.999998 0.002024
140.184000000 -13.716715 -18.009993 0.000000 0.000000 0.000000 0.999991 0.004295
140.217000000 -13.747311 -18.009633 0.000000 0.000000 0.000000 0.999971 0.007574
140.250000000 -13.761626 -18.041621 0.000000 0.000000 0.000000 0.999959 0.009035
140.283000000 -13.792149 -18.041020 0.000000 0.000000 0.000000 0.999923 0.012438
140.316000000 -13.822668 -18.040176 0.000000 0.000000 0.000000 0.999874 0.015905
140.349000000 -13.852704 -18.072789 0.000000 0.000000 0.000000 0.999819 0.019025
140.382000000 -13.882768 -18.071591 0.000000 0.000000 0.000000 0.999744 0.022622
140.415000000 -13.926467 -18.105154 0.000000 0.000000 0.000000 0.999623 0.027472
140.448000000 -13.955926 -18.103499 0.000000 0.000000 0.000000 0.999519 0.031003
140.481000000 -13.985372 -18.101598 0.000000 0.000000 0.000000 0.999394 0.034802
140.514000000 -14.014802 -18.099436 0.000000 0.000000 0.000000 0.999252 0.038670
140.547000000 -14.044214 -18.097008 0.000000 0.000000 0.000000 0.999092 0.042610
140.580000000 -14.030959 -18.134283 0.000000 0.000000 0.000000 0.999169 0.040751
140.613000000 -14.102067 -18.166953 0.000000 0.000000 0.000000 0.998739 0.050201
140.646000000 -14.130357 -18.164066 0.000000 0.000000 0.000000 0.998531 0.054188
140.679000000 -14.158622 -18.160912 0.000000 0.000000 0.000000 0.998292 0.058420
140.712000000 -14.186858 -18.157477 0.000000 0.000000 0.000000 0.998031 0.062727
140.745000000 -14.215061 -18.153757 0.000000 0.000000 0.000000 0.997746 0.067111
140.778000000 -14.207286 -18.193848 0.000000 0.000000 0.000000 0.997848 0.065576
140.811000000 -14.235159 -18.190104 0.000000 0.000000 0.000000 0.997539 0.070118
140.844000000 -14.295028 -18.222793 0.000000 0.000000 0.000000 0.996885 0.078866
140.877000000 -14.322389 -18.218369 0.000000 0.000000 0.000000 0.996502 0.083566
140.910000000 -14.349705 -18.213643 0.000000 0.000000 0.000000 0.996090 0.088348
140.943000000 -14.382961 -18.252603 0.000000 0.000000 0.000000 0.995680 0.092849
140.976000000 -14.409844 -18.247475 0.000000 0.000000 0.000000 0.995206 0.097797
141.009000000 -14.436670 -18.242033 0.000000 0.000000 0.000000 0.994699 0.102828
141.042000000 -14.463435 -18.236273 0.000000 0.000000 0.000000 0.994157 0.107944
141.075000000 -14.469392 -18.281134 0.000000 0.000000 0.000000 0.994149 0.108017
141.108000000 -14.495426 -18.275335 0.000000 0.000000 0.000000 0.993560 0.113308
141.141000000 -14.555511 -18.307495 0.000000 0.000000 0.000000 0.992309 0.123787
141.174000000 -14.580896 -18.300985 0.000000 0.000000 0.000000 0.991612 0.129250
141.207000000 -14.606202 -18.294146 0.000000 0.000000 0.000000 0.990873 0.134802
141.240000000 -14.640418 -18.331462 0.000000 0.000000 0.000000 0.990131 0.140147
141.273000000 -14.664985 -18.324287 0.000000 0.000000 0.000000 0.989303 0.145874
141.306000000 -14.689459 -18.316781 0.000000 0.000000 0.000000 0.988429 0.151685
141.339000000 -14.725133 -18.352841 0.000000 0.000000 0.000000 0.987552 0.157291
141.372000000 -14.749070 -18.344944 0.000000 0.000000 0.000000 0.986583 0.163263
141.405000000 -14.772903 -18.336712 0.000000 0.000000 0.000000 0.985562 0.169313
141.438000000 -14.811484 -18.376532 0.000000 0.000000 0.000000 0.984511 0.175322
141.471000000 -14.834878 -18.367858 0.000000 0.000000 0.000000 0.983387 0.181519
141.504000000 -14.858153 -18.358847 0.000000 0.000000 0.000000 0.982210 0.187786
141.537000000 -14.896485 -18.399997 0.000000 0.000000 0.000000 0.980940 0.194310
141.570000000 -14.918784 -18.390737 0.000000 0.000000 0.000000 0.979651 0.200709
141.603000000 -14.940953 -18.381148 0.000000 0.000000 0.000000 0.978305 0.207170
141.636000000 -14.962984 -18.371230 0.000000 0.000000 0.000000 0.976902 0.213690
141.669000000 -14.984815 -18.423165 0.000000 0.000000 0.000000 0.976864 0.213860
141.702000000 -15.050143 -18.455586 0.000000 0.000000 0.000000 0.973765 0.227556
141.735000000 -15.070677 -18.445414 0.000000 0.000000 0.000000 0.972216 0.234086
141.768000000 -15.091064 -18.434935 0.000000 0.000000 0.000000 0.970571 0.240814
141.801000000 -15.111297 -18.424142 0.000000 0.000000 0.000000 0.968866 0.247588
141.834000000 -15.131369 -18.413038 0.000000 0.000000 0.000000 0.967098 0.254403
141.867000000 -15.153111 -18.465666 0.000000 0.000000 0.000000 0.967107 0.254369
141.933000000 -15.191504 -18.443478 0.000000 0.000000 0.000000 0.963360 0.268213
141.966000000 -15.235651 -18.483441 0.000000 0.000000 0.000000 0.961325 0.275417
141.999000000 -15.253761 -18.472094 0.000000 0.000000 0.000000 0.959292 0.282416
142.032000000 -15.317624 -18.500886 0.000000 0.000000 0.000000 0.955014 0.296560
142.065000000 -15.334617 -18.489167 0.000000 0.000000 0.000000 0.952803 0.303590
142.098000000 -15.351430 -18.477179 0.000000 0.000000 0.000000 0.950528 0.310640
142.131000000 -15.368057 -18.464923 0.000000 0.000000 0.000000 0.948189 0.317707
142.164000000 -15.404325 -18.522232 0.000000 0.000000 0.000000 0.947906 0.318552
142.197000000 -15.420206 -18.510167 0.000000 0.000000 0.000000 0.945487 0.325660
142.230000000 -15.435899 -18.497849 0.000000 0.000000 0.000000 0.943006 0.332777
142.263000000 -15.451401 -18.485281 0.000000 0.000000 0.000000 0.940461 0.339901
142.329000000 -15.503775 -18.533372 0.000000 0.000000 0.000000 0.937666 0.347537
142.362000000 -15.517872 -18.521218 0.000000 0.000000 0.000000 0.934986 0.354685
142.395000000 -15.577485 -18.569282 0.000000 0.000000 0.000000 0.932125 0.362137
142.428000000 -15.590662 -18.557204 0.000000 0.000000 0.000000 0.929320 0.369277
142.461000000 -15.669351 -18.594549 0.000000 0.000000 0.000000 0.923362 0.383930
142.494000000 -15.681567 -18.582251 0.000000 0.000000 0.000000 0.920378 0.391029
142.527000000 -15.693590 -18.569758 0.000000 0.000000 0.000000 0.917335 0.398116
142.560000000 -15.761594 -18.621392 0.000000 0.000000 0.000000 0.914061 0.405577
142.593000000 -15.772358 -18.609487 0.000000 0.000000 0.000000 0.910897 0.412634
142.626000000 -15.782936 -18.597412 0.000000 0.000000 0.000000 0.907676 0.419673
142.659000000 -15.854351 -18.649873 0.000000 0.000000 0.000000 0.904248 0.427007
142.692000000 -15.863580 -18.638649 0.000000 0.000000 0.000000 0.900911 0.434005
142.725000000 -15.872631 -18.627281 0.000000 0.000000 0.000000 0.897517 0.440980
142.758000000 -15.881504 -18.615774 0.000000 0.000000 0.000000 0.894068 0.447931
142.791000000 -15.953065 -18.684802 0.000000 0.000000 0.000000 0.893841 0.448385
142.824000000 -15.960751 -18.674495 0.000000 0.000000 0.000000 0.890332 0.455311
142.857000000 -16.053709 -18.720421 0.000000 0.000000 0.000000 0.882875 0.469608
142.890000000 -16.060100 -18.710937 0.000000 0.000000 0.000000 0.879200 0.476453
142.923000000 -16.066341 -18.701354 0.000000 0.000000 0.000000 0.875470 0.483272
142.956000000 -16.153571 -18.756835 0.000000 0.000000 0.000000 0.871471 0.490447
142.989000000 -16.158551 -18.748628 0.000000 0.000000 0.000000 0.867631 0.497209
143.022000000 -16.163401 -18.740345 0.000000 0.000000 0.000000 0.863737 0.503943
143.055000000 -16.254788 -18.796935 0.000000 0.000000 0.000000 0.859593 0.510979
143.088000000 -16.258288 -18.790495 0.000000 0.000000 0.000000 0.855590 0.517655
143.121000000 -16.261686 -18.784002 0.000000 0.000000 0.000000 0.851533 0.524302
143.154000000 -16.264981 -18.777456 0.000000 0.000000 0.000000 0.847423 0.530919
143.187000000 -16.357324 -18.836719 0.000000 0.000000 0.000000 0.847216 0.531248
143.220000000 -16.359818 -18.831560 0.000000 0.000000 0.000000 0.843049 0.537836
143.253000000 -16.460007 -18.876024 0.000000 0.000000 0.000000 0.834433 0.551110
143.286000000 -16.461641 -18.872189 0.000000 0.000000 0.000000 0.830108 0.557603
143.319000000 -16.463214 -18.868329 0.000000 0.000000 0.000000 0.825731 0.564064
143.352000000 -16.464724 -18.864444 0.000000 0.000000 0.000000 0.821302 0.570493
143.385000000 -16.560584 -18.918722 0.000000 0.000000 0.000000 0.821170 0.570684
143.418000000 -16.561110 -18.917302 0.000000 0.000000 0.000000 0.816686 0.577082
143.451000000 -16.659327 -18.956769 0.000000 0.000000 0.000000 0.807578 0.589761
143.484000000 -16.659472 -18.956308 0.000000 0.000000 0.000000 0.802941 0.596058
143.517000000 -16.659608 -18.955844 0.000000 0.000000 0.000000 0.798254 0.602321
143.550000000 -16.659735 -18.955377 0.000000 0.000000 0.000000 0.793516 0.608549
143.583000000 -16.757765 -19.015786 0.000000 0.000000 0.000000 0.793462 0.608620
143.616000000 -16.756218 -19.021541 0.000000 0.000000 0.000000 0.788671 0.614816
143.649000000 -16.857647 -19.086888 0.000000 0.000000 0.000000 0.778942 0.627096
143.682000000 -16.855157 -19.098267 0.000000 0.000000 0.000000 0.774002 0.633183
143.715000000 -16.852844 -19.109682 0.000000 0.000000 0.000000 0.769013 0.639233
143.748000000 -16.950978 -19.153330 0.000000 0.000000 0.000000 0.764111 0.645085
143.781000000 -16.948687 -19.166778 0.000000 0.000000 0.000000 0.759024 0.651062
143.814000000 -16.946606 -19.180259 0.000000 0.000000 0.000000 0.753889 0.657001
143.847000000 -17.039536 -19.209726 0.000000 0.000000 0.000000 0.748924 0.662656
143.880000000 -17.037936 -19.222745 0.000000 0.000000 0.000000 0.743695 0.668520
143.913000000 -17.036539 -19.235786 0.000000 0.000000 0.000000 0.738417 0.674344
143.946000000 -17.126409 -19.262983 0.000000 0.000000 0.000000 0.733383 0.679816
143.979000000 -17.125394 -19.276330 0.000000 0.000000 0.000000 0.728012 0.685564
144.012000000 -17.124586 -19.289689 0.000000 0.000000 0.000000 0.722595 0.691271
144.045000000 -17.212496 -19.309437 0.000000 0.000000 0.000000 0.717441 0.696619
144.078000000 -17.212115 -19.322281 0.000000 0.000000 0.000000 0.711933 0.702247
144.111000000 -17.211934 -19.335128 0.000000 0.000000 0.000000 0.706379 0.707833
144.144000000 -17.299219 -19.350784 0.000000 0.000000 0.000000 0.701107 0.713056
144.177000000 -17.299428 -19.363248 0.000000 0.000000 0.000000 0.695464 0.718560
144.210000000 -17.299831 -19.375707 0.000000 0.000000 0.000000 0.689777 0.724022
144.243000000 -17.382978 -19.384878 0.000000 0.000000 0.000000 0.684541 0.728975
144.276000000 -17.383703 -19.396433 0.000000 0.000000 0.000000 0.678768 0.734353
144.309000000 -17.384608 -19.407974 0.000000 0.000000 0.000000 0.672951 0.739687
144.342000000 -17.468700 -19.416813 0.000000 0.000000 0.000000 0.667519 0.744593
144.375000000 -17.469981 -19.428534 0.000000 0.000000 0.000000 0.661618 0.749841
144.408000000 -17.471445 -19.440231 0.000000 0.000000 0.000000 0.655674 0.755044
144.441000000 -17.555167 -19.446849 0.000000 0.000000 0.000000 0.650174 0.759785
144.474000000 -17.557072 -19.459046 0.000000 0.000000 0.000000 0.644148 0.764901
144.507000000 -17.559169 -19.471210 0.000000 0.000000 0.000000 0.638080 0.769970
144.540000000 -17.643762 -19.478241 0.000000 0.000000 0.000000 0.632441 0.774609
144.573000000 -17.646526 -19.491796 0.000000 0.000000 0.000000 0.626292 0.779588
144.606000000 -17.649502 -19.505305 0.000000 0.000000 0.000000 0.620101 0.784522
144.639000000 -17.652687 -19.518766 0.000000 0.000000 0.000000 0.613865 0.789411
144.672000000 -17.733014 -19.504904 0.000000 0.000000 0.000000 0.614348 0.789035
144.705000000 -17.736445 -19.518504 0.000000 0.000000 0.000000 0.608065 0.793888
144.738000000 -17.822942 -19.530499 0.000000 0.000000 0.000000 0.595792 0.803139
144.771000000 -17.827223 -19.544660 0.000000 0.000000 0.000000 0.589378 0.807857
144.804000000 -17.831723 -19.558756 0.000000 0.000000 0.000000 0.582916 0.812532
144.837000000 -17.916265 -19.559045 0.000000 0.000000 0.000000 0.576777 0.816901
144.870000000 -17.921891 -19.574931 0.000000 0.000000 0.000000 0.570216 0.821495
144.903000000 -17.927762 -19.590732 0.000000 0.000000 0.000000 0.563601 0.826047
144.936000000 -18.014389 -19.594701 0.000000 0.000000 0.000000 0.557110 0.830439
144.969000000 -18.022091 -19.613544 0.000000 0.000000 0.000000 0.550385 0.834911
145.002000000 -18.030083 -19.632270 0.000000 0.000000 0.000000 0.543601 0.839344
145.035000000 -18.110047 -19.623206 0.000000 0.000000 0.000000 0.537065 0.843541
145.068000000 -18.118610 -19.641605 0.000000 0.000000 0.000000 0.530159 0.847898
145.101000000 -18.127457 -19.659875 0.000000 0.000000 0.000000 0.523188 0.852217
145.134000000 -18.136586 -19.678012 0.000000 0.000000 0.000000 0.516148 0.856499
145.167000000 -18.145995 -19.696011 0.000000 0.000000 0.000000 0.509038 0.860744
145.233000000 -18.214713 -19.669227 0.000000 0.000000 0.000000 0.509146 0.860680
145.266000000 -18.224720 -19.687580 0.000000 0.000000 0.000000 0.501877 0.864939
145.299000000 -18.303550 -19.680024 0.000000 0.000000 0.000000 0.494770 0.869024
145.332000000 -18.315113 -19.699599 0.000000 0.000000 0.000000 0.487329 0.873218
145.365000000 -18.326980 -19.718995 0.000000 0.000000 0.000000 0.479798 0.877379
145.398000000 -18.407832 -19.716606 0.000000 0.000000 0.000000 0.472272 0.881453
145.431000000 -18.422397 -19.738577 0.000000 0.000000 0.000000 0.464572 0.885535
145.464000000 -18.509528 -19.752939 0.000000 0.000000 0.000000 0.448830 0.893617
145.497000000 -18.526073 -19.775216 0.000000 0.000000 0.000000 0.440956 0.897529
145.530000000 -18.542995 -19.797208 0.000000 0.000000 0.000000 0.433024 0.901382
145.563000000 -18.615140 -19.789115 0.000000 0.000000 0.000000 0.424631 0.905367
145.596000000 -18.633969 -19.811773 0.000000 0.000000 0.000000 0.416606 0.909087
145.629000000 -18.653194 -19.834094 0.000000 0.000000 0.000000 0.408548 0.912737
145.662000000 -18.672813 -19.856068 0.000000 0.000000 0.000000 0.400465 0.916312
145.695000000 -18.722490 -19.827931 0.000000 0.000000 0.000000 0.400003 0.916514
145.728000000 -18.743919 -19.851011 0.000000 0.000000 0.000000 0.391922 0.919998
145.761000000 -18.830183 -19.867670 0.000000 0.000000 0.000000 0.375047 0.927006
145.794000000 -18.853913 -19.890587 0.000000 0.000000 0.000000 0.366941 0.930244
145.827000000 -18.878056 -19.913069 0.000000 0.000000 0.000000 0.358850 0.933395
145.860000000 -18.942029 -19.910599 0.000000 0.000000 0.000000 0.350066 0.936725
145.893000000 -18.968736 -19.933737 0.000000 0.000000 0.000000 0.342028 0.939690
145.926000000 -18.995860 -19.956388 0.000000 0.000000 0.000000 0.334029 0.942563
145.959000000 -19.053413 -19.952244 0.000000 0.000000 0.000000 0.325323 0.945603
145.992000000 -19.082018 -19.974488 0.000000 0.000000 0.000000 0.317423 0.948284
146.025000000 -19.111022 -19.996216 0.000000 0.000000 0.000000 0.309583 0.950872
146.058000000 -19.169171 -19.995118 0.000000 0.000000 0.000000 0.301032 0.953614
146.091000000 -19.200354 -20.016889 0.000000 0.000000 0.000000 0.293333 0.956010
146.124000000 -19.231920 -20.038111 0.000000 0.000000 0.000000 0.285714 0.958315
146.157000000 -19.263857 -20.058784 0.000000 0.000000 0.000000 0.278179 0.960529
146.190000000 -19.282782 -20.030991 0.000000 0.000000 0.000000 0.277684 0.960672
146.223000000 -19.314538 -20.050922 0.000000 0.000000 0.000000 0.270335 0.962766
146.256000000 -19.395786 -20.063686 0.000000 0.000000 0.000000 0.255021 0.966935
146.289000000 -19.428216 -20.081972 0.000000 0.000000 0.000000 0.247832 0.968803
146.322000000 -19.460948 -20.099728 0.000000 0.000000 0.000000 0.240733 0.970591
146.355000000 -19.493972 -20.116955 0.000000 0.000000 0.000000 0.233726 0.972303
146.388000000 -19.508002 -20.093969 0.000000 0.000000 0.000000 0.233233 0.972421
146.421000000 -19.541077 -20.110706 0.000000 0.000000 0.000000 0.226422 0.974029
146.454000000 -19.622429 -20.121268 0.000000 0.000000 0.000000 0.212220 0.977222
146.487000000 -19.656575 -20.136737 0.000000 0.000000 0.000000 0.205587 0.978639
146.520000000 -19.690960 -20.151693 0.000000 0.000000 0.000000 0.199051 0.979989
146.553000000 -19.734928 -20.143771 0.000000 0.000000 0.000000 0.192590 0.981279
146.586000000 -19.769159 -20.157653 0.000000 0.000000 0.000000 0.186249 0.982503
146.619000000 -19.803598 -20.171040 0.000000 0.000000 0.000000 0.180006 0.983665
146.652000000 -19.838234 -20.183939 0.000000 0.000000 0.000000 0.173863 0.984770
146.685000000 -19.842344 -20.161253 0.000000 0.000000 0.000000 0.173880 0.984767
146.718000000 -19.875645 -20.173299 0.000000 0.000000 0.000000 0.167943 0.985797
146.751000000 -19.948192 -20.173645 0.000000 0.000000 0.000000 0.156279 0.987713
146.784000000 -19.980989 -20.184199 0.000000 0.000000 0.000000 0.150538 0.988604
146.817000000 -20.013933 -20.194318 0.000000 0.000000 0.000000 0.144897 0.989447
146.850000000 -20.047019 -20.204010 0.000000 0.000000 0.000000 0.139359 0.990242
146.883000000 -20.049328 -20.179513 0.000000 0.000000 0.000000 0.139827 0.990176
146.949000000 -20.161553 -20.187628 0.000000 0.000000 0.000000 0.121277 0.992619
146.982000000 -20.192260 -20.195128 0.000000 0.000000 0.000000 0.116148 0.993232
147.015000000 -20.223068 -20.202256 0.000000 0.000000 0.000000 0.111123 0.993807
147.048000000 -20.253971 -20.209019 0.000000 0.000000 0.000000 0.106202 0.994345
147.081000000 -20.241636 -20.183872 0.000000 0.000000 0.000000 0.109133 0.994027
147.114000000 -20.271552 -20.190432 0.000000 0.000000 0.000000 0.104425 0.994533
147.147000000 -20.301552 -20.196655 0.000000 0.000000 0.000000 0.099820 0.995005
147.180000000 -20.342281 -20.183376 0.000000 0.000000 0.000000 0.095341 0.995445
147.213000000 -20.373627 -20.189348 0.000000 0.000000 0.000000 0.090945 0.995856
147.246000000 -20.436459 -20.177142 0.000000 0.000000 0.000000 0.082395 0.996600
147.279000000 -20.466584 -20.182070 0.000000 0.000000 0.000000 0.078209 0.996937
147.312000000 -20.496771 -20.186690 0.000000 0.000000 0.000000 0.074127 0.997249
147.345000000 -20.527015 -20.191007 0.000000 0.000000 0.000000 0.070152 0.997536
147.378000000 -20.528431 -20.170319 0.000000 0.000000 0.000000 0.070548 0.997508
147.411000000 -20.557920 -20.174423 0.000000 0.000000 0.000000 0.066786 0.997767
147.444000000 -20.623855 -20.168131 0.000000 0.000000 0.000000 0.059617 0.998221
147.477000000 -20.654382 -20.171703 0.000000 0.000000 0.000000 0.056067 0.998427
147.510000000 -20.684952 -20.175001 0.000000 0.000000 0.000000 0.052624 0.998614
147.543000000 -20.723136 -20.164282 0.000000 0.000000 0.000000 0.049694 0.998764
147.576000000 -20.754942 -20.167367 0.000000 0.000000 0.000000 0.046467 0.998920
147.609000000 -20.786785 -20.170190 0.000000 0.000000 0.000000 0.043347 0.999060
147.642000000 -20.818662 -20.172756 0.000000 0.000000 0.000000 0.040335 0.999186
147.675000000 -20.820300 -20.157848 0.000000 0.000000 0.000000 0.040753 0.999169
147.708000000 -20.851947 -20.160345 0.000000 0.000000 0.000000 0.037960 0.999279
147.741000000 -20.913548 -20.148730 0.000000 0.000000 0.000000 0.032393 0.999475
147.774000000 -20.944230 -20.150632 0.000000 0.000000 0.000000 0.029820 0.999555
147.807000000 -20.974936 -20.152317 0.000000 0.000000 0.000000 0.027357 0.999626
147.840000000 -21.005664 -20.153792 0.000000 0.000000 0.000000 0.025005 0.999687
147.873000000 -21.014249 -20.138209 0.000000 0.000000 0.000000 0.025606 0.999672
147.906000000 -21.046592 -20.139776 0.000000 0.000000 0.000000 0.023478 0.999724
147.939000000 -21.108169 -20.126040 0.000000 0.000000 0.000000 0.019361 0.999813
148.005000000 -21.170432 -20.128207 0.000000 0.000000 0.000000 0.015560 0.999879
148.038000000 -21.201590 -20.128962 0.000000 0.000000 0.000000 0.013889 0.999904
148.071000000 -21.199323 -20.112277 0.000000 0.000000 0.000000 0.014234 0.999899
148.104000000 -21.229502 -20.113042 0.000000 0.000000 0.000000 0.012797 0.999918
148.137000000 -21.297193 -20.105337 0.000000 0.000000 0.000000 0.010082 0.999949
148.170000000 -21.328905 -20.105881 0.000000 0.000000 0.000000 0.008882 0.999961
148.203000000 -21.360629 -20.106284 0.000000 0.000000 0.000000 0.007802 0.999970
148.236000000 -21.397201 -20.094724 0.000000 0.000000 0.000000 0.007194 0.999974
148.269000000 -21.429825 -20.095095 0.000000 0.000000 0.000000 0.006359 0.999980
148.302000000 -21.462458 -20.095346 0.000000 0.000000 0.000000 0.005644 0.999984
148.335000000 -21.495099 -20.095488 0.000000 0.000000 0.000000 0.005046 0.999987
148.368000000 -21.492668 -20.084028 0.000000 0.000000 0.000000 0.005063 0.999987
148.401000000 -21.557804 -20.073356 0.000000 0.000000 0.000000 0.004116 0.999992
148.434000000 -21.589415 -20.073589 0.000000 0.000000 0.000000 0.003619 0.999993
148.467000000 -21.621031 -20.073739 0.000000 0.000000 0.000000 0.003431 0.999994
148.533000000 -21.684274 -20.073868 0.000000 0.000000 0.000000 0.003319 0.999994
148.566000000 -21.688938 -20.067229 0.000000 0.000000 0.000000 0.003498 0.999994
148.599000000 -21.721702 -20.067397 0.000000 0.000000 0.000000 0.003641 0.999993
148.632000000 -21.754468 -20.067536 0.000000 0.000000 0.000000 0.003855 0.999993
148.698000000 -21.826746 -20.061612 0.000000 0.000000 0.000000 0.004519 0.999990
148.731000000 -21.860648 -20.061836 0.000000 0.000000 0.000000 0.004923 0.999988
148.764000000 -21.893041 -20.056319 0.000000 0.000000 0.000000 0.005018 0.999987
148.797000000 -21.926302 -20.056611 0.000000 0.000000 0.000000 0.005528 0.999985
148.830000000 -21.959563 -20.056911 0.000000 0.000000 0.000000 0.006087 0.999981
148.863000000 -21.993151 -20.050099 0.000000 0.000000 0.000000 0.006323 0.999980
148.896000000 -22.026225 -20.050484 0.000000 0.000000 0.000000 0.006969 0.999976
148.929000000 -22.059300 -20.050891 0.000000 0.000000 0.000000 0.007652 0.999971
148.962000000 -22.093275 -20.043567 0.000000 0.000000 0.000000 0.008029 0.999968
148.995000000 -22.126300 -20.044071 0.000000 0.000000 0.000000 0.008780 0.999961
149.028000000 -22.159325 -20.044610 0.000000 0.000000 0.000000 0.009561 0.999954
149.061000000 -22.192349 -20.045186 0.000000 0.000000 0.000000 0.010368 0.999946
149.094000000 -22.194355 -20.039012 0.000000 0.000000 0.000000 0.010081 0.999949
149.127000000 -22.227605 -20.039666 0.000000 0.000000 0.000000 0.010935 0.999940
149.160000000 -22.295391 -20.035734 0.000000 0.000000 0.000000 0.012312 0.999924
149.193000000 -22.328683 -20.036541 0.000000 0.000000 0.000000 0.013202 0.999913
149.226000000 -22.361972 -20.037399 0.000000 0.000000 0.000000 0.014107 0.999900
149.259000000 -22.396388 -20.029066 0.000000 0.000000 0.000000 0.014757 0.999891
149.325000000 -22.462912 -20.031071 0.000000 0.000000 0.000000 0.016625 0.999862
149.358000000 -22.498201 -20.023659 0.000000 0.000000 0.000000 0.017249 0.999851
149.391000000 -22.531653 -20.024809 0.000000 0.000000 0.000000 0.018200 0.999834
149.424000000 -22.565102 -20.026022 0.000000 0.000000 0.000000 0.019155 0.999817
149.457000000 -22.598549 -20.027297 0.000000 0.000000 0.000000 0.020112 0.999798
149.490000000 -22.599812 -20.018796 0.000000 0.000000 0.000000 0.019860 0.999803
149.523000000 -22.633250 -20.020126 0.000000 0.000000 0.000000 0.020818 0.999783
149.556000000 -22.666685 -20.021522 0.000000 0.000000 0.000000 0.021774 0.999763
149.589000000 -22.702066 -20.015569 0.000000 0.000000 0.000000 0.022458 0.999748
149.622000000 -22.735659 -20.017083 0.000000 0.000000 0.000000 0.023407 0.999726
149.655000000 -22.803875 -20.009766 0.000000 0.000000 0.000000 0.025090 0.999685
149.688000000 -22.837351 -20.011453 0.000000 0.000000 0.000000 0.026027 0.999661
149.721000000 -22.870823 -20.013207 0.000000 0.000000 0.000000 0.026957 0.999637
149.754000000 -22.906109 -20.006407 0.000000 0.000000 0.000000 0.027640 0.999618
149.787000000 -22.939670 -20.008273 0.000000 0.000000 0.000000 0.028553 0.999592
149.820000000 -22.973227 -20.010205 0.000000 0.000000 0.000000 0.029455 0.999566
149.853000000 -23.006780 -20.012204 0.000000 0.000000 0.000000 0.030347 0.999539
149.886000000 -23.007998 -19.999529 0.000000 0.000000 0.000000 0.030053 0.999548
149.952000000 -23.074862 -20.003581 0.000000 0.000000 0.000000 0.031791 0.999495
149.985000000 -23.109591 -19.992521 0.000000 0.000000 0.000000 0.032426 0.999474
150.018000000 -23.142893 -19.994696 0.000000 0.000000 0.000000 0.033256 0.999447
150.051000000 -23.211039 -19.986290 0.000000 0.000000 0.000000 0.034670 0.999399
150.084000000 -23.244262 -19.988610 0.000000 0.000000 0.000000 0.035472 0.999371
150.117000000 -23.277480 -19.990991 0.000000 0.000000 0.000000 0.036260 0.999342
150.150000000 -23.312722 -19.981907 0.000000 0.000000 0.000000 0.036759 0.999324
150.183000000 -23.345992 -19.984371 0.000000 0.000000 0.000000 0.037517 0.999296
150.216000000 -23.379258 -19.986894 0.000000 0.000000 0.000000 0.038259 0.999268
150.249000000 -23.413442 -19.974128 0.000000 0.000000 0.000000 0.038783 0.999248
150.282000000 -23.446406 -19.976705 0.000000 0.000000 0.000000 0.039494 0.999220
150.315000000 -23.479365 -19.979337 0.000000 0.000000 0.000000 0.040189 0.999192
150.348000000 -23.514769 -19.967014 0.000000 0.000000 0.000000 0.040596 0.999176
150.381000000 -23.547796 -19.969716 0.000000 0.000000 0.000000 0.041259 0.999148
150.414000000 -23.580819 -19.972471 0.000000 0.000000 0.000000 0.041905 0.999122
150.447000000 -23.613838 -19.975278 0.000000 0.000000 0.000000 0.042536 0.999095
150.480000000 -23.615855 -19.959530 0.000000 0.000000 0.000000 0.042281 0.999106
150.513000000 -23.648811 -19.962338 0.000000 0.000000 0.000000 0.042880 0.999080
150.546000000 -23.681762 -19.965195 0.000000 0.000000 0.000000 0.043462 0.999055
150.579000000 -23.717441 -19.954137 0.000000 0.000000 0.000000 0.043780 0.999041
150.612000000 -23.750526 -19.957056 0.000000 0.000000 0.000000 0.044331 0.999017
150.645000000 -23.783606 -19.960020 0.000000 0.000000 0.000000 0.044865 0.998993
150.678000000 -23.817489 -19.946405 0.000000 0.000000 0.000000 0.045247 0.998976
150.711000000 -23.850160 -19.949384 0.000000 0.000000 0.000000 0.045750 0.998953
150.744000000 -23.918467 -19.939090 0.000000 0.000000 0.000000 0.046519 0.998917
150.777000000 -23.951255 -19.942164 0.000000 0.000000 0.000000 0.046991 0.998895
150.810000000 -23.984039 -19.945277 0.000000 0.000000 0.000000 0.047448 0.998874
150.843000000 -24.019325 -19.930929 0.000000 0.000000 0.000000 0.047656 0.998864
150.876000000 -24.052078 -19.934074 0.000000 0.000000 0.000000 0.048084 0.998843
150.909000000 -24.084827 -19.937256 0.000000 0.000000 0.000000 0.048497 0.998823
150.942000000 -24.117572 -19.940473 0.000000 0.000000 0.000000 0.048895 0.998804
150.975000000 -24.119937 -19.923178 0.000000 0.000000 0.000000 0.048620 0.998817
151.008000000 -24.152615 -19.926379 0.000000 0.000000 0.000000 0.048991 0.998799
151.041000000 -24.220702 -19.913747 0.000000 0.000000 0.000000 0.049520 0.998773
151.074000000 -24.253346 -19.917004 0.000000 0.000000 0.000000 0.049864 0.998756
151.107000000 -24.285988 -19.920291 0.000000 0.000000 0.000000 0.050194 0.998739
151.140000000 -24.321690 -19.905337 0.000000 0.000000 0.000000 0.050248 0.998737
151.173000000 -24.354393 -19.908647 0.000000 0.000000 0.000000 0.050553 0.998721
151.206000000 -24.387094 -19.911984 0.000000 0.000000 0.000000 0.050845 0.998707
151.239000000 -24.423706 -19.898090 0.000000 0.000000 0.000000 0.050854 0.998706
151.272000000 -24.456696 -19.901469 0.000000 0.000000 0.000000 0.051123 0.998692
151.305000000 -24.489683 -19.904872 0.000000 0.000000 0.000000 0.051380 0.998679
151.338000000 -24.525030 -19.890045 0.000000 0.000000 0.000000 0.051450 0.998676
151.371000000 -24.557892 -19.893450 0.000000 0.000000 0.000000 0.051685 0.998663
151.404000000 -24.590752 -19.896877 0.000000 0.000000 0.000000 0.051909 0.998652
151.437000000 -24.623609 -19.900324 0.000000 0.000000 0.000000 0.052122 0.998641
151.470000000 -24.627137 -19.880555 0.000000 0.000000 0.000000 0.051959 0.998649
151.503000000 -24.660116 -19.884005 0.000000 0.000000 0.000000 0.052152 0.998639
151.536000000 -24.729601 -19.871402 0.000000 0.000000 0.000000 0.052427 0.998625
151.569000000 -24.762696 -19.874895 0.000000 0.000000 0.000000 0.052601 0.998616
151.602000000 -24.795790 -19.878405 0.000000 0.000000 0.000000 0.052766 0.998607
151.635000000 -24.828881 -19.881931 0.000000 0.000000 0.000000 0.052923 0.998599
151.668000000 -24.832387 -19.863964 0.000000 0.000000 0.000000 0.052890 0.998600
151.701000000 -24.902855 -19.853395 0.000000 0.000000 0.000000 0.053128 0.998588
151.734000000 -24.936121 -19.856947 0.000000 0.000000 0.000000 0.053259 0.998581
151.767000000 -24.969385 -19.860513 0.000000 0.000000 0.000000 0.053382 0.998574
151.833000000 -25.035908 -19.867682 0.000000 0.000000 0.000000 0.053607 0.998562
151.866000000 -25.038178 -19.849481 0.000000 0.000000 0.000000 0.053660 0.998559
151.899000000 -25.071519 -19.853081 0.000000 0.000000 0.000000 0.053755 0.998554
151.932000000 -25.104858 -19.856692 0.000000 0.000000 0.000000 0.053843 0.998549
151.965000000 -25.138197 -19.860312 0.000000 0.000000 0.000000 0.053925 0.998545
151.998000000 -25.140976 -19.841091 0.000000 0.000000 0.000000 0.053979 0.998542
152.031000000 -25.174239 -19.844703 0.000000 0.000000 0.000000 0.054049 0.998538
152.064000000 -25.243635 -19.832549 0.000000 0.000000 0.000000 0.054316 0.998524
152.097000000 -25.276835 -19.836177 0.000000 0.000000 0.000000 0.054375 0.998521
152.130000000 -25.310033 -19.839812 0.000000 0.000000 0.000000 0.054428 0.998518
152.163000000 -25.343231 -19.843453 0.000000 0.000000 0.000000 0.054476 0.998515
152.196000000 -25.346433 -19.825409 0.000000 0.000000 0.000000 0.054596 0.998509
152.229000000 -25.379684 -19.829060 0.000000 0.000000 0.000000 0.054635 0.998506
152.262000000 -25.449098 -19.817674 0.000000 0.000000 0.000000 0.054748 0.998500
152.295000000 -25.482309 -19.821331 0.000000 0.000000 0.000000 0.054779 0.998499
152.328000000 -25.515520 -19.824993 0.000000 0.000000 0.000000 0.054805 0.998497
152.361000000 -25.548730 -19.828659 0.000000 0.000000 0.000000 0.054827 0.998496
152.394000000 -25.551237 -19.809028 0.000000 0.000000 0.000000 0.054719 0.998502
152.427000000 -25.584284 -19.812664 0.000000 0.000000 0.000000 0.054734 0.998501
152.460000000 -25.653724 -19.800595 0.000000 0.000000 0.000000 0.054714 0.998502
152.493000000 -25.686821 -19.804236 0.000000 0.000000 0.000000 0.054723 0.998502
152.526000000 -25.719919 -19.807880 0.000000 0.000000 0.000000 0.054728 0.998501
152.559000000 -25.755687 -19.792339 0.000000 0.000000 0.000000 0.054708 0.998502
152.592000000 -25.788674 -19.795967 0.000000 0.000000 0.000000 0.054708 0.998502
152.625000000 -25.821660 -19.799598 0.000000 0.000000 0.000000 0.054706 0.998503
152.658000000 -25.854646 -19.803230 0.000000 0.000000 0.000000 0.054701 0.998503
152.691000000 -25.887631 -19.806863 0.000000 0.000000 0.000000 0.054693 0.998503
152.724000000 -25.857277 -19.783169 0.000000 0.000000 0.000000 0.054700 0.998503
152.757000000 -25.959985 -19.775040 0.000000 0.000000 0.000000 0.054699 0.998503
152.790000000 -25.993095 -19.778680 0.000000 0.000000 0.000000 0.054686 0.998504
152.823000000 -26.026204 -19.782322 0.000000 0.000000 0.000000 0.054671 0.998504
152.856000000 -26.062672 -19.767236 0.000000 0.000000 0.000000 0.054695 0.998503
152.889000000 -26.095851 -19.770884 0.000000 0.000000 0.000000 0.054677 0.998504
152.922000000 -26.129030 -19.774532 0.000000 0.000000 0.000000 0.054692 0.998503
152.955000000 -26.164455 -19.762191 0.000000 0.000000 0.000000 0.054792 0.998498
152.988000000 -26.197503 -19.765831 0.000000 0.000000 0.000000 0.055035 0.998484
153.021000000 -26.230550 -19.769488 0.000000 0.000000 0.000000 0.055393 0.998465
153.054000000 -26.266280 -19.755020 0.000000 0.000000 0.000000 0.055659 0.998450
153.087000000 -26.299242 -19.758708 0.000000 0.000000 0.000000 0.056255 0.998416
153.120000000 -26.332200 -19.762437 0.000000 0.000000 0.000000 0.056963 0.998376
153.153000000 -26.365153 -19.766214 0.000000 0.000000 0.000000 0.057772 0.998330
153.186000000 -26.365794 -19.744481 0.000000 0.000000 0.000000 0.057643 0.998337
153.219000000 -26.398059 -19.748158 0.000000 0.000000 0.000000 0.058629 0.998280
153.252000000 -26.467811 -19.735798 0.000000 0.000000 0.000000 0.060335 0.998178
153.318000000 -26.533254 -19.743584 0.000000 0.000000 0.000000 0.062605 0.998038
153.351000000 -26.565955 -19.747573 0.000000 0.000000 0.000000 0.063865 0.997959
153.384000000 -26.571029 -19.730339 0.000000 0.000000 0.000000 0.063813 0.997962
153.417000000 -26.604203 -19.734558 0.000000 0.000000 0.000000 0.065178 0.997874
153.450000000 -26.637364 -19.738843 0.000000 0.000000 0.000000 0.066589 0.997780
153.483000000 -26.676011 -19.724738 0.000000 0.000000 0.000000 0.067747 0.997703
153.516000000 -26.709667 -19.729300 0.000000 0.000000 0.000000 0.069235 0.997600
153.549000000 -26.781651 -19.717324 0.000000 0.000000 0.000000 0.071973 0.997407
153.582000000 -26.815461 -19.722205 0.000000 0.000000 0.000000 0.073523 0.997294
153.615000000 -26.849255 -19.727178 0.000000 0.000000 0.000000 0.075098 0.997176
153.648000000 -26.883033 -19.732246 0.000000 0.000000 0.000000 0.076694 0.997055
153.681000000 -26.887006 -19.712910 0.000000 0.000000 0.000000 0.076442 0.997074
153.714000000 -26.920810 -19.718112 0.000000 0.000000 0.000000 0.078071 0.996948
153.747000000 -26.991483 -19.707481 0.000000 0.000000 0.000000 0.081011 0.996713
153.780000000 -27.024956 -19.712951 0.000000 0.000000 0.000000 0.082661 0.996578
153.813000000 -27.058410 -19.718528 0.000000 0.000000 0.000000 0.084318 0.996439
153.846000000 -27.096446 -19.700341 0.000000 0.000000 0.000000 0.085656 0.996325
153.879000000 -27.129800 -19.706118 0.000000 0.000000 0.000000 0.087318 0.996180
153.912000000 -27.163135 -19.712007 0.000000 0.000000 0.000000 0.088979 0.996034
153.945000000 -27.196450 -19.718009 0.000000 0.000000 0.000000 0.090636 0.995884
153.978000000 -27.200228 -19.692809 0.000000 0.000000 0.000000 0.090328 0.995912
154.011000000 -27.282310 -19.682969 0.000000 0.000000 0.000000 0.093862 0.995585
154.044000000 -27.315174 -19.689226 0.000000 0.000000 0.000000 0.095497 0.995430
154.077000000 -27.348018 -19.695598 0.000000 0.000000 0.000000 0.097120 0.995273
154.110000000 -27.380840 -19.702084 0.000000 0.000000 0.000000 0.098731 0.995114
154.143000000 -27.407929 -19.680224 0.000000 0.000000 0.000000 0.099498 0.995038
154.176000000 -27.440537 -19.686824 0.000000 0.000000 0.000000 0.101079 0.994878
154.209000000 -27.473123 -19.693538 0.000000 0.000000 0.000000 0.102642 0.994718
154.242000000 -27.512147 -19.674528 0.000000 0.000000 0.000000 0.103895 0.994588
154.275000000 -27.544768 -19.681435 0.000000 0.000000 0.000000 0.105420 0.994428
154.308000000 -27.577368 -19.688455 0.000000 0.000000 0.000000 0.106925 0.994267
154.341000000 -27.616064 -19.665301 0.000000 0.000000 0.000000 0.108231 0.994126
154.374000000 -27.648340 -19.672432 0.000000 0.000000 0.000000 0.109691 0.993966
154.407000000 -27.680594 -19.679672 0.000000 0.000000 0.000000 0.111128 0.993806
154.440000000 -27.720503 -19.659239 0.000000 0.000000 0.000000 0.112301 0.993674
154.473000000 -27.752869 -19.666671 0.000000 0.000000 0.000000 0.113689 0.993516
154.506000000 -27.785214 -19.674207 0.000000 0.000000 0.000000 0.115051 0.993360
154.539000000 -27.824175 -19.650784 0.000000 0.000000 0.000000 0.116232 0.993222
154.572000000 -27.856153 -19.658395 0.000000 0.000000 0.000000 0.117541 0.993068
154.605000000 -27.888111 -19.666106 0.000000 0.000000 0.000000 0.118825 0.992915
154.638000000 -27.920047 -19.673915 0.000000 0.000000 0.000000 0.120080 0.992764
154.671000000 -27.927718 -19.642593 0.000000 0.000000 0.000000 0.119911 0.992785
154.704000000 -27.959481 -19.650403 0.000000 0.000000 0.000000 0.121113 0.992639
154.737000000 -28.031169 -19.634920 0.000000 0.000000 0.000000 0.123404 0.992357
154.770000000 -28.062787 -19.642931 0.000000 0.000000 0.000000 0.124549 0.992213
154.803000000 -28.094384 -19.651031 0.000000 0.000000 0.000000 0.125666 0.992073
154.836000000 -28.133962 -19.627671 0.000000 0.000000 0.000000 0.126624 0.991951
154.869000000 -28.165321 -19.635833 0.000000 0.000000 0.000000 0.127685 0.991815
154.902000000 -28.196660 -19.644079 0.000000 0.000000 0.000000 0.128718 0.991681
154.935000000 -28.235840 -19.617531 0.000000 0.000000 0.000000 0.129513 0.991578
154.968000000 -28.266663 -19.625747 0.000000 0.000000 0.000000 0.130490 0.991450
155.001000000 -28.297468 -19.634039 0.000000 0.000000 0.000000 0.131440 0.991324
155.034000000 -28.337254 -19.609797 0.000000 0.000000 0.000000 0.132229 0.991219
155.067000000 -28.367899 -19.618145 0.000000 0.000000 0.000000 0.133123 0.991099
155.133000000 -28.429138 -19.635051 0.000000 0.000000 0.000000 0.134832 0.990869
155.166000000 -28.459734 -19.643606 0.000000 0.000000 0.000000 0.135646 0.990757
155.199000000 -28.437792 -19.599913 0.000000 0.000000 0.000000 0.134638 0.990895
155.232000000 -28.467981 -19.608294 0.000000 0.000000 0.000000 0.135400 0.990791
155.265000000 -28.538173 -19.591467 0.000000 0.000000 0.000000 0.136838 0.990593
155.298000000 -28.568234 -19.599955 0.000000 0.000000 0.000000 0.137549 0.990495
155.331000000 -28.598280 -19.608502 0.000000 0.000000 0.000000 0.138235 0.990399
155.364000000 -28.628314 -19.617103 0.000000 0.000000 0.000000 0.138897 0.990307
155.397000000 -28.638238 -19.581095 0.000000 0.000000 0.000000 0.138808 0.990319
155.430000000 -28.668006 -19.589628 0.000000 0.000000 0.000000 0.139422 0.990233
155.463000000 -28.738113 -19.570041 0.000000 0.000000 0.000000 0.140663 0.990058
155.496000000 -28.767661 -19.578631 0.000000 0.000000 0.000000 0.141231 0.989977
155.529000000 -28.797197 -19.587267 0.000000 0.000000 0.000000 0.141776 0.989899
155.562000000 -28.838010 -19.561465 0.000000 0.000000 0.000000 0.142199 0.989838
155.595000000 -28.867618 -19.570171 0.000000 0.000000 0.000000 0.142701 0.989766
155.628000000 -28.897216 -19.578918 0.000000 0.000000 0.000000 0.143182 0.989696
155.661000000 -28.937194 -19.550963 0.000000 0.000000 0.000000 0.143622 0.989633
155.694000000 -28.966479 -19.559665 0.000000 0.000000 0.000000 0.144062 0.989569
155.727000000 -29.031301 -19.541024 0.000000 0.000000 0.000000 0.144717 0.989473
155.760000000 -29.060672 -19.549818 0.000000 0.000000 0.000000 0.145118 0.989414
155.793000000 -29.090035 -19.558647 0.000000 0.000000 0.000000 0.145501 0.989358
155.826000000 -29.119390 -19.567509 0.000000 0.000000 0.000000 0.145865 0.989304
155.859000000 -29.135429 -19.530324 0.000000 0.000000 0.000000 0.145901 0.989299
155.892000000 -29.164365 -19.539064 0.000000 0.000000 0.000000 0.146230 0.989251
155.925000000 -29.193293 -19.547834 0.000000 0.000000 0.000000 0.146543 0.989204
155.958000000 -29.235350 -19.522091 0.000000 0.000000 0.000000 0.146743 0.989175
155.991000000 -29.264682 -19.531003 0.000000 0.000000 0.000000 0.147023 0.989133
156.024000000 -29.294007 -19.539942 0.000000 0.000000 0.000000 0.147288 0.989094
156.057000000 -29.334594 -19.511184 0.000000 0.000000 0.000000 0.147460 0.989068
156.090000000 -29.363660 -19.520061 0.000000 0.000000 0.000000 0.147696 0.989033
156.123000000 -29.392722 -19.528961 0.000000 0.000000 0.000000 0.147917 0.989000
156.156000000 -29.421778 -19.537881 0.000000 0.000000 0.000000 0.148124 0.988969
156.189000000 -29.434771 -19.499807 0.000000 0.000000 0.000000 0.148121 0.988969
156.222000000 -29.463928 -19.508753 0.000000 0.000000 0.000000 0.148302 0.988942
156.255000000 -29.536018 -19.492752 0.000000 0.000000 0.000000 0.148626 0.988893
156.288000000 -29.565721 -19.501898 0.000000 0.000000 0.000000 0.148783 0.988870
156.321000000 -29.595420 -19.511060 0.000000 0.000000 0.000000 0.148929 0.988848
156.354000000 -29.637363 -19.482363 0.000000 0.000000 0.000000 0.149045 0.988830
156.387000000 -29.666976 -19.491508 0.000000 0.000000 0.000000 0.149169 0.988812
156.420000000 -29.696586 -19.500666 0.000000 0.000000 0.000000 0.149283 0.988795
156.453000000 -29.726193 -19.509836 0.000000 0.000000 0.000000 0.149386 0.988779
156.486000000 -29.739520 -19.472376 0.000000 0.000000 0.000000 0.149392 0.988778
156.519000000 -29.769310 -19.481597 0.000000 0.000000 0.000000 0.149477 0.988765
156.552000000 -29.799097 -19.490828 0.000000 0.000000 0.000000 0.149553 0.988754
156.585000000 -29.841741 -19.463997 0.000000 0.000000 0.000000 0.149600 0.988747
156.618000000 -29.871692 -19.473281 0.000000 0.000000 0.000000 0.149660 0.988737
156.651000000 -29.901641 -19.482573 0.000000 0.000000 0.000000 0.149712 0.988730
156.684000000 -29.943611 -19.454612 0.000000 0.000000 0.000000 0.149826 0.988712
156.717000000 -29.973445 -19.463873 0.000000 0.000000 0.000000 0.149864 0.988707
156.750000000 -30.045671 -19.447232 0.000000 0.000000 0.000000 0.150058 0.988677
156.783000000 -30.075651 -19.456554 0.000000 0.000000 0.000000 0.150083 0.988673
156.816000000 -30.105631 -19.465881 0.000000 0.000000 0.000000 0.150101 0.988671
156.849000000 -30.147438 -19.437451 0.000000 0.000000 0.000000 0.150209 0.988654
156.882000000 -30.177214 -19.446719 0.000000 0.000000 0.000000 0.150216 0.988653
156.915000000 -30.206989 -19.455989 0.000000 0.000000 0.000000 0.150218 0.988653
156.948000000 -30.236764 -19.465264 0.000000 0.000000 0.000000 0.150215 0.988653
156.981000000 -30.249024 -19.430724 0.000000 0.000000 0.000000 0.150177 0.988659
157.014000000 -30.278922 -19.440026 0.000000 0.000000 0.000000 0.150164 0.988661
157.047000000 -30.350813 -19.422133 0.000000 0.000000 0.000000 0.150171 0.988660
157.080000000 -30.380655 -19.431417 0.000000 0.000000 0.000000 0.150150 0.988663
157.113000000 -30.410498 -19.440702 0.000000 0.000000 0.000000 0.150126 0.988667
157.146000000 -30.452242 -19.413711 0.000000 0.000000 0.000000 0.150164 0.988661
157.179000000 -30.482001 -19.422968 0.000000 0.000000 0.000000 0.150133 0.988666
157.212000000 -30.534518 -19.401991 0.000000 0.000000 0.000000 0.150452 0.988617
157.245000000 -30.564406 -19.411305 0.000000 0.000000 0.000000 0.150416 0.988623
157.278000000 -30.594295 -19.420619 0.000000 0.000000 0.000000 0.150376 0.988629
157.311000000 -30.624184 -19.429933 0.000000 0.000000 0.000000 0.150334 0.988635
157.344000000 -30.654736 -19.399852 0.000000 0.000000 0.000000 0.150394 0.988626
157.377000000 -30.684472 -19.409116 0.000000 0.000000 0.000000 0.150348 0.988633
157.410000000 -30.714209 -19.418379 0.000000 0.000000 0.000000 0.150300 0.988641
157.443000000 -30.743946 -19.427640 0.000000 0.000000 0.000000 0.150250 0.988648
157.476000000 -30.755797 -19.392062 0.000000 0.000000 0.000000 0.150389 0.988627
157.509000000 -30.785484 -19.401310 0.000000 0.000000 0.000000 0.150336 0.988635
157.542000000 -30.856834 -19.384474 0.000000 0.000000 0.000000 0.150387 0.988627
157.575000000 -30.886518 -19.393720 0.000000 0.000000 0.000000 0.150332 0.988636
157.608000000 -30.916201 -19.402964 0.000000 0.000000 0.000000 0.150276 0.988644
157.641000000 -30.945886 -19.412205 0.000000 0.000000 0.000000 0.150218 0.988653
157.674000000 -30.957963 -19.378758 0.000000 0.000000 0.000000 0.150385 0.988628
157.707000000 -30.987798 -19.388051 0.000000 0.000000 0.000000 0.150326 0.988636
157.740000000 -31.017634 -19.397341 0.000000 0.000000 0.000000 0.150267 0.988645
157.773000000 -31.047470 -19.406628 0.000000 0.000000 0.000000 0.150208 0.988654
157.806000000 -31.058802 -19.371479 0.000000 0.000000 0.000000 0.150384 0.988628
157.839000000 -31.159583 -19.365128 0.000000 0.000000 0.000000 0.150115 0.988668
157.872000000 -31.189303 -19.374367 0.000000 0.000000 0.000000 0.150055 0.988678
157.905000000 -31.219024 -19.383602 0.000000 0.000000 0.000000 0.149995 0.988687
157.938000000 -31.248746 -19.392835 0.000000 0.000000 0.000000 0.149935 0.988696
157.971000000 -31.260437 -19.358624 0.000000 0.000000 0.000000 0.150142 0.988664
158.004000000 -31.290171 -19.367869 0.000000 0.000000 0.000000 0.150082 0.988673
158.037000000 -31.361714 -19.351742 0.000000 0.000000 0.000000 0.150142 0.988664
158.070000000 -31.391520 -19.361010 0.000000 0.000000 0.000000 0.150083 0.988673
158.103000000 -31.421328 -19.370274 0.000000 0.000000 0.000000 0.150025 0.988682
158.136000000 -31.462806 -19.346393 0.000000 0.000000 0.000000 0.149875 0.988705
158.169000000 -31.492701 -19.355670 0.000000 0.000000 0.000000 0.149818 0.988714
158.202000000 -31.522598 -19.364944 0.000000 0.000000 0.000000 0.149761 0.988722
158.235000000 -31.552496 -19.374214 0.000000 0.000000 0.000000 0.149704 0.988731
158.268000000 -31.563985 -19.340455 0.000000 0.000000 0.000000 0.149903 0.988701
158.301000000 -31.593884 -19.349734 0.000000 0.000000 0.000000 0.149848 0.988709
158.334000000 -31.665448 -19.334202 0.000000 0.000000 0.000000 0.149715 0.988729
158.367000000 -31.695393 -19.343484 0.000000 0.000000 0.000000 0.149661 0.988737
158.433000000 -31.755285 -19.362037 0.000000 0.000000 0.000000 0.149557 0.988753
158.466000000 -31.766089 -19.328266 0.000000 0.000000 0.000000 0.149736 0.988726
158.499000000 -31.795884 -19.337502 0.000000 0.000000 0.000000 0.149686 0.988734
158.532000000 -31.825679 -19.346735 0.000000 0.000000 0.000000 0.149636 0.988741
158.565000000 -31.867940 -19.321808 0.000000 0.000000 0.000000 0.149548 0.988754
158.598000000 -31.897938 -19.331095 0.000000 0.000000 0.000000 0.149501 0.988762
158.631000000 -31.927937 -19.340379 0.000000 0.000000 0.000000 0.149454 0.988769
158.664000000 -31.957936 -19.349659 0.000000 0.000000 0.000000 0.149409 0.988776
158.697000000 -31.969314 -19.314758 0.000000 0.000000 0.000000 0.149570 0.988751
158.730000000 -31.999215 -19.324016 0.000000 0.000000 0.000000 0.149526 0.988758
158.763000000 -32.029116 -19.333271 0.000000 0.000000 0.000000 0.149483 0.988764
158.796000000 -32.070698 -19.309573 0.000000 0.000000 0.000000 0.149572 0.988751
158.829000000 -32.100708 -19.318864 0.000000 0.000000 0.000000 0.149531 0.988757
158.862000000 -32.171976 -19.302251 0.000000 0.000000 0.000000 0.149573 0.988751
158.895000000 -32.201839 -19.311497 0.000000 0.000000 0.000000 0.149534 0.988757
158.928000000 -32.231703 -19.320741 0.000000 0.000000 0.000000 0.149497 0.988762
158.961000000 -32.261567 -19.329982 0.000000 0.000000 0.000000 0.149460 0.988768
158.994000000 -32.274065 -19.296842 0.000000 0.000000 0.000000 0.149386 0.988779
159.027000000 -32.369766 -19.288246 0.000000 0.000000 0.000000 0.149429 0.988773
159.060000000 -32.399665 -19.297494 0.000000 0.000000 0.000000 0.149395 0.988778
159.093000000 -32.429564 -19.306739 0.000000 0.000000 0.000000 0.149362 0.988783
159.126000000 -32.459463 -19.315983 0.000000 0.000000 0.000000 0.149331 0.988787
159.159000000 -32.477123 -19.283255 0.000000 0.000000 0.000000 0.149408 0.988776
159.192000000 -32.507154 -19.292543 0.000000 0.000000 0.000000 0.149379 0.988780
159.225000000 -32.537186 -19.301829 0.000000 0.000000 0.000000 0.149350 0.988784
159.258000000 -32.579067 -19.277272 0.000000 0.000000 0.000000 0.149410 0.988775
159.291000000 -32.609185 -19.286587 0.000000 0.000000 0.000000 0.149383 0.988779
159.324000000 -32.639303 -19.295900 0.000000 0.000000 0.000000 0.149357 0.988783
159.357000000 -32.681070 -19.270953 0.000000 0.000000 0.000000 0.149412 0.988775
159.390000000 -32.711200 -19.280271 0.000000 0.000000 0.000000 0.149388 0.988779
159.423000000 -32.774160 -19.260474 0.000000 0.000000 0.000000 0.149429 0.988773
159.456000000 -32.804244 -19.269779 0.000000 0.000000 0.000000 0.149406 0.988776
159.489000000 -32.834328 -19.279083 0.000000 0.000000 0.000000 0.149385 0.988779
159.522000000 -32.864412 -19.288386 0.000000 0.000000 0.000000 0.149364 0.988782
159.555000000 -32.885527 -19.256632 0.000000 0.000000 0.000000 0.149415 0.988775
159.588000000 -32.915681 -19.265958 0.000000 0.000000 0.000000 0.149396 0.988777
159.621000000 -32.945834 -19.275283 0.000000 0.000000 0.000000 0.149378 0.988780
159.654000000 -32.987687 -19.249620 0.000000 0.000000 0.000000 0.149417 0.988774
159.687000000 -33.017812 -19.258937 0.000000 0.000000 0.000000 0.149400 0.988777
159.720000000 -33.047937 -19.268253 0.000000 0.000000 0.000000 0.149384 0.988779
159.753000000 -33.089892 -19.243507 0.000000 0.000000 0.000000 0.149418 0.988774
159.786000000 -33.120083 -19.252845 0.000000 0.000000 0.000000 0.149404 0.988776
159.819000000 -33.150275 -19.262182 0.000000 0.000000 0.000000 0.149390 0.988778
159.852000000 -33.192045 -19.236103 0.000000 0.000000 0.000000 0.149420 0.988774
159.885000000 -33.222151 -19.245415 0.000000 0.000000 0.000000 0.149407 0.988776
159.918000000 -33.252256 -19.254726 0.000000 0.000000 0.000000 0.149395 0.988778
159.951000000 -33.294826 -19.229152 0.000000 0.000000 0.000000 0.149421 0.988774
159.984000000 -33.325083 -19.238510 0.000000 0.000000 0.000000 0.149410 0.988775
160.017000000 -33.355341 -19.247869 0.000000 0.000000 0.000000 0.149400 0.988777
160.050000000 -33.397388 -19.222119 0.000000 0.000000 0.000000 0.149422 0.988773
160.083000000 -33.427629 -19.231472 0.000000 0.000000 0.000000 0.149413 0.988775
160.116000000 -33.457869 -19.240826 0.000000 0.000000 0.000000 0.149405 0.988776
160.149000000 -33.499920 -19.214400 0.000000 0.000000 0.000000 0.149423 0.988773
160.182000000 -33.530101 -19.223735 0.000000 0.000000 0.000000 0.149416 0.988774
160.215000000 -33.560283 -19.233071 0.000000 0.000000 0.000000 0.149409 0.988776
160.248000000 -33.590464 -19.242405 0.000000 0.000000 0.000000 0.149402 0.988777
160.281000000 -33.602542 -19.208499 0.000000 0.000000 0.000000 0.149425 0.988773
160.314000000 -33.632856 -19.217875 0.000000 0.000000 0.000000 0.149419 0.988774
160.347000000 -33.705228 -19.200978 0.000000 0.000000 0.000000 0.149425 0.988773
160.380000000 -33.735477 -19.210334 0.000000 0.000000 0.000000 0.149420 0.988774
160.413000000 -33.765725 -19.219691 0.000000 0.000000 0.000000 0.149416 0.988774
160.446000000 -33.795973 -19.229047 0.000000 0.000000 0.000000 0.149412 0.988775
160.479000000 -33.807886 -19.194268 0.000000 0.000000 0.000000 0.149426 0.988773
160.512000000 -33.838168 -19.203635 0.000000 0.000000 0.000000 0.149423 0.988773
160.545000000 -33.910567 -19.188146 0.000000 0.000000 0.000000 0.149427 0.988773
160.578000000 -33.940904 -19.197530 0.000000 0.000000 0.000000 0.149424 0.988773
160.611000000 -33.971241 -19.206914 0.000000 0.000000 0.000000 0.149421 0.988774
160.644000000 -34.001578 -19.216298 0.000000 0.000000 0.000000 0.149419 0.988774
160.677000000 -34.013404 -19.181558 0.000000 0.000000 0.000000 0.149427 0.988773
160.710000000 -34.043758 -19.190947 0.000000 0.000000 0.000000 0.149426 0.988773
160.743000000 -34.116429 -19.175375 0.000000 0.000000 0.000000 0.149428 0.988773
160.776000000 -34.146857 -19.184787 0.000000 0.000000 0.000000 0.149427 0.988773
160.809000000 -34.177285 -19.194200 0.000000 0.000000 0.000000 0.149392 0.988778
160.842000000 -34.219786 -19.163660 0.000000 0.000000 0.000000 0.149332 0.988787
160.875000000 -34.249922 -19.172976 0.000000 0.000000 0.000000 0.149075 0.988826
160.908000000 -34.280064 -19.182276 0.000000 0.000000 0.000000 0.148706 0.988881
160.941000000 -34.317296 -19.154987 0.000000 0.000000 0.000000 0.148218 0.988955
160.974000000 -34.346266 -19.163871 0.000000 0.000000 0.000000 0.147618 0.989044
161.007000000 -34.375246 -19.172719 0.000000 0.000000 0.000000 0.146908 0.989150
161.040000000 -34.414540 -19.146910 0.000000 0.000000 0.000000 0.146082 0.989272
161.073000000 -34.443236 -19.155650 0.000000 0.000000 0.000000 0.145182 0.989405
161.106000000 -34.471941 -19.164361 0.000000 0.000000 0.000000 0.144197 0.989549
161.139000000 -34.513743 -19.136323 0.000000 0.000000 0.000000 0.143207 0.989693
161.172000000 -34.542720 -19.144950 0.000000 0.000000 0.000000 0.142075 0.989856
161.205000000 -34.571708 -19.153546 0.000000 0.000000 0.000000 0.140877 0.990027
161.238000000 -34.615370 -19.128753 0.000000 0.000000 0.000000 0.139771 0.990184
161.271000000 -34.645274 -19.137415 0.000000 0.000000 0.000000 0.138459 0.990368
161.304000000 -34.675194 -19.146025 0.000000 0.000000 0.000000 0.137097 0.990558
161.337000000 -34.718099 -19.122367 0.000000 0.000000 0.000000 0.135966 0.990714
161.370000000 -34.748673 -19.130956 0.000000 0.000000 0.000000 0.134518 0.990911
161.403000000 -34.779267 -19.139476 0.000000 0.000000 0.000000 0.133033 0.991112
161.436000000 -34.820334 -19.115495 0.000000 0.000000 0.000000 0.131746 0.991284
161.469000000 -34.851049 -19.123832 0.000000 0.000000 0.000000 0.130199 0.991488
161.502000000 -34.881785 -19.132086 0.000000 0.000000 0.000000 0.128626 0.991693
161.535000000 -34.921384 -19.110871 0.000000 0.000000 0.000000 0.127325 0.991861
161.568000000 -34.952125 -19.118913 0.000000 0.000000 0.000000 0.125712 0.992067
161.601000000 -34.982888 -19.126866 0.000000 0.000000 0.000000 0.124083 0.992272
161.634000000 -35.013675 -19.134729 0.000000 0.000000 0.000000 0.122443 0.992476
161.667000000 -35.017969 -19.105636 0.000000 0.000000 0.000000 0.122704 0.992443
161.733000000 -35.077570 -19.120544 0.000000 0.000000 0.000000 0.119387 0.992848
161.766000000 -35.107402 -19.127865 0.000000 0.000000 0.000000 0.117724 0.993046
161.799000000 -35.111723 -19.100834 0.000000 0.000000 0.000000 0.118048 0.993008
161.832000000 -35.140754 -19.107852 0.000000 0.000000 0.000000 0.116387 0.993204
161.865000000 -35.200588 -19.094685 0.000000 0.000000 0.000000 0.113319 0.993559
161.898000000 -35.228308 -19.101108 0.000000 0.000000 0.000000 0.111666 0.993746
161.931000000 -35.256039 -19.107449 0.000000 0.000000 0.000000 0.110021 0.993929
161.964000000 -35.286615 -19.087124 0.000000 0.000000 0.000000 0.108609 0.994085
161.997000000 -35.313362 -19.093056 0.000000 0.000000 0.000000 0.106980 0.994261
162.030000000 -35.340114 -19.098908 0.000000 0.000000 0.000000 0.105361 0.994434
162.063000000 -35.369420 -19.079884 0.000000 0.000000 0.000000 0.103897 0.994588
162.096000000 -35.395274 -19.085361 0.000000 0.000000 0.000000 0.102301 0.994753
162.129000000 -35.421126 -19.090763 0.000000 0.000000 0.000000 0.100718 0.994915
162.162000000 -35.449147 -19.073663 0.000000 0.000000 0.000000 0.099290 0.995059
162.195000000 -35.474186 -19.078726 0.000000 0.000000 0.000000 0.097734 0.995213
162.228000000 -35.499215 -19.083716 0.000000 0.000000 0.000000 0.096193 0.995363
162.261000000 -35.526251 -19.064595 0.000000 0.000000 0.000000 0.094784 0.995498
162.294000000 -35.550398 -19.069251 0.000000 0.000000 0.000000 0.093274 0.995640
162.327000000 -35.574526 -19.073838 0.000000 0.000000 0.000000 0.091779 0.995779
162.360000000 -35.600809 -19.056298 0.000000 0.000000 0.000000 0.090407 0.995905
162.393000000 -35.624236 -19.060602 0.000000 0.000000 0.000000 0.088945 0.996037
162.426000000 -35.647637 -19.064839 0.000000 0.000000 0.000000 0.087499 0.996165
162.459000000 -35.671744 -19.047708 0.000000 0.000000 0.000000 0.086133 0.996284
162.492000000 -35.694172 -19.051630 0.000000 0.000000 0.000000 0.084720 0.996405
162.525000000 -35.716563 -19.055489 0.000000 0.000000 0.000000 0.083324 0.996522
162.558000000 -35.740918 -19.037791 0.000000 0.000000 0.000000 0.082119 0.996623
162.591000000 -35.762676 -19.041415 0.000000 0.000000 0.000000 0.080757 0.996734
162.624000000 -35.784391 -19.044980 0.000000 0.000000 0.000000 0.079411 0.996842
162.657000000 -35.806061 -19.048487 0.000000 0.000000 0.000000 0.078082 0.996947
162.690000000 -35.806534 -19.026849 0.000000 0.000000 0.000000 0.078248 0.996934
162.723000000 -35.827276 -19.030138 0.000000 0.000000 0.000000 0.076952 0.997035
162.756000000 -35.868344 -19.016312 0.000000 0.000000 0.000000 0.074627 0.997212
162.789000000 -35.887970 -19.019278 0.000000 0.000000 0.000000 0.073363 0.997305
162.822000000 -35.907527 -19.022192 0.000000 0.000000 0.000000 0.072115 0.997396
162.855000000 -35.927015 -19.025054 0.000000 0.000000 0.000000 0.070883 0.997485
162.888000000 -35.926858 -19.004262 0.000000 0.000000 0.000000 0.071204 0.997462
162.921000000 -35.945389 -19.006933 0.000000 0.000000 0.000000 0.070002 0.997547
162.954000000 -35.981119 -18.992119 0.000000 0.000000 0.000000 0.067986 0.997686
162.987000000 -35.998368 -18.994492 0.000000 0.000000 0.000000 0.066814 0.997765
163.020000000 -36.015520 -18.996818 0.000000 0.000000 0.000000 0.065656 0.997842
163.053000000 -36.032214 -18.979757 0.000000 0.000000 0.000000 0.064900 0.997892
163.086000000 -36.048397 -18.981881 0.000000 0.000000 0.000000 0.063771 0.997965
163.119000000 -36.064471 -18.983962 0.000000 0.000000 0.000000 0.062655 0.998035
163.152000000 -36.080435 -18.985999 0.000000 0.000000 0.000000 0.061553 0.998104
163.185000000 -36.079057 -18.967829 0.000000 0.000000 0.000000 0.062007 0.998076
163.218000000 -36.093975 -18.969700 0.000000 0.000000 0.000000 0.060931 0.998142
163.251000000 -36.108771 -18.971529 0.000000 0.000000 0.000000 0.059867 0.998206
163.284000000 -36.122597 -18.955248 0.000000 0.000000 0.000000 0.059202 0.998246
163.317000000 -36.136393 -18.956900 0.000000 0.000000 0.000000 0.058162 0.998307
163.350000000 -36.163088 -18.943790 0.000000 0.000000 0.000000 0.056506 0.998402
163.383000000 -36.175912 -18.945255 0.000000 0.000000 0.000000 0.055488 0.998459
163.416000000 -36.188589 -18.946684 0.000000 0.000000 0.000000 0.054482 0.998515
163.449000000 -36.198936 -18.931963 0.000000 0.000000 0.000000 0.053845 0.998549
163.482000000 -36.210379 -18.933209 0.000000 0.000000 0.000000 0.052859 0.998602
163.515000000 -36.221660 -18.934420 0.000000 0.000000 0.000000 0.051884 0.998653
163.548000000 -36.231865 -18.919994 0.000000 0.000000 0.000000 0.051246 0.998686
163.581000000 -36.242261 -18.921071 0.000000 0.000000 0.000000 0.050289 0.998735
163.614000000 -36.252485 -18.922117 0.000000 0.000000 0.000000 0.049341 0.998782
163.647000000 -36.260985 -18.907397 0.000000 0.000000 0.000000 0.048682 0.998814
163.680000000 -36.270180 -18.908303 0.000000 0.000000 0.000000 0.047751 0.998859
163.713000000 -36.279191 -18.909179 0.000000 0.000000 0.000000 0.046829 0.998903
163.746000000 -36.287788 -18.895667 0.000000 0.000000 0.000000 0.046344 0.998926
163.779000000 -36.296156 -18.896452 0.000000 0.000000 0.000000 0.045437 0.998967
163.812000000 -36.304334 -18.897208 0.000000 0.000000 0.000000 0.044537 0.999008
163.845000000 -36.310364 -18.884840 0.000000 0.000000 0.000000 0.043873 0.999037
163.878000000 -36.317513 -18.885475 0.000000 0.000000 0.000000 0.042986 0.999076
163.911000000 -36.324459 -18.886085 0.000000 0.000000 0.000000 0.042105 0.999113
163.944000000 -36.329780 -18.872521 0.000000 0.000000 0.000000 0.041396 0.999143
163.977000000 -36.335823 -18.873028 0.000000 0.000000 0.000000 0.040527 0.999178
164.010000000 -36.341655 -18.873512 0.000000 0.000000 0.000000 0.039662 0.999213
164.043000000 -36.345559 -18.861123 0.000000 0.000000 0.000000 0.038951 0.999241
164.076000000 -36.350459 -18.861511 0.000000 0.000000 0.000000 0.038094 0.999274
164.109000000 -36.355138 -18.861878 0.000000 0.000000 0.000000 0.037241 0.999306
164.142000000 -36.358616 -18.849525 0.000000 0.000000 0.000000 0.036554 0.999332
164.175000000 -36.362568 -18.849819 0.000000 0.000000 0.000000 0.035705 0.999362
164.208000000 -36.366295 -18.850094 0.000000 0.000000 0.000000 0.034858 0.999392
164.241000000 -36.367924 -18.838958 0.000000 0.000000 0.000000 0.034142 0.999417
164.274000000 -36.370740 -18.839156 0.000000 0.000000 0.000000 0.033297 0.999445
164.307000000 -36.373322 -18.839336 0.000000 0.000000 0.000000 0.032454 0.999473
164.340000000 -36.374133 -18.827257 0.000000 0.000000 0.000000 0.031701 0.999497
164.406000000 -36.377404 -18.827474 0.000000 0.000000 0.000000 0.030017 0.999549
164.439000000 -36.378678 -18.827560 0.000000 0.000000 0.000000 0.029175 0.999574
164.472000000 -36.377039 -18.816333 0.000000 0.000000 0.000000 0.029282 0.999571
164.505000000 -36.376937 -18.805794 0.000000 0.000000 0.000000 0.027605 0.999619
164.538000000 -36.376839 -18.805790 0.000000 0.000000 0.000000 0.026764 0.999642
164.571000000 -36.376486 -18.805775 0.000000 0.000000 0.000000 0.025922 0.999664
164.604000000 -36.375880 -18.805750 0.000000 0.000000 0.000000 0.025080 0.999685
164.637000000 -36.373162 -18.795578 0.000000 0.000000 0.000000 0.024572 0.999698
164.670000000 -36.371586 -18.795501 0.000000 0.000000 0.000000 0.023730 0.999718
164.703000000 -36.369643 -18.795410 0.000000 0.000000 0.000000 0.022889 0.999738
164.736000000 -36.367334 -18.795305 0.000000 0.000000 0.000000 0.022047 0.999757
164.769000000 -36.364657 -18.795188 0.000000 0.000000 0.000000 0.021205 0.999775
164.802000000 -36.366258 -18.785449 0.000000 0.000000 0.000000 0.022288 0.999752
164.835000000 -36.363616 -18.785331 0.000000 0.000000 0.000000 0.021447 0.999770
164.868000000 -36.355812 -18.775339 0.000000 0.000000 0.000000 0.020065 0.999799
164.901000000 -36.352040 -18.775188 0.000000 0.000000 0.000000 0.019225 0.999815
164.934000000 -36.347900 -18.775028 0.000000 0.000000 0.000000 0.018386 0.999831
164.967000000 -36.342131 -18.765334 0.000000 0.000000 0.000000 0.017770 0.999842
165.033000000 -36.332077 -18.764983 0.000000 0.000000 0.000000 0.016101 0.999870
165.066000000 -36.325056 -18.755188 0.000000 0.000000 0.000000 0.015514 0.999880
165.099000000 -36.319114 -18.755003 0.000000 0.000000 0.000000 0.014684 0.999892
165.132000000 -36.312805 -18.754816 0.000000 0.000000 0.000000 0.013857 0.999904
165.165000000 -36.307484 -18.745579 0.000000 0.000000 0.000000 0.013276 0.999912
165.231000000 -36.294474 -18.745242 0.000000 0.000000 0.000000 0.011633 0.999932
165.264000000 -36.290300 -18.735615 0.000000 0.000000 0.000000 0.010928 0.999940
165.297000000 -36.283991 -18.735476 0.000000 0.000000 0.000000 0.010112 0.999949
165.330000000 -36.277318 -18.735339 0.000000 0.000000 0.000000 0.009299 0.999957
165.363000000 -36.273030 -18.724880 0.000000 0.000000 0.000000 0.008605 0.999963
165.396000000 -36.266715 -18.724770 0.000000 0.000000 0.000000 0.007796 0.999970
165.429000000 -36.260039 -18.724664 0.000000 0.000000 0.000000 0.006989 0.999976
165.462000000 -36.256339 -18.715279 0.000000 0.000000 0.000000 0.006295 0.999980
165.495000000 -36.250189 -18.715201 0.000000 0.000000 0.000000 0.005493 0.999985
165.528000000 -36.240510 -18.705542 0.000000 0.000000 0.000000 0.004089 0.999992
165.594000000 -36.228066 -18.705448 0.000000 0.000000 0.000000 0.002496 0.999997
165.627000000 -36.221321 -18.705412 0.000000 0.000000 0.000000 0.001702 0.999999
165.660000000 -36.214228 -18.705385 0.000000 0.000000 0.000000 0.000911 1.000000
165.693000000 -36.222512 -18.695811 0.000000 0.000000 0.000000 0.001648 0.999999
165.726000000 -36.216355 -18.695789 0.000000 0.000000 0.000000 0.000862 1.000000
165.759000000 -36.205477 -18.686005 0.000000 0.000000 0.000000 -0.000672 1.000000
165.792000000 -36.199340 -18.686012 0.000000 0.000000 0.000000 -0.001454 0.999999
165.825000000 -36.192872 -18.686029 0.000000 0.000000 0.000000 -0.002233 0.999998
165.858000000 -36.188777 -18.676116 0.000000 0.000000 0.000000 -0.002896 0.999996
165.891000000 -36.182752 -18.676150 0.000000 0.000000 0.000000 -0.003670 0.999993
165.924000000 -36.176406 -18.676195 0.000000 0.000000 0.000000 -0.004442 0.999990
165.957000000 -36.169741 -18.676252 0.000000 0.000000 0.000000 -0.005212 0.999986
165.990000000 -36.172091 -18.666281 0.000000 0.000000 0.000000 -0.005127 0.999987
166.023000000 -36.166125 -18.666341 0.000000 0.000000 0.000000 -0.005892 0.999983
166.056000000 -36.159852 -18.666413 0.000000 0.000000 0.000000 -0.006655 0.999978
166.089000000 -36.153274 -18.666499 0.000000 0.000000 0.000000 -0.007415 0.999973
166.122000000 -36.155538 -18.657084 0.000000 0.000000 0.000000 -0.007445 0.999972
166.155000000 -36.138553 -18.647792 0.000000 0.000000 0.000000 -0.009605 0.999954
166.188000000 -36.132584 -18.647906 0.000000 0.000000 0.000000 -0.010358 0.999946
166.221000000 -36.126326 -18.648034 0.000000 0.000000 0.000000 -0.011109 0.999938
166.254000000 -36.121753 -18.637651 0.000000 0.000000 0.000000 -0.011815 0.999930
166.287000000 -36.115840 -18.637790 0.000000 0.000000 0.000000 -0.012562 0.999921
166.320000000 -36.107054 -18.628634 0.000000 0.000000 0.000000 -0.013789 0.999905
166.353000000 -36.101236 -18.628794 0.000000 0.000000 0.000000 -0.014532 0.999894
166.386000000 -36.095151 -18.628969 0.000000 0.000000 0.000000 -0.015272 0.999883
166.419000000 -36.089949 -18.619694 0.000000 0.000000 0.000000 -0.016023 0.999872
166.452000000 -36.084069 -18.619882 0.000000 0.000000 0.000000 -0.016759 0.999860
166.485000000 -36.077932 -18.620086 0.000000 0.000000 0.000000 -0.017494 0.999847
166.518000000 -36.071538 -18.620308 0.000000 0.000000 0.000000 -0.018226 0.999834
166.551000000 -36.064887 -18.620548 0.000000 0.000000 0.000000 -0.018957 0.999820
166.584000000 -36.070654 -18.610630 0.000000 0.000000 0.000000 -0.018556 0.999828
166.617000000 -36.064804 -18.610846 0.000000 0.000000 0.000000 -0.019283 0.999814
166.650000000 -36.053590 -18.601485 0.000000 0.000000 0.000000 -0.020821 0.999783
166.683000000 -36.047733 -18.601728 0.000000 0.000000 0.000000 -0.021544 0.999768
166.716000000 -36.041645 -18.601989 0.000000 0.000000 0.000000 -0.022266 0.999752
166.749000000 -36.035327 -18.602268 0.000000 0.000000 0.000000 -0.022986 0.999736
166.782000000 -36.028778 -18.602566 0.000000 0.000000 0.000000 -0.023705 0.999719
166.815000000 -36.021568 -18.583980 0.000000 0.000000 0.000000 -0.024800 0.999692
166.848000000 -36.015629 -18.584275 0.000000 0.000000 0.000000 -0.025515 0.999674
166.881000000 -36.009475 -18.584588 0.000000 0.000000 0.000000 -0.026229 0.999656
166.914000000 -36.003108 -18.584920 0.000000 0.000000 0.000000 -0.026942 0.999637
166.947000000 -36.001404 -18.576095 0.000000 0.000000 0.000000 -0.027356 0.999626
166.980000000 -35.995584 -18.576412 0.000000 0.000000 0.000000 -0.028066 0.999606
167.013000000 -35.989567 -18.576749 0.000000 0.000000 0.000000 -0.028774 0.999586
167.046000000 -35.983352 -18.577104 0.000000 0.000000 0.000000 -0.029481 0.999565
167.079000000 -35.983855 -18.567884 0.000000 0.000000 0.000000 -0.029537 0.999564
167.112000000 -35.977972 -18.568231 0.000000 0.000000 0.000000 -0.030241 0.999543
167.145000000 -35.971904 -18.568597 0.000000 0.000000 0.000000 -0.030944 0.999521
167.178000000 -35.966826 -18.560319 0.000000 0.000000 0.000000 -0.031747 0.999496
167.211000000 -35.961071 -18.560684 0.000000 0.000000 0.000000 -0.032447 0.999473
167.244000000 -35.949696 -18.553112 0.000000 0.000000 0.000000 -0.033992 0.999422
167.277000000 -35.943959 -18.553502 0.000000 0.000000 0.000000 -0.034690 0.999398
167.310000000 -35.938055 -18.553910 0.000000 0.000000 0.000000 -0.035387 0.999374
167.343000000 -35.932703 -18.545854 0.000000 0.000000 0.000000 -0.036203 0.999344
167.376000000 -35.927027 -18.546265 0.000000 0.000000 0.000000 -0.036898 0.999319
167.409000000 -35.921194 -18.546694 0.000000 0.000000 0.000000 -0.037591 0.999293
167.442000000 -35.915739 -18.538764 0.000000 0.000000 0.000000 -0.038424 0.999262
167.475000000 -35.910104 -18.539197 0.000000 0.000000 0.000000 -0.039116 0.999235
167.508000000 -35.904321 -18.539649 0.000000 0.000000 0.000000 -0.039806 0.999207
167.541000000 -35.898390 -18.540119 0.000000 0.000000 0.000000 -0.040496 0.999180
167.574000000 -35.898765 -18.531832 0.000000 0.000000 0.000000 -0.040577 0.999176
167.607000000 -35.893158 -18.532287 0.000000 0.000000 0.000000 -0.041264 0.999148
167.640000000 -35.881931 -18.524394 0.000000 0.000000 0.000000 -0.042863 0.999081
167.673000000 -35.876392 -18.524869 0.000000 0.000000 0.000000 -0.043549 0.999051
167.706000000 -35.870723 -18.525363 0.000000 0.000000 0.000000 -0.044234 0.999021
167.739000000 -35.864675 -18.517587 0.000000 0.000000 0.000000 -0.045151 0.998980
167.772000000 -35.859054 -18.518095 0.000000 0.000000 0.000000 -0.045835 0.998949
167.805000000 -35.853308 -18.518622 0.000000 0.000000 0.000000 -0.046517 0.998917
167.838000000 -35.847588 -18.511029 0.000000 0.000000 0.000000 -0.047408 0.998876
167.871000000 -35.842002 -18.511559 0.000000 0.000000 0.000000 -0.048090 0.998843
167.904000000 -35.836300 -18.512108 0.000000 0.000000 0.000000 -0.048770 0.998810
167.937000000 -35.829674 -18.504299 0.000000 0.000000 0.000000 -0.049705 0.998764
167.970000000 -35.823912 -18.504873 0.000000 0.000000 0.000000 -0.050384 0.998730
168.003000000 -35.818036 -18.505466 0.000000 0.000000 0.000000 -0.051063 0.998695
168.036000000 -35.812046 -18.506077 0.000000 0.000000 0.000000 -0.051741 0.998661
168.069000000 -35.812115 -18.497679 0.000000 0.000000 0.000000 -0.051946 0.998650
168.102000000 -35.806560 -18.498259 0.000000 0.000000 0.000000 -0.052623 0.998614
168.135000000 -35.793415 -18.491086 0.000000 0.000000 0.000000 -0.054149 0.998533
168.168000000 -35.787615 -18.491717 0.000000 0.000000 0.000000 -0.054825 0.998496
168.201000000 -35.781815 -18.492356 0.000000 0.000000 0.000000 -0.055500 0.998459
168.234000000 -35.775299 -18.485153 0.000000 0.000000 0.000000 -0.056362 0.998410
168.267000000 -35.769575 -18.485802 0.000000 0.000000 0.000000 -0.057037 0.998372
168.333000000 -35.758130 -18.487122 0.000000 0.000000 0.000000 -0.058385 0.998294
168.366000000 -35.757051 -18.479014 0.000000 0.000000 0.000000 -0.058612 0.998281
168.399000000 -35.751330 -18.479688 0.000000 0.000000 0.000000 -0.059285 0.998241
168.432000000 -35.745610 -18.480371 0.000000 0.000000 0.000000 -0.059958 0.998201
168.465000000 -35.738586 -18.473094 0.000000 0.000000 0.000000 -0.060836 0.998148
168.498000000 -35.732818 -18.473800 0.000000 0.000000 0.000000 -0.061508 0.998107
168.531000000 -35.727051 -18.474514 0.000000 0.000000 0.000000 -0.062180 0.998065
168.564000000 -35.721285 -18.475236 0.000000 0.000000 0.000000 -0.062852 0.998023
168.597000000 -35.720662 -18.467259 0.000000 0.000000 0.000000 -0.063084 0.998008
168.630000000 -35.715024 -18.467975 0.000000 0.000000 0.000000 -0.063756 0.997966
168.663000000 -35.701499 -18.461495 0.000000 0.000000 0.000000 -0.065248 0.997869
168.696000000 -35.695599 -18.462270 0.000000 0.000000 0.000000 -0.065919 0.997825
168.729000000 -35.689700 -18.463054 0.000000 0.000000 0.000000 -0.066590 0.997780
168.762000000 -35.683802 -18.463845 0.000000 0.000000 0.000000 -0.067260 0.997735
168.795000000 -35.683217 -18.455612 0.000000 0.000000 0.000000 -0.067487 0.997720
