# timestamp x y z q0 q1 q2 q3
0.100000000 0.000000 0.000000 0.000000 0.000000 0.000000 0.000000 1.000000
0.100000000 0.000000 0.000000 0.000000 0.000000 0.000000 0.000000 1.000000
0.100000000 0.000000 0.000000 0.000000 0.000000 0.000000 0.000000 1.000000
0.100000000 0.000000 0.000000 0.000000 0.000000 0.000000 0.000000 1.000000
0.100000000 0.000000 0.000000 0.000000 0.000000 0.000000 0.000000 1.000000
0.100000000 0.000000 0.000000 0.000000 0.000000 0.000000 0.000000 1.000000
0.100000000 0.000000 0.000000 0.000000 0.000000 0.000000 0.000000 1.000000
0.800000000 -0.000017 -0.000004 0.000000 0.000000 0.000000 0.000000 1.000000
0.800000000 -0.000017 -0.000004 0.000000 0.000000 0.000000 0.000000 1.000000
0.800000000 -0.000017 -0.000004 0.000000 0.000000 0.000000 0.000000 1.000000
0.800000000 -0.000017 -0.000004 0.000000 0.000000 0.000000 0.000000 1.000000
1.200000000 -0.000016 -0.000004 0.000000 0.000000 0.000000 0.000000 1.000000
1.200000000 -0.000016 -0.000004 0.000000 0.000000 0.000000 0.000000 1.000000
1.400000000 -0.000014 -0.000001 0.000000 0.000000 0.000000 0.000000 1.000000
1.400000000 -0.000014 -0.000001 0.000000 0.000000 0.000000 0.000000 1.000000
1.600000000 -0.000014 -0.000002 0.000000 0.000000 0.000000 0.000000 1.000000
1.600000000 -0.000014 -0.000002 0.000000 0.000000 0.000000 0.000000 1.000000
1.800000000 -0.000015 0.000020 0.000000 0.000000 0.000000 0.000000 1.000000
1.800000000 -0.000015 0.000020 0.000000 0.000000 0.000000 0.000000 1.000000
2.000000000 -0.000015 0.000017 0.000000 0.000000 0.000000 0.000000 1.000000
2.100000000 -0.000014 0.000017 0.000000 0.000000 0.000000 0.000000 1.000000
2.100000000 -0.000014 0.000017 0.000000 0.000000 0.000000 0.000000 1.000000
2.300000000 -0.000013 0.000014 0.000000 0.000000 0.000000 0.000000 1.000000
2.400000000 -0.000018 0.000043 0.000000 0.000000 0.000000 0.000000 1.000000
2.500000000 -0.000021 0.000043 0.000000 0.000000 0.000000 0.000000 1.000000
2.600000000 -0.000021 0.000041 0.000000 0.000000 0.000000 0.000000 1.000000
2.600000000 -0.000021 0.000041 0.000000 0.000000 0.000000 0.000000 1.000000
2.800000000 -0.000023 0.000038 0.000000 0.000000 0.000000 0.000000 1.000000
2.900000000 -0.000060 0.000063 0.000000 0.000000 0.000000 0.000000 1.000000
3.000000000 -0.000058 0.000065 0.000000 0.000000 0.000000 0.000000 1.000000
3.100000000 -0.000056 0.000071 0.000000 0.000000 0.000000 0.000000 1.000000
3.200000000 -0.000063 0.000068 0.000000 0.000000 0.000000 0.000000 1.000000
3.300000000 -0.000061 0.000069 0.000000 0.000000 0.000000 0.000000 1.000000
3.400000000 -0.000060 0.000070 0.000000 0.000000 0.000000 0.000000 1.000000
3.500000000 -0.000094 0.000143 0.000000 0.000000 0.000000 0.000000 1.000000
3.600000000 -0.000097 0.000140 0.000000 0.000000 0.000000 0.000000 1.000000
3.700000000 -0.000100 0.000155 0.000000 0.000000 0.000000 0.000000 1.000000
3.800000000 -0.000095 0.000155 0.000000 0.000000 0.000000 0.000000 1.000000
3.900000000 -0.000094 0.000153 0.000000 0.000000 0.000000 0.000000 1.000000
4.000000000 -0.000094 0.000149 0.000000 0.000000 0.000000 0.000000 1.000000
4.100000000 -0.000094 0.000150 0.000000 0.000000 0.000000 0.000000 1.000000
4.200000000 -0.000093 0.000151 0.000000 0.000000 0.000000 0.000000 1.000000
4.300000000 -0.000124 0.000205 0.000000 0.000000 0.000000 0.000000 1.000000
4.400000000 -0.000124 0.000200 0.000000 0.000000 0.000000 0.000000 1.000000
4.600000000 -0.000128 0.000201 0.000000 0.000000 0.000000 0.000000 1.000000
4.700000000 -0.000125 0.000204 0.000000 0.000000 0.000000 0.000000 1.000000
4.800000000 -0.000123 0.000217 0.000000 0.000000 0.000000 0.000000 1.000000
4.900000000 -0.000146 0.000240 0.000000 0.000000 0.000000 0.000000 1.000000
5.000000000 -0.000146 0.000243 0.000000 0.000000 0.000000 0.000000 1.000000
5.100000000 -0.000140 0.000286 0.000000 0.000000 0.000000 0.000000 1.000000
5.200000000 -0.000139 0.000291 0.000000 0.000000 0.000000 0.000000 1.000000
5.300000000 -0.000142 0.000289 0.000000 0.000000 0.000000 0.000000 1.000000
5.400000000 -0.000174 0.000323 0.000000 0.000000 0.000000 0.000000 1.000000
5.500000000 -0.000171 0.000319 0.000000 0.000000 0.000000 0.000000 1.000000
5.600000000 -0.000172 0.000332 0.000000 0.000000 0.000000 0.000000 1.000000
5.700000000 -0.000172 0.000331 0.000000 0.000000 0.000000 0.000000 1.000000
5.800000000 -0.000169 0.000334 0.000000 0.000000 0.000000 0.000000 1.000000
5.900000000 -0.000172 0.000393 0.000000 0.000000 0.000000 0.000000 1.000000
6.000000000 -0.000199 0.000395 0.000000 0.000000 0.000000 0.000000 1.000000
6.100000000 -0.000201 0.000407 0.000000 0.000000 0.000000 0.000000 1.000000
6.200000000 -0.000213 0.000465 0.000000 0.000000 0.000000 0.000000 1.000000
6.300000000 -0.000243 0.000484 0.000000 0.000000 0.000000 0.000000 1.000000
6.400000000 -0.000264 0.000477 0.000000 0.000000 0.000000 0.000000 1.000000
6.500000000 -0.000263 0.000479 0.000000 0.000000 0.000000 0.000000 1.000000
6.600000000 -0.000263 0.000492 0.000000 0.000000 0.000000 0.000000 1.000000
6.700000000 -0.000275 0.000715 0.000000 0.000000 0.000000 0.000000 1.000000
6.800000000 -0.000274 0.000715 0.000000 0.000000 0.000000 0.000000 1.000000
6.900000000 -0.000290 0.000703 0.000000 0.000000 0.000000 0.000000 1.000000
7.000000000 -0.000290 0.000702 0.000000 0.000000 0.000000 0.000000 1.000000
7.100000000 -0.000332 0.000788 0.000000 0.000000 0.000000 0.000000 1.000000
7.200000000 -0.000335 0.000797 0.000000 0.000000 0.000000 0.000000 1.000000
7.300000000 -0.000333 0.000799 0.000000 0.000000 0.000000 0.000000 1.000000
7.400000000 -0.000696 0.000828 0.000000 0.000000 0.000000 0.000000 1.000000
7.500000000 -0.004101 0.000628 0.000000 0.000000 0.000000 0.000000 1.000000
7.600000000 -0.011297 0.000117 0.000000 0.000000 0.000000 0.000000 1.000000
7.700000000 -0.022092 -0.000801 0.000000 0.000000 0.000000 0.000000 1.000000
7.800000000 -0.036590 -0.001990 0.000000 0.000000 0.000000 0.000000 1.000000
7.900000000 -0.054390 -0.003841 0.000000 0.000000 0.000000 0.000000 1.000000
8.000000000 -0.075943 -0.005263 0.000000 0.000000 0.000000 0.000000 1.000000
8.100000000 -0.100817 -0.006733 0.000000 0.000000 0.000000 0.000000 1.000000
8.200000000 -0.129026 -0.007453 0.000000 0.000000 0.000000 0.000173 1.000000
8.300000000 -0.160066 -0.007017 0.000000 0.000000 0.000000 0.000518 1.000000
8.400000000 -0.193874 -0.005530 0.000000 0.000000 0.000000 0.001064 0.999999
8.500000000 -0.229867 -0.003340 0.000000 0.000000 0.000000 0.001732 0.999998
8.600000000 -0.268406 -0.000769 0.000000 0.000000 0.000000 0.002504 0.999997
8.700000000 -0.309994 0.001217 0.000000 0.000000 0.000000 0.003385 0.999994
8.800000000 -0.354820 0.002711 0.000000 0.000000 0.000000 0.004449 0.999990
8.900000000 -0.403338 0.003324 0.000000 0.000000 0.000000 0.005670 0.999984
9.000000000 -0.455399 0.003900 0.000000 0.000000 0.000000 0.007061 0.999975
9.100000000 -0.511130 0.003846 0.000000 0.000000 0.000000 0.008708 0.999962
9.200000000 -0.570190 0.003592 0.000000 0.000000 0.000000 0.010567 0.999944
9.300000000 -0.632831 0.002969 0.000000 0.000000 0.000000 0.012610 0.999920
9.400000000 -0.698805 0.001973 0.000000 0.000000 0.000000 0.014900 0.999889
9.500000000 -0.768333 0.000782 0.000000 0.000000 0.000000 0.017466 0.999847
9.600000000 -0.841288 -0.000237 0.000000 0.000000 0.000000 0.020238 0.999795
9.700000000 -0.917845 -0.000687 0.000000 0.000000 0.000000 0.023248 0.999730
9.800000000 -0.997516 -0.000816 0.000000 0.000000 0.000000 0.026472 0.999650
9.900000000 -1.080383 -0.000510 0.000000 0.000000 0.000000 0.029901 0.999553
10.000000000 -1.166657 0.000385 0.000000 0.000000 0.000000 0.033541 0.999437
10.100000000 -1.256339 0.001467 0.000000 0.000000 0.000000 0.037376 0.999301
10.200000000 -1.349308 0.002242 0.000000 0.000000 0.000000 0.041362 0.999144
10.300000000 -1.445572 0.002882 0.000000 0.000000 0.000000 0.045501 0.998964
10.400000000 -1.544994 0.002983 0.000000 0.000000 0.000000 0.049725 0.998763
10.500000000 -1.647717 0.002945 0.000000 0.000000 0.000000 0.054066 0.998537
10.600000000 -1.753858 0.002078 0.000000 0.000000 0.000000 0.058477 0.998289
10.700000000 -1.863175 0.000653 0.000000 0.000000 0.000000 0.062931 0.998018
10.800000000 -1.975873 -0.001251 0.000000 0.000000 0.000000 0.067400 0.997726
10.900000000 -2.091676 -0.003384 0.000000 0.000000 0.000000 0.071844 0.997416
11.000000000 -2.210797 -0.005808 0.000000 0.000000 0.000000 0.076287 0.997086
11.100000000 -2.333330 -0.008698 0.000000 0.000000 0.000000 0.080668 0.996741
11.200000000 -2.459179 -0.011724 0.000000 0.000000 0.000000 0.085003 0.996381
11.300000000 -2.588228 -0.015241 0.000000 0.000000 0.000000 0.089251 0.996009
11.400000000 -2.719491 -0.019342 0.000000 0.000000 0.000000 0.093373 0.995631
11.500000000 -2.850920 -0.023152 0.000000 0.000000 0.000000 0.097348 0.995250
11.600000000 -2.982522 -0.027166 0.000000 0.000000 0.000000 0.101139 0.994872
11.700000000 -3.114231 -0.030992 0.000000 0.000000 0.000000 0.104645 0.994510
11.800000000 -3.245885 -0.034842 0.000000 0.000000 0.000000 0.107875 0.994164
11.900000000 -3.377454 -0.038804 0.000000 0.000000 0.000000 0.110832 0.993839
12.000000000 -3.508964 -0.043017 0.000000 0.000000 0.000000 0.113490 0.993539
12.100000000 -3.640342 -0.047653 0.000000 0.000000 0.000000 0.115866 0.993265
12.200000000 -3.771450 -0.052975 0.000000 0.000000 0.000000 0.117938 0.993021
12.300000000 -3.902479 -0.058515 0.000000 0.000000 0.000000 0.119776 0.992801
12.400000000 -4.033569 -0.064368 0.000000 0.000000 0.000000 0.121384 0.992606
12.500000000 -4.164595 -0.070298 0.000000 0.000000 0.000000 0.122786 0.992433
12.600000000 -4.295848 -0.076200 0.000000 0.000000 0.000000 0.123973 0.992286
12.700000000 -4.427275 -0.082086 0.000000 0.000000 0.000000 0.124986 0.992158
12.800000000 -4.558988 -0.087821 0.000000 0.000000 0.000000 0.125790 0.992057
12.900000000 -4.690723 -0.093853 0.000000 0.000000 0.000000 0.126407 0.991978
13.000000000 -4.822601 -0.099342 0.000000 0.000000 0.000000 0.126921 0.991913
13.100000000 -4.954564 -0.105017 0.000000 0.000000 0.000000 0.127304 0.991864
13.200000000 -5.086676 -0.110441 0.000000 0.000000 0.000000 0.127546 0.991833
13.300000000 -5.218661 -0.115977 0.000000 0.000000 0.000000 0.127788 0.991801
13.400000000 -5.350792 -0.121543 0.000000 0.000000 0.000000 0.127788 0.991801
13.500000000 -5.482776 -0.126928 0.000000 0.000000 0.000000 0.127959 0.991779
13.600000000 -5.614805 -0.132362 0.000000 0.000000 0.000000 0.127959 0.991779
13.700000000 -5.746753 -0.137807 0.000000 0.000000 0.000000 0.127959 0.991779
13.800000000 -5.878661 -0.143323 0.000000 0.000000 0.000000 0.127959 0.991779
13.900000000 -6.010598 -0.148936 0.000000 0.000000 0.000000 0.127959 0.991779
14.000000000 -6.144724 -0.155642 0.000000 0.000000 0.000000 0.127959 0.991779
14.100000000 -6.282046 -0.163052 0.000000 0.000000 0.000000 0.127788 0.991801
14.200000000 -6.422556 -0.171436 0.000000 0.000000 0.000000 0.127788 0.991801
14.300000000 -6.566433 -0.180891 0.000000 0.000000 0.000000 0.127788 0.991801
14.400000000 -6.713328 -0.191409 0.000000 0.000000 0.000000 0.128085 0.991763
14.500000000 -6.863402 -0.202679 0.000000 0.000000 0.000000 0.128538 0.991705
14.600000000 -7.016617 -0.215064 0.000000 0.000000 0.000000 0.129178 0.991621
14.700000000 -7.172848 -0.228306 0.000000 0.000000 0.000000 0.130034 0.991510
14.800000000 -7.332312 -0.242031 0.000000 0.000000 0.000000 0.131089 0.991371
14.900000000 -7.494952 -0.256544 0.000000 0.000000 0.000000 0.132358 0.991202
15.000000000 -7.660705 -0.271578 0.000000 0.000000 0.000000 0.133790 0.991010
15.100000000 -7.829690 -0.286824 0.000000 0.000000 0.000000 0.135395 0.990792
15.200000000 -8.001653 -0.302895 0.000000 0.000000 0.000000 0.137096 0.990558
15.300000000 -8.176743 -0.318902 0.000000 0.000000 0.000000 0.138906 0.990306
15.400000000 -8.355037 -0.335789 0.000000 0.000000 0.000000 0.140786 0.990040
15.500000000 -8.536504 -0.353653 0.000000 0.000000 0.000000 0.142719 0.989763
15.600000000 -8.721162 -0.372512 0.000000 0.000000 0.000000 0.144697 0.989476
15.700000000 -8.908835 -0.392706 0.000000 0.000000 0.000000 0.146703 0.989181
15.800000000 -9.099680 -0.413808 0.000000 0.000000 0.000000 0.148709 0.988881
15.900000000 -9.293908 -0.435939 0.000000 0.000000 0.000000 0.150743 0.988573
16.000000000 -9.491147 -0.459521 0.000000 0.000000 0.000000 0.152755 0.988264
16.100000000 -9.691420 -0.484230 0.000000 0.000000 0.000000 0.154766 0.987951
16.200000000 -9.894972 -0.510067 0.000000 0.000000 0.000000 0.156755 0.987638
16.300000000 -10.101638 -0.537075 0.000000 0.000000 0.000000 0.158735 0.987321
16.400000000 -10.311552 -0.565240 0.000000 0.000000 0.000000 0.160678 0.987007
16.500000000 -10.524502 -0.594703 0.000000 0.000000 0.000000 0.162568 0.986697
16.600000000 -10.740771 -0.625309 0.000000 0.000000 0.000000 0.164449 0.986386
16.700000000 -10.960107 -0.657115 0.000000 0.000000 0.000000 0.166283 0.986078
16.800000000 -11.182708 -0.689881 0.000000 0.000000 0.000000 0.168076 0.985774
16.900000000 -11.408284 -0.724028 0.000000 0.000000 0.000000 0.169819 0.985475
17.000000000 -11.637213 -0.759341 0.000000 0.000000 0.000000 0.171537 0.985178
17.100000000 -11.869516 -0.795659 0.000000 0.000000 0.000000 0.173204 0.984886
17.200000000 -12.104579 -0.833378 0.000000 0.000000 0.000000 0.174834 0.984598
17.300000000 -12.343258 -0.871851 0.000000 0.000000 0.000000 0.176437 0.984312
17.400000000 -12.585094 -0.911657 0.000000 0.000000 0.000000 0.178004 0.984030
17.500000000 -12.829941 -0.952565 0.000000 0.000000 0.000000 0.179532 0.983752
17.600000000 -13.078064 -0.994772 0.000000 0.000000 0.000000 0.181023 0.983479
17.700000000 -13.329187 -1.037858 0.000000 0.000000 0.000000 0.182463 0.983213
17.800000000 -13.583523 -1.082108 0.000000 0.000000 0.000000 0.183852 0.982954
17.900000000 -13.840628 -1.127906 0.000000 0.000000 0.000000 0.185241 0.982693
18.000000000 -14.101049 -1.174959 0.000000 0.000000 0.000000 0.186598 0.982436
18.100000000 -14.364383 -1.223137 0.000000 0.000000 0.000000 0.187911 0.982186
18.200000000 -14.631030 -1.272619 0.000000 0.000000 0.000000 0.189191 0.981940
18.300000000 -14.900649 -1.323283 0.000000 0.000000 0.000000 0.190448 0.981697
18.400000000 -15.171989 -1.374945 0.000000 0.000000 0.000000 0.191682 0.981457
18.500000000 -15.443463 -1.426749 0.000000 0.000000 0.000000 0.192754 0.981247
18.600000000 -15.715163 -1.478813 0.000000 0.000000 0.000000 0.193741 0.981053
18.700000000 -15.984941 -1.529565 0.000000 0.000000 0.000000 0.194517 0.980899
18.800000000 -16.251508 -1.578949 0.000000 0.000000 0.000000 0.195025 0.980798
18.900000000 -16.514722 -1.626730 0.000000 0.000000 0.000000 0.195265 0.980751
19.000000000 -16.774582 -1.673279 0.000000 0.000000 0.000000 0.195095 0.980784
19.100000000 -17.030915 -1.717794 0.000000 0.000000 0.000000 0.194757 0.980852
19.200000000 -17.283139 -1.763674 0.000000 0.000000 0.000000 0.190549 0.981678
19.300000000 -17.531810 -1.810859 0.000000 0.000000 0.000000 0.180717 0.983535
19.400000000 -17.775877 -1.857554 0.000000 0.000000 0.000000 0.167880 0.985807
19.500000000 -18.016606 -1.902669 0.000000 0.000000 0.000000 0.154196 0.988040
19.600000000 -18.254406 -1.947196 0.000000 0.000000 0.000000 0.140941 0.990018
19.700000000 -18.489056 -1.991613 0.000000 0.000000 0.000000 0.128756 0.991676
19.800000000 -18.719502 -2.034450 0.000000 0.000000 0.000000 0.118109 0.993001
19.900000000 -18.947367 -2.076698 0.000000 0.000000 0.000000 0.109052 0.994036
20.000000000 -19.170743 -2.117076 0.000000 0.000000 0.000000 0.101545 0.994831
20.100000000 -19.392208 -2.157119 0.000000 0.000000 0.000000 0.095520 0.995427
20.200000000 -19.610454 -2.195882 0.000000 0.000000 0.000000 0.090838 0.995866
20.300000000 -19.825308 -2.232378 0.000000 0.000000 0.000000 0.087298 0.996182
20.400000000 -20.038645 -2.268450 0.000000 0.000000 0.000000 0.084729 0.996404
20.500000000 -20.248011 -2.303888 0.000000 0.000000 0.000000 0.082958 0.996553
20.600000000 -20.453297 -2.337834 0.000000 0.000000 0.000000 0.081817 0.996647
20.700000000 -20.655180 -2.370382 0.000000 0.000000 0.000000 0.081129 0.996704
20.800000000 -20.853994 -2.402355 0.000000 0.000000 0.000000 0.080785 0.996732
20.900000000 -21.050146 -2.433962 0.000000 0.000000 0.000000 0.080613 0.996746
21.000000000 -21.243464 -2.464815 0.000000 0.000000 0.000000 0.080856 0.996726
21.100000000 -21.434097 -2.494911 0.000000 0.000000 0.000000 0.081099 0.996706
21.200000000 -21.621885 -2.524653 0.000000 0.000000 0.000000 0.081397 0.996682
21.300000000 -21.806334 -2.553848 0.000000 0.000000 0.000000 0.081641 0.996662
21.400000000 -21.987564 -2.582410 0.000000 0.000000 0.000000 0.082025 0.996630
21.500000000 -22.165598 -2.610375 0.000000 0.000000 0.000000 0.082269 0.996610
21.600000000 -22.339976 -2.637656 0.000000 0.000000 0.000000 0.082512 0.996590
21.700000000 -22.510927 -2.664532 0.000000 0.000000 0.000000 0.082684 0.996576
21.800000000 -22.678669 -2.690863 0.000000 0.000000 0.000000 0.082927 0.996556
21.900000000 -22.843100 -2.716746 0.000000 0.000000 0.000000 0.082927 0.996556
22.000000000 -23.004070 -2.741984 0.000000 0.000000 0.000000 0.082927 0.996556
22.100000000 -23.161526 -2.766676 0.000000 0.000000 0.000000 0.083099 0.996541
22.200000000 -23.315786 -2.790682 0.000000 0.000000 0.000000 0.083271 0.996527
22.300000000 -23.466655 -2.814396 0.000000 0.000000 0.000000 0.083271 0.996527
22.400000000 -23.613984 -2.837364 0.000000 0.000000 0.000000 0.083099 0.996541
22.500000000 -23.757539 -2.859269 0.000000 0.000000 0.000000 0.083099 0.996541
22.600000000 -23.898363 -2.881228 0.000000 0.000000 0.000000 0.082927 0.996556
22.700000000 -24.035585 -2.902478 0.000000 0.000000 0.000000 0.082755 0.996570
22.800000000 -24.169655 -2.923587 0.000000 0.000000 0.000000 0.082512 0.996590
22.900000000 -24.300385 -2.943444 0.000000 0.000000 0.000000 0.082512 0.996590
23.000000000 -24.427970 -2.963038 0.000000 0.000000 0.000000 0.082512 0.996590
23.100000000 -24.552101 -2.981496 0.000000 0.000000 0.000000 0.082340 0.996604
23.200000000 -24.673091 -2.999967 0.000000 0.000000 0.000000 0.082168 0.996619
23.300000000 -24.790660 -3.017095 0.000000 0.000000 0.000000 0.082168 0.996619
23.400000000 -24.905309 -3.034319 0.000000 0.000000 0.000000 0.081924 0.996639
23.500000000 -25.016586 -3.050357 0.000000 0.000000 0.000000 0.081752 0.996653
23.600000000 -25.124934 -3.066595 0.000000 0.000000 0.000000 0.081752 0.996653
23.700000000 -25.229777 -3.081791 0.000000 0.000000 0.000000 0.081509 0.996673
23.800000000 -25.331735 -3.096951 0.000000 0.000000 0.000000 0.081337 0.996687
23.900000000 -25.430256 -3.110975 0.000000 0.000000 0.000000 0.081337 0.996687
24.000000000 -25.525627 -3.124973 0.000000 0.000000 0.000000 0.081337 0.996687
24.100000000 -25.617807 -3.137812 0.000000 0.000000 0.000000 0.081337 0.996687
24.200000000 -25.706756 -3.150866 0.000000 0.000000 0.000000 0.081337 0.996687
24.300000000 -25.792300 -3.162398 0.000000 0.000000 0.000000 0.081337 0.996687
24.400000000 -25.874774 -3.174136 0.000000 0.000000 0.000000 0.081165 0.996701
24.500000000 -25.953743 -3.185047 0.000000 0.000000 0.000000 0.081165 0.996701
24.600000000 -26.029621 -3.195805 0.000000 0.000000 0.000000 0.081165 0.996701
24.700000000 -26.101871 -3.205753 0.000000 0.000000 0.000000 0.081165 0.996701
24.800000000 -26.170919 -3.215553 0.000000 0.000000 0.000000 0.081165 0.996701
24.900000000 -26.236819 -3.225146 0.000000 0.000000 0.000000 0.081165 0.996701
25.000000000 -26.299424 -3.234477 0.000000 0.000000 0.000000 0.080993 0.996715
25.100000000 -26.358736 -3.243247 0.000000 0.000000 0.000000 0.080993 0.996715
25.200000000 -26.414727 -3.251818 0.000000 0.000000 0.000000 0.080993 0.996715
25.300000000 -26.467511 -3.259820 0.000000 0.000000 0.000000 0.080993 0.996715
25.400000000 -26.517396 -3.267828 0.000000 0.000000 0.000000 0.080821 0.996729
25.500000000 -26.563993 -3.275424 0.000000 0.000000 0.000000 0.080649 0.996743
25.600000000 -26.607177 -3.281894 0.000000 0.000000 0.000000 0.080649 0.996743
25.700000000 -26.647501 -3.288664 0.000000 0.000000 0.000000 0.080821 0.996729
25.800000000 -26.684549 -3.295015 0.000000 0.000000 0.000000 0.080821 0.996729
25.900000000 -26.718265 -3.300696 0.000000 0.000000 0.000000 0.080821 0.996729
26.000000000 -26.748778 -3.305779 0.000000 0.000000 0.000000 0.080821 0.996729
26.100000000 -26.776258 -3.310283 0.000000 0.000000 0.000000 0.080821 0.996729
26.200000000 -26.800342 -3.314187 0.000000 0.000000 0.000000 0.080821 0.996729
26.300000000 -26.821306 -3.317667 0.000000 0.000000 0.000000 0.080821 0.996729
26.400000000 -26.838558 -3.319128 0.000000 0.000000 0.000000 0.080821 0.996729
26.500000000 -26.852786 -3.321153 0.000000 0.000000 0.000000 0.080821 0.996729
26.600000000 -26.863448 -3.322567 0.000000 0.000000 0.000000 0.080821 0.996729
26.700000000 -26.870776 -3.323168 0.000000 0.000000 0.000000 0.080821 0.996729
26.800000000 -26.874528 -3.323455 0.000000 0.000000 0.000000 0.080821 0.996729
26.900000000 -26.874710 -3.322722 0.000000 0.000000 0.000000 0.080821 0.996729
27.000000000 -26.871097 -3.321024 0.000000 0.000000 0.000000 0.080821 0.996729
27.100000000 -26.863781 -3.318003 0.000000 0.000000 0.000000 0.080821 0.996729
27.200000000 -26.853075 -3.314686 0.000000 0.000000 0.000000 0.080821 0.996729
27.300000000 -26.838942 -3.310691 0.000000 0.000000 0.000000 0.080821 0.996729
27.400000000 -26.821545 -3.306286 0.000000 0.000000 0.000000 0.080821 0.996729
27.500000000 -26.801619 -3.301092 0.000000 0.000000 0.000000 0.080821 0.996729
27.600000000 -26.781542 -3.295483 0.000000 0.000000 0.000000 0.080649 0.996743
27.700000000 -26.761699 -3.290460 0.000000 0.000000 0.000000 0.080649 0.996743
27.800000000 -26.741849 -3.285382 0.000000 0.000000 0.000000 0.080477 0.996756
27.900000000 -26.722081 -3.280608 0.000000 0.000000 0.000000 0.080305 0.996770
28.000000000 -26.702036 -3.275481 0.000000 0.000000 0.000000 0.080305 0.996770
28.100000000 -26.681722 -3.269871 0.000000 0.000000 0.000000 0.080305 0.996770
28.200000000 -26.661794 -3.264875 0.000000 0.000000 0.000000 0.080305 0.996770
28.300000000 -26.641659 -3.259735 0.000000 0.000000 0.000000 0.080305 0.996770
28.400000000 -26.621480 -3.254713 0.000000 0.000000 0.000000 0.080305 0.996770
28.500000000 -26.601484 -3.249542 0.000000 0.000000 0.000000 0.080305 0.996770
28.600000000 -26.581356 -3.244293 0.000000 0.000000 0.000000 0.080305 0.996770
28.700000000 -26.561361 -3.239340 0.000000 0.000000 0.000000 0.080305 0.996770
28.800000000 -26.541210 -3.234304 0.000000 0.000000 0.000000 0.080305 0.996770
28.900000000 -26.521076 -3.229108 0.000000 0.000000 0.000000 0.080305 0.996770
29.000000000 -26.501093 -3.224101 0.000000 0.000000 0.000000 0.080305 0.996770
29.100000000 -26.480660 -3.218650 0.000000 0.000000 0.000000 0.080305 0.996770
29.200000000 -26.460699 -3.213795 0.000000 0.000000 0.000000 0.080305 0.996770
29.300000000 -26.440666 -3.208573 0.000000 0.000000 0.000000 0.080305 0.996770
29.400000000 -26.420216 -3.203006 0.000000 0.000000 0.000000 0.080305 0.996770
29.500000000 -26.400362 -3.198243 0.000000 0.000000 0.000000 0.080305 0.996770
29.600000000 -26.380236 -3.193017 0.000000 0.000000 0.000000 0.080305 0.996770
29.700000000 -26.360313 -3.189236 0.000000 0.000000 0.000000 0.080305 0.996770
29.800000000 -26.340569 -3.184593 0.000000 0.000000 0.000000 0.080133 0.996784
29.900000000 -26.320969 -3.179816 0.000000 0.000000 0.000000 0.079834 0.996808
30.000000000 -26.301489 -3.175010 0.000000 0.000000 0.000000 0.079413 0.996842
30.100000000 -26.282731 -3.171023 0.000000 0.000000 0.000000 0.078869 0.996885
30.200000000 -26.263926 -3.166917 0.000000 0.000000 0.000000 0.078273 0.996932
30.300000000 -26.244863 -3.162764 0.000000 0.000000 0.000000 0.077606 0.996984
30.400000000 -26.223719 -3.159341 0.000000 0.000000 0.000000 0.076918 0.997037
30.500000000 -26.199303 -3.155525 0.000000 0.000000 0.000000 0.076208 0.997092
30.600000000 -26.171610 -3.151092 0.000000 0.000000 0.000000 0.075498 0.997146
30.700000000 -26.141142 -3.147434 0.000000 0.000000 0.000000 0.074810 0.997198
30.800000000 -26.106929 -3.142525 0.000000 0.000000 0.000000 0.074021 0.997257
30.900000000 -26.069015 -3.137336 0.000000 0.000000 0.000000 0.073195 0.997318
31.000000000 -26.028174 -3.131252 0.000000 0.000000 0.000000 0.072191 0.997391
31.100000000 -25.988259 -3.126109 0.000000 0.000000 0.000000 0.071011 0.997476
31.200000000 -25.947953 -3.120811 0.000000 0.000000 0.000000 0.069699 0.997568
31.300000000 -25.907548 -3.115453 0.000000 0.000000 0.000000 0.068218 0.997670
31.400000000 -25.867588 -3.110364 0.000000 0.000000 0.000000 0.066584 0.997781
31.500000000 -25.827293 -3.104856 0.000000 0.000000 0.000000 0.064835 0.997896
31.600000000 -25.786997 -3.099913 0.000000 0.000000 0.000000 0.062980 0.998015
31.700000000 -25.747194 -3.095668 0.000000 0.000000 0.000000 0.061008 0.998137
31.800000000 -25.706929 -3.091202 0.000000 0.000000 0.000000 0.058904 0.998264
31.900000000 -25.666496 -3.086812 0.000000 0.000000 0.000000 0.056745 0.998389
32.000000000 -25.625746 -3.082310 0.000000 0.000000 0.000000 0.054452 0.998516
32.100000000 -25.585344 -3.078321 0.000000 0.000000 0.000000 0.052100 0.998642
32.200000000 -25.544388 -3.074067 0.000000 0.000000 0.000000 0.049718 0.998763
32.300000000 -25.503389 -3.069385 0.000000 0.000000 0.000000 0.047261 0.998883
32.400000000 -25.461755 -3.064339 0.000000 0.000000 0.000000 0.044774 0.998997
32.500000000 -25.419916 -3.059687 0.000000 0.000000 0.000000 0.042222 0.999108
32.600000000 -25.377949 -3.054254 0.000000 0.000000 0.000000 0.039572 0.999217
32.700000000 -25.335671 -3.049174 0.000000 0.000000 0.000000 0.036883 0.999320
32.800000000 -25.293162 -3.043523 0.000000 0.000000 0.000000 0.034090 0.999419
32.900000000 -25.250283 -3.038071 0.000000 0.000000 0.000000 0.031239 0.999512
33.000000000 -25.206555 -3.031180 0.000000 0.000000 0.000000 0.028291 0.999600
33.100000000 -25.163180 -3.024931 0.000000 0.000000 0.000000 0.025252 0.999681
33.200000000 -25.119882 -3.019115 0.000000 0.000000 0.000000 0.022126 0.999755
33.300000000 -25.076327 -3.012964 0.000000 0.000000 0.000000 0.018916 0.999821
33.400000000 -25.032607 -3.007249 0.000000 0.000000 0.000000 0.015582 0.999879
33.500000000 -24.988853 -3.001279 0.000000 0.000000 0.000000 0.012074 0.999927
33.600000000 -24.945839 -2.995981 0.000000 0.000000 0.000000 0.008304 0.999966
33.700000000 -24.903368 -2.991467 0.000000 0.000000 0.000000 0.004409 0.999990
33.800000000 -24.860759 -2.986367 0.000000 0.000000 0.000000 0.000387 1.000000
33.900000000 -24.818308 -2.981885 0.000000 0.000000 0.000000 -0.003702 0.999993
34.000000000 -24.776071 -2.977105 0.000000 0.000000 0.000000 -0.007952 0.999968
34.100000000 -24.734329 -2.972841 0.000000 0.000000 0.000000 -0.012339 0.999924
34.200000000 -24.693068 -2.969227 0.000000 0.000000 0.000000 -0.016887 0.999857
34.300000000 -24.653406 -2.966868 0.000000 0.000000 0.000000 -0.021710 0.999764
34.400000000 -24.613323 -2.964869 0.000000 0.000000 0.000000 -0.026598 0.999646
34.500000000 -24.575215 -2.964728 0.000000 0.000000 0.000000 -0.031667 0.999498
34.600000000 -24.535237 -2.962453 0.000000 0.000000 0.000000 -0.036814 0.999322
34.700000000 -24.495795 -2.961177 0.000000 0.000000 0.000000 -0.042111 0.999113
34.800000000 -24.457030 -2.960171 0.000000 0.000000 0.000000 -0.047472 0.998873
34.900000000 -24.417921 -2.959019 0.000000 0.000000 0.000000 -0.052918 0.998599
35.000000000 -24.379269 -2.958544 0.000000 0.000000 0.000000 -0.058456 0.998290
35.100000000 -24.340210 -2.957409 0.000000 0.000000 0.000000 -0.064131 0.997941
35.200000000 -24.301457 -2.957287 0.000000 0.000000 0.000000 -0.069839 0.997558
35.300000000 -24.262007 -2.956531 0.000000 0.000000 0.000000 -0.075495 0.997146
35.400000000 -24.222458 -2.955366 0.000000 0.000000 0.000000 -0.081402 0.996681
35.500000000 -24.183117 -2.954401 0.000000 0.000000 0.000000 -0.087368 0.996176
35.600000000 -24.143608 -2.953863 0.000000 0.000000 0.000000 -0.093301 0.995638
35.700000000 -24.103985 -2.953026 0.000000 0.000000 0.000000 -0.099357 0.995052
35.800000000 -24.064139 -2.952353 0.000000 0.000000 0.000000 -0.105474 0.994422
35.900000000 -24.024061 -2.951460 0.000000 0.000000 0.000000 -0.111688 0.993743
36.000000000 -23.983717 -2.950525 0.000000 0.000000 0.000000 -0.117994 0.993014
36.100000000 -23.942711 -2.949493 0.000000 0.000000 0.000000 -0.124469 0.992223
36.200000000 -23.901910 -2.949089 0.000000 0.000000 0.000000 -0.131063 0.991374
36.300000000 -23.860835 -2.948131 0.000000 0.000000 0.000000 -0.137942 0.990440
36.400000000 -23.819760 -2.946725 0.000000 0.000000 0.000000 -0.145001 0.989432
36.500000000 -23.778534 -2.945034 0.000000 0.000000 0.000000 -0.152418 0.988316
36.600000000 -23.737518 -2.944113 0.000000 0.000000 0.000000 -0.159909 0.987132
36.700000000 -23.698004 -2.942726 0.000000 0.000000 0.000000 -0.167919 0.985801
36.800000000 -23.657746 -2.941659 0.000000 0.000000 0.000000 -0.175937 0.984401
36.900000000 -23.619077 -2.940632 0.000000 0.000000 0.000000 -0.184183 0.982892
37.000000000 -23.579846 -2.939659 0.000000 0.000000 0.000000 -0.192525 0.981292
37.100000000 -23.540998 -2.937786 0.000000 0.000000 0.000000 -0.200876 0.979617
37.200000000 -23.502753 -2.936247 0.000000 0.000000 0.000000 -0.209233 0.977866
37.300000000 -23.463981 -2.934955 0.000000 0.000000 0.000000 -0.217543 0.976051
37.400000000 -23.424788 -2.933271 0.000000 0.000000 0.000000 -0.225835 0.974166
37.500000000 -23.384242 -2.931518 0.000000 0.000000 0.000000 -0.234166 0.972197
37.600000000 -23.343997 -2.931870 0.000000 0.000000 0.000000 -0.242645 0.970115
37.700000000 -23.303083 -2.931415 0.000000 0.000000 0.000000 -0.251277 0.967915
37.800000000 -23.261639 -2.930126 0.000000 0.000000 0.000000 -0.260059 0.965593
37.900000000 -23.220863 -2.930413 0.000000 0.000000 0.000000 -0.268823 0.963190
38.000000000 -23.179643 -2.930637 0.000000 0.000000 0.000000 -0.277934 0.960600
38.100000000 -23.137835 -2.929171 0.000000 0.000000 0.000000 -0.286957 0.957943
38.200000000 -23.096096 -2.927430 0.000000 0.000000 0.000000 -0.296197 0.955127
38.300000000 -23.055476 -2.927494 0.000000 0.000000 0.000000 -0.305571 0.952169
38.400000000 -23.014703 -2.928094 0.000000 0.000000 0.000000 -0.314796 0.949159
38.500000000 -22.974048 -2.927403 0.000000 0.000000 0.000000 -0.324226 0.945980
38.600000000 -22.933615 -2.925910 0.000000 0.000000 0.000000 -0.333829 0.942634
38.700000000 -22.892736 -2.925918 0.000000 0.000000 0.000000 -0.343260 0.939240
38.800000000 -22.852077 -2.925802 0.000000 0.000000 0.000000 -0.352779 0.935707
38.900000000 -22.811391 -2.923794 0.000000 0.000000 0.000000 -0.362593 0.931948
39.000000000 -22.768870 -2.920436 0.000000 0.000000 0.000000 -0.371978 0.928242
39.100000000 -22.725965 -2.915999 0.000000 0.000000 0.000000 -0.381515 0.924363
39.200000000 -22.684192 -2.911868 0.000000 0.000000 0.000000 -0.391259 0.920280
39.300000000 -22.642132 -2.907408 0.000000 0.000000 0.000000 -0.400868 0.916136
39.400000000 -22.599457 -2.901095 0.000000 0.000000 0.000000 -0.410496 0.911863
39.500000000 -22.556831 -2.895782 0.000000 0.000000 0.000000 -0.420097 0.907479
39.600000000 -22.513978 -2.891217 0.000000 0.000000 0.000000 -0.429682 0.902980
39.700000000 -22.472001 -2.888790 0.000000 0.000000 0.000000 -0.439394 0.898295
39.800000000 -22.429137 -2.884891 0.000000 0.000000 0.000000 -0.448824 0.893620
39.900000000 -22.386016 -2.881475 0.000000 0.000000 0.000000 -0.458194 0.888852
40.000000000 -22.342682 -2.878315 0.000000 0.000000 0.000000 -0.467480 0.884004
40.100000000 -22.299698 -2.876052 0.000000 0.000000 0.000000 -0.476552 0.879146
40.200000000 -22.257309 -2.873698 0.000000 0.000000 0.000000 -0.485934 0.873995
40.300000000 -22.215515 -2.872151 0.000000 0.000000 0.000000 -0.495433 0.868646
40.400000000 -22.172860 -2.870883 0.000000 0.000000 0.000000 -0.504575 0.863368
40.500000000 -22.130837 -2.871118 0.000000 0.000000 0.000000 -0.513713 0.857962
40.600000000 -22.090280 -2.872810 0.000000 0.000000 0.000000 -0.523005 0.852330
40.700000000 -22.048952 -2.874689 0.000000 0.000000 0.000000 -0.532011 0.846737
40.800000000 -22.008388 -2.875908 0.000000 0.000000 0.000000 -0.541157 0.840921
40.900000000 -21.966504 -2.876464 0.000000 0.000000 0.000000 -0.550028 0.835146
41.000000000 -21.924934 -2.877912 0.000000 0.000000 0.000000 -0.558765 0.829326
41.100000000 -21.884014 -2.879673 0.000000 0.000000 0.000000 -0.567593 0.823309
41.200000000 -21.841707 -2.879282 0.000000 0.000000 0.000000 -0.576073 0.817398
41.300000000 -21.800244 -2.880107 0.000000 0.000000 0.000000 -0.584907 0.811101
41.400000000 -21.757717 -2.880779 0.000000 0.000000 0.000000 -0.593307 0.804976
41.500000000 -21.715835 -2.882226 0.000000 0.000000 0.000000 -0.601480 0.798888
41.600000000 -21.674658 -2.885526 0.000000 0.000000 0.000000 -0.610045 0.792366
41.700000000 -21.632811 -2.888802 0.000000 0.000000 0.000000 -0.618392 0.785870
41.800000000 -21.591855 -2.891206 0.000000 0.000000 0.000000 -0.626978 0.779037
41.900000000 -21.549928 -2.894979 0.000000 0.000000 0.000000 -0.635274 0.772287
42.000000000 -21.508232 -2.899293 0.000000 0.000000 0.000000 -0.643314 0.765602
42.100000000 -21.467328 -2.902226 0.000000 0.000000 0.000000 -0.651592 0.758569
42.200000000 -21.426262 -2.905430 0.000000 0.000000 0.000000 -0.659739 0.751495
42.300000000 -21.385085 -2.908091 0.000000 0.000000 0.000000 -0.667671 0.744456
42.400000000 -21.345230 -2.909417 0.000000 0.000000 0.000000 -0.675680 0.737195
42.500000000 -21.304101 -2.910682 0.000000 0.000000 0.000000 -0.683236 0.730197
42.600000000 -21.262240 -2.913049 0.000000 0.000000 0.000000 -0.690863 0.722985
42.700000000 -21.221682 -2.916892 0.000000 0.000000 0.000000 -0.698510 0.715600
42.800000000 -21.182035 -2.919301 0.000000 0.000000 0.000000 -0.706139 0.708073
42.900000000 -21.141418 -2.920941 0.000000 0.000000 0.000000 -0.713610 0.700543
43.000000000 -21.100890 -2.923014 0.000000 0.000000 0.000000 -0.720823 0.693119
43.100000000 -21.061209 -2.924523 0.000000 0.000000 0.000000 -0.728110 0.685460
43.200000000 -21.021401 -2.926253 0.000000 0.000000 0.000000 -0.735235 0.677812
43.300000000 -20.980949 -2.927168 0.000000 0.000000 0.000000 -0.742314 0.670052
43.400000000 -20.941313 -2.928357 0.000000 0.000000 0.000000 -0.749368 0.662154
43.500000000 -20.901810 -2.929865 0.000000 0.000000 0.000000 -0.756442 0.654061
43.600000000 -20.862222 -2.931045 0.000000 0.000000 0.000000 -0.763190 0.646174
43.700000000 -20.823072 -2.932477 0.000000 0.000000 0.000000 -0.769855 0.638219
43.800000000 -20.784312 -2.934716 0.000000 0.000000 0.000000 -0.776494 0.630125
43.900000000 -20.745947 -2.937665 0.000000 0.000000 0.000000 -0.782959 0.622073
44.000000000 -20.707374 -2.939635 0.000000 0.000000 0.000000 -0.789624 0.613591
44.100000000 -20.669452 -2.943155 0.000000 0.000000 0.000000 -0.795938 0.605379
44.200000000 -20.631484 -2.946800 0.000000 0.000000 0.000000 -0.802192 0.597066
44.300000000 -20.592604 -2.948200 0.000000 0.000000 0.000000 -0.808582 0.588383
44.400000000 -20.553871 -2.949865 0.000000 0.000000 0.000000 -0.814659 0.579940
44.500000000 -20.515992 -2.952782 0.000000 0.000000 0.000000 -0.820896 0.571077
44.600000000 -20.477517 -2.954843 0.000000 0.000000 0.000000 -0.826905 0.562341
44.700000000 -20.439390 -2.957357 0.000000 0.000000 0.000000 -0.832829 0.553531
44.800000000 -20.401625 -2.960543 0.000000 0.000000 0.000000 -0.838709 0.544580
44.900000000 -20.362884 -2.963057 0.000000 0.000000 0.000000 -0.844432 0.535663
45.000000000 -20.325103 -2.965286 0.000000 0.000000 0.000000 -0.850265 0.526355
45.100000000 -20.288066 -2.970600 0.000000 0.000000 0.000000 -0.855882 0.517172
45.200000000 -20.250124 -2.974388 0.000000 0.000000 0.000000 -0.861290 0.508113
45.300000000 -20.211744 -2.976245 0.000000 0.000000 0.000000 -0.866751 0.498741
45.400000000 -20.173577 -2.979138 0.000000 0.000000 0.000000 -0.872089 0.489348
45.500000000 -20.136167 -2.981938 0.000000 0.000000 0.000000 -0.877512 0.479555
45.600000000 -20.098022 -2.984619 0.000000 0.000000 0.000000 -0.882747 0.469848
45.700000000 -20.060424 -2.987230 0.000000 0.000000 0.000000 -0.887852 0.460130
45.800000000 -20.022943 -2.990144 0.000000 0.000000 0.000000 -0.892970 0.450116
45.900000000 -19.985451 -2.993410 0.000000 0.000000 0.000000 -0.897990 0.440015
46.000000000 -19.948412 -2.996929 0.000000 0.000000 0.000000 -0.902851 0.429954
46.100000000 -19.911238 -2.999991 0.000000 0.000000 0.000000 -0.907741 0.419532
46.200000000 -19.873165 -3.002650 0.000000 0.000000 0.000000 -0.912429 0.409236
46.300000000 -19.835756 -3.005081 0.000000 0.000000 0.000000 -0.917099 0.398660
46.400000000 -19.798919 -3.008481 0.000000 0.000000 0.000000 -0.921496 0.388387
46.500000000 -19.761425 -3.012043 0.000000 0.000000 0.000000 -0.925748 0.378142
46.600000000 -19.723079 -3.013038 0.000000 0.000000 0.000000 -0.930047 0.367440
46.700000000 -19.684821 -3.015127 0.000000 0.000000 0.000000 -0.934052 0.357136
46.800000000 -19.647155 -3.017051 0.000000 0.000000 0.000000 -0.938001 0.346633
46.900000000 -19.609589 -3.019866 0.000000 0.000000 0.000000 -0.941770 0.336259
47.000000000 -19.571226 -3.021868 0.000000 0.000000 0.000000 -0.945292 0.326224
47.100000000 -19.533233 -3.023413 0.000000 0.000000 0.000000 -0.948803 0.315867
47.200000000 -19.495094 -3.026442 0.000000 0.000000 0.000000 -0.952066 0.305893
47.300000000 -19.456954 -3.029966 0.000000 0.000000 0.000000 -0.955246 0.295814
47.400000000 -19.419550 -3.033074 0.000000 0.000000 0.000000 -0.958385 0.285478
47.500000000 -19.381505 -3.035732 0.000000 0.000000 0.000000 -0.961207 0.275828
47.600000000 -19.342983 -3.038898 0.000000 0.000000 0.000000 -0.963982 0.265969
47.700000000 -19.304814 -3.041883 0.000000 0.000000 0.000000 -0.966661 0.256060
47.800000000 -19.267105 -3.045413 0.000000 0.000000 0.000000 -0.969185 0.246334
47.900000000 -19.228940 -3.048579 0.000000 0.000000 0.000000 -0.971592 0.236662
48.000000000 -19.190663 -3.050392 0.000000 0.000000 0.000000 -0.973870 0.227105
48.100000000 -19.151709 -3.051818 0.000000 0.000000 0.000000 -0.975992 0.217808
48.200000000 -19.113105 -3.054069 0.000000 0.000000 0.000000 -0.977976 0.208718
48.300000000 -19.074606 -3.056659 0.000000 0.000000 0.000000 -0.979877 0.199601
48.400000000 -19.035571 -3.058032 0.000000 0.000000 0.000000 -0.981650 0.190693
48.500000000 -18.996948 -3.059631 0.000000 0.000000 0.000000 -0.983279 0.182107
48.600000000 -18.957351 -3.060809 0.000000 0.000000 0.000000 -0.984834 0.173499
48.700000000 -18.917461 -3.061159 0.000000 0.000000 0.000000 -0.986278 0.165091
48.800000000 -18.878274 -3.061508 0.000000 0.000000 0.000000 -0.987640 0.156741
48.900000000 -18.840032 -3.060729 0.000000 0.000000 0.000000 -0.988920 0.148452
49.000000000 -18.801490 -3.059515 0.000000 0.000000 0.000000 -0.990138 0.140092
49.100000000 -18.762669 -3.058391 0.000000 0.000000 0.000000 -0.991248 0.132016
49.200000000 -18.724230 -3.057117 0.000000 0.000000 0.000000 -0.992325 0.123659
49.300000000 -18.686037 -3.057291 0.000000 0.000000 0.000000 -0.993334 0.115273
49.400000000 -18.647795 -3.058070 0.000000 0.000000 0.000000 -0.994260 0.106993
49.500000000 -18.609713 -3.058686 0.000000 0.000000 0.000000 -0.995107 0.098801
49.600000000 -18.570175 -3.060863 0.000000 0.000000 0.000000 -0.995859 0.090913
49.700000000 -18.530778 -3.063218 0.000000 0.000000 0.000000 -0.996540 0.083111
49.800000000 -18.491599 -3.065808 0.000000 0.000000 0.000000 -0.997131 0.075693
49.900000000 -18.452537 -3.068514 0.000000 0.000000 0.000000 -0.997654 0.068451
50.000000000 -18.413610 -3.070947 0.000000 0.000000 0.000000 -0.998112 0.061417
50.100000000 -18.374434 -3.072885 0.000000 0.000000 0.000000 -0.998521 0.054366
50.200000000 -18.335545 -3.073532 0.000000 0.000000 0.000000 -0.998868 0.047563
50.300000000 -18.296856 -3.074456 0.000000 0.000000 0.000000 -0.999164 0.040876
50.400000000 -18.257994 -3.075554 0.000000 0.000000 0.000000 -0.999412 0.034292
50.500000000 -18.218709 -3.075780 0.000000 0.000000 0.000000 -0.999613 0.027803
50.600000000 -18.179451 -3.075856 0.000000 0.000000 0.000000 -0.999771 0.021401
50.700000000 -18.140502 -3.076124 0.000000 0.000000 0.000000 -0.999887 0.015064
50.800000000 -18.101422 -3.076589 0.000000 0.000000 0.000000 -0.999961 0.008819
50.900000000 -18.062768 -3.076824 0.000000 0.000000 0.000000 -0.999997 0.002589
51.000000000 -18.023875 -3.077037 0.000000 0.000000 0.000000 0.999994 0.003551
51.100000000 -17.985093 -3.077370 0.000000 0.000000 0.000000 0.999954 0.009627
51.200000000 -17.946098 -3.077848 0.000000 0.000000 0.000000 0.999878 0.015637
51.300000000 -17.907507 -3.078393 0.000000 0.000000 0.000000 0.999767 0.021593
51.400000000 -17.868922 -3.078554 0.000000 0.000000 0.000000 0.999621 0.027537
51.500000000 -17.830585 -3.078337 0.000000 0.000000 0.000000 0.999440 0.033474
51.600000000 -17.791894 -3.078112 0.000000 0.000000 0.000000 0.999226 0.039342
51.700000000 -17.753270 -3.078239 0.000000 0.000000 0.000000 0.998985 0.045045
51.800000000 -17.714673 -3.078997 0.000000 0.000000 0.000000 0.998707 0.050844
51.900000000 -17.675820 -3.079508 0.000000 0.000000 0.000000 0.998393 0.056662
52.000000000 -17.637097 -3.080526 0.000000 0.000000 0.000000 0.998050 0.062419
52.100000000 -17.598524 -3.081028 0.000000 0.000000 0.000000 0.997683 0.068035
52.200000000 -17.559845 -3.081660 0.000000 0.000000 0.000000 0.997285 0.073639
52.300000000 -17.521263 -3.082551 0.000000 0.000000 0.000000 0.996860 0.079184
52.400000000 -17.482399 -3.084163 0.000000 0.000000 0.000000 0.996404 0.084725
52.500000000 -17.443496 -3.085592 0.000000 0.000000 0.000000 0.995924 0.090199
52.600000000 -17.404612 -3.087297 0.000000 0.000000 0.000000 0.995418 0.095620
52.700000000 -17.365891 -3.088985 0.000000 0.000000 0.000000 0.994894 0.100924
52.800000000 -17.326637 -3.090390 0.000000 0.000000 0.000000 0.994344 0.106208
52.900000000 -17.287243 -3.091869 0.000000 0.000000 0.000000 0.993773 0.111424
53.000000000 -17.247555 -3.093493 0.000000 0.000000 0.000000 0.993178 0.116607
53.100000000 -17.208013 -3.095872 0.000000 0.000000 0.000000 0.992568 0.121691
53.200000000 -17.168408 -3.098545 0.000000 0.000000 0.000000 0.991941 0.126700
53.300000000 -17.128990 -3.101350 0.000000 0.000000 0.000000 0.991303 0.131602
53.400000000 -17.089388 -3.103536 0.000000 0.000000 0.000000 0.990634 0.136546
53.500000000 -17.049807 -3.106443 0.000000 0.000000 0.000000 0.989949 0.141426
53.600000000 -17.010361 -3.109164 0.000000 0.000000 0.000000 0.989246 0.146261
53.700000000 -16.970382 -3.111664 0.000000 0.000000 0.000000 0.988544 0.150933
53.800000000 -16.930404 -3.114474 0.000000 0.000000 0.000000 0.987825 0.155571
53.900000000 -16.890194 -3.116887 0.000000 0.000000 0.000000 0.987103 0.160088
54.000000000 -16.850155 -3.119225 0.000000 0.000000 0.000000 0.986353 0.164646
54.100000000 -16.809898 -3.121989 0.000000 0.000000 0.000000 0.985613 0.169015
54.200000000 -16.769780 -3.125076 0.000000 0.000000 0.000000 0.984871 0.173291
54.300000000 -16.729791 -3.128690 0.000000 0.000000 0.000000 0.984120 0.177503
54.400000000 -16.689443 -3.132031 0.000000 0.000000 0.000000 0.983362 0.181656
54.500000000 -16.648932 -3.135113 0.000000 0.000000 0.000000 0.982581 0.185833
54.600000000 -16.608689 -3.138241 0.000000 0.000000 0.000000 0.981811 0.189863
54.700000000 -16.568602 -3.141570 0.000000 0.000000 0.000000 0.981041 0.193800
54.800000000 -16.528427 -3.144469 0.000000 0.000000 0.000000 0.980253 0.197745
54.900000000 -16.488323 -3.147983 0.000000 0.000000 0.000000 0.979447 0.201702
55.000000000 -16.448175 -3.151191 0.000000 0.000000 0.000000 0.978596 0.205789
55.100000000 -16.407944 -3.154604 0.000000 0.000000 0.000000 0.977778 0.209644
55.200000000 -16.367752 -3.157875 0.000000 0.000000 0.000000 0.976952 0.213458
55.300000000 -16.327465 -3.161509 0.000000 0.000000 0.000000 0.976097 0.217335
55.400000000 -16.287429 -3.165124 0.000000 0.000000 0.000000 0.975257 0.221075
55.500000000 -16.247347 -3.168674 0.000000 0.000000 0.000000 0.974434 0.224673
55.600000000 -16.207123 -3.172582 0.000000 0.000000 0.000000 0.973577 0.228361
55.700000000 -16.166872 -3.176193 0.000000 0.000000 0.000000 0.972703 0.232053
55.800000000 -16.126463 -3.179684 0.000000 0.000000 0.000000 0.971829 0.235688
55.900000000 -16.086010 -3.183120 0.000000 0.000000 0.000000 0.970946 0.239300
56.000000000 -16.045603 -3.186475 0.000000 0.000000 0.000000 0.970032 0.242978
56.100000000 -16.005292 -3.190137 0.000000 0.000000 0.000000 0.969139 0.246513
56.200000000 -15.965058 -3.193789 0.000000 0.000000 0.000000 0.968221 0.250096
56.300000000 -15.924994 -3.197449 0.000000 0.000000 0.000000 0.967317 0.253568
56.400000000 -15.885050 -3.200941 0.000000 0.000000 0.000000 0.966395 0.257062
56.500000000 -15.844793 -3.204319 0.000000 0.000000 0.000000 0.965431 0.260657
56.600000000 -15.804744 -3.207623 0.000000 0.000000 0.000000 0.964451 0.264261
56.700000000 -15.764700 -3.210931 0.000000 0.000000 0.000000 0.963461 0.267850
56.800000000 -15.724856 -3.214568 0.000000 0.000000 0.000000 0.962447 0.271469
56.900000000 -15.684715 -3.218291 0.000000 0.000000 0.000000 0.961458 0.274952
57.000000000 -15.644738 -3.222190 0.000000 0.000000 0.000000 0.960462 0.278412
57.100000000 -15.604742 -3.225973 0.000000 0.000000 0.000000 0.959474 0.281796
57.200000000 -15.564888 -3.229600 0.000000 0.000000 0.000000 0.958481 0.285157
57.300000000 -15.524984 -3.232978 0.000000 0.000000 0.000000 0.957475 0.288518
57.400000000 -15.484959 -3.236550 0.000000 0.000000 0.000000 0.956468 0.291838
57.500000000 -15.445373 -3.239807 0.000000 0.000000 0.000000 0.955448 0.295159
57.600000000 -15.405722 -3.243372 0.000000 0.000000 0.000000 0.954425 0.298452
57.700000000 -15.366070 -3.246576 0.000000 0.000000 0.000000 0.953399 0.301713
57.800000000 -15.326319 -3.250298 0.000000 0.000000 0.000000 0.952358 0.304982
57.900000000 -15.286337 -3.253877 0.000000 0.000000 0.000000 0.951313 0.308227
58.000000000 -15.246118 -3.257224 0.000000 0.000000 0.000000 0.950230 0.311551
58.100000000 -15.206055 -3.260660 0.000000 0.000000 0.000000 0.949150 0.314826
58.200000000 -15.165772 -3.264505 0.000000 0.000000 0.000000 0.948024 0.318198
58.300000000 -15.125920 -3.267808 0.000000 0.000000 0.000000 0.946947 0.321390
58.400000000 -15.086130 -3.271395 0.000000 0.000000 0.000000 0.945860 0.324575
58.500000000 -15.046411 -3.274883 0.000000 0.000000 0.000000 0.944784 0.327693
58.600000000 -15.006434 -3.278291 0.000000 0.000000 0.000000 0.943692 0.330824
58.700000000 -14.966620 -3.281789 0.000000 0.000000 0.000000 0.942587 0.333960
58.800000000 -14.926934 -3.285293 0.000000 0.000000 0.000000 0.941487 0.337050
58.900000000 -14.887173 -3.288476 0.000000 0.000000 0.000000 0.940376 0.340137
59.000000000 -14.847551 -3.291941 0.000000 0.000000 0.000000 0.939269 0.343181
59.100000000 -14.807874 -3.294974 0.000000 0.000000 0.000000 0.938155 0.346217
59.200000000 -14.768134 -3.298245 0.000000 0.000000 0.000000 0.937030 0.349249
59.300000000 -14.728534 -3.301565 0.000000 0.000000 0.000000 0.935910 0.352239
59.400000000 -14.688645 -3.304828 0.000000 0.000000 0.000000 0.934779 0.355229
59.500000000 -14.648742 -3.307538 0.000000 0.000000 0.000000 0.933639 0.358216
59.600000000 -14.609155 -3.310427 0.000000 0.000000 0.000000 0.932500 0.361169
59.700000000 -14.569445 -3.312652 0.000000 0.000000 0.000000 0.931363 0.364091
59.800000000 -14.529547 -3.315158 0.000000 0.000000 0.000000 0.930222 0.366997
59.900000000 -14.490040 -3.317706 0.000000 0.000000 0.000000 0.929077 0.369886
60.000000000 -14.450107 -3.320531 0.000000 0.000000 0.000000 0.927916 0.372789
60.100000000 -14.409910 -3.323440 0.000000 0.000000 0.000000 0.926739 0.375706
60.200000000 -14.370322 -3.325699 0.000000 0.000000 0.000000 0.925578 0.378557
60.300000000 -14.330385 -3.328160 0.000000 0.000000 0.000000 0.924397 0.381431
60.400000000 -14.290824 -3.330405 0.000000 0.000000 0.000000 0.923228 0.384253
60.500000000 -14.251740 -3.331977 0.000000 0.000000 0.000000 0.922059 0.387048
60.600000000 -14.212580 -3.334036 0.000000 0.000000 0.000000 0.920894 0.389813
60.700000000 -14.173599 -3.336046 0.000000 0.000000 0.000000 0.919724 0.392565
60.800000000 -14.134286 -3.338350 0.000000 0.000000 0.000000 0.918550 0.395304
60.900000000 -14.095013 -3.340860 0.000000 0.000000 0.000000 0.917378 0.398016
61.000000000 -14.055867 -3.342981 0.000000 0.000000 0.000000 0.916200 0.400721
61.100000000 -14.016574 -3.345033 0.000000 0.000000 0.000000 0.915014 0.403422
61.200000000 -13.977648 -3.346861 0.000000 0.000000 0.000000 0.913822 0.406115
61.300000000 -13.938725 -3.348539 0.000000 0.000000 0.000000 0.912628 0.408790
61.400000000 -13.899792 -3.349814 0.000000 0.000000 0.000000 0.911435 0.411444
61.500000000 -13.860543 -3.351339 0.000000 0.000000 0.000000 0.910247 0.414065
61.600000000 -13.821658 -3.352737 0.000000 0.000000 0.000000 0.909049 0.416688
61.700000000 -13.782651 -3.354269 0.000000 0.000000 0.000000 0.907853 0.419289
61.800000000 -13.743435 -3.355483 0.000000 0.000000 0.000000 0.906647 0.421891
61.900000000 -13.704227 -3.356653 0.000000 0.000000 0.000000 0.905444 0.424466
62.000000000 -13.665078 -3.357763 0.000000 0.000000 0.000000 0.904241 0.427023
62.100000000 -13.625885 -3.359260 0.000000 0.000000 0.000000 0.903035 0.429567
62.200000000 -13.586960 -3.359994 0.000000 0.000000 0.000000 0.901824 0.432103
62.300000000 -13.547985 -3.360846 0.000000 0.000000 0.000000 0.900620 0.434607
62.400000000 -13.508951 -3.362029 0.000000 0.000000 0.000000 0.899414 0.437098
62.500000000 -13.470217 -3.362716 0.000000 0.000000 0.000000 0.898198 0.439590
62.600000000 -13.431494 -3.363405 0.000000 0.000000 0.000000 0.896995 0.442040
62.700000000 -13.393325 -3.363724 0.000000 0.000000 0.000000 0.895759 0.444540
62.800000000 -13.354418 -3.364491 0.000000 0.000000 0.000000 0.894547 0.446974
62.900000000 -13.315732 -3.365107 0.000000 0.000000 0.000000 0.893326 0.449409
63.000000000 -13.277026 -3.366008 0.000000 0.000000 0.000000 0.892106 0.451826
63.100000000 -13.238382 -3.366416 0.000000 0.000000 0.000000 0.890879 0.454240
63.200000000 -13.199779 -3.366561 0.000000 0.000000 0.000000 0.889661 0.456621
63.300000000 -13.161138 -3.366664 0.000000 0.000000 0.000000 0.888442 0.458989
63.400000000 -13.122828 -3.366569 0.000000 0.000000 0.000000 0.887201 0.461383
63.500000000 -13.084463 -3.366059 0.000000 0.000000 0.000000 0.885959 0.463764
63.600000000 -13.046101 -3.365544 0.000000 0.000000 0.000000 0.884713 0.466137
63.700000000 -13.007710 -3.364961 0.000000 0.000000 0.000000 0.883479 0.468472
63.800000000 -12.968883 -3.364645 0.000000 0.000000 0.000000 0.882301 0.470686
63.900000000 -12.930550 -3.364025 0.000000 0.000000 0.000000 0.881079 0.472969
64.000000000 -12.892584 -3.363379 0.000000 0.000000 0.000000 0.879852 0.475249
64.100000000 -12.854396 -3.362758 0.000000 0.000000 0.000000 0.878612 0.477535
64.200000000 -12.816376 -3.362208 0.000000 0.000000 0.000000 0.877381 0.479794
64.300000000 -12.778326 -3.361762 0.000000 0.000000 0.000000 0.876147 0.482044
64.400000000 -12.740334 -3.361060 0.000000 0.000000 0.000000 0.874913 0.484281
64.500000000 -12.702140 -3.360256 0.000000 0.000000 0.000000 0.873690 0.486484
64.600000000 -12.664337 -3.359467 0.000000 0.000000 0.000000 0.872427 0.488744
64.700000000 -12.626417 -3.358193 0.000000 0.000000 0.000000 0.871176 0.490972
64.800000000 -12.588656 -3.357268 0.000000 0.000000 0.000000 0.869953 0.493134
64.900000000 -12.550910 -3.355812 0.000000 0.000000 0.000000 0.868708 0.495324
65.000000000 -12.513236 -3.354290 0.000000 0.000000 0.000000 0.867466 0.497496
65.100000000 -12.475632 -3.353254 0.000000 0.000000 0.000000 0.866210 0.499680
65.200000000 -12.438005 -3.352077 0.000000 0.000000 0.000000 0.864975 0.501814
65.300000000 -12.400345 -3.351244 0.000000 0.000000 0.000000 0.863745 0.503930
65.400000000 -12.362496 -3.350347 0.000000 0.000000 0.000000 0.862543 0.505984
65.500000000 -12.325019 -3.349340 0.000000 0.000000 0.000000 0.861302 0.508093
65.600000000 -12.287495 -3.348344 0.000000 0.000000 0.000000 0.860044 0.510221
65.700000000 -12.249945 -3.347207 0.000000 0.000000 0.000000 0.858805 0.512303
65.800000000 -12.212438 -3.346030 0.000000 0.000000 0.000000 0.857558 0.514388
65.900000000 -12.174922 -3.344785 0.000000 0.000000 0.000000 0.856344 0.516405
66.000000000 -12.137377 -3.343951 0.000000 0.000000 0.000000 0.855123 0.518425
66.100000000 -12.099958 -3.342677 0.000000 0.000000 0.000000 0.853874 0.520480
66.200000000 -12.062438 -3.341743 0.000000 0.000000 0.000000 0.852653 0.522478
66.300000000 -12.025055 -3.340472 0.000000 0.000000 0.000000 0.851400 0.524516
66.400000000 -11.987658 -3.339388 0.000000 0.000000 0.000000 0.850173 0.526503
66.500000000 -11.950136 -3.338071 0.000000 0.000000 0.000000 0.848931 0.528503
66.600000000 -11.912688 -3.337194 0.000000 0.000000 0.000000 0.847685 0.530501
66.700000000 -11.875242 -3.335980 0.000000 0.000000 0.000000 0.846464 0.532446
66.800000000 -11.837702 -3.334641 0.000000 0.000000 0.000000 0.845235 0.534394
66.900000000 -11.800410 -3.333616 0.000000 0.000000 0.000000 0.844027 0.536301
67.000000000 -11.762906 -3.332438 0.000000 0.000000 0.000000 0.842825 0.538188
67.100000000 -11.725598 -3.330887 0.000000 0.000000 0.000000 0.841604 0.540095
67.200000000 -11.688398 -3.329794 0.000000 0.000000 0.000000 0.840408 0.541954
67.300000000 -11.651221 -3.328682 0.000000 0.000000 0.000000 0.839197 0.543828
67.400000000 -11.613840 -3.327366 0.000000 0.000000 0.000000 0.838030 0.545625
67.500000000 -11.576592 -3.326441 0.000000 0.000000 0.000000 0.836855 0.547424
67.600000000 -11.539258 -3.325466 0.000000 0.000000 0.000000 0.835606 0.549329
67.700000000 -11.501883 -3.324297 0.000000 0.000000 0.000000 0.834439 0.551100
67.800000000 -11.464588 -3.323192 0.000000 0.000000 0.000000 0.833257 0.552886
67.900000000 -11.427382 -3.322627 0.000000 0.000000 0.000000 0.832074 0.554664
68.000000000 -11.389900 -3.321653 0.000000 0.000000 0.000000 0.830896 0.556428
68.100000000 -11.352714 -3.321253 0.000000 0.000000 0.000000 0.829713 0.558190
68.200000000 -11.315488 -3.320501 0.000000 0.000000 0.000000 0.828539 0.559931
68.300000000 -11.278232 -3.319931 0.000000 0.000000 0.000000 0.827390 0.561628
68.400000000 -11.240997 -3.319175 0.000000 0.000000 0.000000 0.826228 0.563335
68.500000000 -11.203772 -3.318571 0.000000 0.000000 0.000000 0.825088 0.565004
68.600000000 -11.166495 -3.317835 0.000000 0.000000 0.000000 0.823966 0.566639
68.700000000 -11.129408 -3.317081 0.000000 0.000000 0.000000 0.822841 0.568272
68.800000000 -11.092107 -3.316522 0.000000 0.000000 0.000000 0.821716 0.569897
68.900000000 -11.055045 -3.315536 0.000000 0.000000 0.000000 0.820624 0.571469
69.000000000 -11.017851 -3.314545 0.000000 0.000000 0.000000 0.819541 0.573020
69.100000000 -10.980672 -3.313692 0.000000 0.000000 0.000000 0.818461 0.574562
69.200000000 -10.943601 -3.312842 0.000000 0.000000 0.000000 0.817387 0.576090
69.300000000 -10.906502 -3.312102 0.000000 0.000000 0.000000 0.816305 0.577621
69.400000000 -10.869391 -3.311199 0.000000 0.000000 0.000000 0.815253 0.579105
69.500000000 -10.832338 -3.310224 0.000000 0.000000 0.000000 0.814203 0.580580
69.600000000 -10.795343 -3.309625 0.000000 0.000000 0.000000 0.813175 0.582020
69.700000000 -10.758170 -3.308596 0.000000 0.000000 0.000000 0.812139 0.583464
69.800000000 -10.720995 -3.307917 0.000000 0.000000 0.000000 0.811096 0.584913
69.900000000 -10.683969 -3.307114 0.000000 0.000000 0.000000 0.810075 0.586327
70.000000000 -10.646811 -3.306410 0.000000 0.000000 0.000000 0.809041 0.587752
70.100000000 -10.609587 -3.305670 0.000000 0.000000 0.000000 0.808015 0.589162
70.200000000 -10.572446 -3.304896 0.000000 0.000000 0.000000 0.807033 0.590506
70.300000000 -10.535524 -3.304107 0.000000 0.000000 0.000000 0.806065 0.591827
70.400000000 -10.498376 -3.303380 0.000000 0.000000 0.000000 0.805117 0.593117
70.500000000 -10.461411 -3.302665 0.000000 0.000000 0.000000 0.804166 0.594405
70.600000000 -10.424402 -3.301805 0.000000 0.000000 0.000000 0.803259 0.595630
70.700000000 -10.387388 -3.301000 0.000000 0.000000 0.000000 0.802327 0.596885
70.800000000 -10.350463 -3.300104 0.000000 0.000000 0.000000 0.801422 0.598100
70.900000000 -10.313306 -3.299358 0.000000 0.000000 0.000000 0.800491 0.599344
71.000000000 -10.277079 -3.299251 0.000000 0.000000 0.000000 0.799571 0.600572
71.100000000 -10.239983 -3.298218 0.000000 0.000000 0.000000 0.798696 0.601734
71.200000000 -10.202549 -3.299213 0.000000 0.000000 0.000000 0.797871 0.602828
71.300000000 -10.164301 -3.303487 0.000000 0.000000 0.000000 0.797006 0.603972
71.400000000 -10.125108 -3.310744 0.000000 0.000000 0.000000 0.796152 0.605097
71.500000000 -10.085235 -3.321417 0.000000 0.000000 0.000000 0.795302 0.606213
71.600000000 -10.044465 -3.335321 0.000000 0.000000 0.000000 0.794458 0.607320
71.700000000 -10.003035 -3.352363 0.000000 0.000000 0.000000 0.793605 0.608433
71.800000000 -9.960751 -3.372857 0.000000 0.000000 0.000000 0.792751 0.609546
71.900000000 -9.917748 -3.396575 0.000000 0.000000 0.000000 0.791942 0.610596
72.000000000 -9.873841 -3.423766 0.000000 0.000000 0.000000 0.791181 0.611582
72.100000000 -9.829140 -3.454578 0.000000 0.000000 0.000000 0.790457 0.612518
72.200000000 -9.783525 -3.488616 0.000000 0.000000 0.000000 0.789779 0.613391
72.300000000 -9.737238 -3.526322 0.000000 0.000000 0.000000 0.789199 0.614138
72.400000000 -9.690219 -3.567606 0.000000 0.000000 0.000000 0.788725 0.614747
72.500000000 -9.642225 -3.612691 0.000000 0.000000 0.000000 0.788373 0.615198
72.600000000 -9.592466 -3.662503 0.000000 0.000000 0.000000 0.788266 0.615334
72.700000000 -9.539980 -3.716942 0.000000 0.000000 0.000000 0.788450 0.615099
72.800000000 -9.486528 -3.773744 0.000000 0.000000 0.000000 0.788847 0.614589
72.900000000 -9.433848 -3.832926 0.000000 0.000000 0.000000 0.789418 0.613855
73.000000000 -9.381356 -3.895323 0.000000 0.000000 0.000000 0.790341 0.612667
73.100000000 -9.328566 -3.961041 0.000000 0.000000 0.000000 0.791609 0.611028
73.200000000 -9.275911 -4.030667 0.000000 0.000000 0.000000 0.793300 0.608831
73.300000000 -9.222715 -4.103654 0.000000 0.000000 0.000000 0.795447 0.606024
73.400000000 -9.168109 -4.180321 0.000000 0.000000 0.000000 0.797927 0.602754
73.500000000 -9.111772 -4.260393 0.000000 0.000000 0.000000 0.800576 0.599231
73.600000000 -9.054444 -4.343053 0.000000 0.000000 0.000000 0.803337 0.595524
73.700000000 -8.996705 -4.429565 0.000000 0.000000 0.000000 0.806116 0.591758
73.800000000 -8.938311 -4.519200 0.000000 0.000000 0.000000 0.808884 0.587968
73.900000000 -8.879170 -4.611516 0.000000 0.000000 0.000000 0.811599 0.584215
74.000000000 -8.819680 -4.706543 0.000000 0.000000 0.000000 0.814219 0.580558
74.100000000 -8.759541 -4.804260 0.000000 0.000000 0.000000 0.816705 0.577056
74.200000000 -8.698317 -4.904804 0.000000 0.000000 0.000000 0.819020 0.573766
74.300000000 -8.634577 -5.008430 0.000000 0.000000 0.000000 0.821101 0.570782
74.400000000 -8.567771 -5.115763 0.000000 0.000000 0.000000 0.822849 0.568260
74.500000000 -8.498647 -5.226192 0.000000 0.000000 0.000000 0.824292 0.566166
74.600000000 -8.428460 -5.339668 0.000000 0.000000 0.000000 0.825417 0.564523
74.700000000 -8.359339 -5.455495 0.000000 0.000000 0.000000 0.826249 0.563305
74.800000000 -8.289762 -5.573804 0.000000 0.000000 0.000000 0.826832 0.562449
74.900000000 -8.219277 -5.694671 0.000000 0.000000 0.000000 0.827195 0.561915
75.000000000 -8.146132 -5.818799 0.000000 0.000000 0.000000 0.827332 0.561713
75.100000000 -8.069971 -5.946001 0.000000 0.000000 0.000000 0.827332 0.561713
75.200000000 -7.991834 -6.075974 0.000000 0.000000 0.000000 0.827010 0.562187
75.300000000 -7.913756 -6.208869 0.000000 0.000000 0.000000 0.826478 0.562968
75.400000000 -7.835782 -6.344657 0.000000 0.000000 0.000000 0.825764 0.564016
75.500000000 -7.756849 -6.483333 0.000000 0.000000 0.000000 0.824860 0.565338
75.600000000 -7.676466 -6.624960 0.000000 0.000000 0.000000 0.823803 0.566877
75.700000000 -7.594156 -6.770039 0.000000 0.000000 0.000000 0.822618 0.568594
75.800000000 -7.510130 -6.918099 0.000000 0.000000 0.000000 0.821344 0.570433
75.900000000 -7.424877 -7.069249 0.000000 0.000000 0.000000 0.819991 0.572376
76.000000000 -7.338565 -7.223127 0.000000 0.000000 0.000000 0.818606 0.574356
76.100000000 -7.251172 -7.379842 0.000000 0.000000 0.000000 0.817180 0.576383
76.200000000 -7.162892 -7.539630 0.000000 0.000000 0.000000 0.815749 0.578406
76.300000000 -7.073851 -7.702170 0.000000 0.000000 0.000000 0.814342 0.580385
76.400000000 -6.983780 -7.867412 0.000000 0.000000 0.000000 0.812944 0.582342
76.500000000 -6.892840 -8.035956 0.000000 0.000000 0.000000 0.811578 0.584244
76.600000000 -6.800721 -8.207641 0.000000 0.000000 0.000000 0.810238 0.586101
76.700000000 -6.707411 -8.382152 0.000000 0.000000 0.000000 0.808948 0.587880
76.800000000 -6.612923 -8.560215 0.000000 0.000000 0.000000 0.807712 0.589578
76.900000000 -6.517306 -8.741573 0.000000 0.000000 0.000000 0.806501 0.591232
77.000000000 -6.420695 -8.926419 0.000000 0.000000 0.000000 0.805354 0.592794
77.100000000 -6.322919 -9.113957 0.000000 0.000000 0.000000 0.804241 0.594303
77.200000000 -6.225224 -9.302022 0.000000 0.000000 0.000000 0.803214 0.595691
77.300000000 -6.127239 -9.489780 0.000000 0.000000 0.000000 0.802299 0.596922
77.400000000 -6.029377 -9.677462 0.000000 0.000000 0.000000 0.801527 0.597958
77.500000000 -5.931292 -9.864878 0.000000 0.000000 0.000000 0.800890 0.598811
77.600000000 -5.833698 -10.051182 0.000000 0.000000 0.000000 0.800363 0.599516
77.700000000 -5.737172 -10.234561 0.000000 0.000000 0.000000 0.799990 0.600014
77.800000000 -5.641753 -10.415007 0.000000 0.000000 0.000000 0.799736 0.600352
77.900000000 -5.547528 -10.592412 0.000000 0.000000 0.000000 0.799632 0.600490
78.000000000 -5.454534 -10.767070 0.000000 0.000000 0.000000 0.799632 0.600490
78.100000000 -5.362721 -10.938880 0.000000 0.000000 0.000000 0.799864 0.600181
78.200000000 -5.272019 -11.107910 0.000000 0.000000 0.000000 0.800223 0.599703
78.300000000 -5.182645 -11.274237 0.000000 0.000000 0.000000 0.800719 0.599040
78.400000000 -5.094215 -11.437606 0.000000 0.000000 0.000000 0.801304 0.598258
78.500000000 -5.006913 -11.598312 0.000000 0.000000 0.000000 0.801988 0.597340
78.600000000 -4.920770 -11.756029 0.000000 0.000000 0.000000 0.802779 0.596276
78.700000000 -4.835810 -11.911063 0.000000 0.000000 0.000000 0.803658 0.595091
78.800000000 -4.751237 -12.062642 0.000000 0.000000 0.000000 0.804768 0.593590
78.900000000 -4.669231 -12.213415 0.000000 0.000000 0.000000 0.807003 0.590548
79.000000000 -4.589245 -12.362015 0.000000 0.000000 0.000000 0.810384 0.585899
79.100000000 -4.512679 -12.509136 0.000000 0.000000 0.000000 0.814930 0.579559
79.200000000 -4.437283 -12.653353 0.000000 0.000000 0.000000 0.820783 0.571241
79.300000000 -4.364818 -12.796597 0.000000 0.000000 0.000000 0.827940 0.560817
79.400000000 -4.296961 -12.940220 0.000000 0.000000 0.000000 0.835996 0.548735
79.500000000 -4.230598 -13.081184 0.000000 0.000000 0.000000 0.844427 0.535671
79.600000000 -4.166105 -13.219437 0.000000 0.000000 0.000000 0.852867 0.522128
79.700000000 -4.104290 -13.357165 0.000000 0.000000 0.000000 0.860928 0.508727
79.800000000 -4.044394 -13.492890 0.000000 0.000000 0.000000 0.868540 0.495619
79.900000000 -3.986415 -13.626311 0.000000 0.000000 0.000000 0.875633 0.482977
80.000000000 -3.927784 -13.753595 0.000000 0.000000 0.000000 0.882161 0.470947
80.100000000 -3.870147 -13.877434 0.000000 0.000000 0.000000 0.887904 0.460029
80.200000000 -3.815884 -14.000476 0.000000 0.000000 0.000000 0.893018 0.450020
80.300000000 -3.763296 -14.120458 0.000000 0.000000 0.000000 0.897550 0.440912
80.400000000 -3.712372 -14.238014 0.000000 0.000000 0.000000 0.901407 0.432973
80.500000000 -3.661786 -14.350504 0.000000 0.000000 0.000000 0.904754 0.425934
80.600000000 -3.614381 -14.461004 0.000000 0.000000 0.000000 0.907696 0.419628
80.700000000 -3.568622 -14.568138 0.000000 0.000000 0.000000 0.910078 0.414438
80.800000000 -3.522343 -14.670206 0.000000 0.000000 0.000000 0.912068 0.410040
80.900000000 -3.478488 -14.770389 0.000000 0.000000 0.000000 0.913782 0.406205
81.000000000 -3.436911 -14.867113 0.000000 0.000000 0.000000 0.915196 0.403008
81.100000000 -3.399994 -14.963324 0.000000 0.000000 0.000000 0.916225 0.400664
81.200000000 -3.364306 -15.055472 0.000000 0.000000 0.000000 0.916987 0.398916
81.300000000 -3.330225 -15.144759 0.000000 0.000000 0.000000 0.917525 0.397679
81.400000000 -3.296764 -15.229457 0.000000 0.000000 0.000000 0.917881 0.396856
81.500000000 -3.264761 -15.310960 0.000000 0.000000 0.000000 0.918108 0.396330
81.600000000 -3.232149 -15.387455 0.000000 0.000000 0.000000 0.918205 0.396106
81.700000000 -3.203302 -15.462588 0.000000 0.000000 0.000000 0.918068 0.396423
81.800000000 -3.180832 -15.539760 0.000000 0.000000 0.000000 0.917680 0.397320
81.900000000 -3.160782 -15.614435 0.000000 0.000000 0.000000 0.917166 0.398505
82.000000000 -3.141302 -15.684299 0.000000 0.000000 0.000000 0.916554 0.399912
82.100000000 -3.122817 -15.750447 0.000000 0.000000 0.000000 0.915822 0.401585
82.200000000 -3.102823 -15.809421 0.000000 0.000000 0.000000 0.915011 0.403428
82.300000000 -3.084331 -15.865418 0.000000 0.000000 0.000000 0.914123 0.405438
82.400000000 -3.068338 -15.919320 0.000000 0.000000 0.000000 0.913163 0.407595
82.500000000 -3.050308 -15.965608 0.000000 0.000000 0.000000 0.912165 0.409823
82.600000000 -3.032629 -16.007053 0.000000 0.000000 0.000000 0.911142 0.412093
82.700000000 -3.017372 -16.046718 0.000000 0.000000 0.000000 0.910060 0.414477
82.800000000 -3.006927 -16.087499 0.000000 0.000000 0.000000 0.908883 0.417052
82.900000000 -2.993758 -16.119291 0.000000 0.000000 0.000000 0.907736 0.419541
83.000000000 -2.982484 -16.148072 0.000000 0.000000 0.000000 0.906563 0.422071
83.100000000 -2.973861 -16.175435 0.000000 0.000000 0.000000 0.905344 0.424679
83.200000000 -2.967719 -16.200252 0.000000 0.000000 0.000000 0.904114 0.427292
83.300000000 -2.962734 -16.220808 0.000000 0.000000 0.000000 0.902896 0.429860
83.400000000 -2.961673 -16.241296 0.000000 0.000000 0.000000 0.901628 0.432513
83.500000000 -2.962285 -16.257831 0.000000 0.000000 0.000000 0.900386 0.435092
83.600000000 -2.965817 -16.272525 0.000000 0.000000 0.000000 0.899134 0.437673
83.700000000 -2.971422 -16.284540 0.000000 0.000000 0.000000 0.897862 0.440277
83.800000000 -2.980196 -16.295001 0.000000 0.000000 0.000000 0.896582 0.442878
83.900000000 -2.991751 -16.303625 0.000000 0.000000 0.000000 0.895242 0.445579
84.000000000 -3.003974 -16.307281 0.000000 0.000000 0.000000 0.893965 0.448136
84.100000000 -3.017700 -16.307653 0.000000 0.000000 0.000000 0.892670 0.450712
84.200000000 -3.033249 -16.304893 0.000000 0.000000 0.000000 0.891355 0.453307
84.300000000 -3.050865 -16.299652 0.000000 0.000000 0.000000 0.890023 0.455916
84.400000000 -3.069225 -16.290804 0.000000 0.000000 0.000000 0.888683 0.458522
84.500000000 -3.090311 -16.279878 0.000000 0.000000 0.000000 0.887297 0.461199
84.600000000 -3.112774 -16.266302 0.000000 0.000000 0.000000 0.885884 0.463907
84.700000000 -3.138558 -16.250985 0.000000 0.000000 0.000000 0.884396 0.466737
84.800000000 -3.164329 -16.231422 0.000000 0.000000 0.000000 0.882878 0.469603
84.900000000 -3.193642 -16.210638 0.000000 0.000000 0.000000 0.881299 0.472560
85.000000000 -3.225317 -16.186811 0.000000 0.000000 0.000000 0.879652 0.475619
85.100000000 -3.258371 -16.159691 0.000000 0.000000 0.000000 0.877906 0.478833
85.200000000 -3.294827 -16.131066 0.000000 0.000000 0.000000 0.876057 0.482208
85.300000000 -3.333704 -16.099541 0.000000 0.000000 0.000000 0.874070 0.485799
85.400000000 -3.374061 -16.064842 0.000000 0.000000 0.000000 0.871972 0.489555
85.500000000 -3.415796 -16.026561 0.000000 0.000000 0.000000 0.869740 0.493510
85.600000000 -3.457544 -15.983116 0.000000 0.000000 0.000000 0.867397 0.497616
85.700000000 -3.501558 -15.937573 0.000000 0.000000 0.000000 0.864889 0.501963
85.800000000 -3.547692 -15.890019 0.000000 0.000000 0.000000 0.862240 0.506499
85.900000000 -3.595102 -15.839174 0.000000 0.000000 0.000000 0.859404 0.511296
86.000000000 -3.641580 -15.781675 0.000000 0.000000 0.000000 0.856418 0.516284
86.100000000 -3.690162 -15.722148 0.000000 0.000000 0.000000 0.853197 0.521588
86.200000000 -3.738796 -15.656537 0.000000 0.000000 0.000000 0.849694 0.527275
86.300000000 -3.789043 -15.590985 0.000000 0.000000 0.000000 0.845841 0.533434
86.400000000 -3.838507 -15.525622 0.000000 0.000000 0.000000 0.841659 0.540009
86.500000000 -3.887173 -15.460130 0.000000 0.000000 0.000000 0.837183 0.546922
86.600000000 -3.934243 -15.392265 0.000000 0.000000 0.000000 0.832470 0.554070
86.700000000 -3.982229 -15.324182 0.000000 0.000000 0.000000 0.827547 0.561396
86.800000000 -4.033403 -15.259669 0.000000 0.000000 0.000000 0.822195 0.569205
86.900000000 -4.085006 -15.195804 0.000000 0.000000 0.000000 0.816446 0.577421
87.000000000 -4.135145 -15.130805 0.000000 0.000000 0.000000 0.810320 0.585988
87.100000000 -4.183343 -15.063666 0.000000 0.000000 0.000000 0.803843 0.594842
87.200000000 -4.230923 -14.996315 0.000000 0.000000 0.000000 0.797006 0.603972
87.300000000 -4.276264 -14.926596 0.000000 0.000000 0.000000 0.789861 0.613285
87.400000000 -4.321594 -14.856376 0.000000 0.000000 0.000000 0.782364 0.622822
87.500000000 -4.366162 -14.784862 0.000000 0.000000 0.000000 0.774539 0.632526
87.600000000 -4.411877 -14.713420 0.000000 0.000000 0.000000 0.766262 0.642528
87.700000000 -4.457732 -14.641422 0.000000 0.000000 0.000000 0.757579 0.652743
87.800000000 -4.503845 -14.570444 0.000000 0.000000 0.000000 0.748383 0.663267
87.900000000 -4.549147 -14.498263 0.000000 0.000000 0.000000 0.738773 0.673954
88.000000000 -4.593162 -14.424810 0.000000 0.000000 0.000000 0.728793 0.684734
88.100000000 -4.635253 -14.348906 0.000000 0.000000 0.000000 0.718588 0.695437
88.200000000 -4.677416 -14.276367 0.000000 0.000000 0.000000 0.708061 0.706151
88.300000000 -4.723628 -14.213828 0.000000 0.000000 0.000000 0.697136 0.716939
88.400000000 -4.770723 -14.157103 0.000000 0.000000 0.000000 0.686003 0.727599
88.500000000 -4.816907 -14.103362 0.000000 0.000000 0.000000 0.674639 0.738148
88.600000000 -4.863820 -14.054561 0.000000 0.000000 0.000000 0.663055 0.748571
88.700000000 -4.910713 -14.007807 0.000000 0.000000 0.000000 0.651289 0.758830
88.800000000 -4.957624 -13.963942 0.000000 0.000000 0.000000 0.639455 0.768829
88.900000000 -5.006893 -13.928680 0.000000 0.000000 0.000000 0.627321 0.778761
89.000000000 -5.054927 -13.893728 0.000000 0.000000 0.000000 0.615116 0.788437
89.100000000 -5.104637 -13.864599 0.000000 0.000000 0.000000 0.602774 0.797912
89.200000000 -5.154909 -13.840019 0.000000 0.000000 0.000000 0.590309 0.807177
89.300000000 -5.206253 -13.818350 0.000000 0.000000 0.000000 0.577684 0.816260
89.400000000 -5.258440 -13.799079 0.000000 0.000000 0.000000 0.564951 0.825124
89.500000000 -5.312336 -13.783917 0.000000 0.000000 0.000000 0.552081 0.833790
89.600000000 -5.367713 -13.772410 0.000000 0.000000 0.000000 0.539050 0.842274
89.700000000 -5.424437 -13.763549 0.000000 0.000000 0.000000 0.525816 0.850598
89.800000000 -5.483973 -13.758761 0.000000 0.000000 0.000000 0.512371 0.858764
89.900000000 -5.545648 -13.757025 0.000000 0.000000 0.000000 0.498800 0.866717
90.000000000 -5.609129 -13.759456 0.000000 0.000000 0.000000 0.484924 0.874556
90.100000000 -5.673997 -13.763648 0.000000 0.000000 0.000000 0.470833 0.882222
90.200000000 -5.741953 -13.771742 0.000000 0.000000 0.000000 0.456385 0.889783
90.300000000 -5.811861 -13.783268 0.000000 0.000000 0.000000 0.441538 0.897243
90.400000000 -5.882695 -13.796362 0.000000 0.000000 0.000000 0.426346 0.904560
90.500000000 -5.952919 -13.808087 0.000000 0.000000 0.000000 0.410919 0.911672
90.600000000 -6.024168 -13.822570 0.000000 0.000000 0.000000 0.395207 0.918592
90.700000000 -6.097065 -13.838803 0.000000 0.000000 0.000000 0.379233 0.925301
90.800000000 -6.170865 -13.855830 0.000000 0.000000 0.000000 0.363306 0.931670
90.900000000 -6.246718 -13.874173 0.000000 0.000000 0.000000 0.347589 0.937647
91.000000000 -6.324009 -13.893091 0.000000 0.000000 0.000000 0.332274 0.943183
91.100000000 -6.403779 -13.913368 0.000000 0.000000 0.000000 0.317487 0.948263
91.200000000 -6.485213 -13.935803 0.000000 0.000000 0.000000 0.303770 0.952746
91.300000000 -6.570396 -13.961905 0.000000 0.000000 0.000000 0.290767 0.956794
91.400000000 -6.659980 -13.990798 0.000000 0.000000 0.000000 0.278314 0.960490
91.500000000 -6.753505 -14.022323 0.000000 0.000000 0.000000 0.266824 0.963745
91.600000000 -6.848616 -14.054087 0.000000 0.000000 0.000000 0.256585 0.966522
91.700000000 -6.945900 -14.086036 0.000000 0.000000 0.000000 0.247381 0.968918
91.800000000 -7.048748 -14.121509 0.000000 0.000000 0.000000 0.239398 0.970921
91.900000000 -7.152228 -14.156638 0.000000 0.000000 0.000000 0.232914 0.972497
92.000000000 -7.261256 -14.194386 0.000000 0.000000 0.000000 0.227658 0.973741
92.100000000 -7.373830 -14.233450 0.000000 0.000000 0.000000 0.224236 0.974535
92.200000000 -7.489165 -14.273458 0.000000 0.000000 0.000000 0.222303 0.974978
92.300000000 -7.610152 -14.315888 0.000000 0.000000 0.000000 0.222011 0.975044
92.400000000 -7.733995 -14.358713 0.000000 0.000000 0.000000 0.222902 0.974841
92.500000000 -7.862409 -14.403782 0.000000 0.000000 0.000000 0.224914 0.974379
92.600000000 -7.996668 -14.451802 0.000000 0.000000 0.000000 0.227758 0.973718
92.700000000 -8.133710 -14.500399 0.000000 0.000000 0.000000 0.231221 0.972901
92.800000000 -8.272646 -14.549821 0.000000 0.000000 0.000000 0.235275 0.971929
92.900000000 -8.414252 -14.600543 0.000000 0.000000 0.000000 0.239749 0.970835
93.000000000 -8.559484 -14.653409 0.000000 0.000000 0.000000 0.244466 0.969658
93.100000000 -8.707951 -14.707308 0.000000 0.000000 0.000000 0.249283 0.968431
93.200000000 -8.859941 -14.763657 0.000000 0.000000 0.000000 0.254128 0.967171
93.300000000 -9.014530 -14.821229 0.000000 0.000000 0.000000 0.258833 0.965922
93.400000000 -9.169979 -14.879574 0.000000 0.000000 0.000000 0.263289 0.964717
93.500000000 -9.325894 -14.938098 0.000000 0.000000 0.000000 0.267359 0.963597
93.600000000 -9.482661 -14.997586 0.000000 0.000000 0.000000 0.270987 0.962583
93.700000000 -9.640338 -15.058332 0.000000 0.000000 0.000000 0.274279 0.961650
93.800000000 -9.797776 -15.119948 0.000000 0.000000 0.000000 0.277275 0.960790
93.900000000 -9.954416 -15.181418 0.000000 0.000000 0.000000 0.279995 0.960002
94.000000000 -10.110608 -15.242562 0.000000 0.000000 0.000000 0.282367 0.959307
94.100000000 -10.266826 -15.303997 0.000000 0.000000 0.000000 0.284346 0.958722
94.200000000 -10.422549 -15.364868 0.000000 0.000000 0.000000 0.286001 0.958229
94.300000000 -10.578670 -15.425940 0.000000 0.000000 0.000000 0.287216 0.957866
94.400000000 -10.734705 -15.486677 0.000000 0.000000 0.000000 0.288195 0.957572
94.500000000 -10.890599 -15.547545 0.000000 0.000000 0.000000 0.288934 0.957349
94.600000000 -11.046321 -15.608291 0.000000 0.000000 0.000000 0.289371 0.957217
94.700000000 -11.201709 -15.668882 0.000000 0.000000 0.000000 0.289702 0.957117
94.800000000 -11.356893 -15.729453 0.000000 0.000000 0.000000 0.289867 0.957067
94.900000000 -11.511941 -15.790042 0.000000 0.000000 0.000000 0.289867 0.957067
95.000000000 -11.667520 -15.851245 0.000000 0.000000 0.000000 0.289867 0.957067
95.100000000 -11.822823 -15.911927 0.000000 0.000000 0.000000 0.289867 0.957067
95.200000000 -11.978142 -15.972568 0.000000 0.000000 0.000000 0.289702 0.957117
95.300000000 -12.133555 -16.033462 0.000000 0.000000 0.000000 0.289468 0.957188
95.400000000 -12.289198 -16.094427 0.000000 0.000000 0.000000 0.289234 0.957258
95.500000000 -12.444582 -16.154917 0.000000 0.000000 0.000000 0.289000 0.957329
95.600000000 -12.600075 -16.215508 0.000000 0.000000 0.000000 0.288714 0.957415
95.700000000 -12.755356 -16.276070 0.000000 0.000000 0.000000 0.288428 0.957502
95.800000000 -12.910735 -16.336460 0.000000 0.000000 0.000000 0.288194 0.957572
95.900000000 -13.066152 -16.396670 0.000000 0.000000 0.000000 0.288194 0.957572
96.000000000 -13.221373 -16.456549 0.000000 0.000000 0.000000 0.287908 0.957658
96.100000000 -13.377072 -16.516506 0.000000 0.000000 0.000000 0.287674 0.957728
96.200000000 -13.532644 -16.576396 0.000000 0.000000 0.000000 0.287388 0.957814
96.300000000 -13.688212 -16.636061 0.000000 0.000000 0.000000 0.287222 0.957864
96.400000000 -13.843636 -16.695553 0.000000 0.000000 0.000000 0.287057 0.957914
96.500000000 -13.999249 -16.755358 0.000000 0.000000 0.000000 0.286823 0.957984
96.600000000 -14.154933 -16.814737 0.000000 0.000000 0.000000 0.286589 0.958054
96.700000000 -14.310794 -16.874153 0.000000 0.000000 0.000000 0.286355 0.958124
96.800000000 -14.466444 -16.933441 0.000000 0.000000 0.000000 0.286190 0.958173
96.900000000 -14.621831 -16.992555 0.000000 0.000000 0.000000 0.286024 0.958222
97.000000000 -14.777394 -17.051617 0.000000 0.000000 0.000000 0.286024 0.958222
97.100000000 -14.932911 -17.110351 0.000000 0.000000 0.000000 0.285859 0.958272
97.200000000 -15.088460 -17.169199 0.000000 0.000000 0.000000 0.285859 0.958272
97.300000000 -15.243726 -17.227676 0.000000 0.000000 0.000000 0.285693 0.958321
97.400000000 -15.399212 -17.285758 0.000000 0.000000 0.000000 0.285693 0.958321
97.500000000 -15.554772 -17.344681 0.000000 0.000000 0.000000 0.285460 0.958391
97.600000000 -15.710427 -17.402901 0.000000 0.000000 0.000000 0.285460 0.958391
97.700000000 -15.865962 -17.461275 0.000000 0.000000 0.000000 0.285460 0.958391
97.800000000 -16.021451 -17.519571 0.000000 0.000000 0.000000 0.285294 0.958440
97.900000000 -16.177084 -17.577687 0.000000 0.000000 0.000000 0.285294 0.958440
98.000000000 -16.332435 -17.635675 0.000000 0.000000 0.000000 0.285294 0.958440
98.100000000 -16.488078 -17.693233 0.000000 0.000000 0.000000 0.285129 0.958489
98.200000000 -16.643507 -17.751243 0.000000 0.000000 0.000000 0.285129 0.958489
98.300000000 -16.798946 -17.809101 0.000000 0.000000 0.000000 0.285129 0.958489
98.400000000 -16.954654 -17.867428 0.000000 0.000000 0.000000 0.285129 0.958489
98.500000000 -17.109936 -17.925349 0.000000 0.000000 0.000000 0.285129 0.958489
98.600000000 -17.265340 -17.983707 0.000000 0.000000 0.000000 0.285129 0.958489
98.700000000 -17.420503 -18.041377 0.000000 0.000000 0.000000 0.285129 0.958489
98.800000000 -17.576054 -18.099752 0.000000 0.000000 0.000000 0.285129 0.958489
98.900000000 -17.731206 -18.157727 0.000000 0.000000 0.000000 0.285129 0.958489
99.000000000 -17.886358 -18.215479 0.000000 0.000000 0.000000 0.285129 0.958489
99.100000000 -18.041605 -18.273235 0.000000 0.000000 0.000000 0.285129 0.958489
99.200000000 -18.196661 -18.330938 0.000000 0.000000 0.000000 0.285129 0.958489
99.300000000 -18.351609 -18.388791 0.000000 0.000000 0.000000 0.284963 0.958538
99.400000000 -18.506569 -18.446357 0.000000 0.000000 0.000000 0.284798 0.958588
99.500000000 -18.661481 -18.503930 0.000000 0.000000 0.000000 0.284632 0.958637
99.600000000 -18.816467 -18.561215 0.000000 0.000000 0.000000 0.284632 0.958637
99.700000000 -18.971531 -18.618680 0.000000 0.000000 0.000000 0.284632 0.958637
99.800000000 -19.126731 -18.675794 0.000000 0.000000 0.000000 0.284632 0.958637
99.900000000 -19.281668 -18.732724 0.000000 0.000000 0.000000 0.284632 0.958637
100.000000000 -19.436812 -18.789463 0.000000 0.000000 0.000000 0.284632 0.958637
100.100000000 -19.591840 -18.846067 0.000000 0.000000 0.000000 0.284632 0.958637
100.200000000 -19.747003 -18.902674 0.000000 0.000000 0.000000 0.284632 0.958637
100.300000000 -19.902109 -18.958871 0.000000 0.000000 0.000000 0.284467 0.958686
100.400000000 -20.057420 -19.015328 0.000000 0.000000 0.000000 0.284467 0.958686
100.500000000 -20.212724 -19.071608 0.000000 0.000000 0.000000 0.284467 0.958686
100.600000000 -20.367863 -19.127869 0.000000 0.000000 0.000000 0.284233 0.958755
100.700000000 -20.523200 -19.183939 0.000000 0.000000 0.000000 0.284233 0.958755
100.800000000 -20.678559 -19.239940 0.000000 0.000000 0.000000 0.284067 0.958804
100.900000000 -20.833742 -19.295893 0.000000 0.000000 0.000000 0.283902 0.958853
101.000000000 -20.989073 -19.351634 0.000000 0.000000 0.000000 0.283902 0.958853
101.100000000 -21.144037 -19.407598 0.000000 0.000000 0.000000 0.283902 0.958853
101.200000000 -21.299192 -19.463918 0.000000 0.000000 0.000000 0.283902 0.958853
101.300000000 -21.454282 -19.519460 0.000000 0.000000 0.000000 0.283902 0.958853
101.400000000 -21.609485 -19.575412 0.000000 0.000000 0.000000 0.283902 0.958853
101.500000000 -21.764868 -19.631340 0.000000 0.000000 0.000000 0.283736 0.958902
101.600000000 -21.920147 -19.687488 0.000000 0.000000 0.000000 0.283736 0.958902
101.700000000 -22.075754 -19.743510 0.000000 0.000000 0.000000 0.283902 0.958853
101.800000000 -22.230846 -19.799694 0.000000 0.000000 0.000000 0.283902 0.958853
101.900000000 -22.386325 -19.855857 0.000000 0.000000 0.000000 0.284067 0.958804
102.000000000 -22.541760 -19.911802 0.000000 0.000000 0.000000 0.284067 0.958804
102.100000000 -22.697167 -19.967831 0.000000 0.000000 0.000000 0.284067 0.958804
102.200000000 -22.852557 -20.023389 0.000000 0.000000 0.000000 0.284067 0.958804
102.300000000 -23.008227 -20.079078 0.000000 0.000000 0.000000 0.284067 0.958804
102.400000000 -23.163911 -20.134943 0.000000 0.000000 0.000000 0.284067 0.958804
102.500000000 -23.319782 -20.191165 0.000000 0.000000 0.000000 0.284067 0.958804
102.600000000 -23.475298 -20.247424 0.000000 0.000000 0.000000 0.284067 0.958804
102.700000000 -23.630703 -20.304114 0.000000 0.000000 0.000000 0.284233 0.958755
102.800000000 -23.786086 -20.360641 0.000000 0.000000 0.000000 0.284233 0.958755
102.900000000 -23.941761 -20.417133 0.000000 0.000000 0.000000 0.284398 0.958706
103.000000000 -24.096984 -20.473815 0.000000 0.000000 0.000000 0.284398 0.958706
103.100000000 -24.252800 -20.530793 0.000000 0.000000 0.000000 0.284564 0.958657
103.200000000 -24.408044 -20.587303 0.000000 0.000000 0.000000 0.284564 0.958657
103.300000000 -24.563466 -20.643836 0.000000 0.000000 0.000000 0.284564 0.958657
103.400000000 -24.719090 -20.700963 0.000000 0.000000 0.000000 0.284729 0.958608
103.500000000 -24.874465 -20.757798 0.000000 0.000000 0.000000 0.284729 0.958608
103.600000000 -25.029879 -20.814626 0.000000 0.000000 0.000000 0.284895 0.958559
103.700000000 -25.185059 -20.871671 0.000000 0.000000 0.000000 0.285060 0.958510
103.800000000 -25.340155 -20.929035 0.000000 0.000000 0.000000 0.285060 0.958510
103.900000000 -25.495386 -20.986271 0.000000 0.000000 0.000000 0.285226 0.958460
104.000000000 -25.650486 -21.043405 0.000000 0.000000 0.000000 0.285226 0.958460
104.100000000 -25.805611 -21.100811 0.000000 0.000000 0.000000 0.285226 0.958460
104.200000000 -25.960721 -21.158902 0.000000 0.000000 0.000000 0.285226 0.958460
104.300000000 -26.115796 -21.216666 0.000000 0.000000 0.000000 0.285226 0.958460
104.400000000 -26.271208 -21.274861 0.000000 0.000000 0.000000 0.285391 0.958411
104.500000000 -26.426485 -21.333016 0.000000 0.000000 0.000000 0.285391 0.958411
104.600000000 -26.581470 -21.390792 0.000000 0.000000 0.000000 0.285556 0.958362
104.700000000 -26.735116 -21.447813 0.000000 0.000000 0.000000 0.285556 0.958362
104.800000000 -26.885383 -21.502885 0.000000 0.000000 0.000000 0.285556 0.958362
104.900000000 -27.033126 -21.555856 0.000000 0.000000 0.000000 0.285556 0.958362
105.000000000 -27.177632 -21.606824 0.000000 0.000000 0.000000 0.285391 0.958411
105.100000000 -27.319396 -21.656359 0.000000 0.000000 0.000000 0.285021 0.958521
105.200000000 -27.458264 -21.704361 0.000000 0.000000 0.000000 0.284448 0.958692
105.300000000 -27.594161 -21.750667 0.000000 0.000000 0.000000 0.283765 0.958894
105.400000000 -27.727372 -21.795458 0.000000 0.000000 0.000000 0.282921 0.959143
105.500000000 -27.858103 -21.839068 0.000000 0.000000 0.000000 0.281914 0.959440
105.600000000 -27.985874 -21.880792 0.000000 0.000000 0.000000 0.280802 0.959766
105.700000000 -28.110870 -21.921358 0.000000 0.000000 0.000000 0.279540 0.960134
105.800000000 -28.233381 -21.960005 0.000000 0.000000 0.000000 0.278204 0.960522
105.900000000 -28.353459 -21.995900 0.000000 0.000000 0.000000 0.276622 0.960979
106.000000000 -28.470340 -22.031817 0.000000 0.000000 0.000000 0.273747 0.961802
106.100000000 -28.582197 -22.067377 0.000000 0.000000 0.000000 0.269424 0.963022
106.200000000 -28.692235 -22.102008 0.000000 0.000000 0.000000 0.264066 0.964505
106.300000000 -28.799391 -22.135316 0.000000 0.000000 0.000000 0.257831 0.966190
106.400000000 -28.902406 -22.167200 0.000000 0.000000 0.000000 0.250965 0.967996
106.500000000 -29.001221 -22.197706 0.000000 0.000000 0.000000 0.243638 0.969866
106.600000000 -29.095964 -22.226747 0.000000 0.000000 0.000000 0.236150 0.971717
106.700000000 -29.187950 -22.253515 0.000000 0.000000 0.000000 0.228585 0.973524
106.800000000 -29.276865 -22.279416 0.000000 0.000000 0.000000 0.221060 0.975260
106.900000000 -29.362796 -22.303875 0.000000 0.000000 0.000000 0.213629 0.976915
107.000000000 -29.444982 -22.326368 0.000000 0.000000 0.000000 0.206396 0.978468
107.100000000 -29.523622 -22.347468 0.000000 0.000000 0.000000 0.199402 0.979918
107.200000000 -29.599010 -22.366420 0.000000 0.000000 0.000000 0.192742 0.981250
107.300000000 -29.670735 -22.383583 0.000000 0.000000 0.000000 0.186334 0.982486
107.400000000 -29.739555 -22.399380 0.000000 0.000000 0.000000 0.180239 0.983623
107.500000000 -29.804760 -22.413748 0.000000 0.000000 0.000000 0.174373 0.984680
107.600000000 -29.867589 -22.426963 0.000000 0.000000 0.000000 0.168719 0.985664
107.700000000 -29.927632 -22.438868 0.000000 0.000000 0.000000 0.163219 0.986590
107.800000000 -29.985491 -22.449487 0.000000 0.000000 0.000000 0.157925 0.987451
107.900000000 -30.040586 -22.459339 0.000000 0.000000 0.000000 0.152804 0.988257
108.000000000 -30.093116 -22.468255 0.000000 0.000000 0.000000 0.147904 0.989002
108.100000000 -30.143183 -22.476566 0.000000 0.000000 0.000000 0.143218 0.989691
108.200000000 -30.189864 -22.484388 0.000000 0.000000 0.000000 0.138884 0.990309
108.300000000 -30.233719 -22.491031 0.000000 0.000000 0.000000 0.134801 0.990873
108.400000000 -30.273497 -22.496337 0.000000 0.000000 0.000000 0.131096 0.991370
108.500000000 -30.309341 -22.500376 0.000000 0.000000 0.000000 0.127600 0.991826
108.600000000 -30.341902 -22.504181 0.000000 0.000000 0.000000 0.124306 0.992244
108.700000000 -30.371150 -22.507179 0.000000 0.000000 0.000000 0.121142 0.992635
108.800000000 -30.396743 -22.508114 0.000000 0.000000 0.000000 0.118144 0.992997
108.900000000 -30.419053 -22.509132 0.000000 0.000000 0.000000 0.115204 0.993342
109.000000000 -30.438265 -22.509092 0.000000 0.000000 0.000000 0.112355 0.993668
109.100000000 -30.453649 -22.507665 0.000000 0.000000 0.000000 0.109556 0.993981
109.200000000 -30.465985 -22.505219 0.000000 0.000000 0.000000 0.106859 0.994274
109.300000000 -30.475662 -22.503637 0.000000 0.000000 0.000000 0.104065 0.994571
109.400000000 -30.482071 -22.501104 0.000000 0.000000 0.000000 0.101333 0.994853
109.500000000 -30.485054 -22.498015 0.000000 0.000000 0.000000 0.098563 0.995131
109.600000000 -30.484455 -22.494611 0.000000 0.000000 0.000000 0.095793 0.995401
109.700000000 -30.480797 -22.490057 0.000000 0.000000 0.000000 0.093032 0.995663
109.800000000 -30.473563 -22.485225 0.000000 0.000000 0.000000 0.090304 0.995914
109.900000000 -30.462958 -22.479450 0.000000 0.000000 0.000000 0.087585 0.996157
110.000000000 -30.448865 -22.472818 0.000000 0.000000 0.000000 0.084920 0.996388
110.100000000 -30.431815 -22.466208 0.000000 0.000000 0.000000 0.082189 0.996617
110.200000000 -30.411451 -22.459286 0.000000 0.000000 0.000000 0.079420 0.996841
110.300000000 -30.388001 -22.451656 0.000000 0.000000 0.000000 0.076688 0.997055
110.400000000 -30.361210 -22.443622 0.000000 0.000000 0.000000 0.073950 0.997262
110.500000000 -30.330616 -22.435142 0.000000 0.000000 0.000000 0.071316 0.997454
110.600000000 -30.297126 -22.425491 0.000000 0.000000 0.000000 0.068671 0.997639
110.700000000 -30.260230 -22.415744 0.000000 0.000000 0.000000 0.066047 0.997817
110.800000000 -30.220174 -22.405542 0.000000 0.000000 0.000000 0.063486 0.997983
110.900000000 -30.176927 -22.395318 0.000000 0.000000 0.000000 0.060954 0.998141
111.000000000 -30.130717 -22.384653 0.000000 0.000000 0.000000 0.058415 0.998292
111.100000000 -30.081369 -22.372991 0.000000 0.000000 0.000000 0.056015 0.998430
111.200000000 -30.029152 -22.362134 0.000000 0.000000 0.000000 0.053517 0.998567
111.300000000 -29.973876 -22.350279 0.000000 0.000000 0.000000 0.051134 0.998692
111.400000000 -29.915165 -22.338807 0.000000 0.000000 0.000000 0.048739 0.998812
111.500000000 -29.853829 -22.326787 0.000000 0.000000 0.000000 0.046337 0.998926
111.600000000 -29.788460 -22.313978 0.000000 0.000000 0.000000 0.044017 0.999031
111.700000000 -29.719826 -22.300323 0.000000 0.000000 0.000000 0.041722 0.999129
111.800000000 -29.647496 -22.286364 0.000000 0.000000 0.000000 0.039421 0.999223
111.900000000 -29.572160 -22.272204 0.000000 0.000000 0.000000 0.037075 0.999312
112.000000000 -29.492973 -22.258122 0.000000 0.000000 0.000000 0.034653 0.999399
112.100000000 -29.410215 -22.243160 0.000000 0.000000 0.000000 0.032232 0.999480
112.200000000 -29.324261 -22.227523 0.000000 0.000000 0.000000 0.029810 0.999556
112.300000000 -29.234586 -22.212114 0.000000 0.000000 0.000000 0.027262 0.999628
112.400000000 -29.141509 -22.196467 0.000000 0.000000 0.000000 0.024656 0.999696
112.500000000 -29.044775 -22.180096 0.000000 0.000000 0.000000 0.021999 0.999758
112.600000000 -28.944763 -22.164494 0.000000 0.000000 0.000000 0.019153 0.999817
112.700000000 -28.841656 -22.147735 0.000000 0.000000 0.000000 0.016275 0.999868
112.800000000 -28.735068 -22.130657 0.000000 0.000000 0.000000 0.013270 0.999912
112.900000000 -28.625893 -22.113315 0.000000 0.000000 0.000000 0.010101 0.999949
113.000000000 -28.515874 -22.095237 0.000000 0.000000 0.000000 0.006785 0.999977
113.100000000 -28.405319 -22.076980 0.000000 0.000000 0.000000 0.003311 0.999995
113.200000000 -28.294211 -22.059091 0.000000 0.000000 0.000000 -0.000400 1.000000
113.300000000 -28.182302 -22.040214 0.000000 0.000000 0.000000 -0.004329 0.999991
113.400000000 -28.069728 -22.020140 0.000000 0.000000 0.000000 -0.008436 0.999964
113.500000000 -27.956920 -22.000845 0.000000 0.000000 0.000000 -0.012857 0.999917
113.600000000 -27.842947 -21.981655 0.000000 0.000000 0.000000 -0.017644 0.999844
113.700000000 -27.728980 -21.962406 0.000000 0.000000 0.000000 -0.022749 0.999741
113.800000000 -27.614351 -21.941205 0.000000 0.000000 0.000000 -0.028130 0.999604
113.900000000 -27.498781 -21.918596 0.000000 0.000000 0.000000 -0.033832 0.999428
114.000000000 -27.382348 -21.896828 0.000000 0.000000 0.000000 -0.039919 0.999203
114.100000000 -27.265126 -21.872925 0.000000 0.000000 0.000000 -0.046317 0.998927
114.200000000 -27.148163 -21.850098 0.000000 0.000000 0.000000 -0.053066 0.998591
114.300000000 -27.030088 -21.828547 0.000000 0.000000 0.000000 -0.060243 0.998184
114.400000000 -26.910708 -21.806790 0.000000 0.000000 0.000000 -0.067847 0.997696
114.500000000 -26.790337 -21.787722 0.000000 0.000000 0.000000 -0.075992 0.997108
114.600000000 -26.669256 -21.769041 0.000000 0.000000 0.000000 -0.084785 0.996399
114.700000000 -26.550159 -21.753899 0.000000 0.000000 0.000000 -0.094176 0.995556
114.800000000 -26.431317 -21.740341 0.000000 0.000000 0.000000 -0.104016 0.994576
114.900000000 -26.312618 -21.728965 0.000000 0.000000 0.000000 -0.114326 0.993443
115.000000000 -26.192970 -21.719235 0.000000 0.000000 0.000000 -0.125203 0.992131
115.100000000 -26.072351 -21.711172 0.000000 0.000000 0.000000 -0.136722 0.990609
115.200000000 -25.951625 -21.705007 0.000000 0.000000 0.000000 -0.149037 0.988832
115.300000000 -25.829568 -21.699107 0.000000 0.000000 0.000000 -0.161981 0.986794
115.400000000 -25.706409 -21.696293 0.000000 0.000000 0.000000 -0.175651 0.984452
115.500000000 -25.582047 -21.696490 0.000000 0.000000 0.000000 -0.190241 0.981737
115.600000000 -25.457576 -21.696974 0.000000 0.000000 0.000000 -0.205625 0.978631
115.700000000 -25.331537 -21.700085 0.000000 0.000000 0.000000 -0.221725 0.975109
115.800000000 -25.205303 -21.704456 0.000000 0.000000 0.000000 -0.238514 0.971139
115.900000000 -25.078752 -21.713125 0.000000 0.000000 0.000000 -0.255869 0.966712
116.000000000 -24.950238 -21.728491 0.000000 0.000000 0.000000 -0.274040 0.961718
116.100000000 -24.819223 -21.745008 0.000000 0.000000 0.000000 -0.292867 0.956153
116.200000000 -24.686513 -21.762145 0.000000 0.000000 0.000000 -0.312132 0.950039
116.300000000 -24.552971 -21.785224 0.000000 0.000000 0.000000 -0.331789 0.943354
116.400000000 -24.422284 -21.811369 0.000000 0.000000 0.000000 -0.351861 0.936052
116.500000000 -24.293065 -21.838853 0.000000 0.000000 0.000000 -0.372306 0.928110
116.600000000 -24.166676 -21.866603 0.000000 0.000000 0.000000 -0.392958 0.919557
116.700000000 -24.038931 -21.896017 0.000000 0.000000 0.000000 -0.413741 0.910395
116.800000000 -23.912543 -21.925588 0.000000 0.000000 0.000000 -0.434596 0.900626
116.900000000 -23.787882 -21.958716 0.000000 0.000000 0.000000 -0.455526 0.890222
117.000000000 -23.667554 -21.991087 0.000000 0.000000 0.000000 -0.476384 0.879237
117.100000000 -23.548062 -22.020622 0.000000 0.000000 0.000000 -0.497027 0.867735
117.200000000 -23.435168 -22.052361 0.000000 0.000000 0.000000 -0.517315 0.855795
117.300000000 -23.324741 -22.082586 0.000000 0.000000 0.000000 -0.537347 0.843361
117.400000000 -23.216713 -22.118644 0.000000 0.000000 0.000000 -0.557181 0.830391
117.500000000 -23.115423 -22.166399 0.000000 0.000000 0.000000 -0.576845 0.816854
117.600000000 -23.007317 -22.210413 0.000000 0.000000 0.000000 -0.596258 0.802793
117.700000000 -22.902516 -22.267093 0.000000 0.000000 0.000000 -0.615368 0.788240
117.800000000 -22.799540 -22.324980 0.000000 0.000000 0.000000 -0.634151 0.773209
117.900000000 -22.698218 -22.381066 0.000000 0.000000 0.000000 -0.652527 0.757765
118.000000000 -22.600505 -22.433488 0.000000 0.000000 0.000000 -0.670495 0.741914
118.100000000 -22.507258 -22.476623 0.000000 0.000000 0.000000 -0.688066 0.725648
118.200000000 -22.412460 -22.511809 0.000000 0.000000 0.000000 -0.705350 0.708859
118.300000000 -22.322296 -22.542732 0.000000 0.000000 0.000000 -0.722227 0.691657
118.400000000 -22.232372 -22.565546 0.000000 0.000000 0.000000 -0.738555 0.674193
118.500000000 -22.145746 -22.586871 0.000000 0.000000 0.000000 -0.754550 0.656243
118.600000000 -22.061037 -22.604460 0.000000 0.000000 0.000000 -0.770113 0.637907
118.700000000 -21.974195 -22.618423 0.000000 0.000000 0.000000 -0.785355 0.619046
118.800000000 -21.887771 -22.628651 0.000000 0.000000 0.000000 -0.800178 0.599763
118.900000000 -21.803565 -22.636014 0.000000 0.000000 0.000000 -0.814656 0.579944
119.000000000 -21.720384 -22.640795 0.000000 0.000000 0.000000 -0.828832 0.559498
119.100000000 -21.639702 -22.641159 0.000000 0.000000 0.000000 -0.842802 0.538224
119.200000000 -21.560300 -22.639912 0.000000 0.000000 0.000000 -0.856314 0.516456
119.300000000 -21.481118 -22.637259 0.000000 0.000000 0.000000 -0.869121 0.494599
119.400000000 -21.399020 -22.629057 0.000000 0.000000 0.000000 -0.881005 0.473106
119.500000000 -21.316482 -22.612675 0.000000 0.000000 0.000000 -0.891781 0.452467
119.600000000 -21.233998 -22.594898 0.000000 0.000000 0.000000 -0.901612 0.432545
119.700000000 -21.149584 -22.576469 0.000000 0.000000 0.000000 -0.910368 0.413800
119.800000000 -21.061557 -22.556564 0.000000 0.000000 0.000000 -0.918010 0.396557
119.900000000 -20.971330 -22.530694 0.000000 0.000000 0.000000 -0.924608 0.380921
120.000000000 -20.873613 -22.499815 0.000000 0.000000 0.000000 -0.930271 0.366873
120.100000000 -20.769082 -22.463821 0.000000 0.000000 0.000000 -0.934956 0.354763
120.200000000 -20.660452 -22.421109 0.000000 0.000000 0.000000 -0.938810 0.344437
120.300000000 -20.546527 -22.377108 0.000000 0.000000 0.000000 -0.941810 0.336145
120.400000000 -20.426809 -22.329839 0.000000 0.000000 0.000000 -0.944162 0.329481
120.500000000 -20.303311 -22.274591 0.000000 0.000000 0.000000 -0.945877 0.324527
120.600000000 -20.173171 -22.218478 0.000000 0.000000 0.000000 -0.947064 0.321045
120.700000000 -20.038431 -22.159884 0.000000 0.000000 0.000000 -0.947758 0.318989
120.800000000 -19.899269 -22.095769 0.000000 0.000000 0.000000 -0.948084 0.318021
120.900000000 -19.754218 -22.031112 0.000000 0.000000 0.000000 -0.948138 0.317858
121.000000000 -19.606341 -21.963395 0.000000 0.000000 0.000000 -0.947864 0.318676
121.100000000 -19.454581 -21.892848 0.000000 0.000000 0.000000 -0.947335 0.320245
121.200000000 -19.298423 -21.818645 0.000000 0.000000 0.000000 -0.946620 0.322351
121.300000000 -19.138516 -21.739834 0.000000 0.000000 0.000000 -0.945773 0.324829
121.400000000 -18.975462 -21.658310 0.000000 0.000000 0.000000 -0.944843 0.327525
121.500000000 -18.809984 -21.572672 0.000000 0.000000 0.000000 -0.943864 0.330334
121.600000000 -18.642341 -21.483947 0.000000 0.000000 0.000000 -0.942865 0.333174
121.700000000 -18.473526 -21.394028 0.000000 0.000000 0.000000 -0.941853 0.336024
121.800000000 -18.303825 -21.303710 0.000000 0.000000 0.000000 -0.940886 0.338724
121.900000000 -18.133669 -21.212987 0.000000 0.000000 0.000000 -0.939982 0.341224
122.000000000 -17.962850 -21.122331 0.000000 0.000000 0.000000 -0.939159 0.343483
122.100000000 -17.791441 -21.032416 0.000000 0.000000 0.000000 -0.938423 0.345488
122.200000000 -17.619804 -20.943323 0.000000 0.000000 0.000000 -0.937779 0.347232
122.300000000 -17.448721 -20.854248 0.000000 0.000000 0.000000 -0.937259 0.348633
122.400000000 -17.278018 -20.764855 0.000000 0.000000 0.000000 -0.936842 0.349754
122.500000000 -17.108581 -20.675774 0.000000 0.000000 0.000000 -0.936527 0.350594
122.600000000 -16.940430 -20.587605 0.000000 0.000000 0.000000 -0.936301 0.351199
122.700000000 -16.772130 -20.498140 0.000000 0.000000 0.000000 -0.936129 0.351656
122.800000000 -16.604519 -20.409758 0.000000 0.000000 0.000000 -0.935993 0.352018
122.900000000 -16.436557 -20.320402 0.000000 0.000000 0.000000 -0.935888 0.352298
123.000000000 -16.268974 -20.231629 0.000000 0.000000 0.000000 -0.935888 0.352298
123.100000000 -16.101504 -20.143823 0.000000 0.000000 0.000000 -0.935827 0.352459
123.200000000 -15.934196 -20.056090 0.000000 0.000000 0.000000 -0.935766 0.352621
123.300000000 -15.766846 -19.968558 0.000000 0.000000 0.000000 -0.935766 0.352621
123.400000000 -15.600017 -19.881966 0.000000 0.000000 0.000000 -0.935766 0.352621
123.500000000 -15.433052 -19.794924 0.000000 0.000000 0.000000 -0.935766 0.352621
123.600000000 -15.266591 -19.708320 0.000000 0.000000 0.000000 -0.935827 0.352459
123.700000000 -15.100639 -19.622211 0.000000 0.000000 0.000000 -0.935827 0.352459
123.800000000 -14.935124 -19.536989 0.000000 0.000000 0.000000 -0.935827 0.352459
123.900000000 -14.769409 -19.451262 0.000000 0.000000 0.000000 -0.935827 0.352459
124.000000000 -14.603848 -19.366598 0.000000 0.000000 0.000000 -0.935827 0.352459
124.100000000 -14.438800 -19.281897 0.000000 0.000000 0.000000 -0.935827 0.352459
124.200000000 -14.273712 -19.197275 0.000000 0.000000 0.000000 -0.935827 0.352459
124.300000000 -14.108424 -19.112396 0.000000 0.000000 0.000000 -0.935827 0.352459
124.400000000 -13.943870 -19.027731 0.000000 0.000000 0.000000 -0.935827 0.352459
124.500000000 -13.778992 -18.942958 0.000000 0.000000 0.000000 -0.935766 0.352621
124.600000000 -13.613937 -18.857601 0.000000 0.000000 0.000000 -0.935766 0.352621
124.700000000 -13.449581 -18.773424 0.000000 0.000000 0.000000 -0.935766 0.352621
124.800000000 -13.285092 -18.688855 0.000000 0.000000 0.000000 -0.935705 0.352782
124.900000000 -13.120712 -18.604136 0.000000 0.000000 0.000000 -0.935705 0.352782
125.000000000 -12.956869 -18.519764 0.000000 0.000000 0.000000 -0.935705 0.352782
125.100000000 -12.792447 -18.433862 0.000000 0.000000 0.000000 -0.935705 0.352782
125.200000000 -12.627529 -18.346917 0.000000 0.000000 0.000000 -0.935705 0.352782
125.300000000 -12.463218 -18.260771 0.000000 0.000000 0.000000 -0.935705 0.352782
125.400000000 -12.299462 -18.175773 0.000000 0.000000 0.000000 -0.935645 0.352944
125.500000000 -12.135156 -18.089498 0.000000 0.000000 0.000000 -0.935645 0.352944
125.600000000 -11.971370 -18.004047 0.000000 0.000000 0.000000 -0.935584 0.353105
125.700000000 -11.807534 -17.917907 0.000000 0.000000 0.000000 -0.935497 0.353334
125.800000000 -11.646120 -17.833754 0.000000 0.000000 0.000000 -0.935497 0.353334
125.900000000 -11.487249 -17.751870 0.000000 0.000000 0.000000 -0.935497 0.353334
126.000000000 -11.330263 -17.670874 0.000000 0.000000 0.000000 -0.935497 0.353334
126.100000000 -11.175495 -17.591193 0.000000 0.000000 0.000000 -0.935584 0.353105
126.200000000 -11.023193 -17.513876 0.000000 0.000000 0.000000 -0.935689 0.352825
126.300000000 -10.873658 -17.438781 0.000000 0.000000 0.000000 -0.935900 0.352266
126.400000000 -10.726786 -17.365824 0.000000 0.000000 0.000000 -0.936135 0.351640
126.600000000 -10.436535 -17.218473 0.000000 0.000000 0.000000 -0.936836 0.349769
126.700000000 -10.296536 -17.150048 0.000000 0.000000 0.000000 -0.937227 0.348720
126.800000000 -10.159318 -17.083299 0.000000 0.000000 0.000000 -0.937656 0.347565
126.900000000 -10.024278 -17.018016 0.000000 0.000000 0.000000 -0.938124 0.346300
127.000000000 -9.891545 -16.954008 0.000000 0.000000 0.000000 -0.938619 0.344954
127.100000000 -9.761540 -16.892561 0.000000 0.000000 0.000000 -0.939131 0.343560
127.200000000 -9.633433 -16.832275 0.000000 0.000000 0.000000 -0.939797 0.341732
127.300000000 -9.509661 -16.773568 0.000000 0.000000 0.000000 -0.941167 0.337942
127.400000000 -9.386291 -16.712631 0.000000 0.000000 0.000000 -0.943096 0.332521
127.500000000 -9.267695 -16.655331 0.000000 0.000000 0.000000 -0.945477 0.325688
127.600000000 -9.153546 -16.599560 0.000000 0.000000 0.000000 -0.948032 0.318175
127.700000000 -9.040971 -16.543805 0.000000 0.000000 0.000000 -0.950656 0.310247
127.800000000 -8.930471 -16.489251 0.000000 0.000000 0.000000 -0.953272 0.302114
127.900000000 -8.822443 -16.436311 0.000000 0.000000 0.000000 -0.955800 0.294019
128.000000000 -8.717699 -16.385616 0.000000 0.000000 0.000000 -0.958224 0.286018
128.100000000 -8.616218 -16.336938 0.000000 0.000000 0.000000 -0.960530 0.278176
128.200000000 -8.518318 -16.291405 0.000000 0.000000 0.000000 -0.962710 0.270534
128.300000000 -8.423512 -16.248782 0.000000 0.000000 0.000000 -0.964758 0.263140
128.400000000 -8.330557 -16.207978 0.000000 0.000000 0.000000 -0.966615 0.256234
128.500000000 -8.238703 -16.167959 0.000000 0.000000 0.000000 -0.968269 0.249910
128.600000000 -8.148476 -16.128576 0.000000 0.000000 0.000000 -0.969730 0.244178
128.700000000 -8.060588 -16.090034 0.000000 0.000000 0.000000 -0.971050 0.238875
128.800000000 -7.975986 -16.053615 0.000000 0.000000 0.000000 -0.972258 0.233911
128.900000000 -7.895353 -16.019214 0.000000 0.000000 0.000000 -0.973394 0.229140
129.000000000 -7.817897 -15.986823 0.000000 0.000000 0.000000 -0.974442 0.224638
129.100000000 -7.743817 -15.956550 0.000000 0.000000 0.000000 -0.975410 0.220396
129.200000000 -7.673223 -15.928282 0.000000 0.000000 0.000000 -0.976287 0.216478
129.300000000 -7.606482 -15.902151 0.000000 0.000000 0.000000 -0.977067 0.212933
129.400000000 -7.542344 -15.877018 0.000000 0.000000 0.000000 -0.977761 0.209723
129.500000000 -7.480992 -15.853289 0.000000 0.000000 0.000000 -0.978371 0.206857
129.600000000 -7.422491 -15.830805 0.000000 0.000000 0.000000 -0.978919 0.204251
129.700000000 -7.366752 -15.809187 0.000000 0.000000 0.000000 -0.979408 0.201891
129.800000000 -7.313789 -15.788755 0.000000 0.000000 0.000000 -0.979853 0.199718
129.900000000 -7.264029 -15.769842 0.000000 0.000000 0.000000 -0.980256 0.197731
130.000000000 -7.217426 -15.752337 0.000000 0.000000 0.000000 -0.980633 0.195854
130.100000000 -7.173527 -15.735912 0.000000 0.000000 0.000000 -0.980980 0.194110
130.200000000 -7.132715 -15.720723 0.000000 0.000000 0.000000 -0.981296 0.192503
130.300000000 -7.095247 -15.706985 0.000000 0.000000 0.000000 -0.981589 0.191007
130.400000000 -7.060863 -15.694565 0.000000 0.000000 0.000000 -0.981858 0.189620
130.500000000 -7.029268 -15.683119 0.000000 0.000000 0.000000 -0.982108 0.188318
130.600000000 -7.001023 -15.673376 0.000000 0.000000 0.000000 -0.982344 0.187083
130.700000000 -6.975664 -15.664566 0.000000 0.000000 0.000000 -0.982560 0.185946
130.800000000 -6.953321 -15.657051 0.000000 0.000000 0.000000 -0.982765 0.184859
130.900000000 -6.933695 -15.650265 0.000000 0.000000 0.000000 -0.982956 0.183841
131.000000000 -6.917003 -15.644665 0.000000 0.000000 0.000000 -0.983143 0.182837
131.100000000 -6.903310 -15.640253 0.000000 0.000000 0.000000 -0.983324 0.181862
131.200000000 -6.892423 -15.636979 0.000000 0.000000 0.000000 -0.983501 0.180902
131.300000000 -6.884492 -15.634818 0.000000 0.000000 0.000000 -0.983666 0.180003
131.400000000 -6.879422 -15.633910 0.000000 0.000000 0.000000 -0.983818 0.179171
131.500000000 -6.877154 -15.633984 0.000000 0.000000 0.000000 -0.983984 0.178257
131.600000000 -6.877876 -15.635206 0.000000 0.000000 0.000000 -0.984149 0.177342
131.700000000 -6.881547 -15.637633 0.000000 0.000000 0.000000 -0.984319 0.176396
131.800000000 -6.888095 -15.641039 0.000000 0.000000 0.000000 -0.984474 0.175529
131.900000000 -6.897681 -15.645739 0.000000 0.000000 0.000000 -0.984628 0.174663
132.000000000 -6.909978 -15.651184 0.000000 0.000000 0.000000 -0.984779 0.173813
132.100000000 -6.925473 -15.657937 0.000000 0.000000 0.000000 -0.984931 0.172946
132.200000000 -6.943847 -15.665872 0.000000 0.000000 0.000000 -0.985089 0.172046
132.300000000 -6.965139 -15.674908 0.000000 0.000000 0.000000 -0.985251 0.171114
132.400000000 -6.989889 -15.685381 0.000000 0.000000 0.000000 -0.985399 0.170264
132.500000000 -7.017500 -15.696739 0.000000 0.000000 0.000000 -0.985539 0.169448
132.600000000 -7.048167 -15.709217 0.000000 0.000000 0.000000 -0.985676 0.168650
132.700000000 -7.081962 -15.722947 0.000000 0.000000 0.000000 -0.985806 0.167889
132.800000000 -7.118636 -15.737772 0.000000 0.000000 0.000000 -0.985935 0.167128
132.900000000 -7.158557 -15.753624 0.000000 0.000000 0.000000 -0.986067 0.166348
133.000000000 -7.201497 -15.770272 0.000000 0.000000 0.000000 -0.986192 0.165606
133.100000000 -7.247622 -15.788283 0.000000 0.000000 0.000000 -0.986313 0.164883
133.200000000 -7.296855 -15.807350 0.000000 0.000000 0.000000 -0.986437 0.164141
133.300000000 -7.349281 -15.827348 0.000000 0.000000 0.000000 -0.986546 0.163481
133.400000000 -7.404714 -15.848376 0.000000 0.000000 0.000000 -0.986648 0.162867
133.500000000 -7.463755 -15.870632 0.000000 0.000000 0.000000 -0.986741 0.162302
133.600000000 -7.525952 -15.893943 0.000000 0.000000 0.000000 -0.986834 0.161737
133.700000000 -7.591174 -15.918165 0.000000 0.000000 0.000000 -0.986908 0.161287
133.800000000 -7.659391 -15.943142 0.000000 0.000000 0.000000 -0.986970 0.160906
133.900000000 -7.730889 -15.969299 0.000000 0.000000 0.000000 -0.987038 0.160488
134.000000000 -7.805556 -15.996379 0.000000 0.000000 0.000000 -0.987093 0.160148
134.100000000 -7.883401 -16.024389 0.000000 0.000000 0.000000 -0.987155 0.159767
134.200000000 -7.964755 -16.053542 0.000000 0.000000 0.000000 -0.987210 0.159426
134.300000000 -8.049059 -16.083539 0.000000 0.000000 0.000000 -0.987249 0.159185
134.400000000 -8.136984 -16.114808 0.000000 0.000000 0.000000 -0.987276 0.159014
134.500000000 -8.228033 -16.146964 0.000000 0.000000 0.000000 -0.987304 0.158844
134.600000000 -8.322256 -16.179676 0.000000 0.000000 0.000000 -0.987359 0.158503
134.700000000 -8.419529 -16.213717 0.000000 0.000000 0.000000 -0.987406 0.158208
134.800000000 -8.517885 -16.248108 0.000000 0.000000 0.000000 -0.987460 0.157867
134.900000000 -8.615941 -16.282655 0.000000 0.000000 0.000000 -0.987521 0.157486
135.000000000 -8.714275 -16.317358 0.000000 0.000000 0.000000 -0.987576 0.157145
135.100000000 -8.812419 -16.351821 0.000000 0.000000 0.000000 -0.987647 0.156693
135.200000000 -8.910238 -16.386089 0.000000 0.000000 0.000000 -0.987728 0.156182
135.300000000 -9.008675 -16.420757 0.000000 0.000000 0.000000 -0.987809 0.155670
135.400000000 -9.106645 -16.455117 0.000000 0.000000 0.000000 -0.987902 0.155080
135.500000000 -9.204855 -16.489616 0.000000 0.000000 0.000000 -0.988005 0.154419
135.600000000 -9.302935 -16.523760 0.000000 0.000000 0.000000 -0.988118 0.153695
135.700000000 -9.401249 -16.558114 0.000000 0.000000 0.000000 -0.988240 0.152914
135.800000000 -9.499369 -16.592445 0.000000 0.000000 0.000000 -0.988369 0.152078
135.900000000 -9.597426 -16.626692 0.000000 0.000000 0.000000 -0.988507 0.151175
136.000000000 -9.695226 -16.660987 0.000000 0.000000 0.000000 -0.988650 0.150240
136.100000000 -9.793322 -16.695175 0.000000 0.000000 0.000000 -0.988815 0.149147
136.200000000 -9.891545 -16.729458 0.000000 0.000000 0.000000 -0.988983 0.148028
136.300000000 -9.989620 -16.763592 0.000000 0.000000 0.000000 -0.989156 0.146870
136.400000000 -10.087652 -16.797652 0.000000 0.000000 0.000000 -0.989345 0.145592
136.500000000 -10.185649 -16.831492 0.000000 0.000000 0.000000 -0.989540 0.144258
136.600000000 -10.283627 -16.865439 0.000000 0.000000 0.000000 -0.989745 0.142849
136.700000000 -10.381709 -16.899259 0.000000 0.000000 0.000000 -0.989957 0.141369
136.800000000 -10.479588 -16.932916 0.000000 0.000000 0.000000 -0.990179 0.139802
136.900000000 -10.577529 -16.966522 0.000000 0.000000 0.000000 -0.990408 0.138172
137.000000000 -10.675203 -16.999950 0.000000 0.000000 0.000000 -0.990645 0.136462
137.100000000 -10.772672 -17.033393 0.000000 0.000000 0.000000 -0.990887 0.134692
137.200000000 -10.870200 -17.066739 0.000000 0.000000 0.000000 -0.991145 0.132787
137.300000000 -10.967758 -17.099939 0.000000 0.000000 0.000000 -0.991409 0.130799
137.400000000 -11.065308 -17.133231 0.000000 0.000000 0.000000 -0.991681 0.128717
137.500000000 -11.162869 -17.166482 0.000000 0.000000 0.000000 -0.991964 0.126524
137.600000000 -11.260363 -17.199955 0.000000 0.000000 0.000000 -0.992250 0.124258
137.700000000 -11.357850 -17.233230 0.000000 0.000000 0.000000 -0.992547 0.121866
137.800000000 -11.455330 -17.266643 0.000000 0.000000 0.000000 -0.992846 0.119400
137.900000000 -11.552633 -17.299669 0.000000 0.000000 0.000000 -0.993150 0.116846
138.000000000 -11.649598 -17.332420 0.000000 0.000000 0.000000 -0.993462 0.114167
138.100000000 -11.746303 -17.365514 0.000000 0.000000 0.000000 -0.993774 0.111417
138.200000000 -11.842513 -17.397699 0.000000 0.000000 0.000000 -0.994090 0.108562
138.300000000 -11.938463 -17.430033 0.000000 0.000000 0.000000 -0.994408 0.105609
138.400000000 -12.034086 -17.462373 0.000000 0.000000 0.000000 -0.994730 0.102533
138.500000000 -12.129622 -17.494350 0.000000 0.000000 0.000000 -0.995062 0.099251
138.600000000 -12.224925 -17.526438 0.000000 0.000000 0.000000 -0.995404 0.095768
138.700000000 -12.319857 -17.558117 0.000000 0.000000 0.000000 -0.995758 0.092010
138.800000000 -12.414329 -17.589906 0.000000 0.000000 0.000000 -0.996125 0.087945
138.900000000 -12.508668 -17.622005 0.000000 0.000000 0.000000 -0.996505 0.083537
139.000000000 -12.602683 -17.653979 0.000000 0.000000 0.000000 -0.996891 0.078796
139.100000000 -12.696633 -17.686067 0.000000 0.000000 0.000000 -0.997278 0.073728
139.200000000 -12.791688 -17.719042 0.000000 0.000000 0.000000 -0.997668 0.068255
139.300000000 -12.887090 -17.753156 0.000000 0.000000 0.000000 -0.998045 0.062498
139.400000000 -12.982559 -17.786527 0.000000 0.000000 0.000000 -0.998407 0.056422
139.500000000 -13.077681 -17.819489 0.000000 0.000000 0.000000 -0.998746 0.050065
139.600000000 -13.172210 -17.851489 0.000000 0.000000 0.000000 -0.999054 0.043496
139.700000000 -13.266674 -17.884046 0.000000 0.000000 0.000000 -0.999330 0.036603
139.800000000 -13.360818 -17.917506 0.000000 0.000000 0.000000 -0.999571 0.029274
139.900000000 -13.454327 -17.949763 0.000000 0.000000 0.000000 -0.999772 0.021334
140.000000000 -13.546853 -17.980055 0.000000 0.000000 0.000000 -0.999919 0.012714
140.100000000 -13.638834 -18.009725 0.000000 0.000000 0.000000 -0.999993 0.003654
140.200000000 -13.731100 -18.041990 0.000000 0.000000 0.000000 0.999983 0.005771
140.300000000 -13.822633 -18.073744 0.000000 0.000000 0.000000 0.999878 0.015591
140.400000000 -13.913075 -18.105853 0.000000 0.000000 0.000000 0.999664 0.025923
140.500000000 -14.002190 -18.136429 0.000000 0.000000 0.000000 0.999320 0.036872
140.600000000 -14.090919 -18.168045 0.000000 0.000000 0.000000 0.998815 0.048668
140.700000000 -14.179380 -18.197306 0.000000 0.000000 0.000000 0.998124 0.061221
140.800000000 -14.267625 -18.226924 0.000000 0.000000 0.000000 0.997233 0.074344
140.900000000 -14.356027 -18.257428 0.000000 0.000000 0.000000 0.996112 0.088095
141.000000000 -14.443295 -18.286617 0.000000 0.000000 0.000000 0.994690 0.102918
141.100000000 -14.530052 -18.313685 0.000000 0.000000 0.000000 0.992955 0.118492
141.200000000 -14.615766 -18.338311 0.000000 0.000000 0.000000 0.990898 0.134616
141.300000000 -14.701097 -18.360412 0.000000 0.000000 0.000000 0.988456 0.151507
141.400000000 -14.787977 -18.384876 0.000000 0.000000 0.000000 0.985567 0.169287
141.500000000 -14.874061 -18.408932 0.000000 0.000000 0.000000 0.982163 0.188030
141.600000000 -14.962663 -18.433017 0.000000 0.000000 0.000000 0.978267 0.207350
141.700000000 -15.048898 -18.456201 0.000000 0.000000 0.000000 0.973857 0.227161
141.800000000 -15.133673 -18.476309 0.000000 0.000000 0.000000 0.968874 0.247555
141.900000000 -15.217374 -18.494503 0.000000 0.000000 0.000000 0.963282 0.268491
142.000000000 -15.300980 -18.511994 0.000000 0.000000 0.000000 0.957094 0.289778
142.100000000 -15.388260 -18.534041 0.000000 0.000000 0.000000 0.950263 0.311449
142.200000000 -15.475025 -18.556992 0.000000 0.000000 0.000000 0.942842 0.333240
142.300000000 -15.564122 -18.581147 0.000000 0.000000 0.000000 0.934868 0.354995
142.400000000 -15.656944 -18.606651 0.000000 0.000000 0.000000 0.926292 0.376807
142.500000000 -15.750644 -18.633125 0.000000 0.000000 0.000000 0.917171 0.398493
142.600000000 -15.844948 -18.660950 0.000000 0.000000 0.000000 0.907533 0.419981
142.700000000 -15.945217 -18.694988 0.000000 0.000000 0.000000 0.897305 0.441411
142.800000000 -16.047170 -18.729804 0.000000 0.000000 0.000000 0.886513 0.462704
142.900000000 -16.148462 -18.764963 0.000000 0.000000 0.000000 0.875269 0.483637
143.000000000 -16.251187 -18.803318 0.000000 0.000000 0.000000 0.863551 0.504261
143.100000000 -16.354749 -18.841837 0.000000 0.000000 0.000000 0.851338 0.524618
143.200000000 -16.458311 -18.879832 0.000000 0.000000 0.000000 0.838705 0.544586
143.300000000 -16.560035 -18.920133 0.000000 0.000000 0.000000 0.825600 0.564256
143.400000000 -16.659174 -18.957227 0.000000 0.000000 0.000000 0.812147 0.583453
143.500000000 -16.759401 -19.010055 0.000000 0.000000 0.000000 0.798190 0.602406
143.600000000 -16.860312 -19.075549 0.000000 0.000000 0.000000 0.783815 0.620995
143.700000000 -16.953476 -19.139919 0.000000 0.000000 0.000000 0.769116 0.639109
143.800000000 -17.041337 -19.196732 0.000000 0.000000 0.000000 0.754064 0.656800
143.900000000 -17.127631 -19.249654 0.000000 0.000000 0.000000 0.738655 0.674083
144.000000000 -17.213075 -19.296600 0.000000 0.000000 0.000000 0.722849 0.691006
144.100000000 -17.299204 -19.338317 0.000000 0.000000 0.000000 0.706648 0.707565
144.200000000 -17.382432 -19.373313 0.000000 0.000000 0.000000 0.690197 0.723622
144.300000000 -17.467600 -19.405073 0.000000 0.000000 0.000000 0.673309 0.739362
144.400000000 -17.553450 -19.434622 0.000000 0.000000 0.000000 0.656084 0.754688
144.500000000 -17.641208 -19.464645 0.000000 0.000000 0.000000 0.638474 0.769643
144.600000000 -17.729791 -19.491254 0.000000 0.000000 0.000000 0.620508 0.784200
144.700000000 -17.818877 -19.516276 0.000000 0.000000 0.000000 0.602086 0.798431
144.800000000 -17.910882 -19.543078 0.000000 0.000000 0.000000 0.583217 0.812316
144.900000000 -18.006979 -19.575748 0.000000 0.000000 0.000000 0.563724 0.825964
145.000000000 -18.101767 -19.604683 0.000000 0.000000 0.000000 0.543837 0.839191
145.100000000 -18.195555 -19.632085 0.000000 0.000000 0.000000 0.523353 0.852116
145.200000000 -18.292292 -19.660277 0.000000 0.000000 0.000000 0.502039 0.864845
145.300000000 -18.393623 -19.694405 0.000000 0.000000 0.000000 0.479819 0.877368
145.400000000 -18.493358 -19.730387 0.000000 0.000000 0.000000 0.456612 0.889666
145.500000000 -18.596709 -19.766131 0.000000 0.000000 0.000000 0.432616 0.901578
145.600000000 -18.701482 -19.804466 0.000000 0.000000 0.000000 0.408102 0.912936
145.700000000 -18.806876 -19.844322 0.000000 0.000000 0.000000 0.383215 0.923659
145.800000000 -18.915752 -19.886975 0.000000 0.000000 0.000000 0.358215 0.933639
145.900000000 -19.025221 -19.929484 0.000000 0.000000 0.000000 0.333376 0.942794
146.000000000 -19.138388 -19.972794 0.000000 0.000000 0.000000 0.308920 0.951088
146.100000000 -19.251382 -20.010518 0.000000 0.000000 0.000000 0.285257 0.958451
146.200000000 -19.363676 -20.044861 0.000000 0.000000 0.000000 0.262399 0.964959
146.300000000 -19.475209 -20.076708 0.000000 0.000000 0.000000 0.240278 0.970704
146.400000000 -19.588536 -20.105274 0.000000 0.000000 0.000000 0.219048 0.975714
146.500000000 -19.700915 -20.129389 0.000000 0.000000 0.000000 0.199085 0.979982
146.600000000 -19.809225 -20.148743 0.000000 0.000000 0.000000 0.180009 0.983665
146.700000000 -19.915553 -20.162651 0.000000 0.000000 0.000000 0.162144 0.986767
146.800000000 -20.017912 -20.170112 0.000000 0.000000 0.000000 0.145304 0.989387
146.900000000 -20.116189 -20.175670 0.000000 0.000000 0.000000 0.129187 0.991620
147.000000000 -20.211812 -20.176964 0.000000 0.000000 0.000000 0.114013 0.993479
147.100000000 -20.311016 -20.177064 0.000000 0.000000 0.000000 0.099895 0.994998
147.200000000 -20.406400 -20.171898 0.000000 0.000000 0.000000 0.086708 0.996234
147.300000000 -20.498997 -20.165927 0.000000 0.000000 0.000000 0.074474 0.997223
147.400000000 -20.593375 -20.164278 0.000000 0.000000 0.000000 0.063286 0.997995
147.500000000 -20.691370 -20.160926 0.000000 0.000000 0.000000 0.053045 0.998592
147.600000000 -20.788685 -20.155105 0.000000 0.000000 0.000000 0.043714 0.999044
147.700000000 -20.882893 -20.146602 0.000000 0.000000 0.000000 0.035127 0.999383
147.800000000 -20.981928 -20.136434 0.000000 0.000000 0.000000 0.027895 0.999611
147.900000000 -21.077062 -20.124737 0.000000 0.000000 0.000000 0.021417 0.999771
148.000000000 -21.169159 -20.111350 0.000000 0.000000 0.000000 0.015880 0.999874
148.100000000 -21.265492 -20.104643 0.000000 0.000000 0.000000 0.011448 0.999934
148.200000000 -21.364587 -20.094222 0.000000 0.000000 0.000000 0.008191 0.999966
148.300000000 -21.460934 -20.083698 0.000000 0.000000 0.000000 0.005666 0.999984
148.400000000 -21.556846 -20.073348 0.000000 0.000000 0.000000 0.004132 0.999991
148.500000000 -21.656177 -20.067017 0.000000 0.000000 0.000000 0.003559 0.999994
148.600000000 -21.758947 -20.061130 0.000000 0.000000 0.000000 0.003945 0.999992
148.700000000 -21.859781 -20.056025 0.000000 0.000000 0.000000 0.004636 0.999989
148.800000000 -21.960076 -20.049727 0.000000 0.000000 0.000000 0.005794 0.999983
148.900000000 -22.060248 -20.043089 0.000000 0.000000 0.000000 0.007376 0.999973
149.000000000 -22.161105 -20.038399 0.000000 0.000000 0.000000 0.009314 0.999957
149.100000000 -22.262099 -20.034974 0.000000 0.000000 0.000000 0.011490 0.999934
149.200000000 -22.363123 -20.028145 0.000000 0.000000 0.000000 0.013882 0.999904
149.300000000 -22.464747 -20.022566 0.000000 0.000000 0.000000 0.016348 0.999866
149.400000000 -22.566371 -20.017529 0.000000 0.000000 0.000000 0.018937 0.999821
149.500000000 -22.668471 -20.014119 0.000000 0.000000 0.000000 0.021537 0.999768
149.600000000 -22.770395 -20.008144 0.000000 0.000000 0.000000 0.024172 0.999708
149.700000000 -22.872543 -20.004607 0.000000 0.000000 0.000000 0.026743 0.999642
149.800000000 -22.974561 -19.997571 0.000000 0.000000 0.000000 0.029196 0.999574
149.900000000 -23.076284 -19.990409 0.000000 0.000000 0.000000 0.031599 0.999501
150.000000000 -23.177811 -19.984030 0.000000 0.000000 0.000000 0.033875 0.999426
150.100000000 -23.279447 -19.979502 0.000000 0.000000 0.000000 0.036009 0.999351
150.200000000 -23.380473 -19.971608 0.000000 0.000000 0.000000 0.038072 0.999275
150.300000000 -23.481736 -19.964365 0.000000 0.000000 0.000000 0.039938 0.999202
150.400000000 -23.582894 -19.956770 0.000000 0.000000 0.000000 0.041680 0.999131
150.500000000 -23.684352 -19.951263 0.000000 0.000000 0.000000 0.043232 0.999065
150.600000000 -23.784814 -19.943468 0.000000 0.000000 0.000000 0.044736 0.998999
150.700000000 -23.885675 -19.936056 0.000000 0.000000 0.000000 0.046049 0.998939
150.800000000 -23.986569 -19.927820 0.000000 0.000000 0.000000 0.047231 0.998884
150.900000000 -24.087255 -19.920009 0.000000 0.000000 0.000000 0.048252 0.998835
151.000000000 -24.188054 -19.910520 0.000000 0.000000 0.000000 0.049180 0.998790
151.100000000 -24.288983 -19.902053 0.000000 0.000000 0.000000 0.049951 0.998752
151.200000000 -24.390714 -19.894735 0.000000 0.000000 0.000000 0.050596 0.998719
151.300000000 -24.492166 -19.886662 0.000000 0.000000 0.000000 0.051218 0.998688
151.400000000 -24.594157 -19.877124 0.000000 0.000000 0.000000 0.051763 0.998659
151.500000000 -24.696503 -19.867926 0.000000 0.000000 0.000000 0.052251 0.998634
151.600000000 -24.799144 -19.860440 0.000000 0.000000 0.000000 0.052738 0.998608
151.700000000 -24.901847 -19.853287 0.000000 0.000000 0.000000 0.053124 0.998588
151.800000000 -25.004835 -19.845893 0.000000 0.000000 0.000000 0.053546 0.998565
151.900000000 -25.107713 -19.837488 0.000000 0.000000 0.000000 0.053891 0.998547
152.000000000 -25.210435 -19.828930 0.000000 0.000000 0.000000 0.054236 0.998528
152.100000000 -25.313182 -19.821764 0.000000 0.000000 0.000000 0.054534 0.998512
152.200000000 -25.415885 -19.814022 0.000000 0.000000 0.000000 0.054707 0.998502
152.300000000 -25.518189 -19.805395 0.000000 0.000000 0.000000 0.054707 0.998502
152.400000000 -25.620626 -19.796956 0.000000 0.000000 0.000000 0.054707 0.998502
152.500000000 -25.722700 -19.788712 0.000000 0.000000 0.000000 0.054707 0.998502
152.600000000 -25.824433 -19.779559 0.000000 0.000000 0.000000 0.054707 0.998502
152.700000000 -25.926876 -19.771400 0.000000 0.000000 0.000000 0.054707 0.998502
152.800000000 -26.029492 -19.763589 0.000000 0.000000 0.000000 0.054707 0.998502
152.900000000 -26.131405 -19.758558 0.000000 0.000000 0.000000 0.054707 0.998502
153.000000000 -26.233314 -19.751358 0.000000 0.000000 0.000000 0.055278 0.998471
153.100000000 -26.333522 -19.740812 0.000000 0.000000 0.000000 0.056867 0.998382
153.200000000 -26.435079 -19.731912 0.000000 0.000000 0.000000 0.059353 0.998237
153.300000000 -26.537842 -19.726175 0.000000 0.000000 0.000000 0.062581 0.998040
153.400000000 -26.642340 -19.720250 0.000000 0.000000 0.000000 0.066363 0.997796
153.500000000 -26.747824 -19.712527 0.000000 0.000000 0.000000 0.070504 0.997511
153.600000000 -26.853185 -19.707806 0.000000 0.000000 0.000000 0.074884 0.997192
153.700000000 -26.957992 -19.702113 0.000000 0.000000 0.000000 0.079418 0.996841
153.800000000 -27.063073 -19.694672 0.000000 0.000000 0.000000 0.084041 0.996462
153.900000000 -27.167281 -19.686891 0.000000 0.000000 0.000000 0.088713 0.996057
154.000000000 -27.271353 -19.680896 0.000000 0.000000 0.000000 0.093352 0.995633
154.100000000 -27.375301 -19.673735 0.000000 0.000000 0.000000 0.097931 0.995193
154.200000000 -27.479504 -19.667732 0.000000 0.000000 0.000000 0.102377 0.994746
154.300000000 -27.583767 -19.658278 0.000000 0.000000 0.000000 0.106761 0.994285
154.400000000 -27.688115 -19.651912 0.000000 0.000000 0.000000 0.110904 0.993831
154.500000000 -27.792176 -19.643274 0.000000 0.000000 0.000000 0.114901 0.993377
154.600000000 -27.895935 -19.634877 0.000000 0.000000 0.000000 0.118677 0.992933
154.700000000 -27.999532 -19.626999 0.000000 0.000000 0.000000 0.122231 0.992502
154.800000000 -28.102585 -19.619592 0.000000 0.000000 0.000000 0.125535 0.992089
154.900000000 -28.205000 -19.609394 0.000000 0.000000 0.000000 0.128515 0.991708
155.000000000 -28.306593 -19.601522 0.000000 0.000000 0.000000 0.131307 0.991342
155.100000000 -28.407588 -19.591596 0.000000 0.000000 0.000000 0.133828 0.991005
155.200000000 -28.508099 -19.583038 0.000000 0.000000 0.000000 0.136097 0.990696
155.300000000 -28.608456 -19.572614 0.000000 0.000000 0.000000 0.138156 0.990410
155.400000000 -28.708553 -19.561501 0.000000 0.000000 0.000000 0.140060 0.990143
155.500000000 -28.808391 -19.552804 0.000000 0.000000 0.000000 0.141672 0.989914
155.600000000 -28.907899 -19.542302 0.000000 0.000000 0.000000 0.143152 0.989701
155.700000000 -29.007265 -19.533853 0.000000 0.000000 0.000000 0.144384 0.989522
155.800000000 -29.106486 -19.521615 0.000000 0.000000 0.000000 0.145543 0.989352
155.900000000 -29.206013 -19.513205 0.000000 0.000000 0.000000 0.146446 0.989219
156.000000000 -29.305522 -19.502330 0.000000 0.000000 0.000000 0.147210 0.989105
156.100000000 -29.405609 -19.490881 0.000000 0.000000 0.000000 0.147914 0.989000
156.200000000 -29.506311 -19.483624 0.000000 0.000000 0.000000 0.148454 0.988919
156.300000000 -29.607746 -19.473233 0.000000 0.000000 0.000000 0.148905 0.988851
156.400000000 -29.709727 -19.463167 0.000000 0.000000 0.000000 0.149287 0.988794
156.500000000 -29.811787 -19.454723 0.000000 0.000000 0.000000 0.149529 0.988757
156.600000000 -29.913776 -19.445358 0.000000 0.000000 0.000000 0.149770 0.988721
156.700000000 -30.015689 -19.437917 0.000000 0.000000 0.000000 0.150011 0.988684
156.800000000 -30.117661 -19.428189 0.000000 0.000000 0.000000 0.150182 0.988658
156.900000000 -30.219127 -19.421425 0.000000 0.000000 0.000000 0.150182 0.988658
157.000000000 -30.320971 -19.412851 0.000000 0.000000 0.000000 0.150182 0.988658
157.100000000 -30.422483 -19.404455 0.000000 0.000000 0.000000 0.150182 0.988658
157.200000000 -30.523650 -19.398605 0.000000 0.000000 0.000000 0.150423 0.988622
157.300000000 -30.625000 -19.390588 0.000000 0.000000 0.000000 0.150423 0.988622
157.400000000 -30.726111 -19.382814 0.000000 0.000000 0.000000 0.150423 0.988622
157.500000000 -30.827152 -19.375226 0.000000 0.000000 0.000000 0.150423 0.988622
157.600000000 -30.928128 -19.369463 0.000000 0.000000 0.000000 0.150423 0.988622
157.700000000 -31.029105 -19.362228 0.000000 0.000000 0.000000 0.150423 0.988622
157.800000000 -31.129864 -19.355885 0.000000 0.000000 0.000000 0.150182 0.988658
157.900000000 -31.230704 -19.349377 0.000000 0.000000 0.000000 0.150182 0.988658
158.000000000 -31.331908 -19.342473 0.000000 0.000000 0.000000 0.150182 0.988658
158.100000000 -31.432911 -19.337112 0.000000 0.000000 0.000000 0.149941 0.988695
158.200000000 -31.534087 -19.331173 0.000000 0.000000 0.000000 0.149941 0.988695
158.300000000 -31.635504 -19.324917 0.000000 0.000000 0.000000 0.149770 0.988721
158.400000000 -31.736295 -19.319027 0.000000 0.000000 0.000000 0.149770 0.988721
158.500000000 -31.837943 -19.312518 0.000000 0.000000 0.000000 0.149599 0.988747
158.600000000 -31.939414 -19.305498 0.000000 0.000000 0.000000 0.149599 0.988747
158.700000000 -32.040689 -19.300279 0.000000 0.000000 0.000000 0.149599 0.988747
158.800000000 -32.142114 -19.293003 0.000000 0.000000 0.000000 0.149599 0.988747
158.900000000 -32.243918 -19.287518 0.000000 0.000000 0.000000 0.149429 0.988773
159.000000000 -32.345304 -19.280679 0.000000 0.000000 0.000000 0.149429 0.988773
159.100000000 -32.447091 -19.273966 0.000000 0.000000 0.000000 0.149429 0.988773
159.200000000 -32.548949 -19.267956 0.000000 0.000000 0.000000 0.149429 0.988773
159.300000000 -32.650941 -19.261634 0.000000 0.000000 0.000000 0.149429 0.988773
159.400000000 -32.753192 -19.253988 0.000000 0.000000 0.000000 0.149429 0.988773
159.500000000 -32.855374 -19.247305 0.000000 0.000000 0.000000 0.149429 0.988773
159.600000000 -32.957563 -19.240301 0.000000 0.000000 0.000000 0.149429 0.988773
159.700000000 -33.059701 -19.234169 0.000000 0.000000 0.000000 0.149429 0.988773
159.800000000 -33.161940 -19.226791 0.000000 0.000000 0.000000 0.149429 0.988773
159.900000000 -33.264568 -19.219792 0.000000 0.000000 0.000000 0.149429 0.988773
160.000000000 -33.367147 -19.212765 0.000000 0.000000 0.000000 0.149429 0.988773
160.100000000 -33.469739 -19.205064 0.000000 0.000000 0.000000 0.149429 0.988773
160.200000000 -33.572228 -19.199122 0.000000 0.000000 0.000000 0.149429 0.988773
160.300000000 -33.674980 -19.191622 0.000000 0.000000 0.000000 0.149429 0.988773
160.400000000 -33.777603 -19.184901 0.000000 0.000000 0.000000 0.149429 0.988773
160.500000000 -33.880229 -19.178762 0.000000 0.000000 0.000000 0.149429 0.988773
160.600000000 -33.983050 -19.172169 0.000000 0.000000 0.000000 0.149429 0.988773
160.700000000 -34.086000 -19.165963 0.000000 0.000000 0.000000 0.149429 0.988773
160.800000000 -34.189651 -19.154339 0.000000 0.000000 0.000000 0.149429 0.988773
160.900000000 -34.288331 -19.146079 0.000000 0.000000 0.000000 0.148628 0.988893
161.000000000 -34.385842 -19.138198 0.000000 0.000000 0.000000 0.146821 0.989163
161.100000000 -34.484774 -19.127676 0.000000 0.000000 0.000000 0.144203 0.989548
161.200000000 -34.585480 -19.120049 0.000000 0.000000 0.000000 0.140965 0.990015
161.300000000 -34.687541 -19.113717 0.000000 0.000000 0.000000 0.137307 0.990529
161.400000000 -34.789640 -19.107083 0.000000 0.000000 0.000000 0.133209 0.991088
161.500000000 -34.890665 -19.102744 0.000000 0.000000 0.000000 0.128865 0.991662
161.600000000 -34.988199 -19.098053 0.000000 0.000000 0.000000 0.124306 0.992244
161.700000000 -35.082710 -19.093731 0.000000 0.000000 0.000000 0.119667 0.992814
161.800000000 -35.172878 -19.088179 0.000000 0.000000 0.000000 0.114943 0.993372
161.900000000 -35.259873 -19.081113 0.000000 0.000000 0.000000 0.110221 0.993907
162.000000000 -35.343564 -19.074330 0.000000 0.000000 0.000000 0.105489 0.994420
162.100000000 -35.424098 -19.068527 0.000000 0.000000 0.000000 0.100847 0.994902
162.200000000 -35.502086 -19.059870 0.000000 0.000000 0.000000 0.096302 0.995352
162.300000000 -35.577356 -19.051928 0.000000 0.000000 0.000000 0.091879 0.995770
162.400000000 -35.649280 -19.043724 0.000000 0.000000 0.000000 0.087560 0.996159
162.500000000 -35.719115 -19.034108 0.000000 0.000000 0.000000 0.083487 0.996509
162.600000000 -35.785737 -19.023504 0.000000 0.000000 0.000000 0.079555 0.996830
162.700000000 -35.848649 -19.013293 0.000000 0.000000 0.000000 0.075884 0.997117
162.800000000 -35.908246 -19.001542 0.000000 0.000000 0.000000 0.072398 0.997376
162.900000000 -35.963772 -18.989699 0.000000 0.000000 0.000000 0.069136 0.997607
163.000000000 -36.015922 -18.977588 0.000000 0.000000 0.000000 0.066007 0.997819
163.100000000 -36.064017 -18.965918 0.000000 0.000000 0.000000 0.063058 0.998010
163.200000000 -36.108665 -18.953558 0.000000 0.000000 0.000000 0.060216 0.998185
163.300000000 -36.150117 -18.942289 0.000000 0.000000 0.000000 0.057491 0.998346
163.400000000 -36.187331 -18.930682 0.000000 0.000000 0.000000 0.054804 0.998497
163.500000000 -36.221296 -18.918884 0.000000 0.000000 0.000000 0.052179 0.998638
163.600000000 -36.251605 -18.906461 0.000000 0.000000 0.000000 0.049593 0.998770
163.700000000 -36.279231 -18.894854 0.000000 0.000000 0.000000 0.047216 0.998885
163.800000000 -36.303015 -18.884178 0.000000 0.000000 0.000000 0.044741 0.998999
163.900000000 -36.323527 -18.871989 0.000000 0.000000 0.000000 0.042253 0.999107
164.000000000 -36.340440 -18.860713 0.000000 0.000000 0.000000 0.039796 0.999208
164.100000000 -36.354439 -18.849210 0.000000 0.000000 0.000000 0.037387 0.999301
164.200000000 -36.364874 -18.838743 0.000000 0.000000 0.000000 0.034971 0.999388
164.300000000 -36.372136 -18.827126 0.000000 0.000000 0.000000 0.032531 0.999471
164.400000000 -36.376093 -18.816275 0.000000 0.000000 0.000000 0.030110 0.999547
164.500000000 -36.376930 -18.805793 0.000000 0.000000 0.000000 0.027725 0.999616
164.600000000 -36.374372 -18.795639 0.000000 0.000000 0.000000 0.025390 0.999678
164.700000000 -36.368533 -18.785554 0.000000 0.000000 0.000000 0.023101 0.999733
164.800000000 -36.359218 -18.775481 0.000000 0.000000 0.000000 0.020870 0.999782
164.900000000 -36.346608 -18.765500 0.000000 0.000000 0.000000 0.018580 0.999827
165.000000000 -36.330630 -18.755370 0.000000 0.000000 0.000000 0.016317 0.999867
165.100000000 -36.313439 -18.745747 0.000000 0.000000 0.000000 0.014073 0.999901
165.200000000 -36.296245 -18.735754 0.000000 0.000000 0.000000 0.011731 0.999931
165.300000000 -36.278987 -18.724992 0.000000 0.000000 0.000000 0.009402 0.999956
165.400000000 -36.262135 -18.715362 0.000000 0.000000 0.000000 0.007086 0.999975
165.500000000 -36.245368 -18.705588 0.000000 0.000000 0.000000 0.004745 0.999989
165.600000000 -36.228333 -18.695839 0.000000 0.000000 0.000000 0.002429 0.999997
165.700000000 -36.211285 -18.686007 0.000000 0.000000 0.000000 0.000106 1.000000
165.800000000 -36.194483 -18.676092 0.000000 0.000000 0.000000 -0.002131 0.999998
165.900000000 -36.177752 -18.666232 0.000000 0.000000 0.000000 -0.004369 0.999990
166.000000000 -36.161139 -18.657009 0.000000 0.000000 0.000000 -0.006685 0.999978
166.100000000 -36.144234 -18.647692 0.000000 0.000000 0.000000 -0.008862 0.999961
166.200000000 -36.127389 -18.637526 0.000000 0.000000 0.000000 -0.011073 0.999939
166.300000000 -36.110449 -18.628544 0.000000 0.000000 0.000000 -0.013336 0.999911
166.400000000 -36.093218 -18.619592 0.000000 0.000000 0.000000 -0.015594 0.999878
166.500000000 -36.076267 -18.610430 0.000000 0.000000 0.000000 -0.017824 0.999841
166.600000000 -36.059217 -18.601259 0.000000 0.000000 0.000000 -0.020088 0.999798
166.700000000 -36.042003 -18.592583 0.000000 0.000000 0.000000 -0.022305 0.999751
166.800000000 -36.024197 -18.583852 0.000000 0.000000 0.000000 -0.024474 0.999700
166.900000000 -36.007025 -18.575795 0.000000 0.000000 0.000000 -0.026644 0.999645
167.000000000 -35.989552 -18.567556 0.000000 0.000000 0.000000 -0.028826 0.999584
167.100000000 -35.972407 -18.559972 0.000000 0.000000 0.000000 -0.031036 0.999518
167.200000000 -35.955266 -18.552741 0.000000 0.000000 0.000000 -0.033279 0.999446
167.300000000 -35.938221 -18.545462 0.000000 0.000000 0.000000 -0.035496 0.999370
167.400000000 -35.921226 -18.538350 0.000000 0.000000 0.000000 -0.037718 0.999288
167.500000000 -35.904235 -18.531395 0.000000 0.000000 0.000000 -0.039880 0.999204
167.600000000 -35.887339 -18.523938 0.000000 0.000000 0.000000 -0.042155 0.999111
167.700000000 -35.870172 -18.517098 0.000000 0.000000 0.000000 -0.044443 0.999012
167.800000000 -35.853056 -18.510517 0.000000 0.000000 0.000000 -0.046705 0.998909
167.900000000 -35.835323 -18.503744 0.000000 0.000000 0.000000 -0.048999 0.998799
168.000000000 -35.817671 -18.497108 0.000000 0.000000 0.000000 -0.051247 0.998686
168.100000000 -35.799216 -18.490463 0.000000 0.000000 0.000000 -0.053455 0.998570
168.200000000 -35.781023 -18.484513 0.000000 0.000000 0.000000 -0.055669 0.998449
168.300000000 -35.762772 -18.478348 0.000000 0.000000 0.000000 -0.057916 0.998321
168.400000000 -35.744355 -18.472396 0.000000 0.000000 0.000000 -0.060143 0.998190
168.500000000 -35.726301 -18.466551 0.000000 0.000000 0.000000 -0.062390 0.998052
168.600000000 -35.707399 -18.460728 0.000000 0.000000 0.000000 -0.064562 0.997914
168.700000000 -35.688952 -18.454841 0.000000 0.000000 0.000000 -0.066795 0.997767
