# timestamp x y z q0 q1 q2 q3
0.033000000 0.000000 0.000000 0.000000 0.000000 0.000000 0.000000 1.000000
0.066000000 0.000000 -0.000000 0.000000 0.000000 0.000000 0.000000 1.000000
0.099000000 0.000000 -0.000000 0.000000 0.000000 0.000000 0.000000 1.000000
0.132000000 -0.000000 0.000000 0.000000 0.000000 0.000000 0.000000 1.000000
0.165000000 -0.000000 0.000000 0.000000 0.000000 0.000000 0.000000 1.000000
0.198000000 -0.000000 0.000000 0.000000 0.000000 0.000000 0.000000 1.000000
0.231000000 -0.000000 0.000000 0.000000 0.000000 0.000000 0.000000 1.000000
0.264000000 -0.000000 0.000000 0.000000 0.000000 0.000000 0.000000 1.000000
0.297000000 -0.000000 0.000000 0.000000 0.000000 0.000000 0.000000 1.000000
0.330000000 -0.000000 0.000000 0.000000 0.000000 0.000000 0.000000 1.000000
0.363000000 -0.000000 0.000000 0.000000 0.000000 0.000000 0.000000 1.000000
0.396000000 -0.000000 0.000000 0.000000 0.000000 0.000000 0.000000 1.000000
0.429000000 -0.000000 0.000000 0.000000 0.000000 0.000000 0.000000 1.000000
0.462000000 -0.000000 0.000000 0.000000 0.000000 0.000000 0.000000 1.000000
0.495000000 -0.000000 0.000000 0.000000 0.000000 0.000000 0.000000 1.000000
0.528000000 -0.000000 0.000000 0.000000 0.000000 0.000000 0.000000 1.000000
0.561000000 -0.000000 0.000000 0.000000 0.000000 0.000000 0.000000 1.000000
0.594000000 -0.000000 0.000000 0.000000 0.000000 0.000000 0.000000 1.000000
0.627000000 -0.000000 0.000000 0.000000 0.000000 0.000000 0.000000 1.000000
0.660000000 -0.000000 0.000000 0.000000 0.000000 0.000000 0.000000 1.000000
0.693000000 -0.000000 0.000000 0.000000 0.000000 0.000000 0.000000 1.000000
0.726000000 -0.000000 0.000000 0.000000 0.000000 0.000000 0.000000 1.000000
0.759000000 -0.000000 0.000000 0.000000 0.000000 0.000000 0.000000 1.000000
0.792000000 -0.000000 0.000000 0.000000 0.000000 0.000000 0.000000 1.000000
0.825000000 -0.000018 -0.000004 0.000000 0.000000 0.000000 0.000000 1.000000
0.858000000 -0.000018 -0.000004 0.000000 0.000000 0.000000 0.000000 1.000000
0.891000000 -0.000019 -0.000004 0.000000 0.000000 0.000000 0.000000 1.000000
0.924000000 -0.000020 -0.000004 0.000000 0.000000 0.000000 0.000000 1.000000
0.957000000 -0.000018 -0.000004 0.000000 0.000000 0.000000 0.000000 1.000000
0.990000000 -0.000019 -0.000004 0.000000 0.000000 0.000000 0.000000 1.000000
1.023000000 -0.000019 -0.000004 0.000000 0.000000 0.000000 0.000000 1.000000
1.056000000 -0.000018 -0.000004 0.000000 0.000000 0.000000 0.000000 1.000000
1.089000000 -0.000019 -0.000004 0.000000 0.000000 0.000000 0.000000 1.000000
1.122000000 -0.000018 -0.000004 0.000000 0.000000 0.000000 0.000000 1.000000
1.155000000 -0.000019 -0.000004 0.000000 0.000000 0.000000 0.000000 1.000000
1.188000000 -0.000019 -0.000004 0.000000 0.000000 0.000000 0.000000 1.000000
1.221000000 -0.000020 -0.000004 0.000000 0.000000 0.000000 0.000000 1.000000
1.254000000 -0.000021 -0.000004 0.000000 0.000000 0.000000 0.000000 1.000000
1.287000000 -0.000016 -0.000004 0.000000 0.000000 0.000000 0.000000 1.000000
1.320000000 -0.000016 -0.000004 0.000000 0.000000 0.000000 0.000000 1.000000
1.353000000 -0.000016 -0.000004 0.000000 0.000000 0.000000 0.000000 1.000000
1.386000000 -0.000016 -0.000004 0.000000 0.000000 0.000000 0.000000 1.000000
1.419000000 -0.000016 -0.000004 0.000000 0.000000 0.000000 0.000000 1.000000
1.452000000 -0.000014 -0.000001 0.000000 0.000000 0.000000 0.000000 1.000000
1.485000000 -0.000013 -0.000001 0.000000 0.000000 0.000000 0.000000 1.000000
1.518000000 -0.000013 -0.000001 0.000000 0.000000 0.000000 0.000000 1.000000
1.551000000 -0.000014 -0.000001 0.000000 0.000000 0.000000 0.000000 1.000000
1.584000000 -0.000013 -0.000001 0.000000 0.000000 0.000000 0.000000 1.000000
1.617000000 -0.000013 -0.000001 0.000000 0.000000 0.000000 0.000000 1.000000
1.650000000 -0.000012 -0.000001 0.000000 0.000000 0.000000 0.000000 1.000000
1.683000000 -0.000013 -0.000002 0.000000 0.000000 0.000000 0.000000 1.000000
1.716000000 -0.000013 -0.000002 0.000000 0.000000 0.000000 0.000000 1.000000
1.749000000 -0.000013 -0.000002 0.000000 0.000000 0.000000 0.000000 1.000000
1.782000000 -0.000013 -0.000002 0.000000 0.000000 0.000000 0.000000 1.000000
1.815000000 -0.000013 -0.000002 0.000000 0.000000 0.000000 0.000000 1.000000
1.848000000 -0.000016 0.000020 0.000000 0.000000 0.000000 0.000000 1.000000
1.881000000 -0.000016 0.000020 0.000000 0.000000 0.000000 0.000000 1.000000
1.914000000 -0.000016 0.000020 0.000000 0.000000 0.000000 0.000000 1.000000
1.947000000 -0.000016 0.000020 0.000000 0.000000 0.000000 0.000000 1.000000
1.980000000 -0.000016 0.000020 0.000000 0.000000 0.000000 0.000000 1.000000
2.013000000 -0.000016 0.000020 0.000000 0.000000 0.000000 0.000000 1.000000
2.046000000 -0.000016 0.000020 0.000000 0.000000 0.000000 0.000000 1.000000
2.079000000 -0.000015 0.000017 0.000000 0.000000 0.000000 0.000000 1.000000
2.112000000 -0.000015 0.000017 0.000000 0.000000 0.000000 0.000000 1.000000
2.145000000 -0.000014 0.000017 0.000000 0.000000 0.000000 0.000000 1.000000
2.178000000 -0.000013 0.000017 0.000000 0.000000 0.000000 0.000000 1.000000
2.211000000 -0.000013 0.000017 0.000000 0.000000 0.000000 0.000000 1.000000
2.244000000 -0.000014 0.000017 0.000000 0.000000 0.000000 0.000000 1.000000
2.277000000 -0.000013 0.000017 0.000000 0.000000 0.000000 0.000000 1.000000
2.310000000 -0.000013 0.000017 0.000000 0.000000 0.000000 0.000000 1.000000
2.343000000 -0.000013 0.000014 0.000000 0.000000 0.000000 0.000000 1.000000
2.376000000 -0.000013 0.000014 0.000000 0.000000 0.000000 0.000000 1.000000
2.409000000 -0.000013 0.000014 0.000000 0.000000 0.000000 0.000000 1.000000
2.442000000 -0.000013 0.000014 0.000000 0.000000 0.000000 0.000000 1.000000
2.475000000 -0.000019 0.000043 0.000000 0.000000 0.000000 0.000000 1.000000
2.508000000 -0.000021 0.000043 0.000000 0.000000 0.000000 0.000000 1.000000
2.541000000 -0.000023 0.000043 0.000000 0.000000 0.000000 0.000000 1.000000
2.574000000 -0.000024 0.000043 0.000000 0.000000 0.000000 0.000000 1.000000
2.607000000 -0.000022 0.000043 0.000000 0.000000 0.000000 0.000000 1.000000
2.640000000 -0.000021 0.000041 0.000000 0.000000 0.000000 0.000000 1.000000
2.673000000 -0.000021 0.000041 0.000000 0.000000 0.000000 0.000000 1.000000
2.706000000 -0.000021 0.000041 0.000000 0.000000 0.000000 0.000000 1.000000
2.739000000 -0.000021 0.000041 0.000000 0.000000 0.000000 0.000000 1.000000
2.772000000 -0.000021 0.000041 0.000000 0.000000 0.000000 0.000000 1.000000
2.805000000 -0.000021 0.000041 0.000000 0.000000 0.000000 0.000000 1.000000
2.838000000 -0.000024 0.000038 0.000000 0.000000 0.000000 0.000000 1.000000
2.871000000 -0.000024 0.000038 0.000000 0.000000 0.000000 0.000000 1.000000
2.904000000 -0.000024 0.000038 0.000000 0.000000 0.000000 0.000000 1.000000
2.937000000 -0.000073 0.000063 0.000000 0.000000 0.000000 0.000000 1.000000
2.970000000 -0.000085 0.000063 0.000000 0.000000 0.000000 0.000000 1.000000
3.003000000 -0.000097 0.000063 0.000000 0.000000 0.000000 0.000000 1.000000
3.036000000 -0.000109 0.000063 0.000000 0.000000 0.000000 0.000000 1.000000
3.069000000 -0.000058 0.000065 0.000000 0.000000 0.000000 0.000000 1.000000
3.102000000 -0.000057 0.000065 0.000000 0.000000 0.000000 0.000000 1.000000
3.135000000 -0.000055 0.000071 0.000000 0.000000 0.000000 0.000000 1.000000
3.168000000 -0.000055 0.000071 0.000000 0.000000 0.000000 0.000000 1.000000
3.201000000 -0.000054 0.000071 0.000000 0.000000 0.000000 0.000000 1.000000
3.234000000 -0.000065 0.000068 0.000000 0.000000 0.000000 0.000000 1.000000
3.267000000 -0.000067 0.000068 0.000000 0.000000 0.000000 0.000000 1.000000
3.333000000 -0.000071 0.000068 0.000000 0.000000 0.000000 0.000000 1.000000
3.366000000 -0.000061 0.000069 0.000000 0.000000 0.000000 0.000000 1.000000
3.432000000 -0.000060 0.000069 0.000000 0.000000 0.000000 0.000000 1.000000
3.465000000 -0.000060 0.000069 0.000000 0.000000 0.000000 0.000000 1.000000
3.498000000 -0.000059 0.000070 0.000000 0.000000 0.000000 0.000000 1.000000
3.531000000 -0.000058 0.000070 0.000000 0.000000 0.000000 0.000000 1.000000
3.564000000 -0.000105 0.000143 0.000000 0.000000 0.000000 0.000000 1.000000
3.597000000 -0.000116 0.000143 0.000000 0.000000 0.000000 0.000000 1.000000
3.630000000 -0.000127 0.000143 0.000000 0.000000 0.000000 0.000000 1.000000
3.663000000 -0.000098 0.000140 0.000000 0.000000 0.000000 0.000000 1.000000
3.696000000 -0.000099 0.000140 0.000000 0.000000 0.000000 0.000001 1.000000
3.729000000 -0.000100 0.000140 0.000000 0.000000 0.000000 0.000001 1.000000
3.762000000 -0.000101 0.000140 0.000000 0.000000 0.000000 0.000001 1.000000
3.795000000 -0.000040 -0.000249 0.000000 0.000000 0.000000 0.000001 1.000000
3.828000000 -0.000025 -0.000249 0.000000 0.000000 0.000000 0.000001 1.000000
3.861000000 -0.000052 -0.000239 0.000000 0.000000 0.000000 0.000001 1.000000
3.894000000 -0.000051 -0.000239 0.000000 0.000000 0.000000 0.000001 1.000000
3.927000000 -0.000051 -0.000239 0.000000 0.000000 0.000000 0.000001 1.000000
3.960000000 -0.001001 -0.000307 0.000000 0.000000 0.000000 0.000001 1.000000
3.993000000 -0.001237 -0.000307 0.000000 0.000000 0.000000 0.000001 1.000000
4.026000000 -0.001472 -0.000307 0.000000 0.000000 0.000000 0.000002 1.000000
4.059000000 -0.006360 -0.000729 0.000000 0.000000 0.000000 0.000003 1.000000
4.092000000 -0.007751 -0.000729 0.000000 0.000000 0.000000 0.000005 1.000000
4.125000000 -0.009144 -0.000729 0.000000 0.000000 0.000000 0.000007 1.000000
4.158000000 -0.015503 -0.001336 0.000000 0.000000 0.000000 0.000011 1.000000
4.191000000 -0.018124 -0.001336 0.000000 0.000000 0.000000 0.000015 1.000000
4.224000000 -0.020751 -0.001336 0.000000 0.000000 0.000000 0.000022 1.000000
4.257000000 -0.028288 -0.002300 0.000000 0.000000 0.000000 0.000030 1.000000
4.290000000 -0.032124 -0.002300 0.000000 0.000000 0.000000 0.000040 1.000000
4.323000000 -0.035970 -0.002300 0.000000 0.000000 0.000000 0.000053 1.000000
4.356000000 -0.044499 -0.003353 0.000000 0.000000 0.000000 0.000069 1.000000
4.389000000 -0.049493 -0.003354 0.000000 0.000000 0.000000 0.000088 1.000000
4.422000000 -0.054505 -0.003355 0.000000 0.000000 0.000000 0.000112 1.000000
4.455000000 -0.059534 -0.003356 0.000000 0.000000 0.000000 0.000139 1.000000
4.488000000 -0.064281 -0.004826 0.000000 0.000000 0.000000 0.000171 1.000000
4.521000000 -0.070458 -0.004828 0.000000 0.000000 0.000000 0.000209 1.000000
4.554000000 -0.087622 -0.006066 0.000000 0.000000 0.000000 0.000252 1.000000
4.587000000 -0.094986 -0.006070 0.000000 0.000000 0.000000 0.000302 1.000000
4.620000000 -0.102384 -0.006074 0.000000 0.000000 0.000000 0.000360 1.000000
4.653000000 -0.114101 -0.006985 0.000000 0.000000 0.000000 0.000425 1.000000
4.686000000 -0.122547 -0.006992 0.000000 0.000000 0.000000 0.000498 1.000000
4.719000000 -0.131036 -0.007000 0.000000 0.000000 0.000000 0.000581 1.000000
4.752000000 -0.143564 -0.006933 0.000000 0.000000 0.000000 0.000674 1.000000
4.785000000 -0.153030 -0.006946 0.000000 0.000000 0.000000 0.000777 1.000000
4.818000000 -0.162546 -0.006960 0.000000 0.000000 0.000000 0.000892 1.000000
4.851000000 -0.175833 -0.005956 0.000000 0.000000 0.000000 0.001020 0.999999
4.884000000 -0.186257 -0.005977 0.000000 0.000000 0.000000 0.001161 0.999999
4.917000000 -0.196740 -0.006001 0.000000 0.000000 0.000000 0.001315 0.999999
4.950000000 -0.207283 -0.006029 0.000000 0.000000 0.000000 0.001484 0.999999
4.983000000 -0.210424 -0.003990 0.000000 0.000000 0.000000 0.001668 0.999999
5.016000000 -0.221669 -0.004028 0.000000 0.000000 0.000000 0.001867 0.999998
5.049000000 -0.247544 -0.001471 0.000000 0.000000 0.000000 0.002083 0.999998
5.082000000 -0.259629 -0.001522 0.000000 0.000000 0.000000 0.002317 0.999997
5.115000000 -0.271789 -0.001578 0.000000 0.000000 0.000000 0.002567 0.999997
5.148000000 -0.287470 0.000758 0.000000 0.000000 0.000000 0.002837 0.999996
5.181000000 -0.300469 0.000684 0.000000 0.000000 0.000000 0.003125 0.999995
5.214000000 -0.313552 0.000602 0.000000 0.000000 0.000000 0.003433 0.999994
5.247000000 -0.330599 0.002340 0.000000 0.000000 0.000000 0.003761 0.999993
5.280000000 -0.344632 0.002235 0.000000 0.000000 0.000000 0.004109 0.999992
5.313000000 -0.358759 0.002119 0.000000 0.000000 0.000000 0.004479 0.999990
5.346000000 -0.377322 0.003486 0.000000 0.000000 0.000000 0.004871 0.999988
5.379000000 -0.392517 0.003338 0.000000 0.000000 0.000000 0.005285 0.999986
5.412000000 -0.407820 0.003176 0.000000 0.000000 0.000000 0.005722 0.999984
5.445000000 -0.423230 0.003000 0.000000 0.000000 0.000000 0.006183 0.999981
5.478000000 -0.427759 0.003926 0.000000 0.000000 0.000000 0.006667 0.999978
5.511000000 -0.444178 0.003707 0.000000 0.000000 0.000000 0.007175 0.999974
5.544000000 -0.460715 0.003470 0.000000 0.000000 0.000000 0.007707 0.999970
5.577000000 -0.481683 0.004241 0.000000 0.000000 0.000000 0.008265 0.999966
5.610000000 -0.499284 0.003951 0.000000 0.000000 0.000000 0.008847 0.999961
5.643000000 -0.539337 0.004209 0.000000 0.000000 0.000000 0.009455 0.999955
5.676000000 -0.558175 0.003853 0.000000 0.000000 0.000000 0.010089 0.999949
5.709000000 -0.577160 0.003470 0.000000 0.000000 0.000000 0.010748 0.999942
5.742000000 -0.600168 0.003804 0.000000 0.000000 0.000000 0.011434 0.999935
5.775000000 -0.620112 0.003348 0.000000 0.000000 0.000000 0.012146 0.999926
5.808000000 -0.640213 0.002859 0.000000 0.000000 0.000000 0.012884 0.999917
5.841000000 -0.664683 0.002587 0.000000 0.000000 0.000000 0.013649 0.999907
5.874000000 -0.685830 0.002009 0.000000 0.000000 0.000000 0.014440 0.999896
5.907000000 -0.707147 0.001394 0.000000 0.000000 0.000000 0.015257 0.999884
5.940000000 -0.732667 0.001297 0.000000 0.000000 0.000000 0.016101 0.999870
5.973000000 -0.754984 0.000578 0.000000 0.000000 0.000000 0.016971 0.999856
6.006000000 -0.777480 -0.000185 0.000000 0.000000 0.000000 0.017868 0.999840
6.039000000 -0.804010 -0.000098 0.000000 0.000000 0.000000 0.018790 0.999823
6.072000000 -0.827456 -0.000979 0.000000 0.000000 0.000000 0.019738 0.999805
6.105000000 -0.851092 -0.001913 0.000000 0.000000 0.000000 0.020712 0.999785
6.138000000 -0.874918 -0.002900 0.000000 0.000000 0.000000 0.021711 0.999764
6.171000000 -0.878671 -0.001486 0.000000 0.000000 0.000000 0.022735 0.999742
6.204000000 -0.903218 -0.002603 0.000000 0.000000 0.000000 0.023784 0.999717
6.237000000 -0.957023 -0.002000 0.000000 0.000000 0.000000 0.024856 0.999691
6.270000000 -0.982759 -0.003280 0.000000 0.000000 0.000000 0.025953 0.999663
6.303000000 -1.008704 -0.004628 0.000000 0.000000 0.000000 0.027073 0.999633
6.336000000 -1.038186 -0.002519 0.000000 0.000000 0.000000 0.028216 0.999602
6.369000000 -1.064906 -0.004029 0.000000 0.000000 0.000000 0.029381 0.999568
6.402000000 -1.091840 -0.005613 0.000000 0.000000 0.000000 0.030568 0.999533
6.435000000 -1.118989 -0.007275 0.000000 0.000000 0.000000 0.031776 0.999495
6.468000000 -1.122761 -0.002302 0.000000 0.000000 0.000000 0.033005 0.999455
6.501000000 -1.150542 -0.004139 0.000000 0.000000 0.000000 0.034253 0.999413
6.534000000 -1.210958 -0.001576 0.000000 0.000000 0.000000 0.035521 0.999369
6.567000000 -1.239891 -0.003635 0.000000 0.000000 0.000000 0.036807 0.999322
6.633000000 -1.298448 -0.008031 0.000000 0.000000 0.000000 0.039432 0.999222
6.666000000 -1.302285 -0.000826 0.000000 0.000000 0.000000 0.040770 0.999169
6.699000000 -1.332243 -0.003275 0.000000 0.000000 0.000000 0.042122 0.999112
6.732000000 -1.362432 -0.005825 0.000000 0.000000 0.000000 0.043489 0.999054
6.765000000 -1.396784 -0.000364 0.000000 0.000000 0.000000 0.044870 0.998993
6.798000000 -1.427762 -0.003153 0.000000 0.000000 0.000000 0.046264 0.998929
6.831000000 -1.492767 0.000009 0.000000 0.000000 0.000000 0.047669 0.998863
6.864000000 -1.524816 -0.003057 0.000000 0.000000 0.000000 0.049086 0.998795
6.897000000 -1.557564 -0.006262 0.000000 0.000000 0.000000 0.050513 0.998723
6.930000000 -1.590470 -0.009582 0.000000 0.000000 0.000000 0.051950 0.998650
6.963000000 -1.595878 -0.000710 0.000000 0.000000 0.000000 0.053394 0.998574
6.996000000 -1.629126 -0.004269 0.000000 0.000000 0.000000 0.054842 0.998495
7.029000000 -1.662728 -0.007961 0.000000 0.000000 0.000000 0.056224 0.998418
7.062000000 -1.700337 -0.001220 0.000000 0.000000 0.000000 0.057480 0.998347
7.095000000 -1.734616 -0.005174 0.000000 0.000000 0.000000 0.058607 0.998281
7.128000000 -1.769249 -0.009244 0.000000 0.000000 0.000000 0.059600 0.998222
7.161000000 -1.808139 -0.001736 0.000000 0.000000 0.000000 0.060454 0.998171
7.194000000 -1.843451 -0.006023 0.000000 0.000000 0.000000 0.061171 0.998127
7.227000000 -1.879121 -0.010401 0.000000 0.000000 0.000000 0.061761 0.998091
7.260000000 -1.915149 -0.014862 0.000000 0.000000 0.000000 0.062233 0.998062
7.293000000 -1.918972 -0.004224 0.000000 0.000000 0.000000 0.062594 0.998039
7.326000000 -2.025321 -0.007266 0.000000 0.000000 0.000000 0.062850 0.998023
7.359000000 -2.062695 -0.012062 0.000000 0.000000 0.000000 0.063009 0.998013
7.392000000 -2.100428 -0.016951 0.000000 0.000000 0.000000 0.063076 0.998009
7.425000000 -2.138521 -0.021938 0.000000 0.000000 0.000000 0.063056 0.998010
7.458000000 -2.151267 -0.012071 0.000000 0.000000 0.000000 0.062954 0.998016
7.491000000 -2.189908 -0.017032 0.000000 0.000000 0.000000 0.062775 0.998028
7.524000000 -2.228911 -0.022065 0.000000 0.000000 0.000000 0.062523 0.998043
7.557000000 -2.272189 -0.016009 0.000000 0.000000 0.000000 0.062205 0.998063
7.590000000 -2.311838 -0.021025 0.000000 0.000000 0.000000 0.061823 0.998087
7.623000000 -2.351851 -0.026088 0.000000 0.000000 0.000000 0.061383 0.998114
7.656000000 -2.396167 -0.020851 0.000000 0.000000 0.000000 0.060888 0.998145
7.689000000 -2.436854 -0.025877 0.000000 0.000000 0.000000 0.060343 0.998178
7.722000000 -2.477907 -0.030929 0.000000 0.000000 0.000000 0.059753 0.998213
7.755000000 -2.519328 -0.035999 0.000000 0.000000 0.000000 0.059121 0.998251
7.788000000 -2.523487 -0.026961 0.000000 0.000000 0.000000 0.058450 0.998290
7.821000000 -2.638525 -0.032674 0.000000 0.000000 0.000000 0.057746 0.998331
7.854000000 -2.681350 -0.037664 0.000000 0.000000 0.000000 0.057012 0.998373
7.887000000 -2.724544 -0.042649 0.000000 0.000000 0.000000 0.056251 0.998417
7.920000000 -2.768109 -0.047622 0.000000 0.000000 0.000000 0.055467 0.998461
7.953000000 -2.812045 -0.052579 0.000000 0.000000 0.000000 0.054663 0.998505
7.986000000 -2.788185 -0.042540 0.000000 0.000000 0.000000 0.053843 0.998549
8.019000000 -2.832355 -0.047330 0.000000 0.000000 0.000000 0.053009 0.998594
8.052000000 -2.925595 -0.051327 0.000000 0.000000 0.000000 0.052165 0.998639
8.085000000 -2.970906 -0.056082 0.000000 0.000000 0.000000 0.051313 0.998683
8.118000000 -3.016589 -0.060800 0.000000 0.000000 0.000000 0.050456 0.998726
8.151000000 -3.066301 -0.060677 0.000000 0.000000 0.000000 0.049598 0.998769
8.184000000 -3.112747 -0.065303 0.000000 0.000000 0.000000 0.048739 0.998812
8.217000000 -3.159566 -0.069883 0.000000 0.000000 0.000000 0.047884 0.998853
8.250000000 -3.210422 -0.070313 0.000000 0.000000 0.000000 0.047033 0.998893
8.283000000 -3.258021 -0.074801 0.000000 0.000000 0.000000 0.046189 0.998933
8.316000000 -3.305993 -0.079238 0.000000 0.000000 0.000000 0.045354 0.998971
8.349000000 -3.354338 -0.083623 0.000000 0.000000 0.000000 0.044530 0.999008
8.382000000 -3.403056 -0.087954 0.000000 0.000000 0.000000 0.043718 0.999044
8.415000000 -3.357887 -0.080202 0.000000 0.000000 0.000000 0.042919 0.999079
8.448000000 -3.406637 -0.084386 0.000000 0.000000 0.000000 0.042137 0.999112
8.481000000 -3.508508 -0.090180 0.000000 0.000000 0.000000 0.041371 0.999144
8.514000000 -3.558332 -0.094299 0.000000 0.000000 0.000000 0.040622 0.999175
8.547000000 -3.662180 -0.100397 0.000000 0.000000 0.000000 0.039893 0.999204
8.580000000 -3.713041 -0.104449 0.000000 0.000000 0.000000 0.039183 0.999232
8.613000000 -3.764274 -0.108446 0.000000 0.000000 0.000000 0.038494 0.999259
8.646000000 -3.819229 -0.110659 0.000000 0.000000 0.000000 0.037826 0.999284
8.679000000 -3.871197 -0.114581 0.000000 0.000000 0.000000 0.037180 0.999309
8.712000000 -3.923537 -0.118452 0.000000 0.000000 0.000000 0.036556 0.999332
8.745000000 -3.979567 -0.120396 0.000000 0.000000 0.000000 0.035955 0.999353
8.778000000 -4.032625 -0.124200 0.000000 0.000000 0.000000 0.035377 0.999374
8.811000000 -4.086054 -0.127956 0.000000 0.000000 0.000000 0.034823 0.999394
8.844000000 -4.139853 -0.131666 0.000000 0.000000 0.000000 0.034292 0.999412
8.877000000 -4.143484 -0.129944 0.000000 0.000000 0.000000 0.033784 0.999429
8.910000000 -4.197707 -0.133595 0.000000 0.000000 0.000000 0.033300 0.999445
8.943000000 -4.310713 -0.139190 0.000000 0.000000 0.000000 0.032839 0.999461
8.976000000 -4.366043 -0.142810 0.000000 0.000000 0.000000 0.032401 0.999475
9.009000000 -4.421742 -0.146394 0.000000 0.000000 0.000000 0.031985 0.999488
9.042000000 -4.477811 -0.149943 0.000000 0.000000 0.000000 0.031593 0.999501
9.075000000 -4.481507 -0.148191 0.000000 0.000000 0.000000 0.031222 0.999512
9.108000000 -4.537999 -0.151706 0.000000 0.000000 0.000000 0.030918 0.999522
9.141000000 -4.655760 -0.158035 0.000000 0.000000 0.000000 0.030901 0.999522
9.174000000 -4.713411 -0.161585 0.000000 0.000000 0.000000 0.031229 0.999512
9.207000000 -4.786876 -0.165320 0.000000 0.000000 0.000000 0.031906 0.999491
9.240000000 -4.845216 -0.169040 0.000000 0.000000 0.000000 0.032946 0.999457
9.273000000 -4.903914 -0.172894 0.000000 0.000000 0.000000 0.034337 0.999410
9.306000000 -4.962968 -0.176925 0.000000 0.000000 0.000000 0.036033 0.999351
9.339000000 -5.013193 -0.176490 0.000000 0.000000 0.000000 0.037992 0.999278
9.372000000 -5.072807 -0.181012 0.000000 0.000000 0.000000 0.040177 0.999193
9.405000000 -5.132766 -0.185813 0.000000 0.000000 0.000000 0.042554 0.999094
9.438000000 -5.197397 -0.183294 0.000000 0.000000 0.000000 0.045096 0.998983
9.471000000 -5.258092 -0.188681 0.000000 0.000000 0.000000 0.047776 0.998858
9.504000000 -5.319119 -0.194388 0.000000 0.000000 0.000000 0.050569 0.998721
9.537000000 -5.383657 -0.189204 0.000000 0.000000 0.000000 0.053455 0.998570
9.570000000 -5.445009 -0.195720 0.000000 0.000000 0.000000 0.056413 0.998408
9.603000000 -5.506681 -0.202606 0.000000 0.000000 0.000000 0.059425 0.998233
9.636000000 -5.573519 -0.194183 0.000000 0.000000 0.000000 0.062475 0.998047
9.669000000 -5.635744 -0.201977 0.000000 0.000000 0.000000 0.065545 0.997850
9.702000000 -5.698281 -0.210193 0.000000 0.000000 0.000000 0.068623 0.997643
9.735000000 -5.766230 -0.198719 0.000000 0.000000 0.000000 0.071695 0.997427
9.768000000 -5.829160 -0.207821 0.000000 0.000000 0.000000 0.074748 0.997202
9.801000000 -5.892395 -0.217374 0.000000 0.000000 0.000000 0.077772 0.996971
9.834000000 -5.955934 -0.227386 0.000000 0.000000 0.000000 0.080756 0.996734
9.867000000 -5.961934 -0.204574 0.000000 0.000000 0.000000 0.083692 0.996492
9.933000000 -6.089395 -0.226620 0.000000 0.000000 0.000000 0.089385 0.995997
9.966000000 -6.160376 -0.210499 0.000000 0.000000 0.000000 0.092123 0.995748
9.999000000 -6.224542 -0.222514 0.000000 0.000000 0.000000 0.094781 0.995498
10.032000000 -6.289002 -0.234966 0.000000 0.000000 0.000000 0.097353 0.995250
10.065000000 -6.358937 -0.217780 0.000000 0.000000 0.000000 0.099833 0.995004
10.098000000 -6.423065 -0.230818 0.000000 0.000000 0.000000 0.102220 0.994762
10.131000000 -6.487487 -0.244264 0.000000 0.000000 0.000000 0.104508 0.994524
10.164000000 -6.557896 -0.225637 0.000000 0.000000 0.000000 0.106698 0.994291
10.197000000 -6.621874 -0.239567 0.000000 0.000000 0.000000 0.108788 0.994065
10.230000000 -6.686146 -0.253870 0.000000 0.000000 0.000000 0.110776 0.993845
10.263000000 -6.750712 -0.268534 0.000000 0.000000 0.000000 0.112664 0.993633
10.296000000 -6.757432 -0.234757 0.000000 0.000000 0.000000 0.114452 0.993429
10.329000000 -6.821271 -0.249703 0.000000 0.000000 0.000000 0.116141 0.993233
10.362000000 -6.885405 -0.264973 0.000000 0.000000 0.000000 0.117732 0.993045
10.395000000 -6.956358 -0.243662 0.000000 0.000000 0.000000 0.119227 0.992867
10.428000000 -7.019802 -0.259160 0.000000 0.000000 0.000000 0.120629 0.992698
10.461000000 -7.154805 -0.252971 0.000000 0.000000 0.000000 0.121939 0.992538
10.494000000 -7.217906 -0.268751 0.000000 0.000000 0.000000 0.123161 0.992387
10.527000000 -7.281297 -0.284793 0.000000 0.000000 0.000000 0.124297 0.992245
10.560000000 -7.344981 -0.301088 0.000000 0.000000 0.000000 0.125349 0.992113
10.593000000 -7.353973 -0.263578 0.000000 0.000000 0.000000 0.126323 0.991989
10.626000000 -7.540624 -0.271805 0.000000 0.000000 0.000000 0.127219 0.991875
10.659000000 -7.603771 -0.288305 0.000000 0.000000 0.000000 0.128042 0.991769
10.692000000 -7.667209 -0.305017 0.000000 0.000000 0.000000 0.128795 0.991671
10.725000000 -7.730938 -0.321932 0.000000 0.000000 0.000000 0.129482 0.991582
10.758000000 -7.752676 -0.286084 0.000000 0.000000 0.000000 0.130105 0.991500
10.791000000 -7.815401 -0.302867 0.000000 0.000000 0.000000 0.130667 0.991426
10.824000000 -7.878408 -0.319826 0.000000 0.000000 0.000000 0.131173 0.991359
10.857000000 -7.951000 -0.296458 0.000000 0.000000 0.000000 0.131626 0.991300
10.890000000 -8.013407 -0.313361 0.000000 0.000000 0.000000 0.132027 0.991246
10.923000000 -8.076089 -0.330414 0.000000 0.000000 0.000000 0.132382 0.991199
10.956000000 -8.150054 -0.308046 0.000000 0.000000 0.000000 0.132692 0.991157
10.989000000 -8.212555 -0.325117 0.000000 0.000000 0.000000 0.132961 0.991121
11.022000000 -8.275327 -0.342320 0.000000 0.000000 0.000000 0.133191 0.991090
11.055000000 -8.349594 -0.320622 0.000000 0.000000 0.000000 0.133385 0.991064
11.088000000 -8.412240 -0.337826 0.000000 0.000000 0.000000 0.133547 0.991043
11.121000000 -8.475153 -0.355145 0.000000 0.000000 0.000000 0.133678 0.991025
11.154000000 -8.549380 -0.333748 0.000000 0.000000 0.000000 0.133781 0.991011
11.187000000 -8.612116 -0.351029 0.000000 0.000000 0.000000 0.133858 0.991001
11.220000000 -8.675111 -0.368411 0.000000 0.000000 0.000000 0.133911 0.990993
11.253000000 -8.749111 -0.346962 0.000000 0.000000 0.000000 0.133943 0.990989
11.286000000 -8.811836 -0.364260 0.000000 0.000000 0.000000 0.133956 0.990987
11.319000000 -8.874812 -0.381648 0.000000 0.000000 0.000000 0.133952 0.990988
11.352000000 -8.938040 -0.399122 0.000000 0.000000 0.000000 0.133932 0.990991
11.385000000 -8.948946 -0.360187 0.000000 0.000000 0.000000 0.133898 0.990995
11.418000000 -9.011673 -0.377478 0.000000 0.000000 0.000000 0.133851 0.991001
11.451000000 -9.148638 -0.373558 0.000000 0.000000 0.000000 0.133794 0.991009
11.484000000 -9.211340 -0.390827 0.000000 0.000000 0.000000 0.133728 0.991018
11.517000000 -9.274275 -0.408167 0.000000 0.000000 0.000000 0.133653 0.991028
11.550000000 -9.337442 -0.425577 0.000000 0.000000 0.000000 0.133572 0.991039
11.583000000 -9.348308 -0.386653 0.000000 0.000000 0.000000 0.133484 0.991051
11.616000000 -9.410972 -0.403868 0.000000 0.000000 0.000000 0.133392 0.991063
11.649000000 -9.547829 -0.399876 0.000000 0.000000 0.000000 0.133297 0.991076
11.682000000 -9.610460 -0.417055 0.000000 0.000000 0.000000 0.133198 0.991089
11.715000000 -9.673303 -0.434293 0.000000 0.000000 0.000000 0.133097 0.991103
11.748000000 -9.736357 -0.451590 0.000000 0.000000 0.000000 0.132995 0.991117
11.781000000 -9.747576 -0.412995 0.000000 0.000000 0.000000 0.132893 0.991130
11.814000000 -9.810248 -0.430129 0.000000 0.000000 0.000000 0.132790 0.991144
11.847000000 -9.947206 -0.425791 0.000000 0.000000 0.000000 0.132688 0.991158
11.880000000 -10.009845 -0.442887 0.000000 0.000000 0.000000 0.132586 0.991171
11.913000000 -10.072676 -0.460034 0.000000 0.000000 0.000000 0.132486 0.991185
11.946000000 -10.146744 -0.438658 0.000000 0.000000 0.000000 0.132388 0.991198
11.979000000 -10.209364 -0.455706 0.000000 0.000000 0.000000 0.132292 0.991211
12.012000000 -10.272165 -0.472803 0.000000 0.000000 0.000000 0.132198 0.991223
12.045000000 -10.346254 -0.451084 0.000000 0.000000 0.000000 0.132106 0.991236
12.078000000 -10.408839 -0.468084 0.000000 0.000000 0.000000 0.132018 0.991247
12.111000000 -10.504151 -0.452384 0.000000 0.000000 0.000000 0.131932 0.991259
12.144000000 -10.566641 -0.469327 0.000000 0.000000 0.000000 0.131849 0.991270
12.177000000 -10.629295 -0.486313 0.000000 0.000000 0.000000 0.131770 0.991280
12.210000000 -10.692111 -0.503342 0.000000 0.000000 0.000000 0.131694 0.991290
12.243000000 -10.745042 -0.475983 0.000000 0.000000 0.000000 0.131621 0.991300
12.276000000 -10.807560 -0.492897 0.000000 0.000000 0.000000 0.131552 0.991309
12.309000000 -10.870230 -0.509852 0.000000 0.000000 0.000000 0.131486 0.991318
12.342000000 -10.933051 -0.526848 0.000000 0.000000 0.000000 0.131423 0.991326
12.375000000 -10.944613 -0.488285 0.000000 0.000000 0.000000 0.131363 0.991334
12.408000000 -11.007188 -0.505178 0.000000 0.000000 0.000000 0.131307 0.991342
12.441000000 -11.143821 -0.500413 0.000000 0.000000 0.000000 0.131254 0.991349
12.474000000 -11.206316 -0.517269 0.000000 0.000000 0.000000 0.131205 0.991355
12.507000000 -11.268945 -0.534162 0.000000 0.000000 0.000000 0.131158 0.991361
12.540000000 -11.342967 -0.512249 0.000000 0.000000 0.000000 0.131115 0.991367
12.573000000 -11.405407 -0.529071 0.000000 0.000000 0.000000 0.131074 0.991373
12.606000000 -11.467975 -0.545928 0.000000 0.000000 0.000000 0.131036 0.991378
12.639000000 -11.542348 -0.524330 0.000000 0.000000 0.000000 0.131001 0.991382
12.672000000 -11.604846 -0.541150 0.000000 0.000000 0.000000 0.130969 0.991386
12.705000000 -11.667465 -0.558005 0.000000 0.000000 0.000000 0.130939 0.991390
12.738000000 -11.741328 -0.536319 0.000000 0.000000 0.000000 0.130912 0.991394
12.771000000 -11.803738 -0.553103 0.000000 0.000000 0.000000 0.130887 0.991397
12.804000000 -11.866259 -0.569919 0.000000 0.000000 0.000000 0.130864 0.991400
12.837000000 -11.940369 -0.548008 0.000000 0.000000 0.000000 0.130844 0.991403
12.870000000 -12.002750 -0.564774 0.000000 0.000000 0.000000 0.130825 0.991405
12.903000000 -12.065235 -0.581571 0.000000 0.000000 0.000000 0.130807 0.991408
12.936000000 -12.139299 -0.559897 0.000000 0.000000 0.000000 0.130789 0.991410
12.969000000 -12.201659 -0.576649 0.000000 0.000000 0.000000 0.130766 0.991413
13.002000000 -12.264118 -0.593430 0.000000 0.000000 0.000000 0.130737 0.991417
13.035000000 -12.326675 -0.610238 0.000000 0.000000 0.000000 0.130700 0.991422
13.068000000 -12.334378 -0.570748 0.000000 0.000000 0.000000 0.130653 0.991428
13.101000000 -12.395750 -0.587216 0.000000 0.000000 0.000000 0.130595 0.991436
13.134000000 -12.457195 -0.603700 0.000000 0.000000 0.000000 0.130525 0.991445
13.167000000 -12.526092 -0.580909 0.000000 0.000000 0.000000 0.130440 0.991456
13.233000000 -12.646713 -0.613209 0.000000 0.000000 0.000000 0.130227 0.991484
13.266000000 -12.714400 -0.590018 0.000000 0.000000 0.000000 0.130097 0.991501
13.299000000 -12.773548 -0.605817 0.000000 0.000000 0.000000 0.129950 0.991521
13.332000000 -12.832723 -0.621608 0.000000 0.000000 0.000000 0.129787 0.991542
13.365000000 -12.899244 -0.598331 0.000000 0.000000 0.000000 0.129607 0.991565
13.398000000 -12.957251 -0.613764 0.000000 0.000000 0.000000 0.129410 0.991591
13.431000000 -13.015263 -0.629176 0.000000 0.000000 0.000000 0.129196 0.991619
13.464000000 -13.080952 -0.605516 0.000000 0.000000 0.000000 0.128965 0.991649
13.497000000 -13.137879 -0.620582 0.000000 0.000000 0.000000 0.128717 0.991681
13.530000000 -13.194792 -0.635616 0.000000 0.000000 0.000000 0.128452 0.991716
13.563000000 -13.251691 -0.650616 0.000000 0.000000 0.000000 0.128171 0.991752
13.596000000 -13.259270 -0.611409 0.000000 0.000000 0.000000 0.127873 0.991791
13.629000000 -13.427790 -0.614488 0.000000 0.000000 0.000000 0.127559 0.991831
13.662000000 -13.482524 -0.628806 0.000000 0.000000 0.000000 0.127230 0.991873
13.695000000 -13.537205 -0.643073 0.000000 0.000000 0.000000 0.126885 0.991917
13.728000000 -13.591832 -0.657288 0.000000 0.000000 0.000000 0.126525 0.991963
13.761000000 -13.606050 -0.619994 0.000000 0.000000 0.000000 0.126150 0.992011
13.794000000 -13.659655 -0.633854 0.000000 0.000000 0.000000 0.125761 0.992061
13.827000000 -13.713190 -0.647653 0.000000 0.000000 0.000000 0.125358 0.992112
13.860000000 -13.775027 -0.622568 0.000000 0.000000 0.000000 0.124942 0.992164
13.893000000 -13.827692 -0.636047 0.000000 0.000000 0.000000 0.124512 0.992218
13.926000000 -13.880274 -0.649459 0.000000 0.000000 0.000000 0.124070 0.992274
13.959000000 -13.940582 -0.624185 0.000000 0.000000 0.000000 0.123615 0.992330
13.992000000 -13.992189 -0.637246 0.000000 0.000000 0.000000 0.123148 0.992388
14.025000000 -14.043697 -0.650232 0.000000 0.000000 0.000000 0.122670 0.992448
14.058000000 -14.103244 -0.625454 0.000000 0.000000 0.000000 0.122180 0.992508
14.091000000 -14.153929 -0.638126 0.000000 0.000000 0.000000 0.121680 0.992569
14.124000000 -14.204503 -0.650717 0.000000 0.000000 0.000000 0.121169 0.992632
14.157000000 -14.262816 -0.625531 0.000000 0.000000 0.000000 0.120648 0.992695
14.190000000 -14.312518 -0.637794 0.000000 0.000000 0.000000 0.120117 0.992760
14.223000000 -14.362097 -0.649971 0.000000 0.000000 0.000000 0.119577 0.992825
14.256000000 -14.419010 -0.625215 0.000000 0.000000 0.000000 0.119027 0.992891
14.289000000 -14.467695 -0.637058 0.000000 0.000000 0.000000 0.118469 0.992958
14.322000000 -14.516244 -0.648810 0.000000 0.000000 0.000000 0.117900 0.993025
14.355000000 -14.572418 -0.624327 0.000000 0.000000 0.000000 0.117227 0.993105
14.388000000 -14.620212 -0.635770 0.000000 0.000000 0.000000 0.116314 0.993212
14.421000000 -14.667868 -0.647087 0.000000 0.000000 0.000000 0.115161 0.993347
14.454000000 -14.722301 -0.622953 0.000000 0.000000 0.000000 0.113768 0.993507
14.487000000 -14.769098 -0.633813 0.000000 0.000000 0.000000 0.112133 0.993693
14.520000000 -14.815761 -0.644479 0.000000 0.000000 0.000000 0.110276 0.993901
14.553000000 -14.867694 -0.622498 0.000000 0.000000 0.000000 0.108227 0.994126
14.586000000 -14.913364 -0.632561 0.000000 0.000000 0.000000 0.106013 0.994365
14.619000000 -14.958893 -0.642380 0.000000 0.000000 0.000000 0.103658 0.994613
14.652000000 -15.010887 -0.623270 0.000000 0.000000 0.000000 0.101182 0.994868
14.685000000 -15.056000 -0.632542 0.000000 0.000000 0.000000 0.098603 0.995127
14.718000000 -15.100972 -0.641541 0.000000 0.000000 0.000000 0.095937 0.995387
14.751000000 -15.145804 -0.650262 0.000000 0.000000 0.000000 0.093197 0.995648
14.784000000 -15.149049 -0.622369 0.000000 0.000000 0.000000 0.090398 0.995906
14.817000000 -15.192976 -0.630409 0.000000 0.000000 0.000000 0.087550 0.996160
14.850000000 -15.236746 -0.638161 0.000000 0.000000 0.000000 0.084664 0.996410
14.883000000 -15.284870 -0.620933 0.000000 0.000000 0.000000 0.081750 0.996653
14.916000000 -15.328103 -0.628072 0.000000 0.000000 0.000000 0.078817 0.996889
14.949000000 -15.417017 -0.619204 0.000000 0.000000 0.000000 0.075874 0.997117
14.982000000 -15.459319 -0.625678 0.000000 0.000000 0.000000 0.072926 0.997337
15.015000000 -15.501441 -0.631869 0.000000 0.000000 0.000000 0.069983 0.997548
15.048000000 -15.545923 -0.617496 0.000000 0.000000 0.000000 0.067048 0.997750
15.081000000 -15.587395 -0.623094 0.000000 0.000000 0.000000 0.064129 0.997942
15.114000000 -15.628676 -0.628419 0.000000 0.000000 0.000000 0.061230 0.998124
15.147000000 -15.671699 -0.615701 0.000000 0.000000 0.000000 0.058355 0.998296
15.180000000 -15.712352 -0.620469 0.000000 0.000000 0.000000 0.055509 0.998458
15.213000000 -15.752803 -0.624979 0.000000 0.000000 0.000000 0.052695 0.998611
15.246000000 -15.793599 -0.613709 0.000000 0.000000 0.000000 0.049917 0.998753
15.279000000 -15.833218 -0.617678 0.000000 0.000000 0.000000 0.047178 0.998887
15.312000000 -15.872620 -0.621406 0.000000 0.000000 0.000000 0.044479 0.999010
15.345000000 -15.911804 -0.624899 0.000000 0.000000 0.000000 0.041823 0.999125
15.378000000 -15.911380 -0.610402 0.000000 0.000000 0.000000 0.039213 0.999231
15.411000000 -15.949814 -0.613422 0.000000 0.000000 0.000000 0.036649 0.999328
15.444000000 -16.026030 -0.607346 0.000000 0.000000 0.000000 0.034132 0.999417
15.477000000 -16.063461 -0.609905 0.000000 0.000000 0.000000 0.031665 0.999499
15.510000000 -16.100650 -0.612261 0.000000 0.000000 0.000000 0.029247 0.999572
15.543000000 -16.136773 -0.614168 0.000000 0.000000 0.000000 0.026881 0.999639
15.576000000 -16.137867 -0.603826 0.000000 0.000000 0.000000 0.024565 0.999698
15.609000000 -16.220520 -0.600152 0.000000 0.000000 0.000000 0.022300 0.999751
15.642000000 -16.256252 -0.601726 0.000000 0.000000 0.000000 0.020087 0.999798
15.675000000 -16.291624 -0.603098 0.000000 0.000000 0.000000 0.017925 0.999839
15.708000000 -16.326637 -0.604276 0.000000 0.000000 0.000000 0.015814 0.999875
15.741000000 -16.351938 -0.598533 0.000000 0.000000 0.000000 0.013755 0.999905
15.774000000 -16.386403 -0.599440 0.000000 0.000000 0.000000 0.011747 0.999931
15.807000000 -16.420505 -0.600172 0.000000 0.000000 0.000000 0.009789 0.999952
15.840000000 -16.454244 -0.600736 0.000000 0.000000 0.000000 0.007881 0.999969
15.873000000 -16.453455 -0.595216 0.000000 0.000000 0.000000 0.006022 0.999982
15.906000000 -16.486734 -0.595577 0.000000 0.000000 0.000000 0.004213 0.999991
15.939000000 -16.551843 -0.592138 0.000000 0.000000 0.000000 0.002451 0.999997
15.972000000 -16.584071 -0.592257 0.000000 0.000000 0.000000 0.000736 1.000000
16.005000000 -16.615932 -0.592239 0.000000 0.000000 0.000000 -0.000932 1.000000
16.038000000 -16.647189 -0.587856 0.000000 0.000000 0.000000 -0.002554 0.999997
16.071000000 -16.678410 -0.587660 0.000000 0.000000 0.000000 -0.004131 0.999991
16.104000000 -16.712735 -0.582714 0.000000 0.000000 0.000000 -0.005664 0.999984
16.137000000 -16.743318 -0.582353 0.000000 0.000000 0.000000 -0.007155 0.999974
16.170000000 -16.773533 -0.581883 0.000000 0.000000 0.000000 -0.008603 0.999963
16.203000000 -16.803379 -0.581309 0.000000 0.000000 0.000000 -0.010010 0.999950
16.236000000 -16.829365 -0.576027 0.000000 0.000000 0.000000 -0.011376 0.999935
16.269000000 -16.858723 -0.575326 0.000000 0.000000 0.000000 -0.012703 0.999919
16.302000000 -16.887713 -0.574536 0.000000 0.000000 0.000000 -0.013992 0.999902
16.335000000 -16.916333 -0.573660 0.000000 0.000000 0.000000 -0.015243 0.999884
16.368000000 -16.915940 -0.570314 0.000000 0.000000 0.000000 -0.016458 0.999865
16.401000000 -16.944294 -0.569351 0.000000 0.000000 0.000000 -0.017637 0.999844
16.434000000 -16.998573 -0.565465 0.000000 0.000000 0.000000 -0.018782 0.999824
16.467000000 -17.025702 -0.564417 0.000000 0.000000 0.000000 -0.019893 0.999802
16.533000000 -17.078851 -0.562135 0.000000 0.000000 0.000000 -0.022017 0.999758
16.566000000 -17.077064 -0.561927 0.000000 0.000000 0.000000 -0.023033 0.999735
16.599000000 -17.102850 -0.560713 0.000000 0.000000 0.000000 -0.024018 0.999712
16.632000000 -17.128266 -0.559450 0.000000 0.000000 0.000000 -0.024974 0.999688
16.665000000 -17.153314 -0.558141 0.000000 0.000000 0.000000 -0.025901 0.999665
16.698000000 -17.152097 -0.558433 0.000000 0.000000 0.000000 -0.026801 0.999641
16.731000000 -17.176688 -0.557091 0.000000 0.000000 0.000000 -0.027675 0.999617
16.764000000 -17.223778 -0.555749 0.000000 0.000000 0.000000 -0.028522 0.999593
16.797000000 -17.247234 -0.554389 0.000000 0.000000 0.000000 -0.029345 0.999569
16.830000000 -17.270320 -0.552998 0.000000 0.000000 0.000000 -0.030143 0.999546
16.863000000 -17.292251 -0.553341 0.000000 0.000000 0.000000 -0.030918 0.999522
16.896000000 -17.314622 -0.551936 0.000000 0.000000 0.000000 -0.031669 0.999498
16.929000000 -17.336624 -0.550510 0.000000 0.000000 0.000000 -0.032399 0.999475
16.962000000 -17.357520 -0.550917 0.000000 0.000000 0.000000 -0.033108 0.999452
16.995000000 -17.378824 -0.549487 0.000000 0.000000 0.000000 -0.033795 0.999429
17.028000000 -17.399760 -0.548041 0.000000 0.000000 0.000000 -0.034463 0.999406
17.061000000 -17.419545 -0.548445 0.000000 0.000000 0.000000 -0.035112 0.999383
17.094000000 -17.439778 -0.547006 0.000000 0.000000 0.000000 -0.035742 0.999361
17.127000000 -17.459642 -0.545557 0.000000 0.000000 0.000000 -0.036353 0.999339
17.160000000 -17.479139 -0.544102 0.000000 0.000000 0.000000 -0.036948 0.999317
17.193000000 -17.477986 -0.546453 0.000000 0.000000 0.000000 -0.037525 0.999296
17.226000000 -17.497054 -0.545006 0.000000 0.000000 0.000000 -0.038086 0.999274
17.259000000 -17.533475 -0.544355 0.000000 0.000000 0.000000 -0.038632 0.999254
17.292000000 -17.551525 -0.542945 0.000000 0.000000 0.000000 -0.039162 0.999233
17.325000000 -17.569206 -0.541536 0.000000 0.000000 0.000000 -0.039678 0.999213
17.358000000 -17.585536 -0.542393 0.000000 0.000000 0.000000 -0.040179 0.999192
17.391000000 -17.602480 -0.541016 0.000000 0.000000 0.000000 -0.040667 0.999173
17.424000000 -17.619056 -0.539646 0.000000 0.000000 0.000000 -0.041142 0.999153
17.457000000 -17.634641 -0.540873 0.000000 0.000000 0.000000 -0.041604 0.999134
17.490000000 -17.650569 -0.539534 0.000000 0.000000 0.000000 -0.042055 0.999115
17.523000000 -17.666130 -0.538205 0.000000 0.000000 0.000000 -0.042493 0.999097
17.556000000 -17.680297 -0.539529 0.000000 0.000000 0.000000 -0.042920 0.999079
17.589000000 -17.695117 -0.538244 0.000000 0.000000 0.000000 -0.043336 0.999061
17.622000000 -17.709568 -0.536973 0.000000 0.000000 0.000000 -0.043742 0.999043
17.655000000 -17.723654 -0.535717 0.000000 0.000000 0.000000 -0.044138 0.999025
17.688000000 -17.722556 -0.538118 0.000000 0.000000 0.000000 -0.044524 0.999008
17.721000000 -17.736259 -0.536886 0.000000 0.000000 0.000000 -0.044900 0.998991
17.754000000 -17.761715 -0.536888 0.000000 0.000000 0.000000 -0.045268 0.998975
17.787000000 -17.774373 -0.535731 0.000000 0.000000 0.000000 -0.045627 0.998959
17.820000000 -17.786664 -0.534594 0.000000 0.000000 0.000000 -0.045979 0.998942
17.853000000 -17.797459 -0.535857 0.000000 0.000000 0.000000 -0.046322 0.998927
17.886000000 -17.809009 -0.534777 0.000000 0.000000 0.000000 -0.046657 0.998911
17.919000000 -17.820192 -0.533720 0.000000 0.000000 0.000000 -0.046986 0.998896
17.952000000 -17.830004 -0.535072 0.000000 0.000000 0.000000 -0.047308 0.998880
17.985000000 -17.840484 -0.534071 0.000000 0.000000 0.000000 -0.047623 0.998865
18.018000000 -17.850598 -0.533095 0.000000 0.000000 0.000000 -0.047931 0.998851
18.051000000 -17.860346 -0.532145 0.000000 0.000000 0.000000 -0.048234 0.998836
18.084000000 -17.859236 -0.534265 0.000000 0.000000 0.000000 -0.048531 0.998822
18.117000000 -17.868633 -0.533346 0.000000 0.000000 0.000000 -0.048822 0.998807
18.150000000 -17.877664 -0.532453 0.000000 0.000000 0.000000 -0.049109 0.998793
18.183000000 -17.885370 -0.533828 0.000000 0.000000 0.000000 -0.049390 0.998780
18.216000000 -17.893727 -0.532995 0.000000 0.000000 0.000000 -0.049667 0.998766
18.249000000 -17.908217 -0.533446 0.000000 0.000000 0.000000 -0.049940 0.998752
18.282000000 -17.915506 -0.532711 0.000000 0.000000 0.000000 -0.050208 0.998739
18.315000000 -17.922428 -0.532008 0.000000 0.000000 0.000000 -0.050472 0.998725
18.348000000 -17.928986 -0.531336 0.000000 0.000000 0.000000 -0.050733 0.998712
18.381000000 -17.927743 -0.533359 0.000000 0.000000 0.000000 -0.050990 0.998699
18.414000000 -17.933942 -0.532721 0.000000 0.000000 0.000000 -0.051244 0.998686
18.447000000 -17.944041 -0.533301 0.000000 0.000000 0.000000 -0.051496 0.998673
18.480000000 -17.949173 -0.532768 0.000000 0.000000 0.000000 -0.051744 0.998660
18.513000000 -17.953940 -0.532269 0.000000 0.000000 0.000000 -0.051991 0.998648
18.546000000 -17.958342 -0.531805 0.000000 0.000000 0.000000 -0.052236 0.998635
18.579000000 -17.957156 -0.533351 0.000000 0.000000 0.000000 -0.052479 0.998622
18.612000000 -17.961239 -0.532920 0.000000 0.000000 0.000000 -0.052721 0.998609
18.645000000 -17.966901 -0.533806 0.000000 0.000000 0.000000 -0.052963 0.998596
18.678000000 -17.969885 -0.533487 0.000000 0.000000 0.000000 -0.053204 0.998584
18.711000000 -17.972504 -0.533207 0.000000 0.000000 0.000000 -0.053444 0.998571
18.744000000 -17.973396 -0.534341 0.000000 0.000000 0.000000 -0.053685 0.998558
18.777000000 -17.975307 -0.534135 0.000000 0.000000 0.000000 -0.053925 0.998545
18.810000000 -17.976853 -0.533967 0.000000 0.000000 0.000000 -0.054165 0.998532
18.843000000 -17.976732 -0.534960 0.000000 0.000000 0.000000 -0.054405 0.998519
18.876000000 -17.977598 -0.534865 0.000000 0.000000 0.000000 -0.054645 0.998506
18.909000000 -17.978100 -0.534810 0.000000 0.000000 0.000000 -0.054885 0.998493
18.942000000 -17.976453 -0.535698 0.000000 0.000000 0.000000 -0.055125 0.998479
18.975000000 -17.976170 -0.535729 0.000000 0.000000 0.000000 -0.055364 0.998466
19.008000000 -17.975522 -0.535801 0.000000 0.000000 0.000000 -0.055604 0.998453
19.041000000 -17.974510 -0.535914 0.000000 0.000000 0.000000 -0.055844 0.998439
19.074000000 -17.973078 -0.536598 0.000000 0.000000 0.000000 -0.056084 0.998426
19.107000000 -17.971747 -0.536748 0.000000 0.000000 0.000000 -0.056323 0.998413
19.140000000 -17.966332 -0.537749 0.000000 0.000000 0.000000 -0.056562 0.998399
19.173000000 -17.963906 -0.538024 0.000000 0.000000 0.000000 -0.056800 0.998386
19.206000000 -17.961116 -0.538342 0.000000 0.000000 0.000000 -0.057037 0.998372
19.239000000 -17.956408 -0.538826 0.000000 0.000000 0.000000 -0.057272 0.998359
19.272000000 -17.952935 -0.539225 0.000000 0.000000 0.000000 -0.057507 0.998345
19.305000000 -17.949096 -0.539667 0.000000 0.000000 0.000000 -0.057739 0.998332
19.338000000 -17.942912 -0.540186 0.000000 0.000000 0.000000 -0.057969 0.998318
19.371000000 -17.938295 -0.540723 0.000000 0.000000 0.000000 -0.058197 0.998305
19.404000000 -17.933314 -0.541302 0.000000 0.000000 0.000000 -0.058423 0.998292
19.437000000 -17.926347 -0.541116 0.000000 0.000000 0.000000 -0.058647 0.998279
19.470000000 -17.920707 -0.541779 0.000000 0.000000 0.000000 -0.058867 0.998266
19.503000000 -17.914703 -0.542485 0.000000 0.000000 0.000000 -0.059084 0.998253
19.536000000 -17.906423 -0.543009 0.000000 0.000000 0.000000 -0.059298 0.998240
19.569000000 -17.899681 -0.543809 0.000000 0.000000 0.000000 -0.059507 0.998228
19.602000000 -17.892575 -0.544654 0.000000 0.000000 0.000000 -0.059711 0.998216
19.668000000 -17.877270 -0.546474 0.000000 0.000000 0.000000 -0.060102 0.998192
19.701000000 -17.883350 -0.545065 0.000000 0.000000 0.000000 -0.060288 0.998181
19.734000000 -17.857064 -0.547140 0.000000 0.000000 0.000000 -0.060467 0.998170
19.767000000 -17.848229 -0.548208 0.000000 0.000000 0.000000 -0.060638 0.998160
19.833000000 -17.829465 -0.550473 0.000000 0.000000 0.000000 -0.060952 0.998141
19.866000000 -17.827666 -0.549672 0.000000 0.000000 0.000000 -0.061095 0.998132
19.899000000 -17.817798 -0.550876 0.000000 0.000000 0.000000 -0.061226 0.998124
19.932000000 -17.807565 -0.552121 0.000000 0.000000 0.000000 -0.061346 0.998117
19.965000000 -17.794511 -0.552467 0.000000 0.000000 0.000000 -0.061453 0.998110
19.998000000 -17.783461 -0.553822 0.000000 0.000000 0.000000 -0.061546 0.998104
20.031000000 -17.772046 -0.555217 0.000000 0.000000 0.000000 -0.061624 0.998099
20.064000000 -17.758100 -0.555863 0.000000 0.000000 0.000000 -0.061687 0.998096
20.097000000 -17.745944 -0.557358 0.000000 0.000000 0.000000 -0.061734 0.998093
20.130000000 -17.733424 -0.558890 0.000000 0.000000 0.000000 -0.061763 0.998091
20.163000000 -17.717936 -0.560876 0.000000 0.000000 0.000000 -0.061773 0.998090
20.196000000 -17.704542 -0.562524 0.000000 0.000000 0.000000 -0.061763 0.998091
20.229000000 -17.690783 -0.564207 0.000000 0.000000 0.000000 -0.061732 0.998093
20.262000000 -17.676658 -0.565922 0.000000 0.000000 0.000000 -0.061679 0.998096
20.295000000 -17.674163 -0.567223 0.000000 0.000000 0.000000 -0.061602 0.998101
20.328000000 -17.659541 -0.569015 0.000000 0.000000 0.000000 -0.061501 0.998107
20.361000000 -17.644553 -0.570836 0.000000 0.000000 0.000000 -0.061373 0.998115
20.394000000 -17.627198 -0.575052 0.000000 0.000000 0.000000 -0.061218 0.998124
20.427000000 -17.580688 -0.581358 0.000000 0.000000 0.000000 -0.061034 0.998136
20.460000000 -17.564138 -0.583369 0.000000 0.000000 0.000000 -0.060820 0.998149
20.493000000 -17.547221 -0.585399 0.000000 0.000000 0.000000 -0.060573 0.998164
20.526000000 -17.529938 -0.587449 0.000000 0.000000 0.000000 -0.060294 0.998181
20.559000000 -17.525465 -0.587025 0.000000 0.000000 0.000000 -0.059979 0.998200
20.592000000 -17.507995 -0.589104 0.000000 0.000000 0.000000 -0.059629 0.998221
20.625000000 -17.490159 -0.591194 0.000000 0.000000 0.000000 -0.059243 0.998244
20.658000000 -17.471956 -0.593294 0.000000 0.000000 0.000000 -0.058821 0.998269
20.691000000 -17.470027 -0.591177 0.000000 0.000000 0.000000 -0.058361 0.998296
20.724000000 -17.416476 -0.595139 0.000000 0.000000 0.000000 -0.057864 0.998325
20.757000000 -17.397059 -0.597372 0.000000 0.000000 0.000000 -0.057328 0.998355
20.790000000 -17.377275 -0.599605 0.000000 0.000000 0.000000 -0.056753 0.998388
20.823000000 -17.357124 -0.601836 0.000000 0.000000 0.000000 -0.056138 0.998423
20.856000000 -17.349375 -0.600332 0.000000 0.000000 0.000000 -0.055483 0.998460
20.889000000 -17.328837 -0.602588 0.000000 0.000000 0.000000 -0.054787 0.998498
20.922000000 -17.307931 -0.604834 0.000000 0.000000 0.000000 -0.054050 0.998538
20.955000000 -17.284500 -0.604796 0.000000 0.000000 0.000000 -0.053271 0.998580
20.988000000 -17.262958 -0.607067 0.000000 0.000000 0.000000 -0.052449 0.998624
21.021000000 -17.241048 -0.609317 0.000000 0.000000 0.000000 -0.051584 0.998669
21.054000000 -17.215957 -0.609520 0.000000 0.000000 0.000000 -0.050675 0.998715
21.087000000 -17.193248 -0.611794 0.000000 0.000000 0.000000 -0.049721 0.998763
21.120000000 -17.170170 -0.614037 0.000000 0.000000 0.000000 -0.048721 0.998812
21.153000000 -17.143681 -0.614394 0.000000 0.000000 0.000000 -0.047676 0.998863
21.186000000 -17.119748 -0.616646 0.000000 0.000000 0.000000 -0.046583 0.998914
21.219000000 -17.095446 -0.618854 0.000000 0.000000 0.000000 -0.045443 0.998967
21.252000000 -17.067670 -0.620418 0.000000 0.000000 0.000000 -0.044255 0.999020
21.285000000 -17.042474 -0.622615 0.000000 0.000000 0.000000 -0.043018 0.999074
21.318000000 -17.016908 -0.624755 0.000000 0.000000 0.000000 -0.041731 0.999129
21.351000000 -16.988085 -0.628009 0.000000 0.000000 0.000000 -0.040393 0.999184
21.384000000 -16.961649 -0.630108 0.000000 0.000000 0.000000 -0.039003 0.999239
21.417000000 -16.934842 -0.632134 0.000000 0.000000 0.000000 -0.037561 0.999294
21.450000000 -16.905468 -0.636186 0.000000 0.000000 0.000000 -0.036065 0.999349
21.483000000 -16.877953 -0.638131 0.000000 0.000000 0.000000 -0.034515 0.999404
21.516000000 -16.850068 -0.639986 0.000000 0.000000 0.000000 -0.032910 0.999458
21.549000000 -16.820371 -0.644570 0.000000 0.000000 0.000000 -0.031248 0.999512
21.582000000 -16.791962 -0.646302 0.000000 0.000000 0.000000 -0.029529 0.999564
21.615000000 -16.763184 -0.647926 0.000000 0.000000 0.000000 -0.027751 0.999615
21.648000000 -16.734037 -0.649436 0.000000 0.000000 0.000000 -0.025914 0.999664
21.681000000 -16.732538 -0.651971 0.000000 0.000000 0.000000 -0.024015 0.999712
21.714000000 -16.703235 -0.653330 0.000000 0.000000 0.000000 -0.022055 0.999757
21.747000000 -16.642232 -0.658422 0.000000 0.000000 0.000000 -0.020031 0.999799
21.780000000 -16.612109 -0.659578 0.000000 0.000000 0.000000 -0.017942 0.999839
21.813000000 -16.581618 -0.660585 0.000000 0.000000 0.000000 -0.015787 0.999875
21.846000000 -16.550760 -0.661437 0.000000 0.000000 0.000000 -0.013565 0.999908
21.879000000 -16.548088 -0.664027 0.000000 0.000000 0.000000 -0.011274 0.999936
21.912000000 -16.470566 -0.669964 0.000000 0.000000 0.000000 -0.008913 0.999960
21.945000000 -16.438273 -0.670506 0.000000 0.000000 0.000000 -0.006479 0.999979
21.978000000 -16.405617 -0.670857 0.000000 0.000000 0.000000 -0.003972 0.999992
22.011000000 -16.372598 -0.671006 0.000000 0.000000 0.000000 -0.001389 0.999999
22.044000000 -16.348706 -0.677700 0.000000 0.000000 0.000000 0.001270 0.999999
22.077000000 -16.315057 -0.677552 0.000000 0.000000 0.000000 0.004008 0.999992
22.110000000 -16.281048 -0.677173 0.000000 0.000000 0.000000 0.006828 0.999977
22.143000000 -16.245134 -0.686201 0.000000 0.000000 0.000000 0.009729 0.999953
22.176000000 -16.210688 -0.685464 0.000000 0.000000 0.000000 0.012714 0.999919
22.209000000 -16.175887 -0.684467 0.000000 0.000000 0.000000 0.015781 0.999875
22.242000000 -16.140671 -0.691711 0.000000 0.000000 0.000000 0.018930 0.999821
22.275000000 -16.105849 -0.690325 0.000000 0.000000 0.000000 0.022162 0.999754
22.308000000 -16.070679 -0.688653 0.000000 0.000000 0.000000 0.025476 0.999675
22.341000000 -16.036209 -0.697128 0.000000 0.000000 0.000000 0.028873 0.999583
22.374000000 -16.001360 -0.695046 0.000000 0.000000 0.000000 0.032352 0.999477
22.407000000 -15.966173 -0.692655 0.000000 0.000000 0.000000 0.035915 0.999355
22.440000000 -15.932170 -0.702895 0.000000 0.000000 0.000000 0.039560 0.999217
22.473000000 -15.897521 -0.700081 0.000000 0.000000 0.000000 0.043289 0.999063
22.506000000 -15.862544 -0.696934 0.000000 0.000000 0.000000 0.047103 0.998890
22.539000000 -15.828972 -0.708576 0.000000 0.000000 0.000000 0.051001 0.998699
22.572000000 -15.794710 -0.705002 0.000000 0.000000 0.000000 0.054985 0.998487
22.605000000 -15.760134 -0.701073 0.000000 0.000000 0.000000 0.059055 0.998255
22.638000000 -15.726924 -0.714260 0.000000 0.000000 0.000000 0.063212 0.998000
22.671000000 -15.693206 -0.709907 0.000000 0.000000 0.000000 0.067456 0.997722
22.704000000 -15.659195 -0.705179 0.000000 0.000000 0.000000 0.071789 0.997420
22.737000000 -15.624672 -0.718829 0.000000 0.000000 0.000000 0.076210 0.997092
22.770000000 -15.591211 -0.713620 0.000000 0.000000 0.000000 0.080722 0.996737
22.803000000 -15.557477 -0.708014 0.000000 0.000000 0.000000 0.085325 0.996353
22.836000000 -15.522530 -0.725877 0.000000 0.000000 0.000000 0.090019 0.995940
22.869000000 -15.489498 -0.719794 0.000000 0.000000 0.000000 0.094806 0.995496
22.902000000 -15.450314 -0.741337 0.000000 0.000000 0.000000 0.099687 0.995019
22.935000000 -15.417886 -0.734751 0.000000 0.000000 0.000000 0.104662 0.994508
22.968000000 -15.385227 -0.727736 0.000000 0.000000 0.000000 0.109733 0.993961
23.001000000 -15.352345 -0.720282 0.000000 0.000000 0.000000 0.114899 0.993377
23.034000000 -15.317278 -0.739823 0.000000 0.000000 0.000000 0.120163 0.992754
23.100000000 -15.252377 -0.723346 0.000000 0.000000 0.000000 0.130987 0.991384
23.133000000 -15.219641 -0.714403 0.000000 0.000000 0.000000 0.136547 0.990634
23.166000000 -15.215154 -0.743269 0.000000 0.000000 0.000000 0.142209 0.989837
23.199000000 -15.183453 -0.733911 0.000000 0.000000 0.000000 0.147972 0.988992
23.232000000 -15.151600 -0.724065 0.000000 0.000000 0.000000 0.153837 0.988096
23.265000000 -15.114048 -0.749833 0.000000 0.000000 0.000000 0.159805 0.987149
23.298000000 -15.083429 -0.739597 0.000000 0.000000 0.000000 0.165877 0.986146
23.331000000 -15.052696 -0.728864 0.000000 0.000000 0.000000 0.172054 0.985088
23.364000000 -15.013511 -0.757916 0.000000 0.000000 0.000000 0.178334 0.983970
23.397000000 -14.984005 -0.746803 0.000000 0.000000 0.000000 0.184719 0.982791
23.430000000 -14.954426 -0.735187 0.000000 0.000000 0.000000 0.191204 0.981550
23.463000000 -14.913541 -0.762289 0.000000 0.000000 0.000000 0.197787 0.980245
23.496000000 -14.884850 -0.750167 0.000000 0.000000 0.000000 0.204467 0.978874
23.529000000 -14.856126 -0.737532 0.000000 0.000000 0.000000 0.211239 0.977434
23.562000000 -14.814645 -0.769107 0.000000 0.000000 0.000000 0.218101 0.975926
23.595000000 -14.787355 -0.756218 0.000000 0.000000 0.000000 0.225050 0.974347
23.628000000 -14.760075 -0.742820 0.000000 0.000000 0.000000 0.232083 0.972696
23.661000000 -14.717122 -0.777526 0.000000 0.000000 0.000000 0.239197 0.970971
23.694000000 -14.691472 -0.764022 0.000000 0.000000 0.000000 0.246389 0.969171
23.727000000 -14.665877 -0.750026 0.000000 0.000000 0.000000 0.253654 0.967295
23.760000000 -14.620569 -0.780795 0.000000 0.000000 0.000000 0.260991 0.965341
23.793000000 -14.595964 -0.766394 0.000000 0.000000 0.000000 0.268394 0.963309
23.826000000 -14.571454 -0.751506 0.000000 0.000000 0.000000 0.275859 0.961198
23.859000000 -14.547049 -0.736126 0.000000 0.000000 0.000000 0.283380 0.959008
23.892000000 -14.523396 -0.779371 0.000000 0.000000 0.000000 0.290952 0.956738
23.925000000 -14.499693 -0.763439 0.000000 0.000000 0.000000 0.298570 0.954388
23.958000000 -14.430138 -0.779687 0.000000 0.000000 0.000000 0.306228 0.951958
23.991000000 -14.408283 -0.763957 0.000000 0.000000 0.000000 0.313921 0.949449
24.024000000 -14.346061 -0.787083 0.000000 0.000000 0.000000 0.321644 0.946861
24.057000000 -14.326538 -0.772053 0.000000 0.000000 0.000000 0.329392 0.944193
24.090000000 -14.307211 -0.756634 0.000000 0.000000 0.000000 0.337161 0.941447
24.123000000 -14.288090 -0.740825 0.000000 0.000000 0.000000 0.344946 0.938623
24.156000000 -14.254462 -0.789098 0.000000 0.000000 0.000000 0.352742 0.935721
24.189000000 -14.237695 -0.774320 0.000000 0.000000 0.000000 0.360545 0.932742
24.222000000 -14.174864 -0.800426 0.000000 0.000000 0.000000 0.368352 0.929686
24.255000000 -14.159859 -0.786289 0.000000 0.000000 0.000000 0.376158 0.926556
24.288000000 -14.145101 -0.771879 0.000000 0.000000 0.000000 0.383959 0.923350
24.321000000 -14.130594 -0.757199 0.000000 0.000000 0.000000 0.391752 0.920071
24.354000000 -14.087646 -0.803962 0.000000 0.000000 0.000000 0.399534 0.916719
24.387000000 -14.074948 -0.790256 0.000000 0.000000 0.000000 0.407301 0.913294
24.420000000 -14.062513 -0.776342 0.000000 0.000000 0.000000 0.415050 0.909798
24.453000000 -14.004359 -0.813623 0.000000 0.000000 0.000000 0.422779 0.906233
24.486000000 -13.993254 -0.800337 0.000000 0.000000 0.000000 0.430486 0.902597
24.519000000 -13.982419 -0.786889 0.000000 0.000000 0.000000 0.438167 0.898894
24.552000000 -13.971857 -0.773283 0.000000 0.000000 0.000000 0.445820 0.895122
24.585000000 -13.922611 -0.826069 0.000000 0.000000 0.000000 0.453444 0.891285
24.618000000 -13.913615 -0.813678 0.000000 0.000000 0.000000 0.461037 0.887381
24.651000000 -13.840647 -0.839512 0.000000 0.000000 0.000000 0.468597 0.883412
24.684000000 -13.832968 -0.828136 0.000000 0.000000 0.000000 0.476123 0.879378
24.717000000 -13.825555 -0.816710 0.000000 0.000000 0.000000 0.483616 0.875280
24.750000000 -13.760089 -0.857942 0.000000 0.000000 0.000000 0.491074 0.871118
24.783000000 -13.754343 -0.848406 0.000000 0.000000 0.000000 0.498497 0.866891
24.816000000 -13.748847 -0.838893 0.000000 0.000000 0.000000 0.505885 0.862601
24.849000000 -13.681062 -0.876872 0.000000 0.000000 0.000000 0.513236 0.858248
24.882000000 -13.676740 -0.868785 0.000000 0.000000 0.000000 0.520550 0.853831
24.915000000 -13.672647 -0.860775 0.000000 0.000000 0.000000 0.527828 0.849351
24.948000000 -13.668781 -0.852845 0.000000 0.000000 0.000000 0.535067 0.844810
24.981000000 -13.602573 -0.897934 0.000000 0.000000 0.000000 0.542268 0.840205
25.014000000 -13.599645 -0.891414 0.000000 0.000000 0.000000 0.549431 0.835539
25.047000000 -13.525172 -0.919739 0.000000 0.000000 0.000000 0.556554 0.830812
25.080000000 -13.523163 -0.914815 0.000000 0.000000 0.000000 0.563637 0.826023
25.113000000 -13.521330 -0.910062 0.000000 0.000000 0.000000 0.570679 0.821173
25.146000000 -13.450864 -0.947212 0.000000 0.000000 0.000000 0.577681 0.816263
25.179000000 -13.450177 -0.945258 0.000000 0.000000 0.000000 0.584641 0.811292
25.212000000 -13.449639 -0.943639 0.000000 0.000000 0.000000 0.591559 0.806262
25.245000000 -13.376213 -0.979032 0.000000 0.000000 0.000000 0.598434 0.801172
25.278000000 -13.376411 -0.979698 0.000000 0.000000 0.000000 0.605266 0.796023
25.311000000 -13.376697 -0.980719 0.000000 0.000000 0.000000 0.612054 0.790816
25.344000000 -13.377057 -0.982100 0.000000 0.000000 0.000000 0.618799 0.785550
25.377000000 -13.377480 -0.983842 0.000000 0.000000 0.000000 0.625498 0.780226
25.410000000 -13.301628 -1.007111 0.000000 0.000000 0.000000 0.632152 0.774844
25.443000000 -13.301938 -1.008619 0.000000 0.000000 0.000000 0.638761 0.769406
25.476000000 -13.302290 -1.010490 0.000000 0.000000 0.000000 0.645324 0.763909
25.509000000 -13.227441 -1.038731 0.000000 0.000000 0.000000 0.651841 0.758356
25.542000000 -13.152751 -1.068774 0.000000 0.000000 0.000000 0.658312 0.752745
25.575000000 -13.153389 -1.073511 0.000000 0.000000 0.000000 0.664737 0.747077
25.608000000 -13.153989 -1.078626 0.000000 0.000000 0.000000 0.671116 0.741352
25.641000000 -13.154538 -1.084119 0.000000 0.000000 0.000000 0.677450 0.735569
25.674000000 -13.155025 -1.089992 0.000000 0.000000 0.000000 0.683738 0.729728
25.707000000 -13.077979 -1.097034 0.000000 0.000000 0.000000 0.689980 0.723828
25.740000000 -13.003057 -1.128188 0.000000 0.000000 0.000000 0.696177 0.717870
25.773000000 -13.003296 -1.135743 0.000000 0.000000 0.000000 0.702330 0.711852
25.806000000 -13.003416 -1.143670 0.000000 0.000000 0.000000 0.708439 0.705772
25.839000000 -12.929702 -1.163493 0.000000 0.000000 0.000000 0.714506 0.699629
25.872000000 -12.929503 -1.173578 0.000000 0.000000 0.000000 0.720532 0.693422
25.905000000 -12.929126 -1.184029 0.000000 0.000000 0.000000 0.726518 0.687147
25.938000000 -12.856847 -1.198307 0.000000 0.000000 0.000000 0.732466 0.680804
25.971000000 -12.856022 -1.209832 0.000000 0.000000 0.000000 0.738373 0.674392
26.004000000 -12.854975 -1.221709 0.000000 0.000000 0.000000 0.744237 0.667916
26.037000000 -12.783715 -1.234789 0.000000 0.000000 0.000000 0.750053 0.661378
26.070000000 -12.782065 -1.247954 0.000000 0.000000 0.000000 0.755818 0.654782
26.103000000 -12.780137 -1.261452 0.000000 0.000000 0.000000 0.761528 0.648132
26.136000000 -12.709905 -1.275467 0.000000 0.000000 0.000000 0.767179 0.641433
26.169000000 -12.707129 -1.290882 0.000000 0.000000 0.000000 0.772766 0.634691
26.202000000 -12.704007 -1.306603 0.000000 0.000000 0.000000 0.778286 0.627910
26.235000000 -12.700525 -1.322622 0.000000 0.000000 0.000000 0.783734 0.621097
26.301000000 -12.630657 -1.341871 0.000000 0.000000 0.000000 0.794397 0.607398
26.334000000 -12.561109 -1.371711 0.000000 0.000000 0.000000 0.799604 0.600527
26.367000000 -12.555308 -1.391571 0.000000 0.000000 0.000000 0.804722 0.593651
26.433000000 -12.542273 -1.431987 0.000000 0.000000 0.000000 0.814677 0.579916
26.466000000 -12.535016 -1.452521 0.000000 0.000000 0.000000 0.819506 0.573071
26.499000000 -12.485314 -1.423965 0.000000 0.000000 0.000000 0.824235 0.566248
26.532000000 -12.477012 -1.445396 0.000000 0.000000 0.000000 0.828863 0.559451
26.565000000 -12.406468 -1.480986 0.000000 0.000000 0.000000 0.833391 0.552684
26.598000000 -12.396426 -1.504591 0.000000 0.000000 0.000000 0.837818 0.545949
26.631000000 -12.385817 -1.528346 0.000000 0.000000 0.000000 0.842145 0.539251
26.664000000 -12.325563 -1.544897 0.000000 0.000000 0.000000 0.846371 0.532594
26.697000000 -12.313039 -1.570826 0.000000 0.000000 0.000000 0.850497 0.525980
26.730000000 -12.299905 -1.596861 0.000000 0.000000 0.000000 0.854522 0.519414
26.763000000 -12.243233 -1.608236 0.000000 0.000000 0.000000 0.858448 0.512900
26.796000000 -12.228849 -1.634801 0.000000 0.000000 0.000000 0.862275 0.506440
26.829000000 -12.213843 -1.661440 0.000000 0.000000 0.000000 0.866003 0.500039
26.862000000 -12.198214 -1.688143 0.000000 0.000000 0.000000 0.869633 0.493700
26.895000000 -12.159730 -1.672195 0.000000 0.000000 0.000000 0.873164 0.487426
26.928000000 -12.143177 -1.698877 0.000000 0.000000 0.000000 0.876599 0.481222
26.961000000 -12.074190 -1.738665 0.000000 0.000000 0.000000 0.879937 0.475091
26.994000000 -12.056021 -1.766191 0.000000 0.000000 0.000000 0.883179 0.469036
27.027000000 -12.037220 -1.793736 0.000000 0.000000 0.000000 0.886327 0.463061
27.060000000 -11.984478 -1.809812 0.000000 0.000000 0.000000 0.889380 0.457169
27.093000000 -11.963831 -1.838497 0.000000 0.000000 0.000000 0.892339 0.451365
27.126000000 -11.942541 -1.867168 0.000000 0.000000 0.000000 0.895207 0.445652
27.159000000 -11.920610 -1.895818 0.000000 0.000000 0.000000 0.897982 0.440032
27.192000000 -11.894657 -1.880521 0.000000 0.000000 0.000000 0.900667 0.434511
27.225000000 -11.872020 -1.908822 0.000000 0.000000 0.000000 0.903261 0.429091
27.258000000 -11.800754 -1.954660 0.000000 0.000000 0.000000 0.905767 0.423776
27.291000000 -11.776276 -1.983815 0.000000 0.000000 0.000000 0.908185 0.418570
27.324000000 -11.751168 -2.012919 0.000000 0.000000 0.000000 0.910515 0.413476
27.357000000 -11.703718 -2.029809 0.000000 0.000000 0.000000 0.912759 0.408498
27.390000000 -11.677332 -2.059169 0.000000 0.000000 0.000000 0.914918 0.403640
27.423000000 -11.650327 -2.088467 0.000000 0.000000 0.000000 0.916992 0.398905
27.456000000 -11.604166 -2.108590 0.000000 0.000000 0.000000 0.918982 0.394298
27.489000000 -11.575723 -2.138326 0.000000 0.000000 0.000000 0.920890 0.389823
27.522000000 -11.546674 -2.167992 0.000000 0.000000 0.000000 0.922715 0.385483
27.555000000 -11.500272 -2.190964 0.000000 0.000000 0.000000 0.924459 0.381282
27.588000000 -11.469591 -2.221275 0.000000 0.000000 0.000000 0.926122 0.377225
27.621000000 -11.438319 -2.251511 0.000000 0.000000 0.000000 0.927704 0.373315
27.654000000 -11.393878 -2.275817 0.000000 0.000000 0.000000 0.929208 0.369558
27.687000000 -11.361343 -2.306367 0.000000 0.000000 0.000000 0.930631 0.365958
27.720000000 -11.328236 -2.336846 0.000000 0.000000 0.000000 0.931976 0.362519
27.753000000 -11.284454 -2.361514 0.000000 0.000000 0.000000 0.933243 0.359247
27.786000000 -11.250384 -2.392104 0.000000 0.000000 0.000000 0.934431 0.356145
27.819000000 -11.215769 -2.422636 0.000000 0.000000 0.000000 0.935540 0.353220
27.852000000 -11.180616 -2.453116 0.000000 0.000000 0.000000 0.936571 0.350477
27.885000000 -11.170476 -2.452309 0.000000 0.000000 0.000000 0.937524 0.347920
27.918000000 -11.134111 -2.483391 0.000000 0.000000 0.000000 0.938398 0.345557
27.951000000 -11.055777 -2.541022 0.000000 0.000000 0.000000 0.939192 0.343393
27.984000000 -11.018846 -2.571966 0.000000 0.000000 0.000000 0.939906 0.341433
28.017000000 -10.981428 -2.602897 0.000000 0.000000 0.000000 0.940539 0.339686
28.050000000 -10.935973 -2.634340 0.000000 0.000000 0.000000 0.941090 0.338157
28.083000000 -10.897284 -2.666018 0.000000 0.000000 0.000000 0.941557 0.336854
28.116000000 -10.858143 -2.697716 0.000000 0.000000 0.000000 0.941939 0.335785
28.149000000 -10.818565 -2.729448 0.000000 0.000000 0.000000 0.942234 0.334956
28.182000000 -10.813863 -2.727978 0.000000 0.000000 0.000000 0.942439 0.334378
28.215000000 -10.774164 -2.759925 0.000000 0.000000 0.000000 0.942553 0.334057
28.248000000 -10.688697 -2.822744 0.000000 0.000000 0.000000 0.942574 0.333998
28.281000000 -10.648185 -2.855290 0.000000 0.000000 0.000000 0.942507 0.334185
28.314000000 -10.607325 -2.887968 0.000000 0.000000 0.000000 0.942359 0.334602
28.347000000 -10.558782 -2.922327 0.000000 0.000000 0.000000 0.942136 0.335232
28.380000000 -10.516893 -2.956227 0.000000 0.000000 0.000000 0.941842 0.336057
28.413000000 -10.474722 -2.990340 0.000000 0.000000 0.000000 0.941482 0.337063
28.446000000 -10.428585 -3.019886 0.000000 0.000000 0.000000 0.941063 0.338232
28.479000000 -10.386773 -3.054221 0.000000 0.000000 0.000000 0.940588 0.339551
28.512000000 -10.344734 -3.088835 0.000000 0.000000 0.000000 0.940061 0.341005
28.545000000 -10.292745 -3.121652 0.000000 0.000000 0.000000 0.939489 0.342579
28.578000000 -10.249904 -3.157554 0.000000 0.000000 0.000000 0.938874 0.344261
28.611000000 -10.206884 -3.193793 0.000000 0.000000 0.000000 0.938221 0.346037
28.644000000 -10.157031 -3.220598 0.000000 0.000000 0.000000 0.937534 0.347895
28.677000000 -10.114652 -3.256980 0.000000 0.000000 0.000000 0.936816 0.349823
28.710000000 -10.072127 -3.293743 0.000000 0.000000 0.000000 0.936071 0.351811
28.743000000 -10.017657 -3.323309 0.000000 0.000000 0.000000 0.935303 0.353847
28.776000000 -9.974818 -3.361082 0.000000 0.000000 0.000000 0.934516 0.355922
28.809000000 -9.931862 -3.399271 0.000000 0.000000 0.000000 0.933712 0.358026
28.842000000 -9.875095 -3.429816 0.000000 0.000000 0.000000 0.932894 0.360151
28.875000000 -9.831681 -3.469184 0.000000 0.000000 0.000000 0.932066 0.362289
28.908000000 -9.788174 -3.508993 0.000000 0.000000 0.000000 0.931230 0.364431
28.941000000 -9.744581 -3.549248 0.000000 0.000000 0.000000 0.930390 0.366571
28.974000000 -9.729863 -3.539458 0.000000 0.000000 0.000000 0.929547 0.368702
29.007000000 -9.686222 -3.580553 0.000000 0.000000 0.000000 0.928705 0.370819
29.040000000 -9.582928 -3.649779 0.000000 0.000000 0.000000 0.927866 0.372914
29.073000000 -9.539164 -3.691758 0.000000 0.000000 0.000000 0.927031 0.374984
29.106000000 -9.469689 -3.727474 0.000000 0.000000 0.000000 0.926203 0.377024
29.139000000 -9.425874 -3.770247 0.000000 0.000000 0.000000 0.925384 0.379030
29.172000000 -9.381995 -3.813484 0.000000 0.000000 0.000000 0.924576 0.380998
29.205000000 -9.338053 -3.857184 0.000000 0.000000 0.000000 0.923780 0.382925
29.238000000 -9.283868 -3.876663 0.000000 0.000000 0.000000 0.922997 0.384808
29.271000000 -9.240177 -3.920812 0.000000 0.000000 0.000000 0.922229 0.386645
29.304000000 -9.196421 -3.965417 0.000000 0.000000 0.000000 0.921477 0.388433
29.337000000 -9.152598 -4.010478 0.000000 0.000000 0.000000 0.920742 0.390173
29.370000000 -9.132004 -3.991704 0.000000 0.000000 0.000000 0.920024 0.391861
29.403000000 -9.088625 -4.036909 0.000000 0.000000 0.000000 0.919326 0.393498
29.436000000 -8.978334 -4.108392 0.000000 0.000000 0.000000 0.918646 0.395082
29.469000000 -8.934824 -4.154376 0.000000 0.000000 0.000000 0.917986 0.396613
29.502000000 -8.891234 -4.200796 0.000000 0.000000 0.000000 0.917345 0.398092
29.535000000 -8.822493 -4.227958 0.000000 0.000000 0.000000 0.916725 0.399518
29.568000000 -8.778771 -4.275070 0.000000 0.000000 0.000000 0.916125 0.400892
29.601000000 -8.734960 -4.322606 0.000000 0.000000 0.000000 0.915546 0.402214
29.634000000 -8.691057 -4.370562 0.000000 0.000000 0.000000 0.914986 0.403485
29.667000000 -8.663851 -4.349527 0.000000 0.000000 0.000000 0.914447 0.404706
29.733000000 -8.576029 -4.446617 0.000000 0.000000 0.000000 0.913427 0.407002
29.766000000 -8.502432 -4.474725 0.000000 0.000000 0.000000 0.912947 0.408078
29.799000000 -8.458061 -4.524359 0.000000 0.000000 0.000000 0.912487 0.409105
29.832000000 -8.413575 -4.574389 0.000000 0.000000 0.000000 0.912049 0.410082
29.865000000 -8.340424 -4.600542 0.000000 0.000000 0.000000 0.911631 0.411009
29.898000000 -8.296064 -4.650809 0.000000 0.000000 0.000000 0.911235 0.411886
29.931000000 -8.251577 -4.701459 0.000000 0.000000 0.000000 0.910860 0.412715
29.964000000 -8.206957 -4.752486 0.000000 0.000000 0.000000 0.910506 0.413495
29.997000000 -8.179097 -4.725532 0.000000 0.000000 0.000000 0.910173 0.414228
30.030000000 -8.135238 -4.775946 0.000000 0.000000 0.000000 0.909861 0.414914
30.063000000 -8.018115 -4.850157 0.000000 0.000000 0.000000 0.909568 0.415555
30.096000000 -7.974562 -4.900513 0.000000 0.000000 0.000000 0.909295 0.416152
30.129000000 -7.930858 -4.951219 0.000000 0.000000 0.000000 0.909041 0.416706
30.162000000 -7.857939 -4.974980 0.000000 0.000000 0.000000 0.908806 0.417219
30.195000000 -7.814712 -5.025330 0.000000 0.000000 0.000000 0.908589 0.417692
30.228000000 -7.771325 -5.076014 0.000000 0.000000 0.000000 0.908388 0.418127
30.261000000 -7.698653 -5.099582 0.000000 0.000000 0.000000 0.908205 0.418526
30.294000000 -7.655763 -5.149831 0.000000 0.000000 0.000000 0.908037 0.418890
30.327000000 -7.612706 -5.200398 0.000000 0.000000 0.000000 0.907884 0.419221
30.360000000 -7.569479 -5.251279 0.000000 0.000000 0.000000 0.907746 0.419521
30.393000000 -7.539318 -5.225102 0.000000 0.000000 0.000000 0.907621 0.419791
30.426000000 -7.496527 -5.275517 0.000000 0.000000 0.000000 0.907509 0.420033
30.459000000 -7.453562 -5.326230 0.000000 0.000000 0.000000 0.907409 0.420249
30.492000000 -7.379577 -5.351160 0.000000 0.000000 0.000000 0.907321 0.420439
30.525000000 -7.336760 -5.401751 0.000000 0.000000 0.000000 0.907243 0.420607
30.558000000 -7.219417 -5.476888 0.000000 0.000000 0.000000 0.907175 0.420753
30.591000000 -7.176622 -5.527522 0.000000 0.000000 0.000000 0.907117 0.420879
30.624000000 -7.133647 -5.578433 0.000000 0.000000 0.000000 0.907067 0.420985
30.657000000 -7.059035 -5.602327 0.000000 0.000000 0.000000 0.907026 0.421075
30.690000000 -7.016300 -5.652961 0.000000 0.000000 0.000000 0.906992 0.421148
30.723000000 -6.973386 -5.703858 0.000000 0.000000 0.000000 0.906964 0.421207
30.756000000 -6.898841 -5.727558 0.000000 0.000000 0.000000 0.906943 0.421252
30.789000000 -6.856191 -5.778129 0.000000 0.000000 0.000000 0.906928 0.421285
30.822000000 -6.813364 -5.828950 0.000000 0.000000 0.000000 0.906918 0.421307
30.855000000 -6.738317 -5.852645 0.000000 0.000000 0.000000 0.906913 0.421318
30.888000000 -6.695686 -5.903206 0.000000 0.000000 0.000000 0.906912 0.421321
30.921000000 -6.652882 -5.954006 0.000000 0.000000 0.000000 0.906914 0.421315
30.954000000 -6.609904 -6.005043 0.000000 0.000000 0.000000 0.906921 0.421302
30.987000000 -6.577927 -5.977971 0.000000 0.000000 0.000000 0.906930 0.421282
31.020000000 -6.535294 -6.028524 0.000000 0.000000 0.000000 0.906941 0.421257
31.053000000 -6.417412 -6.102823 0.000000 0.000000 0.000000 0.906956 0.421226
31.086000000 -6.374826 -6.153306 0.000000 0.000000 0.000000 0.906972 0.421192
31.119000000 -6.332076 -6.204005 0.000000 0.000000 0.000000 0.906989 0.421153
31.152000000 -6.256880 -6.227732 0.000000 0.000000 0.000000 0.907009 0.421112
31.185000000 -6.214294 -6.278187 0.000000 0.000000 0.000000 0.907029 0.421068
31.218000000 -6.115731 -6.330141 0.000000 0.000000 0.000000 0.907050 0.421023
31.251000000 -6.073168 -6.380533 0.000000 0.000000 0.000000 0.907072 0.420975
31.284000000 -6.030453 -6.431122 0.000000 0.000000 0.000000 0.907095 0.420927
31.317000000 -5.987583 -6.481911 0.000000 0.000000 0.000000 0.907117 0.420878
31.350000000 -5.944560 -6.532897 0.000000 0.000000 0.000000 0.907140 0.420828
31.383000000 -5.935796 -6.478142 0.000000 0.000000 0.000000 0.907163 0.420778
31.449000000 -5.850368 -6.579217 0.000000 0.000000 0.000000 0.907209 0.420680
31.482000000 -5.775428 -6.603724 0.000000 0.000000 0.000000 0.907232 0.420631
31.515000000 -5.732744 -6.654178 0.000000 0.000000 0.000000 0.907255 0.420580
31.548000000 -5.615379 -6.728350 0.000000 0.000000 0.000000 0.907281 0.420525
31.581000000 -5.572835 -6.778614 0.000000 0.000000 0.000000 0.907309 0.420465
31.614000000 -5.530158 -6.829043 0.000000 0.000000 0.000000 0.907341 0.420396
31.647000000 -5.457553 -6.850308 0.000000 0.000000 0.000000 0.907376 0.420319
31.680000000 -5.415602 -6.899824 0.000000 0.000000 0.000000 0.907417 0.420232
31.713000000 -5.327174 -6.940652 0.000000 0.000000 0.000000 0.907463 0.420133
31.746000000 -5.285953 -6.989252 0.000000 0.000000 0.000000 0.907514 0.420022
31.779000000 -5.244626 -7.037972 0.000000 0.000000 0.000000 0.907571 0.419898
31.812000000 -5.203192 -7.086812 0.000000 0.000000 0.000000 0.907634 0.419761
31.845000000 -5.148840 -7.087191 0.000000 0.000000 0.000000 0.907704 0.419611
31.878000000 -5.108233 -7.134967 0.000000 0.000000 0.000000 0.907781 0.419446
31.911000000 -5.067531 -7.182836 0.000000 0.000000 0.000000 0.907863 0.419266
31.944000000 -5.026734 -7.230797 0.000000 0.000000 0.000000 0.907953 0.419072
31.977000000 -4.997812 -7.202420 0.000000 0.000000 0.000000 0.908049 0.418863
32.010000000 -4.957794 -7.249343 0.000000 0.000000 0.000000 0.908152 0.418640
32.043000000 -4.849455 -7.314883 0.000000 0.000000 0.000000 0.908262 0.418402
32.076000000 -4.810188 -7.360831 0.000000 0.000000 0.000000 0.908378 0.418150
32.109000000 -4.770851 -7.406824 0.000000 0.000000 0.000000 0.908501 0.417883
32.142000000 -4.703325 -7.425142 0.000000 0.000000 0.000000 0.908630 0.417603
32.175000000 -4.664688 -7.470190 0.000000 0.000000 0.000000 0.908765 0.417308
32.208000000 -4.588792 -7.499359 0.000000 0.000000 0.000000 0.908906 0.417000
32.241000000 -4.550929 -7.543374 0.000000 0.000000 0.000000 0.909054 0.416679
32.274000000 -4.513022 -7.587392 0.000000 0.000000 0.000000 0.909207 0.416345
32.307000000 -4.475070 -7.631409 0.000000 0.000000 0.000000 0.909366 0.415998
32.340000000 -4.418810 -7.638892 0.000000 0.000000 0.000000 0.909530 0.415638
32.373000000 -4.381382 -7.682147 0.000000 0.000000 0.000000 0.909699 0.415267
32.406000000 -4.343917 -7.725387 0.000000 0.000000 0.000000 0.909874 0.414884
32.439000000 -4.306414 -7.768610 0.000000 0.000000 0.000000 0.910054 0.414490
32.472000000 -4.280401 -7.742201 0.000000 0.000000 0.000000 0.910238 0.414085
32.505000000 -4.243637 -7.784396 0.000000 0.000000 0.000000 0.910427 0.413669
32.538000000 -4.143932 -7.843067 0.000000 0.000000 0.000000 0.910621 0.413243
32.571000000 -4.107800 -7.884382 0.000000 0.000000 0.000000 0.910819 0.412807
32.604000000 -4.071654 -7.925643 0.000000 0.000000 0.000000 0.911021 0.412361
32.637000000 -4.009900 -7.941427 0.000000 0.000000 0.000000 0.911226 0.411906
32.670000000 -3.974393 -7.981786 0.000000 0.000000 0.000000 0.911436 0.411442
32.703000000 -3.910086 -8.001275 0.000000 0.000000 0.000000 0.911649 0.410970
32.736000000 -3.875235 -8.040715 0.000000 0.000000 0.000000 0.911866 0.410488
32.769000000 -3.840393 -8.080071 0.000000 0.000000 0.000000 0.912086 0.409999
32.835000000 -3.770734 -8.158524 0.000000 0.000000 0.000000 0.912535 0.408998
32.868000000 -3.749276 -8.130638 0.000000 0.000000 0.000000 0.912765 0.408486
32.901000000 -3.714977 -8.169038 0.000000 0.000000 0.000000 0.912997 0.407967
32.934000000 -3.622224 -8.221792 0.000000 0.000000 0.000000 0.913231 0.407441
32.967000000 -3.588527 -8.259343 0.000000 0.000000 0.000000 0.913469 0.406909
33.033000000 -3.521217 -8.334111 0.000000 0.000000 0.000000 0.913951 0.405825
33.099000000 -3.464269 -8.346731 0.000000 0.000000 0.000000 0.914442 0.404717
33.132000000 -3.431184 -8.383167 0.000000 0.000000 0.000000 0.914691 0.404154
33.165000000 -3.374967 -8.396917 0.000000 0.000000 0.000000 0.914942 0.403586
33.198000000 -3.342358 -8.432643 0.000000 0.000000 0.000000 0.915194 0.403013
33.231000000 -3.309792 -8.468238 0.000000 0.000000 0.000000 0.915449 0.402434
33.297000000 -3.244792 -8.539031 0.000000 0.000000 0.000000 0.915964 0.401261
33.330000000 -3.254588 -8.480396 0.000000 0.000000 0.000000 0.916234 0.400644
33.363000000 -3.222538 -8.515060 0.000000 0.000000 0.000000 0.916572 0.399871
33.396000000 -3.136441 -8.562229 0.000000 0.000000 0.000000 0.916969 0.398958
33.429000000 -3.104907 -8.596082 0.000000 0.000000 0.000000 0.917419 0.397922
33.462000000 -3.019942 -8.641698 0.000000 0.000000 0.000000 0.917921 0.396763
33.495000000 -2.988880 -8.674726 0.000000 0.000000 0.000000 0.918476 0.395477
33.528000000 -2.957839 -8.707551 0.000000 0.000000 0.000000 0.919085 0.394058
33.561000000 -2.904565 -8.723451 0.000000 0.000000 0.000000 0.919751 0.392503
33.594000000 -2.873158 -8.756231 0.000000 0.000000 0.000000 0.920473 0.390807
33.627000000 -2.841737 -8.788787 0.000000 0.000000 0.000000 0.921251 0.388968
33.660000000 -2.810294 -8.821111 0.000000 0.000000 0.000000 0.922087 0.386983
33.693000000 -2.794546 -8.800704 0.000000 0.000000 0.000000 0.922979 0.384850
33.726000000 -2.763785 -8.831759 0.000000 0.000000 0.000000 0.923928 0.382567
33.759000000 -2.684989 -8.880827 0.000000 0.000000 0.000000 0.924933 0.380131
33.792000000 -2.653838 -8.911640 0.000000 0.000000 0.000000 0.925993 0.377541
33.825000000 -2.622633 -8.942165 0.000000 0.000000 0.000000 0.927108 0.374794
33.858000000 -2.591366 -8.972392 0.000000 0.000000 0.000000 0.928277 0.371889
33.891000000 -2.579978 -8.954838 0.000000 0.000000 0.000000 0.929500 0.368822
33.924000000 -2.549397 -8.983645 0.000000 0.000000 0.000000 0.930775 0.365592
33.957000000 -2.518755 -9.012113 0.000000 0.000000 0.000000 0.932100 0.362200
33.990000000 -2.475685 -9.032515 0.000000 0.000000 0.000000 0.933466 0.358665
34.023000000 -2.444349 -9.060769 0.000000 0.000000 0.000000 0.934865 0.355003
34.056000000 -2.374758 -9.107583 0.000000 0.000000 0.000000 0.936289 0.351232
34.089000000 -2.343691 -9.134711 0.000000 0.000000 0.000000 0.937730 0.347365
34.122000000 -2.312540 -9.161465 0.000000 0.000000 0.000000 0.939183 0.343418
34.155000000 -2.278274 -9.175489 0.000000 0.000000 0.000000 0.940641 0.339404
34.188000000 -2.248235 -9.200413 0.000000 0.000000 0.000000 0.942099 0.335335
34.221000000 -2.218150 -9.224941 0.000000 0.000000 0.000000 0.943553 0.331223
34.254000000 -2.188021 -9.249073 0.000000 0.000000 0.000000 0.944997 0.327078
34.287000000 -2.181377 -9.248340 0.000000 0.000000 0.000000 0.946429 0.322911
34.320000000 -2.150122 -9.272480 0.000000 0.000000 0.000000 0.947845 0.318730
34.353000000 -2.088704 -9.316297 0.000000 0.000000 0.000000 0.949243 0.314545
34.386000000 -2.058199 -9.339009 0.000000 0.000000 0.000000 0.950618 0.310363
34.419000000 -2.027667 -9.361327 0.000000 0.000000 0.000000 0.951970 0.306191
34.452000000 -1.997113 -9.383255 0.000000 0.000000 0.000000 0.953296 0.302037
34.485000000 -1.998138 -9.382594 0.000000 0.000000 0.000000 0.954595 0.297906
34.518000000 -1.967675 -9.403661 0.000000 0.000000 0.000000 0.955865 0.293805
34.551000000 -1.909304 -9.448547 0.000000 0.000000 0.000000 0.957106 0.289739
34.584000000 -1.879014 -9.468737 0.000000 0.000000 0.000000 0.958316 0.285711
34.617000000 -1.848739 -9.488553 0.000000 0.000000 0.000000 0.959494 0.281728
34.650000000 -1.818485 -9.508000 0.000000 0.000000 0.000000 0.960641 0.277793
34.683000000 -1.823499 -9.509048 0.000000 0.000000 0.000000 0.961756 0.273908
34.716000000 -1.793899 -9.527397 0.000000 0.000000 0.000000 0.962838 0.270078
34.749000000 -1.764354 -9.545391 0.000000 0.000000 0.000000 0.963889 0.266305
34.782000000 -1.741365 -9.567173 0.000000 0.000000 0.000000 0.964907 0.262591
34.815000000 -1.712641 -9.584059 0.000000 0.000000 0.000000 0.965893 0.258940
34.848000000 -1.664005 -9.617884 0.000000 0.000000 0.000000 0.966848 0.255352
34.881000000 -1.637201 -9.633039 0.000000 0.000000 0.000000 0.967772 0.251829
34.947000000 -1.584250 -9.662333 0.000000 0.000000 0.000000 0.969527 0.244985
34.980000000 -1.587776 -9.667624 0.000000 0.000000 0.000000 0.970360 0.241665
35.013000000 -1.561419 -9.681552 0.000000 0.000000 0.000000 0.971163 0.238415
35.046000000 -1.512728 -9.724527 0.000000 0.000000 0.000000 0.971938 0.235235
35.079000000 -1.485876 -9.738265 0.000000 0.000000 0.000000 0.972686 0.232126
35.112000000 -1.459234 -9.751635 0.000000 0.000000 0.000000 0.973406 0.229087
35.145000000 -1.432810 -9.764643 0.000000 0.000000 0.000000 0.974100 0.226119
35.178000000 -1.441771 -9.781562 0.000000 0.000000 0.000000 0.974768 0.223222
35.211000000 -1.415361 -9.794260 0.000000 0.000000 0.000000 0.975411 0.220395
35.244000000 -1.389180 -9.806616 0.000000 0.000000 0.000000 0.976029 0.217638
35.277000000 -1.374444 -9.832987 0.000000 0.000000 0.000000 0.976625 0.214952
35.310000000 -1.349396 -9.844509 0.000000 0.000000 0.000000 0.977197 0.212335
35.343000000 -1.324592 -9.855714 0.000000 0.000000 0.000000 0.977747 0.209786
35.376000000 -1.310920 -9.876165 0.000000 0.000000 0.000000 0.978276 0.207306
35.409000000 -1.287753 -9.886382 0.000000 0.000000 0.000000 0.978784 0.204893
35.442000000 -1.249290 -9.916587 0.000000 0.000000 0.000000 0.979273 0.202545
35.475000000 -1.227241 -9.926057 0.000000 0.000000 0.000000 0.979743 0.200259
35.508000000 -1.205460 -9.935252 0.000000 0.000000 0.000000 0.980195 0.198034
35.541000000 -1.190193 -9.958834 0.000000 0.000000 0.000000 0.980630 0.195867
35.574000000 -1.168717 -9.967717 0.000000 0.000000 0.000000 0.981050 0.193757
35.607000000 -1.147520 -9.976343 0.000000 0.000000 0.000000 0.981453 0.191701
35.640000000 -1.133377 -10.005842 0.000000 0.000000 0.000000 0.981843 0.189697
35.673000000 -1.112058 -10.014352 0.000000 0.000000 0.000000 0.982218 0.187744
35.706000000 -1.091028 -10.022620 0.000000 0.000000 0.000000 0.982580 0.185839
35.739000000 -1.070288 -10.030651 0.000000 0.000000 0.000000 0.982930 0.183980
35.772000000 -1.080372 -10.051164 0.000000 0.000000 0.000000 0.983268 0.182167
35.805000000 -1.060022 -10.058933 0.000000 0.000000 0.000000 0.983594 0.180396
35.838000000 -1.030127 -10.092953 0.000000 0.000000 0.000000 0.983910 0.178666
35.871000000 -1.010958 -10.100116 0.000000 0.000000 0.000000 0.984215 0.176975
35.904000000 -0.992093 -10.107068 0.000000 0.000000 0.000000 0.984511 0.175322
35.937000000 -0.982947 -10.132367 0.000000 0.000000 0.000000 0.984798 0.173705
35.970000000 -0.964935 -10.138894 0.000000 0.000000 0.000000 0.985076 0.172121
36.003000000 -0.947233 -10.145224 0.000000 0.000000 0.000000 0.985345 0.170571
36.036000000 -0.938603 -10.168337 0.000000 0.000000 0.000000 0.985607 0.169051
36.069000000 -0.921791 -10.174252 0.000000 0.000000 0.000000 0.985862 0.167560
36.102000000 -0.905296 -10.179982 0.000000 0.000000 0.000000 0.986109 0.166098
36.135000000 -0.897239 -10.202065 0.000000 0.000000 0.000000 0.986350 0.164661
36.168000000 -0.881571 -10.207423 0.000000 0.000000 0.000000 0.986585 0.163250
36.201000000 -0.866225 -10.212608 0.000000 0.000000 0.000000 0.986813 0.161862
36.234000000 -0.851202 -10.217622 0.000000 0.000000 0.000000 0.987037 0.160495
36.267000000 -0.858690 -10.236752 0.000000 0.000000 0.000000 0.987254 0.159150
36.333000000 -0.829332 -10.246380 0.000000 0.000000 0.000000 0.987675 0.156516
36.399000000 -0.809627 -10.274331 0.000000 0.000000 0.000000 0.988079 0.153950
36.432000000 -0.796185 -10.278600 0.000000 0.000000 0.000000 0.988274 0.152689
36.465000000 -0.783076 -10.282718 0.000000 0.000000 0.000000 0.988466 0.151442
36.498000000 -0.791081 -10.302573 0.000000 0.000000 0.000000 0.988654 0.150208
36.531000000 -0.778283 -10.306543 0.000000 0.000000 0.000000 0.988840 0.148984
36.564000000 -0.762216 -10.332443 0.000000 0.000000 0.000000 0.989022 0.147772
36.597000000 -0.750679 -10.335960 0.000000 0.000000 0.000000 0.989201 0.146568
36.630000000 -0.739480 -10.339339 0.000000 0.000000 0.000000 0.989377 0.145374
36.663000000 -0.736249 -10.361265 0.000000 0.000000 0.000000 0.989551 0.144187
36.696000000 -0.725773 -10.364377 0.000000 0.000000 0.000000 0.989722 0.143007
36.729000000 -0.715638 -10.367358 0.000000 0.000000 0.000000 0.989891 0.141833
36.762000000 -0.705846 -10.370209 0.000000 0.000000 0.000000 0.990057 0.140664
36.795000000 -0.713741 -10.386334 0.000000 0.000000 0.000000 0.990222 0.139501
36.828000000 -0.704600 -10.388957 0.000000 0.000000 0.000000 0.990385 0.138341
36.861000000 -0.694013 -10.412334 0.000000 0.000000 0.000000 0.990545 0.137185
36.894000000 -0.685795 -10.414652 0.000000 0.000000 0.000000 0.990704 0.136032
36.927000000 -0.677923 -10.416850 0.000000 0.000000 0.000000 0.990862 0.134882
36.960000000 -0.677538 -10.436699 0.000000 0.000000 0.000000 0.991017 0.133733
36.993000000 -0.670427 -10.438652 0.000000 0.000000 0.000000 0.991171 0.132586
37.026000000 -0.663665 -10.440491 0.000000 0.000000 0.000000 0.991324 0.131441
37.059000000 -0.664112 -10.459253 0.000000 0.000000 0.000000 0.991475 0.130296
37.092000000 -0.658121 -10.460855 0.000000 0.000000 0.000000 0.991625 0.129151
37.125000000 -0.652481 -10.462348 0.000000 0.000000 0.000000 0.991773 0.128007
37.158000000 -0.653696 -10.481126 0.000000 0.000000 0.000000 0.991920 0.126864
37.191000000 -0.648744 -10.482413 0.000000 0.000000 0.000000 0.992066 0.125721
37.224000000 -0.644144 -10.483597 0.000000 0.000000 0.000000 0.992210 0.124579
37.257000000 -0.639897 -10.484679 0.000000 0.000000 0.000000 0.992352 0.123437
37.290000000 -0.646258 -10.501228 0.000000 0.000000 0.000000 0.992494 0.122296
37.323000000 -0.642388 -10.502196 0.000000 0.000000 0.000000 0.992634 0.121155
37.356000000 -0.642001 -10.521222 0.000000 0.000000 0.000000 0.992772 0.120015
37.389000000 -0.639171 -10.521915 0.000000 0.000000 0.000000 0.992909 0.118875
37.422000000 -0.636697 -10.522515 0.000000 0.000000 0.000000 0.993045 0.117736
37.455000000 -0.634577 -10.523024 0.000000 0.000000 0.000000 0.993179 0.116598
37.488000000 -0.640624 -10.539653 0.000000 0.000000 0.000000 0.993312 0.115460
37.521000000 -0.638845 -10.540072 0.000000 0.000000 0.000000 0.993444 0.114323
37.554000000 -0.642499 -10.558202 0.000000 0.000000 0.000000 0.993574 0.113187
37.587000000 -0.641759 -10.558372 0.000000 0.000000 0.000000 0.993702 0.112051
37.620000000 -0.641377 -10.558458 0.000000 0.000000 0.000000 0.993830 0.110916
37.653000000 -0.641353 -10.558462 0.000000 0.000000 0.000000 0.993956 0.109781
37.686000000 -0.647079 -10.575545 0.000000 0.000000 0.000000 0.994080 0.108647
37.719000000 -0.647333 -10.575488 0.000000 0.000000 0.000000 0.994204 0.107514
37.752000000 -0.647944 -10.575353 0.000000 0.000000 0.000000 0.994325 0.106382
37.785000000 -0.655442 -10.593795 0.000000 0.000000 0.000000 0.994446 0.105250
37.818000000 -0.656807 -10.593503 0.000000 0.000000 0.000000 0.994565 0.104119
37.851000000 -0.666514 -10.611212 0.000000 0.000000 0.000000 0.994682 0.102989
37.884000000 -0.668873 -10.610718 0.000000 0.000000 0.000000 0.994799 0.101860
37.917000000 -0.671591 -10.610154 0.000000 0.000000 0.000000 0.994914 0.100731
37.950000000 -0.680328 -10.628605 0.000000 0.000000 0.000000 0.995027 0.099603
37.983000000 -0.683616 -10.627939 0.000000 0.000000 0.000000 0.995139 0.098476
38.016000000 -0.687266 -10.627208 0.000000 0.000000 0.000000 0.995250 0.097349
38.049000000 -0.697763 -10.645927 0.000000 0.000000 0.000000 0.995360 0.096223
38.082000000 -0.702179 -10.645065 0.000000 0.000000 0.000000 0.995468 0.095098
38.115000000 -0.706956 -10.644142 0.000000 0.000000 0.000000 0.995575 0.093974
38.148000000 -0.712096 -10.643162 0.000000 0.000000 0.000000 0.995680 0.092850
38.181000000 -0.718184 -10.662791 0.000000 0.000000 0.000000 0.995784 0.091727
38.214000000 -0.723654 -10.661774 0.000000 0.000000 0.000000 0.995887 0.090605
38.247000000 -0.741328 -10.679418 0.000000 0.000000 0.000000 0.995988 0.089483
38.280000000 -0.747755 -10.678253 0.000000 0.000000 0.000000 0.996088 0.088363
38.313000000 -0.754546 -10.677037 0.000000 0.000000 0.000000 0.996187 0.087243
38.346000000 -0.768050 -10.695629 0.000000 0.000000 0.000000 0.996284 0.086124
38.379000000 -0.775631 -10.694308 0.000000 0.000000 0.000000 0.996380 0.085006
38.412000000 -0.783575 -10.692941 0.000000 0.000000 0.000000 0.996475 0.083888
38.445000000 -0.797882 -10.711206 0.000000 0.000000 0.000000 0.996569 0.082771
38.478000000 -0.806565 -10.709753 0.000000 0.000000 0.000000 0.996661 0.081655
38.511000000 -0.815612 -10.708259 0.000000 0.000000 0.000000 0.996751 0.080540
38.544000000 -0.831407 -10.727020 0.000000 0.000000 0.000000 0.996841 0.079426
38.577000000 -0.841279 -10.725436 0.000000 0.000000 0.000000 0.996929 0.078313
38.610000000 -0.851516 -10.723816 0.000000 0.000000 0.000000 0.997016 0.077201
38.643000000 -0.862119 -10.722162 0.000000 0.000000 0.000000 0.997101 0.076091
38.676000000 -0.868342 -10.742373 0.000000 0.000000 0.000000 0.997185 0.074983
38.709000000 -0.879399 -10.740699 0.000000 0.000000 0.000000 0.997267 0.073879
38.742000000 -0.890823 -10.738993 0.000000 0.000000 0.000000 0.997348 0.072778
38.775000000 -0.908478 -10.757052 0.000000 0.000000 0.000000 0.997428 0.071681
38.808000000 -0.920674 -10.755286 0.000000 0.000000 0.000000 0.997505 0.070589
38.841000000 -0.933238 -10.753492 0.000000 0.000000 0.000000 0.997582 0.069504
38.874000000 -0.952198 -10.770940 0.000000 0.000000 0.000000 0.997656 0.068424
38.907000000 -0.965621 -10.769084 0.000000 0.000000 0.000000 0.997729 0.067352
38.940000000 -0.979412 -10.767204 0.000000 0.000000 0.000000 0.997800 0.066289
38.973000000 -0.999185 -10.784351 0.000000 0.000000 0.000000 0.997870 0.065234
39.006000000 -1.037112 -10.798534 0.000000 0.000000 0.000000 0.996930 0.078296
39.039000000 -1.052565 -10.796087 0.000000 0.000000 0.000000 0.997011 0.077258
39.072000000 -1.068430 -10.793889 0.000000 0.000000 0.000000 0.998068 0.062135
39.105000000 -1.089667 -10.809877 0.000000 0.000000 0.000000 0.997152 0.075415
39.138000000 -1.106350 -10.807334 0.000000 0.000000 0.000000 0.997227 0.074414
39.171000000 -1.123446 -10.805056 0.000000 0.000000 0.000000 0.998249 0.059154
39.204000000 -1.140933 -10.802955 0.000000 0.000000 0.000000 0.998305 0.058191
39.237000000 -1.161252 -10.816949 0.000000 0.000000 0.000000 0.998360 0.057247
39.270000000 -1.179559 -10.814828 0.000000 0.000000 0.000000 0.998413 0.056322
39.303000000 -1.198235 -10.812688 0.000000 0.000000 0.000000 0.998463 0.055417
39.336000000 -1.222080 -10.825756 0.000000 0.000000 0.000000 0.998512 0.054534
39.369000000 -1.241566 -10.823603 0.000000 0.000000 0.000000 0.998559 0.053674
39.402000000 -1.261422 -10.821431 0.000000 0.000000 0.000000 0.998603 0.052839
39.435000000 -1.286285 -10.832038 0.000000 0.000000 0.000000 0.998646 0.052030
39.468000000 -1.307007 -10.829851 0.000000 0.000000 0.000000 0.998686 0.051249
39.501000000 -1.328098 -10.827644 0.000000 0.000000 0.000000 0.998724 0.050497
39.534000000 -1.353566 -10.837006 0.000000 0.000000 0.000000 0.998760 0.049777
39.567000000 -1.375415 -10.834797 0.000000 0.000000 0.000000 0.998794 0.049089
39.633000000 -1.424034 -10.841318 0.000000 0.000000 0.000000 0.998856 0.047820
39.666000000 -1.446985 -10.839085 0.000000 0.000000 0.000000 0.998883 0.047242
39.699000000 -1.470304 -10.836823 0.000000 0.000000 0.000000 0.998909 0.046705
39.732000000 -1.493993 -10.834528 0.000000 0.000000 0.000000 0.998932 0.046209
39.765000000 -1.497710 -10.844985 0.000000 0.000000 0.000000 0.998953 0.045759
39.798000000 -1.521761 -10.842740 0.000000 0.000000 0.000000 0.998971 0.045354
39.831000000 -1.546180 -10.840456 0.000000 0.000000 0.000000 0.998987 0.044999
39.864000000 -1.574180 -10.847459 0.000000 0.000000 0.000000 0.999001 0.044694
39.897000000 -1.599237 -10.845170 0.000000 0.000000 0.000000 0.999012 0.044443
39.930000000 -1.624661 -10.842832 0.000000 0.000000 0.000000 0.999021 0.044247
39.963000000 -1.654025 -10.849323 0.000000 0.000000 0.000000 0.999027 0.044110
39.996000000 -1.680187 -10.846961 0.000000 0.000000 0.000000 0.999030 0.044033
40.029000000 -1.706715 -10.844536 0.000000 0.000000 0.000000 0.999031 0.044018
40.062000000 -1.736844 -10.850475 0.000000 0.000000 0.000000 0.999028 0.044070
40.095000000 -1.764035 -10.848017 0.000000 0.000000 0.000000 0.999023 0.044190
40.128000000 -1.791589 -10.845483 0.000000 0.000000 0.000000 0.999015 0.044381
40.161000000 -1.823619 -10.850036 0.000000 0.000000 0.000000 0.999003 0.044645
40.194000000 -1.852080 -10.847426 0.000000 0.000000 0.000000 0.998988 0.044986
40.227000000 -1.880902 -10.844721 0.000000 0.000000 0.000000 0.998969 0.045407
40.260000000 -1.910085 -10.841916 0.000000 0.000000 0.000000 0.998946 0.045910
40.293000000 -1.914859 -10.850275 0.000000 0.000000 0.000000 0.998918 0.046498
40.326000000 -1.944700 -10.847421 0.000000 0.000000 0.000000 0.998887 0.047175
40.359000000 -2.007755 -10.849957 0.000000 0.000000 0.000000 0.998850 0.047943
40.392000000 -2.038350 -10.846937 0.000000 0.000000 0.000000 0.998808 0.048806
40.425000000 -2.069299 -10.843777 0.000000 0.000000 0.000000 0.998761 0.049767
40.458000000 -2.103545 -10.847519 0.000000 0.000000 0.000000 0.998707 0.050829
40.491000000 -2.135072 -10.844218 0.000000 0.000000 0.000000 0.998647 0.051996
40.524000000 -2.194065 -10.844570 0.000000 0.000000 0.000000 0.997655 0.068450
40.557000000 -2.226558 -10.840438 0.000000 0.000000 0.000000 0.998505 0.054657
40.590000000 -2.259463 -10.836690 0.000000 0.000000 0.000000 0.998422 0.056157
40.623000000 -2.292711 -10.832739 0.000000 0.000000 0.000000 0.998330 0.057776
40.656000000 -2.306969 -10.838984 0.000000 0.000000 0.000000 0.998227 0.059517
40.689000000 -2.341014 -10.834809 0.000000 0.000000 0.000000 0.998114 0.061383
40.722000000 -2.375395 -10.830394 0.000000 0.000000 0.000000 0.997990 0.063378
40.755000000 -2.410110 -10.825725 0.000000 0.000000 0.000000 0.997852 0.065506
40.788000000 -2.413135 -10.832914 0.000000 0.000000 0.000000 0.997701 0.067770
40.821000000 -2.448001 -10.828042 0.000000 0.000000 0.000000 0.997535 0.070174
40.854000000 -2.521343 -10.825476 0.000000 0.000000 0.000000 0.997352 0.072721
40.887000000 -2.556900 -10.820144 0.000000 0.000000 0.000000 0.997152 0.075416
40.920000000 -2.592773 -10.814486 0.000000 0.000000 0.000000 0.996933 0.078258
40.953000000 -2.634078 -10.815139 0.000000 0.000000 0.000000 0.996694 0.081248
40.986000000 -2.670900 -10.808973 0.000000 0.000000 0.000000 0.996433 0.084383
41.019000000 -2.733393 -10.810519 0.000000 0.000000 0.000000 0.994755 0.102287
41.052000000 -2.770603 -10.803101 0.000000 0.000000 0.000000 0.995844 0.091072
41.085000000 -2.808237 -10.795990 0.000000 0.000000 0.000000 0.995513 0.094620
41.118000000 -2.846158 -10.788465 0.000000 0.000000 0.000000 0.995157 0.098300
41.151000000 -2.862307 -10.796803 0.000000 0.000000 0.000000 0.994773 0.102110
41.184000000 -2.899386 -10.788988 0.000000 0.000000 0.000000 0.994361 0.106049
41.217000000 -2.936735 -10.780726 0.000000 0.000000 0.000000 0.993919 0.110114
41.250000000 -2.974347 -10.772003 0.000000 0.000000 0.000000 0.993446 0.114304
41.283000000 -2.977330 -10.788092 0.000000 0.000000 0.000000 0.992940 0.118619
41.316000000 -3.014345 -10.778999 0.000000 0.000000 0.000000 0.992400 0.123056
41.349000000 -3.051601 -10.769413 0.000000 0.000000 0.000000 0.991824 0.127616
41.382000000 -3.090800 -10.780165 0.000000 0.000000 0.000000 0.991210 0.132298
41.415000000 -3.127087 -10.770182 0.000000 0.000000 0.000000 0.990557 0.137102
41.448000000 -3.163589 -10.759679 0.000000 0.000000 0.000000 0.989863 0.142027
41.481000000 -3.203989 -10.769706 0.000000 0.000000 0.000000 0.989126 0.147073
41.514000000 -3.239809 -10.758693 0.000000 0.000000 0.000000 0.988344 0.152240
41.547000000 -3.275814 -10.747132 0.000000 0.000000 0.000000 0.987514 0.157528
41.580000000 -3.318442 -10.761845 0.000000 0.000000 0.000000 0.986636 0.162938
41.613000000 -3.353805 -10.749719 0.000000 0.000000 0.000000 0.985707 0.168469
41.646000000 -3.430484 -10.750984 0.000000 0.000000 0.000000 0.984724 0.174122
41.679000000 -3.465029 -10.738256 0.000000 0.000000 0.000000 0.983685 0.179897
41.712000000 -3.499696 -10.724942 0.000000 0.000000 0.000000 0.982589 0.185794
41.745000000 -3.534476 -10.711026 0.000000 0.000000 0.000000 0.981431 0.191814
41.778000000 -3.543749 -10.738965 0.000000 0.000000 0.000000 0.980211 0.197957
41.811000000 -3.577643 -10.724578 0.000000 0.000000 0.000000 0.978924 0.204223
41.844000000 -3.611607 -10.709570 0.000000 0.000000 0.000000 0.977570 0.210613
41.877000000 -3.658250 -10.729110 0.000000 0.000000 0.000000 0.976144 0.217126
41.910000000 -3.691371 -10.713496 0.000000 0.000000 0.000000 0.974644 0.223760
41.943000000 -3.771697 -10.722439 0.000000 0.000000 0.000000 0.973069 0.230512
41.976000000 -3.803495 -10.706366 0.000000 0.000000 0.000000 0.971417 0.237379
42.009000000 -3.835282 -10.689656 0.000000 0.000000 0.000000 0.969685 0.244358
42.042000000 -3.886243 -10.715296 0.000000 0.000000 0.000000 0.967872 0.251445
42.075000000 -3.916973 -10.698063 0.000000 0.000000 0.000000 0.965975 0.258636
42.108000000 -3.977477 -10.721963 0.000000 0.000000 0.000000 0.960256 0.279122
42.141000000 -4.006329 -10.703800 0.000000 0.000000 0.000000 0.961924 0.273317
42.174000000 -4.035482 -10.685652 0.000000 0.000000 0.000000 0.959767 0.280799
42.207000000 -4.064524 -10.666866 0.000000 0.000000 0.000000 0.957519 0.288370
42.240000000 -4.112825 -10.699368 0.000000 0.000000 0.000000 0.955180 0.296026
42.273000000 -4.140626 -10.680199 0.000000 0.000000 0.000000 0.952748 0.303762
42.306000000 -4.168265 -10.660399 0.000000 0.000000 0.000000 0.950222 0.311574
42.339000000 -4.226735 -10.689877 0.000000 0.000000 0.000000 0.947601 0.319458
42.372000000 -4.253067 -10.669741 0.000000 0.000000 0.000000 0.944883 0.327408
42.405000000 -4.279188 -10.648989 0.000000 0.000000 0.000000 0.942068 0.335422
42.438000000 -4.305082 -10.627619 0.000000 0.000000 0.000000 0.939155 0.343493
42.471000000 -4.341428 -10.681675 0.000000 0.000000 0.000000 0.936144 0.351617
42.504000000 -4.365614 -10.660417 0.000000 0.000000 0.000000 0.933033 0.359790
42.537000000 -4.389528 -10.638575 0.000000 0.000000 0.000000 0.929824 0.368006
42.570000000 -4.455340 -10.670858 0.000000 0.000000 0.000000 0.926514 0.376261
42.603000000 -4.477787 -10.648921 0.000000 0.000000 0.000000 0.923104 0.384550
42.636000000 -4.499918 -10.626432 0.000000 0.000000 0.000000 0.919595 0.392869
42.669000000 -4.567549 -10.661936 0.000000 0.000000 0.000000 0.915985 0.401212
42.702000000 -4.587584 -10.640114 0.000000 0.000000 0.000000 0.912276 0.409576
42.735000000 -4.680852 -10.653931 0.000000 0.000000 0.000000 0.908468 0.417954
42.768000000 -4.699048 -10.632646 0.000000 0.000000 0.000000 0.904561 0.426344
42.801000000 -4.716853 -10.610964 0.000000 0.000000 0.000000 0.900556 0.434740
42.834000000 -4.791719 -10.639907 0.000000 0.000000 0.000000 0.896454 0.443138
42.867000000 -4.808310 -10.618143 0.000000 0.000000 0.000000 0.892254 0.451533
42.933000000 -4.840208 -10.573650 0.000000 0.000000 0.000000 0.883570 0.468300
42.966000000 -4.900963 -10.624214 0.000000 0.000000 0.000000 0.879086 0.476663
42.999000000 -4.915233 -10.602249 0.000000 0.000000 0.000000 0.874511 0.485006
43.032000000 -4.929070 -10.580004 0.000000 0.000000 0.000000 0.869845 0.493324
43.065000000 -4.942469 -10.557486 0.000000 0.000000 0.000000 0.865091 0.501614
43.098000000 -5.008064 -10.605783 0.000000 0.000000 0.000000 0.860251 0.509871
43.131000000 -5.020069 -10.583794 0.000000 0.000000 0.000000 0.855325 0.518092
43.164000000 -5.111161 -10.589731 0.000000 0.000000 0.000000 0.850316 0.526272
43.197000000 -5.121216 -10.569501 0.000000 0.000000 0.000000 0.845226 0.534409
43.230000000 -5.130865 -10.549077 0.000000 0.000000 0.000000 0.840057 0.542499
43.263000000 -5.211539 -10.577762 0.000000 0.000000 0.000000 0.834808 0.550541
43.296000000 -5.219227 -10.559755 0.000000 0.000000 0.000000 0.829482 0.558533
43.329000000 -5.226549 -10.541606 0.000000 0.000000 0.000000 0.824078 0.566476
43.362000000 -5.310882 -10.572705 0.000000 0.000000 0.000000 0.818597 0.574368
43.395000000 -5.316274 -10.557730 0.000000 0.000000 0.000000 0.813039 0.582209
43.428000000 -5.321354 -10.542673 0.000000 0.000000 0.000000 0.807405 0.589997
43.461000000 -5.408697 -10.570172 0.000000 0.000000 0.000000 0.801696 0.597733
43.494000000 -5.412377 -10.557733 0.000000 0.000000 0.000000 0.795910 0.605414
43.527000000 -5.415790 -10.545261 0.000000 0.000000 0.000000 0.790050 0.613042
43.560000000 -5.418938 -10.532762 0.000000 0.000000 0.000000 0.784116 0.620614
43.593000000 -5.421820 -10.520241 0.000000 0.000000 0.000000 0.778108 0.628131
43.626000000 -5.506066 -10.575314 0.000000 0.000000 0.000000 0.772026 0.635591
43.659000000 -5.507781 -10.566433 0.000000 0.000000 0.000000 0.765871 0.642994
43.692000000 -5.603002 -10.585899 0.000000 0.000000 0.000000 0.759644 0.650339
43.725000000 -5.603802 -10.580629 0.000000 0.000000 0.000000 0.753345 0.657625
43.758000000 -5.700435 -10.603586 0.000000 0.000000 0.000000 0.746975 0.664852
43.791000000 -5.700561 -10.602331 0.000000 0.000000 0.000000 0.740534 0.672019
43.824000000 -5.700635 -10.601202 0.000000 0.000000 0.000000 0.734023 0.679125
43.857000000 -5.798226 -10.625614 0.000000 0.000000 0.000000 0.727442 0.686169
43.890000000 -5.798073 -10.627887 0.000000 0.000000 0.000000 0.720793 0.693151
43.923000000 -5.897126 -10.647619 0.000000 0.000000 0.000000 0.705042 0.709166
43.956000000 -5.897088 -10.652541 0.000000 0.000000 0.000000 0.707289 0.706925
43.989000000 -5.897057 -10.657649 0.000000 0.000000 0.000000 0.700436 0.713715
44.022000000 -5.897115 -10.662944 0.000000 0.000000 0.000000 0.693517 0.720440
44.055000000 -5.897270 -10.668423 0.000000 0.000000 0.000000 0.686531 0.727100
44.088000000 -5.998083 -10.685111 0.000000 0.000000 0.000000 0.679481 0.733693
44.121000000 -5.998852 -10.695345 0.000000 0.000000 0.000000 0.672366 0.740219
44.154000000 -6.100388 -10.726691 0.000000 0.000000 0.000000 0.665186 0.746677
44.187000000 -6.102065 -10.741187 0.000000 0.000000 0.000000 0.657943 0.753067
44.220000000 -6.104068 -10.756010 0.000000 0.000000 0.000000 0.650636 0.759390
44.253000000 -6.206074 -10.774134 0.000000 0.000000 0.000000 0.643263 0.765645
44.286000000 -6.209278 -10.792476 0.000000 0.000000 0.000000 0.635823 0.771835
44.319000000 -6.212902 -10.811115 0.000000 0.000000 0.000000 0.628314 0.777959
44.352000000 -6.314218 -10.825108 0.000000 0.000000 0.000000 0.620735 0.784021
44.385000000 -6.319256 -10.846543 0.000000 0.000000 0.000000 0.613082 0.790020
44.418000000 -6.324789 -10.868238 0.000000 0.000000 0.000000 0.605352 0.795958
44.451000000 -6.330831 -10.890182 0.000000 0.000000 0.000000 0.597543 0.801837
44.484000000 -6.424823 -10.878553 0.000000 0.000000 0.000000 0.589650 0.807659
44.517000000 -6.432412 -10.902374 0.000000 0.000000 0.000000 0.581670 0.813425
44.550000000 -6.440568 -10.926402 0.000000 0.000000 0.000000 0.573597 0.819137
44.583000000 -6.449301 -10.950621 0.000000 0.000000 0.000000 0.565427 0.824798
44.616000000 -6.539647 -10.939813 0.000000 0.000000 0.000000 0.557154 0.830409
44.649000000 -6.656596 -11.003120 0.000000 0.000000 0.000000 0.548772 0.835972
44.682000000 -6.669393 -11.032782 0.000000 0.000000 0.000000 0.540273 0.841490
44.715000000 -6.768307 -11.050763 0.000000 0.000000 0.000000 0.520208 0.854040
44.748000000 -6.783949 -11.081779 0.000000 0.000000 0.000000 0.522914 0.852386
44.781000000 -6.799789 -11.113106 0.000000 0.000000 0.000000 0.514069 0.857749
44.814000000 -6.816420 -11.144437 0.000000 0.000000 0.000000 0.505129 0.863044
44.847000000 -6.900516 -11.134038 0.000000 0.000000 0.000000 0.496105 0.868263
44.880000000 -6.919598 -11.166464 0.000000 0.000000 0.000000 0.487008 0.873397
44.913000000 -6.939539 -11.198799 0.000000 0.000000 0.000000 0.477853 0.878440
44.946000000 -7.028377 -11.204712 0.000000 0.000000 0.000000 0.468652 0.883383
44.979000000 -7.051326 -11.238584 0.000000 0.000000 0.000000 0.459419 0.888220
45.012000000 -7.075200 -11.272259 0.000000 0.000000 0.000000 0.450169 0.892943
45.045000000 -7.159750 -11.276709 0.000000 0.000000 0.000000 0.440917 0.897548
45.078000000 -7.186432 -11.311189 0.000000 0.000000 0.000000 0.431678 0.902028
45.111000000 -7.214077 -11.345375 0.000000 0.000000 0.000000 0.422466 0.906379
45.144000000 -7.293299 -11.347123 0.000000 0.000000 0.000000 0.413298 0.910596
45.177000000 -7.323181 -11.381164 0.000000 0.000000 0.000000 0.404187 0.914676
45.210000000 -7.354032 -11.414833 0.000000 0.000000 0.000000 0.395150 0.918617
45.243000000 -7.428215 -11.416256 0.000000 0.000000 0.000000 0.386201 0.922415
45.276000000 -7.461002 -11.449384 0.000000 0.000000 0.000000 0.377353 0.926069
45.309000000 -7.494743 -11.482080 0.000000 0.000000 0.000000 0.368622 0.929579
45.342000000 -7.567047 -11.488747 0.000000 0.000000 0.000000 0.360021 0.932944
45.375000000 -7.603441 -11.521557 0.000000 0.000000 0.000000 0.351561 0.936165
45.408000000 -7.640774 -11.553874 0.000000 0.000000 0.000000 0.343256 0.939242
45.441000000 -7.679032 -11.585686 0.000000 0.000000 0.000000 0.335117 0.942176
45.474000000 -7.707444 -11.558998 0.000000 0.000000 0.000000 0.327154 0.944971
45.507000000 -7.746963 -11.589866 0.000000 0.000000 0.000000 0.319374 0.947629
45.540000000 -7.787358 -11.620216 0.000000 0.000000 0.000000 0.311784 0.950153
45.573000000 -7.843915 -11.623134 0.000000 0.000000 0.000000 0.304390 0.952547
45.606000000 -7.884132 -11.651533 0.000000 0.000000 0.000000 0.297201 0.954815
45.639000000 -7.977571 -11.680541 0.000000 0.000000 0.000000 0.290221 0.956960
45.672000000 -8.017477 -11.706965 0.000000 0.000000 0.000000 0.283459 0.958984
45.705000000 -8.058146 -11.732920 0.000000 0.000000 0.000000 0.276920 0.960893
45.738000000 -8.117048 -11.740546 0.000000 0.000000 0.000000 0.270612 0.962688
45.771000000 -8.159334 -11.766117 0.000000 0.000000 0.000000 0.264541 0.964375
45.804000000 -8.202340 -11.791230 0.000000 0.000000 0.000000 0.258708 0.965956
45.837000000 -8.256319 -11.798364 0.000000 0.000000 0.000000 0.253115 0.967436
45.870000000 -8.299773 -11.822534 0.000000 0.000000 0.000000 0.247762 0.968821
45.903000000 -8.343893 -11.846284 0.000000 0.000000 0.000000 0.242649 0.970114
45.936000000 -8.388662 -11.869626 0.000000 0.000000 0.000000 0.237774 0.971320
45.969000000 -8.397730 -11.855009 0.000000 0.000000 0.000000 0.233136 0.972444
46.002000000 -8.442655 -11.877637 0.000000 0.000000 0.000000 0.228733 0.973489
46.035000000 -8.539913 -11.911806 0.000000 0.000000 0.000000 0.224561 0.974460
46.068000000 -8.585637 -11.933845 0.000000 0.000000 0.000000 0.220617 0.975361
46.101000000 -8.631934 -11.955560 0.000000 0.000000 0.000000 0.216897 0.976195
46.134000000 -8.685088 -11.968140 0.000000 0.000000 0.000000 0.213396 0.976966
46.167000000 -8.732036 -11.989475 0.000000 0.000000 0.000000 0.210109 0.977678
46.233000000 -8.827520 -12.031353 0.000000 0.000000 0.000000 0.204159 0.978938
46.299000000 -8.882904 -12.046112 0.000000 0.000000 0.000000 0.198999 0.980000
46.332000000 -8.931996 -12.066615 0.000000 0.000000 0.000000 0.196700 0.980464
46.365000000 -8.985130 -12.081996 0.000000 0.000000 0.000000 0.194580 0.980887
46.398000000 -9.034610 -12.102272 0.000000 0.000000 0.000000 0.192631 0.981271
46.431000000 -9.084549 -12.122405 0.000000 0.000000 0.000000 0.190848 0.981620
46.464000000 -9.138271 -12.139475 0.000000 0.000000 0.000000 0.189223 0.981934
46.497000000 -9.188695 -12.159519 0.000000 0.000000 0.000000 0.187749 0.982217
46.530000000 -9.239552 -12.179472 0.000000 0.000000 0.000000 0.186420 0.982470
46.563000000 -9.294859 -12.197484 0.000000 0.000000 0.000000 0.185227 0.982696
46.596000000 -9.346413 -12.217515 0.000000 0.000000 0.000000 0.184165 0.982895
46.629000000 -9.449387 -12.253310 0.000000 0.000000 0.000000 0.171088 0.985256
46.662000000 -9.502441 -12.272908 0.000000 0.000000 0.000000 0.182403 0.983224
46.695000000 -9.555630 -12.293181 0.000000 0.000000 0.000000 0.181690 0.983356
46.728000000 -9.609211 -12.313454 0.000000 0.000000 0.000000 0.181080 0.983468
46.761000000 -9.619210 -12.316437 0.000000 0.000000 0.000000 0.180567 0.983563
46.794000000 -9.673186 -12.336863 0.000000 0.000000 0.000000 0.180143 0.983640
46.827000000 -9.775673 -12.372794 0.000000 0.000000 0.000000 0.167638 0.985849
46.860000000 -9.830748 -12.392712 0.000000 0.000000 0.000000 0.179540 0.983751
46.893000000 -9.885913 -12.413436 0.000000 0.000000 0.000000 0.179348 0.983786
46.926000000 -9.941441 -12.434231 0.000000 0.000000 0.000000 0.179223 0.983808
46.959000000 -9.955834 -12.438945 0.000000 0.000000 0.000000 0.179158 0.983820
46.992000000 -10.011944 -12.460030 0.000000 0.000000 0.000000 0.179148 0.983822
47.025000000 -10.068407 -12.481217 0.000000 0.000000 0.000000 0.179188 0.983815
47.058000000 -10.129928 -12.501752 0.000000 0.000000 0.000000 0.179272 0.983799
47.091000000 -10.187211 -12.523307 0.000000 0.000000 0.000000 0.179397 0.983777
47.124000000 -10.244839 -12.544988 0.000000 0.000000 0.000000 0.179558 0.983747
47.157000000 -10.307186 -12.566003 0.000000 0.000000 0.000000 0.179750 0.983712
47.190000000 -10.365541 -12.588039 0.000000 0.000000 0.000000 0.179969 0.983672
47.223000000 -10.424235 -12.610218 0.000000 0.000000 0.000000 0.180213 0.983628
47.256000000 -10.487159 -12.631057 0.000000 0.000000 0.000000 0.180476 0.983579
47.289000000 -10.546408 -12.653541 0.000000 0.000000 0.000000 0.180756 0.983528
47.322000000 -10.651201 -12.689315 0.000000 0.000000 0.000000 0.168794 0.985651
47.355000000 -10.711845 -12.711387 0.000000 0.000000 0.000000 0.181354 0.983418
47.388000000 -10.772480 -12.734525 0.000000 0.000000 0.000000 0.181666 0.983360
47.421000000 -10.833444 -12.757829 0.000000 0.000000 0.000000 0.181984 0.983302
47.454000000 -10.858073 -12.764827 0.000000 0.000000 0.000000 0.182305 0.983242
47.487000000 -10.919472 -12.788404 0.000000 0.000000 0.000000 0.182627 0.983182
47.520000000 -10.981199 -12.812153 0.000000 0.000000 0.000000 0.182948 0.983123
47.553000000 -11.048506 -12.833294 0.000000 0.000000 0.000000 0.183267 0.983063
47.586000000 -11.110952 -12.857418 0.000000 0.000000 0.000000 0.183582 0.983004
47.619000000 -11.173725 -12.881717 0.000000 0.000000 0.000000 0.183891 0.982947
47.652000000 -11.242487 -12.903196 0.000000 0.000000 0.000000 0.184194 0.982890
47.685000000 -11.306043 -12.927890 0.000000 0.000000 0.000000 0.184489 0.982835
47.718000000 -11.369924 -12.952760 0.000000 0.000000 0.000000 0.184775 0.982781
47.751000000 -11.439546 -12.973892 0.000000 0.000000 0.000000 0.185052 0.982729
47.784000000 -11.504076 -12.999096 0.000000 0.000000 0.000000 0.185319 0.982678
47.817000000 -11.568932 -13.024475 0.000000 0.000000 0.000000 0.185575 0.982630
47.850000000 -11.640396 -13.046635 0.000000 0.000000 0.000000 0.185820 0.982584
47.883000000 -11.706124 -13.072427 0.000000 0.000000 0.000000 0.186054 0.982539
47.916000000 -11.772177 -13.098390 0.000000 0.000000 0.000000 0.186277 0.982497
47.949000000 -11.838558 -13.124524 0.000000 0.000000 0.000000 0.186488 0.982457
47.982000000 -11.844691 -13.120625 0.000000 0.000000 0.000000 0.186687 0.982420
48.015000000 -11.911524 -13.146988 0.000000 0.000000 0.000000 0.186921 0.982375
48.048000000 -11.978684 -13.173523 0.000000 0.000000 0.000000 0.187538 0.982257
48.081000000 -12.052611 -13.196079 0.000000 0.000000 0.000000 0.188722 0.982030
48.114000000 -12.120521 -13.223192 0.000000 0.000000 0.000000 0.190485 0.981690
48.147000000 -12.263739 -13.272518 0.000000 0.000000 0.000000 0.192783 0.981242
48.180000000 -12.332488 -13.300626 0.000000 0.000000 0.000000 0.195525 0.980699
48.213000000 -12.401414 -13.329266 0.000000 0.000000 0.000000 0.198625 0.980076
48.246000000 -12.481343 -13.349336 0.000000 0.000000 0.000000 0.202005 0.979384
48.279000000 -12.551231 -13.379457 0.000000 0.000000 0.000000 0.205600 0.978636
48.312000000 -12.621231 -13.410246 0.000000 0.000000 0.000000 0.209353 0.977840
48.345000000 -12.700707 -13.425391 0.000000 0.000000 0.000000 0.213216 0.977005
48.378000000 -12.770604 -13.457364 0.000000 0.000000 0.000000 0.217146 0.976139
48.411000000 -12.840582 -13.490014 0.000000 0.000000 0.000000 0.221108 0.975249
48.444000000 -12.924638 -13.502821 0.000000 0.000000 0.000000 0.225070 0.974343
48.477000000 -12.994917 -13.537054 0.000000 0.000000 0.000000 0.229004 0.973425
48.510000000 -13.065255 -13.571976 0.000000 0.000000 0.000000 0.232886 0.972504
48.543000000 -13.135648 -13.607586 0.000000 0.000000 0.000000 0.236696 0.971584
48.576000000 -13.151227 -13.581816 0.000000 0.000000 0.000000 0.240416 0.970670
48.609000000 -13.221264 -13.618709 0.000000 0.000000 0.000000 0.244030 0.969768
48.642000000 -13.379700 -13.661348 0.000000 0.000000 0.000000 0.247528 0.968881
48.675000000 -13.449695 -13.699543 0.000000 0.000000 0.000000 0.250897 0.968014
48.708000000 -13.519754 -13.738362 0.000000 0.000000 0.000000 0.254128 0.967171
48.741000000 -13.608245 -13.741372 0.000000 0.000000 0.000000 0.257214 0.966354
48.774000000 -13.677502 -13.780984 0.000000 0.000000 0.000000 0.260148 0.965569
48.807000000 -13.746840 -13.821159 0.000000 0.000000 0.000000 0.262926 0.964816
48.840000000 -13.838579 -13.823073 0.000000 0.000000 0.000000 0.265548 0.964098
48.873000000 -13.907499 -13.864089 0.000000 0.000000 0.000000 0.268011 0.963416
48.906000000 -14.013196 -13.871311 0.000000 0.000000 0.000000 0.257647 0.966239
48.939000000 -14.082373 -13.911361 0.000000 0.000000 0.000000 0.272468 0.962165
48.972000000 -14.150764 -13.953398 0.000000 0.000000 0.000000 0.274466 0.961597
49.005000000 -14.219292 -13.995868 0.000000 0.000000 0.000000 0.276316 0.961067
49.038000000 -14.287966 -14.038751 0.000000 0.000000 0.000000 0.278022 0.960575
49.071000000 -14.296304 -13.986532 0.000000 0.000000 0.000000 0.279588 0.960120
49.104000000 -14.363167 -14.029016 0.000000 0.000000 0.000000 0.281021 0.959702
49.137000000 -14.526989 -14.069906 0.000000 0.000000 0.000000 0.282326 0.959318
49.170000000 -14.594128 -14.113106 0.000000 0.000000 0.000000 0.283509 0.958969
49.203000000 -14.661451 -14.156618 0.000000 0.000000 0.000000 0.284577 0.958653
49.236000000 -14.728970 -14.200426 0.000000 0.000000 0.000000 0.285535 0.958368
49.269000000 -14.754829 -14.152204 0.000000 0.000000 0.000000 0.286390 0.958113
49.302000000 -14.820986 -14.195572 0.000000 0.000000 0.000000 0.287149 0.957886
49.335000000 -14.983109 -14.235914 0.000000 0.000000 0.000000 0.287818 0.957685
49.368000000 -15.049137 -14.279480 0.000000 0.000000 0.000000 0.288402 0.957509
49.401000000 -15.115380 -14.323264 0.000000 0.000000 0.000000 0.288909 0.957357
49.434000000 -15.181845 -14.367254 0.000000 0.000000 0.000000 0.289343 0.957225
49.467000000 -15.212244 -14.319967 0.000000 0.000000 0.000000 0.289711 0.957114
49.533000000 -15.344418 -14.407958 0.000000 0.000000 0.000000 0.290270 0.956945
49.566000000 -15.441220 -14.402873 0.000000 0.000000 0.000000 0.290472 0.956884
49.599000000 -15.506945 -14.446768 0.000000 0.000000 0.000000 0.290627 0.956836
49.665000000 -15.734690 -14.526943 0.000000 0.000000 0.000000 0.290819 0.956778
49.698000000 -15.800531 -14.570951 0.000000 0.000000 0.000000 0.290864 0.956765
49.731000000 -15.866606 -14.615087 0.000000 0.000000 0.000000 0.290879 0.956760
49.764000000 -15.897281 -14.569005 0.000000 0.000000 0.000000 0.290869 0.956763
49.797000000 -15.962554 -14.612681 0.000000 0.000000 0.000000 0.290837 0.956773
49.830000000 -16.028051 -14.656465 0.000000 0.000000 0.000000 0.290786 0.956788
49.863000000 -16.093773 -14.700354 0.000000 0.000000 0.000000 0.290719 0.956809
49.896000000 -16.159722 -14.744345 0.000000 0.000000 0.000000 0.290637 0.956833
49.929000000 -16.124381 -14.651948 0.000000 0.000000 0.000000 0.290544 0.956862
49.962000000 -16.189537 -14.695485 0.000000 0.000000 0.000000 0.290442 0.956892
49.995000000 -16.350909 -14.734989 0.000000 0.000000 0.000000 0.290333 0.956926
50.028000000 -16.415954 -14.778411 0.000000 0.000000 0.000000 0.290218 0.956960
50.061000000 -16.481204 -14.821916 0.000000 0.000000 0.000000 0.290100 0.956996
50.094000000 -16.576928 -14.818076 0.000000 0.000000 0.000000 0.289978 0.957033
50.127000000 -16.791930 -14.893114 0.000000 0.000000 0.000000 0.277066 0.960851
50.160000000 -16.857587 -14.935481 0.000000 0.000000 0.000000 0.289733 0.957107
50.193000000 -16.922805 -14.978878 0.000000 0.000000 0.000000 0.289612 0.957144
50.226000000 -16.988216 -15.022349 0.000000 0.000000 0.000000 0.289492 0.957181
50.259000000 -17.029084 -14.985300 0.000000 0.000000 0.000000 0.289374 0.957216
50.292000000 -17.094100 -15.028520 0.000000 0.000000 0.000000 0.289259 0.957251
50.325000000 -17.159296 -15.071808 0.000000 0.000000 0.000000 0.289148 0.957284
50.358000000 -17.254807 -15.068751 0.000000 0.000000 0.000000 0.289040 0.957317
50.391000000 -17.319799 -15.111892 0.000000 0.000000 0.000000 0.288937 0.957348
50.424000000 -17.384961 -15.155097 0.000000 0.000000 0.000000 0.288839 0.957378
50.457000000 -17.480628 -15.151949 0.000000 0.000000 0.000000 0.288745 0.957406
50.490000000 -17.545621 -15.195034 0.000000 0.000000 0.000000 0.288656 0.957433
50.523000000 -17.610775 -15.238182 0.000000 0.000000 0.000000 0.288571 0.957458
50.556000000 -17.676089 -15.281392 0.000000 0.000000 0.000000 0.288492 0.957482
50.589000000 -17.706104 -15.235080 0.000000 0.000000 0.000000 0.288418 0.957505
50.622000000 -17.771044 -15.278069 0.000000 0.000000 0.000000 0.288348 0.957526
50.655000000 -17.932135 -15.318321 0.000000 0.000000 0.000000 0.288284 0.957545
50.688000000 -17.997180 -15.361353 0.000000 0.000000 0.000000 0.288224 0.957563
50.721000000 -18.062368 -15.404444 0.000000 0.000000 0.000000 0.288169 0.957580
50.754000000 -18.157990 -15.400913 0.000000 0.000000 0.000000 0.288118 0.957595
50.787000000 -18.222965 -15.443869 0.000000 0.000000 0.000000 0.288071 0.957609
50.820000000 -18.288073 -15.486879 0.000000 0.000000 0.000000 0.288029 0.957622
50.853000000 -18.353314 -15.529946 0.000000 0.000000 0.000000 0.287990 0.957633
50.886000000 -18.383978 -15.483654 0.000000 0.000000 0.000000 0.287955 0.957644
50.919000000 -18.448980 -15.526598 0.000000 0.000000 0.000000 0.287924 0.957653
50.952000000 -18.610510 -15.566852 0.000000 0.000000 0.000000 0.287896 0.957662
50.985000000 -18.675671 -15.609890 0.000000 0.000000 0.000000 0.287871 0.957669
51.018000000 -18.740954 -15.652982 0.000000 0.000000 0.000000 0.287849 0.957676
51.051000000 -18.836921 -15.649354 0.000000 0.000000 0.000000 0.287830 0.957682
51.084000000 -18.902019 -15.692339 0.000000 0.000000 0.000000 0.287813 0.957687
51.117000000 -18.967229 -15.735373 0.000000 0.000000 0.000000 0.287798 0.957691
51.150000000 -19.062875 -15.731601 0.000000 0.000000 0.000000 0.287786 0.957695
51.183000000 -19.127841 -15.774492 0.000000 0.000000 0.000000 0.287776 0.957698
51.216000000 -19.192911 -15.817428 0.000000 0.000000 0.000000 0.287768 0.957700
51.249000000 -19.289374 -15.814341 0.000000 0.000000 0.000000 0.287761 0.957702
51.282000000 -19.354456 -15.857304 0.000000 0.000000 0.000000 0.287755 0.957704
51.315000000 -19.419214 -15.900112 0.000000 0.000000 0.000000 0.287752 0.957705
51.348000000 -19.515426 -15.896281 0.000000 0.000000 0.000000 0.287749 0.957706
51.381000000 -19.580238 -15.939092 0.000000 0.000000 0.000000 0.287747 0.957706
51.414000000 -19.704590 -15.953565 0.000000 0.000000 0.000000 0.275140 0.961404
51.447000000 -19.770223 -15.995199 0.000000 0.000000 0.000000 0.287747 0.957707
51.480000000 -19.835074 -16.038034 0.000000 0.000000 0.000000 0.287747 0.957706
51.513000000 -19.899925 -16.080870 0.000000 0.000000 0.000000 0.287749 0.957706
51.546000000 -19.968390 -16.060979 0.000000 0.000000 0.000000 0.287751 0.957705
51.579000000 -20.033329 -16.103874 0.000000 0.000000 0.000000 0.287754 0.957704
51.612000000 -20.153673 -16.115651 0.000000 0.000000 0.000000 0.275140 0.961404
51.645000000 -20.219386 -16.157261 0.000000 0.000000 0.000000 0.287760 0.957703
51.678000000 -20.284283 -16.200130 0.000000 0.000000 0.000000 0.287763 0.957702
51.711000000 -20.349179 -16.243000 0.000000 0.000000 0.000000 0.287767 0.957701
51.744000000 -20.421249 -16.225561 0.000000 0.000000 0.000000 0.287770 0.957699
51.777000000 -20.486153 -16.268437 0.000000 0.000000 0.000000 0.287774 0.957698
51.810000000 -20.551056 -16.311313 0.000000 0.000000 0.000000 0.287778 0.957697
51.843000000 -20.647722 -16.308070 0.000000 0.000000 0.000000 0.287782 0.957696
51.876000000 -20.712649 -16.350963 0.000000 0.000000 0.000000 0.287786 0.957695
51.909000000 -20.777575 -16.393858 0.000000 0.000000 0.000000 0.287790 0.957694
51.942000000 -20.873846 -16.390245 0.000000 0.000000 0.000000 0.287794 0.957692
51.975000000 -20.938674 -16.433076 0.000000 0.000000 0.000000 0.287797 0.957691
52.008000000 -21.003502 -16.475907 0.000000 0.000000 0.000000 0.287801 0.957690
52.041000000 -21.100337 -16.472860 0.000000 0.000000 0.000000 0.287804 0.957689
52.074000000 -21.165254 -16.515751 0.000000 0.000000 0.000000 0.287807 0.957688
52.107000000 -21.275307 -16.521933 0.000000 0.000000 0.000000 0.275552 0.961286
52.140000000 -21.341095 -16.563436 0.000000 0.000000 0.000000 0.287814 0.957686
52.173000000 -21.405993 -16.606316 0.000000 0.000000 0.000000 0.287816 0.957686
52.206000000 -21.470890 -16.649198 0.000000 0.000000 0.000000 0.287819 0.957685
52.239000000 -21.535787 -16.692080 0.000000 0.000000 0.000000 0.287821 0.957684
52.272000000 -21.552555 -16.637862 0.000000 0.000000 0.000000 0.287824 0.957683
52.305000000 -21.617365 -16.680687 0.000000 0.000000 0.000000 0.287826 0.957683
52.338000000 -21.682174 -16.723512 0.000000 0.000000 0.000000 0.287828 0.957682
52.371000000 -21.778750 -16.720130 0.000000 0.000000 0.000000 0.287830 0.957682
52.404000000 -21.843567 -16.762960 0.000000 0.000000 0.000000 0.287832 0.957681
52.437000000 -22.004578 -16.802563 0.000000 0.000000 0.000000 0.287833 0.957681
52.470000000 -22.069349 -16.845364 0.000000 0.000000 0.000000 0.287835 0.957680
52.503000000 -22.134120 -16.888165 0.000000 0.000000 0.000000 0.287836 0.957680
52.536000000 -22.198892 -16.930967 0.000000 0.000000 0.000000 0.287837 0.957679
52.569000000 -22.230478 -16.885254 0.000000 0.000000 0.000000 0.287838 0.957679
52.602000000 -22.295279 -16.928076 0.000000 0.000000 0.000000 0.287839 0.957679
52.635000000 -22.456322 -16.967421 0.000000 0.000000 0.000000 0.287840 0.957679
52.668000000 -22.521063 -17.010203 0.000000 0.000000 0.000000 0.287840 0.957678
52.701000000 -22.585804 -17.052985 0.000000 0.000000 0.000000 0.287841 0.957678
52.734000000 -22.650545 -17.095768 0.000000 0.000000 0.000000 0.287842 0.957678
52.767000000 -22.682451 -17.049833 0.000000 0.000000 0.000000 0.287842 0.957678
52.833000000 -22.812049 -17.135476 0.000000 0.000000 0.000000 0.287843 0.957678
52.866000000 -22.908167 -17.132038 0.000000 0.000000 0.000000 0.287843 0.957678
52.899000000 -22.972882 -17.174803 0.000000 0.000000 0.000000 0.287843 0.957678
52.932000000 -23.037597 -17.217569 0.000000 0.000000 0.000000 0.287843 0.957677
52.965000000 -23.134093 -17.215356 0.000000 0.000000 0.000000 0.287844 0.957677
52.998000000 -23.198946 -17.258213 0.000000 0.000000 0.000000 0.287844 0.957677
53.031000000 -23.263799 -17.301070 0.000000 0.000000 0.000000 0.287844 0.957677
53.064000000 -23.359868 -17.298040 0.000000 0.000000 0.000000 0.287844 0.957677
53.097000000 -23.424659 -17.340856 0.000000 0.000000 0.000000 0.287844 0.957677
53.130000000 -23.489450 -17.383672 0.000000 0.000000 0.000000 0.287844 0.957677
53.163000000 -23.585708 -17.381080 0.000000 0.000000 0.000000 0.287843 0.957677
53.196000000 -23.650531 -17.423917 0.000000 0.000000 0.000000 0.287843 0.957678
53.229000000 -23.715354 -17.466754 0.000000 0.000000 0.000000 0.287843 0.957678
53.262000000 -23.811433 -17.463778 0.000000 0.000000 0.000000 0.287843 0.957678
53.295000000 -23.876206 -17.506582 0.000000 0.000000 0.000000 0.287843 0.957678
53.328000000 -23.940979 -17.549386 0.000000 0.000000 0.000000 0.287843 0.957678
53.361000000 -24.005753 -17.592190 0.000000 0.000000 0.000000 0.287843 0.957678
53.394000000 -24.037561 -17.546660 0.000000 0.000000 0.000000 0.287843 0.957678
53.427000000 -24.102413 -17.589516 0.000000 0.000000 0.000000 0.287842 0.957678
53.460000000 -24.263130 -17.629538 0.000000 0.000000 0.000000 0.287842 0.957678
53.493000000 -24.327903 -17.672341 0.000000 0.000000 0.000000 0.287842 0.957678
53.526000000 -24.392675 -17.715145 0.000000 0.000000 0.000000 0.287842 0.957678
53.559000000 -24.489350 -17.712901 0.000000 0.000000 0.000000 0.287841 0.957678
53.592000000 -24.554267 -17.755800 0.000000 0.000000 0.000000 0.287835 0.957680
53.625000000 -24.619184 -17.798698 0.000000 0.000000 0.000000 0.287823 0.957684
53.658000000 -24.713940 -17.795026 0.000000 0.000000 0.000000 0.287802 0.957690
53.691000000 -24.778474 -17.837664 0.000000 0.000000 0.000000 0.287770 0.957700
53.724000000 -24.843010 -17.880298 0.000000 0.000000 0.000000 0.287725 0.957713
53.757000000 -24.935618 -17.875401 0.000000 0.000000 0.000000 0.287666 0.957731
53.790000000 -24.999362 -17.917492 0.000000 0.000000 0.000000 0.287593 0.957753
53.823000000 -25.063111 -17.959571 0.000000 0.000000 0.000000 0.287503 0.957780
53.856000000 -25.126866 -18.001637 0.000000 0.000000 0.000000 0.287397 0.957812
53.889000000 -25.153667 -17.953786 0.000000 0.000000 0.000000 0.287274 0.957849
53.922000000 -25.216386 -17.995125 0.000000 0.000000 0.000000 0.287133 0.957891
53.955000000 -25.368697 -18.031040 0.000000 0.000000 0.000000 0.286976 0.957938
53.988000000 -25.430519 -18.071733 0.000000 0.000000 0.000000 0.286802 0.957990
54.021000000 -25.492345 -18.112397 0.000000 0.000000 0.000000 0.286610 0.958047
54.054000000 -25.580805 -18.107220 0.000000 0.000000 0.000000 0.286402 0.958110
54.087000000 -25.641815 -18.147273 0.000000 0.000000 0.000000 0.286177 0.958177
54.120000000 -25.702828 -18.187288 0.000000 0.000000 0.000000 0.285936 0.958249
54.153000000 -25.789593 -18.182079 0.000000 0.000000 0.000000 0.285680 0.958325
54.186000000 -25.849721 -18.221424 0.000000 0.000000 0.000000 0.285409 0.958406
54.219000000 -25.909850 -18.260721 0.000000 0.000000 0.000000 0.285122 0.958491
54.252000000 -25.969981 -18.299967 0.000000 0.000000 0.000000 0.284822 0.958580
54.285000000 -25.995459 -18.254790 0.000000 0.000000 0.000000 0.284508 0.958674
54.318000000 -26.054700 -18.293348 0.000000 0.000000 0.000000 0.284181 0.958771
54.351000000 -26.198933 -18.325749 0.000000 0.000000 0.000000 0.283842 0.958871
54.384000000 -26.257376 -18.363671 0.000000 0.000000 0.000000 0.283491 0.958975
54.417000000 -26.372287 -18.376444 0.000000 0.000000 0.000000 0.272027 0.962290
54.450000000 -26.430555 -18.412880 0.000000 0.000000 0.000000 0.282755 0.959192
54.483000000 -26.488243 -18.450128 0.000000 0.000000 0.000000 0.282371 0.959305
54.516000000 -26.545919 -18.487300 0.000000 0.000000 0.000000 0.281978 0.959421
54.549000000 -26.599024 -18.462437 0.000000 0.000000 0.000000 0.281575 0.959539
54.582000000 -26.656080 -18.499077 0.000000 0.000000 0.000000 0.281164 0.959660
54.615000000 -26.713117 -18.535635 0.000000 0.000000 0.000000 0.280744 0.959783
54.648000000 -26.795524 -18.528350 0.000000 0.000000 0.000000 0.280317 0.959908
54.681000000 -26.851885 -18.564335 0.000000 0.000000 0.000000 0.279882 0.960034
54.714000000 -26.908222 -18.600232 0.000000 0.000000 0.000000 0.279440 0.960163
54.747000000 -26.964534 -18.636039 0.000000 0.000000 0.000000 0.278991 0.960294
54.780000000 -26.988958 -18.592159 0.000000 0.000000 0.000000 0.278537 0.960426
54.813000000 -27.044490 -18.627326 0.000000 0.000000 0.000000 0.278076 0.960559
54.846000000 -27.099989 -18.662396 0.000000 0.000000 0.000000 0.277610 0.960694
54.879000000 -27.180153 -18.654494 0.000000 0.000000 0.000000 0.277138 0.960830
54.912000000 -27.235003 -18.689005 0.000000 0.000000 0.000000 0.276662 0.960967
54.945000000 -27.368339 -18.715149 0.000000 0.000000 0.000000 0.276181 0.961106
54.978000000 -27.422354 -18.748984 0.000000 0.000000 0.000000 0.275695 0.961245
55.011000000 -27.476319 -18.782711 0.000000 0.000000 0.000000 0.275205 0.961386
55.044000000 -27.530232 -18.816327 0.000000 0.000000 0.000000 0.274711 0.961527
55.077000000 -27.554418 -18.774463 0.000000 0.000000 0.000000 0.274213 0.961669
55.110000000 -27.607842 -18.807624 0.000000 0.000000 0.000000 0.273712 0.961812
55.143000000 -27.737573 -18.832148 0.000000 0.000000 0.000000 0.273207 0.961955
55.176000000 -27.790196 -18.864659 0.000000 0.000000 0.000000 0.272698 0.962100
55.209000000 -27.842752 -18.897051 0.000000 0.000000 0.000000 0.272187 0.962245
55.242000000 -27.917603 -18.887603 0.000000 0.000000 0.000000 0.271672 0.962390
55.275000000 -27.969320 -18.919327 0.000000 0.000000 0.000000 0.271154 0.962536
55.308000000 -28.020959 -18.950924 0.000000 0.000000 0.000000 0.270633 0.962683
55.341000000 -28.072520 -18.982396 0.000000 0.000000 0.000000 0.270110 0.962830
55.374000000 -28.095380 -18.941476 0.000000 0.000000 0.000000 0.269583 0.962977
55.407000000 -28.146426 -18.972484 0.000000 0.000000 0.000000 0.269054 0.963125
55.440000000 -28.270409 -18.993731 0.000000 0.000000 0.000000 0.268523 0.963273
55.473000000 -28.320663 -19.024107 0.000000 0.000000 0.000000 0.267989 0.963422
55.506000000 -28.370822 -19.054346 0.000000 0.000000 0.000000 0.267452 0.963571
55.539000000 -28.443086 -19.045097 0.000000 0.000000 0.000000 0.266913 0.963721
55.572000000 -28.492725 -19.074874 0.000000 0.000000 0.000000 0.266371 0.963871
55.605000000 -28.542263 -19.104513 0.000000 0.000000 0.000000 0.265827 0.964021
55.638000000 -28.612648 -19.094599 0.000000 0.000000 0.000000 0.265280 0.964171
55.671000000 -28.661456 -19.123653 0.000000 0.000000 0.000000 0.264731 0.964322
55.704000000 -28.710153 -19.152563 0.000000 0.000000 0.000000 0.264180 0.964473
55.737000000 -28.779628 -19.143260 0.000000 0.000000 0.000000 0.263626 0.964625
55.770000000 -28.827759 -19.171688 0.000000 0.000000 0.000000 0.263069 0.964777
55.803000000 -28.875773 -19.199970 0.000000 0.000000 0.000000 0.262511 0.964929
55.836000000 -28.923670 -19.228105 0.000000 0.000000 0.000000 0.261949 0.965082
55.869000000 -28.943306 -19.189876 0.000000 0.000000 0.000000 0.261386 0.965234
55.902000000 -28.990566 -19.217494 0.000000 0.000000 0.000000 0.260822 0.965387
55.935000000 -29.104649 -19.235556 0.000000 0.000000 0.000000 0.260259 0.965539
55.968000000 -29.151210 -19.262620 0.000000 0.000000 0.000000 0.259700 0.965689
56.001000000 -29.197637 -19.289531 0.000000 0.000000 0.000000 0.259145 0.965838
56.034000000 -29.243929 -19.316291 0.000000 0.000000 0.000000 0.258598 0.965985
56.067000000 -29.267120 -19.282029 0.000000 0.000000 0.000000 0.258058 0.966129
56.133000000 -29.360679 -19.335770 0.000000 0.000000 0.000000 0.257009 0.966409
56.166000000 -29.428985 -19.327562 0.000000 0.000000 0.000000 0.256501 0.966544
56.199000000 -29.475773 -19.354272 0.000000 0.000000 0.000000 0.256005 0.966675
56.232000000 -29.522442 -19.380849 0.000000 0.000000 0.000000 0.255523 0.966803
56.265000000 -29.568992 -19.407293 0.000000 0.000000 0.000000 0.255053 0.966927
56.298000000 -29.590933 -19.373237 0.000000 0.000000 0.000000 0.254594 0.967048
56.331000000 -29.637864 -19.399784 0.000000 0.000000 0.000000 0.254144 0.967167
56.364000000 -29.751462 -19.418337 0.000000 0.000000 0.000000 0.253701 0.967283
56.397000000 -29.798144 -19.444630 0.000000 0.000000 0.000000 0.253265 0.967397
56.430000000 -29.844715 -19.470801 0.000000 0.000000 0.000000 0.252834 0.967510
56.463000000 -29.907213 -19.460370 0.000000 0.000000 0.000000 0.252407 0.967621
56.496000000 -29.952667 -19.485811 0.000000 0.000000 0.000000 0.251982 0.967732
56.529000000 -29.997992 -19.511125 0.000000 0.000000 0.000000 0.251559 0.967842
56.562000000 -30.043188 -19.536311 0.000000 0.000000 0.000000 0.251137 0.967951
56.595000000 -30.061127 -19.501597 0.000000 0.000000 0.000000 0.250715 0.968061
56.628000000 -30.105935 -19.526471 0.000000 0.000000 0.000000 0.250292 0.968170
56.661000000 -30.211424 -19.540948 0.000000 0.000000 0.000000 0.249867 0.968280
56.694000000 -30.255211 -19.565155 0.000000 0.000000 0.000000 0.249440 0.968390
56.727000000 -30.298851 -19.589226 0.000000 0.000000 0.000000 0.249010 0.968501
56.760000000 -30.359237 -19.579179 0.000000 0.000000 0.000000 0.248576 0.968612
56.793000000 -30.402248 -19.602806 0.000000 0.000000 0.000000 0.248139 0.968725
56.826000000 -30.445104 -19.626295 0.000000 0.000000 0.000000 0.247696 0.968838
56.859000000 -30.487806 -19.649646 0.000000 0.000000 0.000000 0.247249 0.968952
56.892000000 -30.503963 -19.615496 0.000000 0.000000 0.000000 0.246797 0.969067
56.925000000 -30.546076 -19.638429 0.000000 0.000000 0.000000 0.246339 0.969184
56.958000000 -30.646128 -19.650372 0.000000 0.000000 0.000000 0.245875 0.969302
56.991000000 -30.687408 -19.672750 0.000000 0.000000 0.000000 0.245405 0.969421
57.024000000 -30.728518 -19.694981 0.000000 0.000000 0.000000 0.244929 0.969541
57.057000000 -30.785158 -19.683709 0.000000 0.000000 0.000000 0.244446 0.969663
57.090000000 -30.825535 -19.705444 0.000000 0.000000 0.000000 0.243956 0.969786
57.123000000 -30.909790 -19.708923 0.000000 0.000000 0.000000 0.231849 0.972752
57.156000000 -30.949715 -19.729592 0.000000 0.000000 0.000000 0.242956 0.970037
57.189000000 -30.989159 -19.750665 0.000000 0.000000 0.000000 0.242445 0.970165
57.222000000 -31.028418 -19.771584 0.000000 0.000000 0.000000 0.241927 0.970295
57.255000000 -31.054238 -19.745694 0.000000 0.000000 0.000000 0.241401 0.970425
57.288000000 -31.092732 -19.766104 0.000000 0.000000 0.000000 0.240868 0.970558
57.321000000 -31.171095 -19.767218 0.000000 0.000000 0.000000 0.228743 0.973487
57.354000000 -31.209233 -19.786628 0.000000 0.000000 0.000000 0.239780 0.970827
57.387000000 -31.246885 -19.806428 0.000000 0.000000 0.000000 0.239225 0.970964
57.420000000 -31.284340 -19.826067 0.000000 0.000000 0.000000 0.238662 0.971103
57.453000000 -31.311331 -19.801671 0.000000 0.000000 0.000000 0.238092 0.971243
57.486000000 -31.347895 -19.820751 0.000000 0.000000 0.000000 0.237514 0.971384
57.519000000 -31.384155 -19.839622 0.000000 0.000000 0.000000 0.236928 0.971527
57.552000000 -31.435846 -19.827761 0.000000 0.000000 0.000000 0.236335 0.971672
57.585000000 -31.471717 -19.846314 0.000000 0.000000 0.000000 0.235735 0.971817
57.618000000 -31.540865 -19.843579 0.000000 0.000000 0.000000 0.223542 0.974694
57.651000000 -31.576137 -19.861028 0.000000 0.000000 0.000000 0.234511 0.972113
57.684000000 -31.610829 -19.878811 0.000000 0.000000 0.000000 0.233888 0.972263
57.717000000 -31.645216 -19.896386 0.000000 0.000000 0.000000 0.233258 0.972415
57.750000000 -31.674848 -19.875126 0.000000 0.000000 0.000000 0.232620 0.972568
57.783000000 -31.708901 -19.892411 0.000000 0.000000 0.000000 0.231975 0.972722
57.816000000 -31.742647 -19.909489 0.000000 0.000000 0.000000 0.231323 0.972877
57.849000000 -31.789800 -19.896772 0.000000 0.000000 0.000000 0.230664 0.973034
57.882000000 -31.822946 -19.913430 0.000000 0.000000 0.000000 0.229997 0.973191
57.915000000 -31.855786 -19.929882 0.000000 0.000000 0.000000 0.229323 0.973350
57.948000000 -31.901961 -19.916914 0.000000 0.000000 0.000000 0.228641 0.973511
57.981000000 -31.934257 -19.932976 0.000000 0.000000 0.000000 0.227953 0.973672
58.014000000 -31.966246 -19.948835 0.000000 0.000000 0.000000 0.227258 0.973835
58.047000000 -32.010538 -19.935302 0.000000 0.000000 0.000000 0.226555 0.973998
58.080000000 -32.041813 -19.950691 0.000000 0.000000 0.000000 0.225845 0.974163
58.113000000 -32.072780 -19.965876 0.000000 0.000000 0.000000 0.225129 0.974329
58.146000000 -32.103439 -19.980858 0.000000 0.000000 0.000000 0.224405 0.974496
58.179000000 -32.115897 -19.952755 0.000000 0.000000 0.000000 0.223675 0.974664
58.212000000 -32.199130 -19.959415 0.000000 0.000000 0.000000 0.211447 0.977389
58.245000000 -32.228953 -19.973182 0.000000 0.000000 0.000000 0.222193 0.975003
58.278000000 -32.258222 -19.987261 0.000000 0.000000 0.000000 0.221441 0.975174
58.311000000 -32.287181 -20.001140 0.000000 0.000000 0.000000 0.220683 0.975346
58.344000000 -32.316884 -19.983085 0.000000 0.000000 0.000000 0.219918 0.975518
58.377000000 -32.345344 -19.996611 0.000000 0.000000 0.000000 0.219146 0.975692
58.410000000 -32.393051 -19.987713 0.000000 0.000000 0.000000 0.206915 0.978359
58.443000000 -32.421040 -20.000292 0.000000 0.000000 0.000000 0.217582 0.976042
58.476000000 -32.448486 -20.013176 0.000000 0.000000 0.000000 0.216789 0.976218
58.509000000 -32.475619 -20.025864 0.000000 0.000000 0.000000 0.215990 0.976396
58.542000000 -32.504952 -20.008790 0.000000 0.000000 0.000000 0.215184 0.976573
58.575000000 -32.531557 -20.021119 0.000000 0.000000 0.000000 0.214372 0.976752
58.608000000 -32.557848 -20.033254 0.000000 0.000000 0.000000 0.213552 0.976932
58.641000000 -32.583825 -20.045196 0.000000 0.000000 0.000000 0.212726 0.977112
58.674000000 -32.593864 -20.019507 0.000000 0.000000 0.000000 0.211893 0.977293
58.707000000 -32.619473 -20.031166 0.000000 0.000000 0.000000 0.211053 0.977475
58.740000000 -32.679870 -20.028777 0.000000 0.000000 0.000000 0.210206 0.977657
58.773000000 -32.704547 -20.039910 0.000000 0.000000 0.000000 0.209353 0.977840
58.806000000 -32.728908 -20.050852 0.000000 0.000000 0.000000 0.208493 0.978024
58.839000000 -32.762440 -20.036655 0.000000 0.000000 0.000000 0.207626 0.978208
58.872000000 -32.786122 -20.047188 0.000000 0.000000 0.000000 0.206752 0.978393
58.905000000 -32.809486 -20.057535 0.000000 0.000000 0.000000 0.205871 0.978579
58.938000000 -32.841650 -20.043377 0.000000 0.000000 0.000000 0.204984 0.978765
58.971000000 -32.864350 -20.053327 0.000000 0.000000 0.000000 0.204090 0.978952
59.004000000 -32.886730 -20.063093 0.000000 0.000000 0.000000 0.203188 0.979140
59.037000000 -32.908791 -20.072676 0.000000 0.000000 0.000000 0.202280 0.979328
59.070000000 -32.930532 -20.082076 0.000000 0.000000 0.000000 0.201365 0.979516
59.103000000 -32.917667 -20.048605 0.000000 0.000000 0.000000 0.200444 0.979705
59.136000000 -32.990669 -20.052903 0.000000 0.000000 0.000000 0.199515 0.979895
59.169000000 -33.011500 -20.061759 0.000000 0.000000 0.000000 0.198579 0.980085
59.202000000 -33.032008 -20.070436 0.000000 0.000000 0.000000 0.197636 0.980275
59.235000000 -33.060482 -20.055762 0.000000 0.000000 0.000000 0.196686 0.980466
59.268000000 -33.080357 -20.064076 0.000000 0.000000 0.000000 0.195730 0.980658
59.334000000 -33.119119 -20.080217 0.000000 0.000000 0.000000 0.193795 0.981042
59.400000000 -33.146679 -20.065271 0.000000 0.000000 0.000000 0.191832 0.981428
59.433000000 -33.165405 -20.072893 0.000000 0.000000 0.000000 0.190840 0.981621
59.466000000 -33.191238 -20.057921 0.000000 0.000000 0.000000 0.189841 0.981815
59.499000000 -33.209282 -20.065176 0.000000 0.000000 0.000000 0.188834 0.982009
59.565000000 -33.268708 -20.063653 0.000000 0.000000 0.000000 0.186800 0.982398
59.598000000 -33.285527 -20.070299 0.000000 0.000000 0.000000 0.185771 0.982593
59.631000000 -33.302017 -20.076781 0.000000 0.000000 0.000000 0.184736 0.982788
59.664000000 -33.309024 -20.055669 0.000000 0.000000 0.000000 0.183693 0.982984
59.697000000 -33.325126 -20.061911 0.000000 0.000000 0.000000 0.182643 0.983179
59.730000000 -33.340897 -20.067991 0.000000 0.000000 0.000000 0.181586 0.983375
59.763000000 -33.362818 -20.053121 0.000000 0.000000 0.000000 0.180522 0.983571
59.796000000 -33.377938 -20.058871 0.000000 0.000000 0.000000 0.179450 0.983767
59.829000000 -33.392728 -20.064463 0.000000 0.000000 0.000000 0.178370 0.983963
59.862000000 -33.413193 -20.049669 0.000000 0.000000 0.000000 0.177284 0.984160
59.895000000 -33.427308 -20.054931 0.000000 0.000000 0.000000 0.176190 0.984356
59.928000000 -33.441089 -20.060038 0.000000 0.000000 0.000000 0.175088 0.984553
59.961000000 -33.460519 -20.045243 0.000000 0.000000 0.000000 0.173979 0.984749
59.994000000 -33.473692 -20.050054 0.000000 0.000000 0.000000 0.172863 0.984946
60.027000000 -33.486529 -20.054714 0.000000 0.000000 0.000000 0.171740 0.985142
60.060000000 -33.504745 -20.039733 0.000000 0.000000 0.000000 0.170609 0.985339
60.093000000 -33.516968 -20.044103 0.000000 0.000000 0.000000 0.169470 0.985535
60.126000000 -33.528854 -20.048326 0.000000 0.000000 0.000000 0.168325 0.985732
60.159000000 -33.546511 -20.033131 0.000000 0.000000 0.000000 0.167172 0.985928
60.192000000 -33.557921 -20.037121 0.000000 0.000000 0.000000 0.166011 0.986124
60.225000000 -33.582344 -20.024512 0.000000 0.000000 0.000000 0.164844 0.986320
60.258000000 -33.592845 -20.028128 0.000000 0.000000 0.000000 0.163669 0.986515
60.291000000 -33.603007 -20.031605 0.000000 0.000000 0.000000 0.162486 0.986711
60.324000000 -33.612829 -20.034944 0.000000 0.000000 0.000000 0.161297 0.986906
60.357000000 -33.622311 -20.038146 0.000000 0.000000 0.000000 0.160100 0.987101
60.390000000 -33.620882 -20.017156 0.000000 0.000000 0.000000 0.158897 0.987295
60.423000000 -33.630533 -20.020352 0.000000 0.000000 0.000000 0.157686 0.987489
60.456000000 -33.653058 -20.007751 0.000000 0.000000 0.000000 0.156468 0.987683
60.489000000 -33.661618 -20.010539 0.000000 0.000000 0.000000 0.155243 0.987876
60.522000000 -33.669836 -20.013197 0.000000 0.000000 0.000000 0.154011 0.988069
60.555000000 -33.677711 -20.015727 0.000000 0.000000 0.000000 0.152773 0.988261
60.588000000 -33.682143 -19.997301 0.000000 0.000000 0.000000 0.151528 0.988453
60.621000000 -33.689714 -19.999684 0.000000 0.000000 0.000000 0.150276 0.988644
60.654000000 -33.696940 -20.001942 0.000000 0.000000 0.000000 0.149018 0.988835
60.687000000 -33.707629 -19.985492 0.000000 0.000000 0.000000 0.147753 0.989024
60.720000000 -33.714083 -19.987470 0.000000 0.000000 0.000000 0.146483 0.989213
60.753000000 -33.729679 -19.972566 0.000000 0.000000 0.000000 0.145207 0.989401
60.786000000 -33.735034 -19.974176 0.000000 0.000000 0.000000 0.143927 0.989588
60.819000000 -33.740041 -19.975671 0.000000 0.000000 0.000000 0.142643 0.989774
60.852000000 -33.748266 -19.958597 0.000000 0.000000 0.000000 0.141356 0.989959
60.885000000 -33.752526 -19.959842 0.000000 0.000000 0.000000 0.140065 0.990142
60.918000000 -33.756438 -19.960975 0.000000 0.000000 0.000000 0.138772 0.990324
60.951000000 -33.763541 -19.943405 0.000000 0.000000 0.000000 0.137477 0.990505
60.984000000 -33.766728 -19.944308 0.000000 0.000000 0.000000 0.136179 0.990684
61.017000000 -33.769564 -19.945106 0.000000 0.000000 0.000000 0.134881 0.990862
61.050000000 -33.772048 -19.945798 0.000000 0.000000 0.000000 0.133581 0.991038
61.083000000 -33.775199 -19.927157 0.000000 0.000000 0.000000 0.132280 0.991212
61.116000000 -33.777256 -19.927716 0.000000 0.000000 0.000000 0.130978 0.991385
61.149000000 -33.778960 -19.928176 0.000000 0.000000 0.000000 0.129676 0.991556
61.182000000 -33.783767 -19.910001 0.000000 0.000000 0.000000 0.128374 0.991726
61.215000000 -33.784808 -19.910275 0.000000 0.000000 0.000000 0.127071 0.991894
61.248000000 -33.788517 -19.892337 0.000000 0.000000 0.000000 0.125768 0.992060
61.281000000 -33.788420 -19.892313 0.000000 0.000000 0.000000 0.124464 0.992224
61.314000000 -33.787968 -19.892198 0.000000 0.000000 0.000000 0.123161 0.992387
61.347000000 -33.787159 -19.891995 0.000000 0.000000 0.000000 0.121857 0.992548
61.380000000 -33.789578 -19.873930 0.000000 0.000000 0.000000 0.120553 0.992707
61.413000000 -33.788326 -19.873622 0.000000 0.000000 0.000000 0.119248 0.992864
61.446000000 -33.787068 -19.854084 0.000000 0.000000 0.000000 0.117943 0.993020
61.479000000 -33.784641 -19.853499 0.000000 0.000000 0.000000 0.116639 0.993174
61.512000000 -33.781855 -19.852836 0.000000 0.000000 0.000000 0.115333 0.993327
61.545000000 -33.778710 -19.852096 0.000000 0.000000 0.000000 0.114028 0.993478
61.578000000 -33.775206 -19.851282 0.000000 0.000000 0.000000 0.112722 0.993627
61.611000000 -33.780834 -19.833266 0.000000 0.000000 0.000000 0.111416 0.993774
61.644000000 -33.777209 -19.832443 0.000000 0.000000 0.000000 0.110110 0.993919
61.677000000 -33.770780 -19.811653 0.000000 0.000000 0.000000 0.108803 0.994063
61.710000000 -33.765945 -19.810582 0.000000 0.000000 0.000000 0.107497 0.994205
61.743000000 -33.756498 -19.789018 0.000000 0.000000 0.000000 0.106190 0.994346
61.776000000 -33.750337 -19.787687 0.000000 0.000000 0.000000 0.104882 0.994485
61.809000000 -33.743813 -19.786297 0.000000 0.000000 0.000000 0.103574 0.994622
61.842000000 -33.736927 -19.784848 0.000000 0.000000 0.000000 0.102265 0.994757
61.875000000 -33.739124 -19.765478 0.000000 0.000000 0.000000 0.100955 0.994891
61.908000000 -33.724586 -19.742462 0.000000 0.000000 0.000000 0.099643 0.995023
61.941000000 -33.716579 -19.740842 0.000000 0.000000 0.000000 0.098331 0.995154
61.974000000 -33.708208 -19.739173 0.000000 0.000000 0.000000 0.097016 0.995283
62.007000000 -33.699472 -19.737456 0.000000 0.000000 0.000000 0.095699 0.995410
62.040000000 -33.694779 -19.716195 0.000000 0.000000 0.000000 0.094380 0.995536
62.073000000 -33.685459 -19.714414 0.000000 0.000000 0.000000 0.093058 0.995661
62.106000000 -33.675774 -19.712592 0.000000 0.000000 0.000000 0.091733 0.995784
62.139000000 -33.666652 -19.690468 0.000000 0.000000 0.000000 0.090404 0.995905
62.172000000 -33.656027 -19.688526 0.000000 0.000000 0.000000 0.089071 0.996025
62.205000000 -33.645035 -19.686550 0.000000 0.000000 0.000000 0.087734 0.996144
62.238000000 -33.635451 -19.664358 0.000000 0.000000 0.000000 0.086392 0.996261
62.271000000 -33.623771 -19.662321 0.000000 0.000000 0.000000 0.085045 0.996377
62.304000000 -33.611723 -19.660256 0.000000 0.000000 0.000000 0.083691 0.996492
62.337000000 -33.600728 -19.637872 0.000000 0.000000 0.000000 0.082332 0.996605
62.370000000 -33.587947 -19.635751 0.000000 0.000000 0.000000 0.080965 0.996717
62.403000000 -33.574797 -19.633610 0.000000 0.000000 0.000000 0.079591 0.996828
62.436000000 -33.562404 -19.611223 0.000000 0.000000 0.000000 0.078208 0.996937
62.469000000 -33.548500 -19.609035 0.000000 0.000000 0.000000 0.076817 0.997045
62.502000000 -33.534226 -19.606834 0.000000 0.000000 0.000000 0.075416 0.997152
62.535000000 -33.521352 -19.584150 0.000000 0.000000 0.000000 0.074005 0.997258
62.568000000 -33.506518 -19.581945 0.000000 0.000000 0.000000 0.072583 0.997362
62.601000000 -33.491313 -19.579734 0.000000 0.000000 0.000000 0.071150 0.997466
62.634000000 -33.475737 -19.577522 0.000000 0.000000 0.000000 0.069704 0.997568
62.667000000 -33.476768 -19.556537 0.000000 0.000000 0.000000 0.068245 0.997669
62.733000000 -33.444555 -19.552188 0.000000 0.000000 0.000000 0.065285 0.997867
62.766000000 -33.429304 -19.529205 0.000000 0.000000 0.000000 0.063782 0.997964
62.799000000 -33.412453 -19.527056 0.000000 0.000000 0.000000 0.062262 0.998060
62.832000000 -33.395229 -19.524921 0.000000 0.000000 0.000000 0.060724 0.998155
62.865000000 -33.378622 -19.501670 0.000000 0.000000 0.000000 0.059169 0.998248
62.931000000 -33.342560 -19.497479 0.000000 0.000000 0.000000 0.055999 0.998431
62.964000000 -33.325109 -19.475190 0.000000 0.000000 0.000000 0.054382 0.998520
62.997000000 -33.306388 -19.473163 0.000000 0.000000 0.000000 0.052743 0.998608
63.030000000 -33.287293 -19.471170 0.000000 0.000000 0.000000 0.051081 0.998695
63.063000000 -33.267824 -19.469217 0.000000 0.000000 0.000000 0.049394 0.998779
63.096000000 -33.247981 -19.467306 0.000000 0.000000 0.000000 0.047682 0.998863
63.129000000 -33.267874 -19.449497 0.000000 0.000000 0.000000 0.045943 0.998944
63.162000000 -33.207380 -19.424475 0.000000 0.000000 0.000000 0.044176 0.999024
63.195000000 -33.186564 -19.422652 0.000000 0.000000 0.000000 0.042382 0.999101
63.228000000 -33.165372 -19.420887 0.000000 0.000000 0.000000 0.040560 0.999177
63.261000000 -33.143382 -19.399511 0.000000 0.000000 0.000000 0.038710 0.999250
63.294000000 -33.121487 -19.397834 0.000000 0.000000 0.000000 0.036832 0.999321
63.327000000 -33.099217 -19.396226 0.000000 0.000000 0.000000 0.034927 0.999390
63.360000000 -33.080658 -19.374722 0.000000 0.000000 0.000000 0.032995 0.999456
63.393000000 -33.058856 -19.373302 0.000000 0.000000 0.000000 0.031035 0.999518
63.426000000 -33.023224 -19.350764 0.000000 0.000000 0.000000 0.029048 0.999578
63.459000000 -33.001777 -19.349535 0.000000 0.000000 0.000000 0.027034 0.999635
63.492000000 -32.979963 -19.348386 0.000000 0.000000 0.000000 0.024993 0.999688
63.525000000 -32.957782 -19.347323 0.000000 0.000000 0.000000 0.022925 0.999737
63.558000000 -32.935235 -19.346350 0.000000 0.000000 0.000000 0.020830 0.999783
63.591000000 -32.956838 -19.325919 0.000000 0.000000 0.000000 0.018709 0.999825
63.624000000 -32.935452 -19.325139 0.000000 0.000000 0.000000 0.016561 0.999863
63.657000000 -32.913710 -19.324453 0.000000 0.000000 0.000000 0.014386 0.999897
63.690000000 -32.895516 -19.301002 0.000000 0.000000 0.000000 0.012186 0.999926
63.723000000 -32.874367 -19.300507 0.000000 0.000000 0.000000 0.009959 0.999950
63.756000000 -32.833539 -19.275213 0.000000 0.000000 0.000000 0.007706 0.999970
63.789000000 -32.812355 -19.274906 0.000000 0.000000 0.000000 0.005427 0.999985
63.822000000 -32.790829 -19.274706 0.000000 0.000000 0.000000 0.003123 0.999995
63.855000000 -32.771539 -19.249371 0.000000 0.000000 0.000000 0.000793 1.000000
63.888000000 -32.750428 -19.249357 0.000000 0.000000 0.000000 -0.001562 0.999999
63.921000000 -32.728985 -19.249456 0.000000 0.000000 0.000000 -0.003942 0.999992
63.954000000 -32.709036 -19.223038 0.000000 0.000000 0.000000 -0.006347 0.999980
63.987000000 -32.687915 -19.223325 0.000000 0.000000 0.000000 -0.008777 0.999961
64.020000000 -32.666473 -19.223733 0.000000 0.000000 0.000000 -0.011231 0.999937
64.053000000 -32.646665 -19.196261 0.000000 0.000000 0.000000 -0.013710 0.999906
64.086000000 -32.625685 -19.196854 0.000000 0.000000 0.000000 -0.016212 0.999869
64.119000000 -32.604398 -19.197575 0.000000 0.000000 0.000000 -0.018739 0.999824
64.152000000 -32.582803 -19.198427 0.000000 0.000000 0.000000 -0.021289 0.999773
64.185000000 -32.560902 -19.199415 0.000000 0.000000 0.000000 -0.023863 0.999715
64.218000000 -32.585211 -19.169633 0.000000 0.000000 0.000000 -0.026460 0.999650
64.251000000 -32.523244 -19.142882 0.000000 0.000000 0.000000 -0.029080 0.999577
64.284000000 -32.502754 -19.144092 0.000000 0.000000 0.000000 -0.031723 0.999497
64.317000000 -32.471217 -19.117734 0.000000 0.000000 0.000000 -0.034389 0.999409
64.350000000 -32.451034 -19.119136 0.000000 0.000000 0.000000 -0.037076 0.999312
64.383000000 -32.430585 -19.120677 0.000000 0.000000 0.000000 -0.039786 0.999208
64.416000000 -32.409871 -19.122361 0.000000 0.000000 0.000000 -0.042517 0.999096
64.449000000 -32.399066 -19.095860 0.000000 0.000000 0.000000 -0.045270 0.998975
64.482000000 -32.378764 -19.097719 0.000000 0.000000 0.000000 -0.048043 0.998845
64.515000000 -32.346475 -19.072413 0.000000 0.000000 0.000000 -0.050838 0.998707
64.548000000 -32.326132 -19.074499 0.000000 0.000000 0.000000 -0.053654 0.998560
64.581000000 -32.305547 -19.076736 0.000000 0.000000 0.000000 -0.056489 0.998403
64.614000000 -32.284723 -19.079129 0.000000 0.000000 0.000000 -0.059345 0.998238
64.647000000 -32.263659 -19.081680 0.000000 0.000000 0.000000 -0.062220 0.998062
64.680000000 -32.242358 -19.084395 0.000000 0.000000 0.000000 -0.065115 0.997878
64.713000000 -32.271904 -19.051707 0.000000 0.000000 0.000000 -0.068029 0.997683
64.746000000 -32.208132 -19.028676 0.000000 0.000000 0.000000 -0.070962 0.997479
64.779000000 -32.187998 -19.031568 0.000000 0.000000 0.000000 -0.073913 0.997265
64.812000000 -32.167655 -19.034621 0.000000 0.000000 0.000000 -0.076882 0.997040
64.845000000 -32.143497 -19.003279 0.000000 0.000000 0.000000 -0.079870 0.996805
64.878000000 -32.123468 -19.006522 0.000000 0.000000 0.000000 -0.082874 0.996560
64.911000000 -32.103246 -19.009929 0.000000 0.000000 0.000000 -0.085896 0.996304
64.944000000 -32.078484 -18.978289 0.000000 0.000000 0.000000 -0.088935 0.996037
64.977000000 -32.058586 -18.981882 0.000000 0.000000 0.000000 -0.091990 0.995760
65.010000000 -32.038509 -18.985642 0.000000 0.000000 0.000000 -0.095061 0.995471
65.043000000 -32.012410 -18.953336 0.000000 0.000000 0.000000 -0.098148 0.995172
65.076000000 -31.992506 -18.957311 0.000000 0.000000 0.000000 -0.101251 0.994861
65.109000000 -31.972436 -18.961457 0.000000 0.000000 0.000000 -0.104369 0.994539
65.142000000 -31.952201 -18.965775 0.000000 0.000000 0.000000 -0.107501 0.994205
65.208000000 -31.911242 -18.974944 0.000000 0.000000 0.000000 -0.113809 0.993503
65.241000000 -31.914166 -18.916914 0.000000 0.000000 0.000000 -0.116983 0.993134
65.274000000 -31.894825 -18.921544 0.000000 0.000000 0.000000 -0.120171 0.992753
65.307000000 -31.875349 -18.926345 0.000000 0.000000 0.000000 -0.123372 0.992360
65.340000000 -31.814019 -18.879583 0.000000 0.000000 0.000000 -0.126585 0.991956
65.373000000 -31.794721 -18.884598 0.000000 0.000000 0.000000 -0.129811 0.991539
65.406000000 -31.775301 -18.889786 0.000000 0.000000 0.000000 -0.133048 0.991110
65.439000000 -31.747253 -18.855160 0.000000 0.000000 0.000000 -0.136297 0.990668
65.472000000 -31.728324 -18.860477 0.000000 0.000000 0.000000 -0.139557 0.990214
65.505000000 -31.709288 -18.865964 0.000000 0.000000 0.000000 -0.142828 0.989748
65.538000000 -31.680914 -18.831103 0.000000 0.000000 0.000000 -0.146109 0.989269
65.571000000 -31.662438 -18.836689 0.000000 0.000000 0.000000 -0.149400 0.988777
65.604000000 -31.643871 -18.842442 0.000000 0.000000 0.000000 -0.152700 0.988273
65.637000000 -31.625217 -18.848364 0.000000 0.000000 0.000000 -0.156010 0.987755
65.670000000 -31.614780 -18.807386 0.000000 0.000000 0.000000 -0.159329 0.987226
65.703000000 -31.563529 -18.777518 0.000000 0.000000 0.000000 -0.162656 0.986683
65.736000000 -31.545686 -18.783567 0.000000 0.000000 0.000000 -0.165991 0.986127
65.769000000 -31.527777 -18.789778 0.000000 0.000000 0.000000 -0.169334 0.985559
65.802000000 -31.509804 -18.796152 0.000000 0.000000 0.000000 -0.172684 0.984977
65.835000000 -31.480611 -18.759344 0.000000 0.000000 0.000000 -0.176041 0.984383
65.868000000 -31.463314 -18.765742 0.000000 0.000000 0.000000 -0.179405 0.983775
65.901000000 -31.446062 -18.772264 0.000000 0.000000 0.000000 -0.182775 0.983155
65.934000000 -31.415701 -18.736102 0.000000 0.000000 0.000000 -0.186151 0.982521
65.967000000 -31.399192 -18.742598 0.000000 0.000000 0.000000 -0.189532 0.981875
66.033000000 -31.366312 -18.755942 0.000000 0.000000 0.000000 -0.196310 0.980542
66.066000000 -31.350152 -18.713242 0.000000 0.000000 0.000000 -0.199705 0.979856
66.099000000 -31.334028 -18.720105 0.000000 0.000000 0.000000 -0.203105 0.979157
66.132000000 -31.317953 -18.727084 0.000000 0.000000 0.000000 -0.206508 0.978445
66.165000000 -31.301927 -18.734178 0.000000 0.000000 0.000000 -0.209915 0.977720
66.198000000 -31.284647 -18.690400 0.000000 0.000000 0.000000 -0.213324 0.976981
66.231000000 -31.268984 -18.697588 0.000000 0.000000 0.000000 -0.216736 0.976230
66.264000000 -31.220062 -18.666998 0.000000 0.000000 0.000000 -0.220151 0.975466
66.297000000 -31.205021 -18.674156 0.000000 0.000000 0.000000 -0.223567 0.974689
66.330000000 -31.190031 -18.681421 0.000000 0.000000 0.000000 -0.226985 0.973898
66.363000000 -31.154708 -18.643286 0.000000 0.000000 0.000000 -0.230404 0.973095
66.396000000 -31.140045 -18.650646 0.000000 0.000000 0.000000 -0.233825 0.972279
66.429000000 -31.125433 -18.658111 0.000000 0.000000 0.000000 -0.237245 0.971450
66.462000000 -31.110876 -18.665681 0.000000 0.000000 0.000000 -0.240666 0.970608
66.495000000 -31.090034 -18.620082 0.000000 0.000000 0.000000 -0.244087 0.969753
66.528000000 -31.075947 -18.627656 0.000000 0.000000 0.000000 -0.247508 0.968886
66.561000000 -31.025212 -18.596349 0.000000 0.000000 0.000000 -0.250928 0.968006
66.594000000 -31.011570 -18.603933 0.000000 0.000000 0.000000 -0.254347 0.967113
66.627000000 -30.997983 -18.611615 0.000000 0.000000 0.000000 -0.257764 0.966208
66.660000000 -30.960647 -18.573448 0.000000 0.000000 0.000000 -0.261181 0.965290
66.693000000 -30.947444 -18.581158 0.000000 0.000000 0.000000 -0.264595 0.964360
66.726000000 -30.934296 -18.588963 0.000000 0.000000 0.000000 -0.268007 0.963417
66.759000000 -30.896017 -18.551840 0.000000 0.000000 0.000000 -0.271416 0.962462
66.792000000 -30.883128 -18.559739 0.000000 0.000000 0.000000 -0.274824 0.961495
66.825000000 -30.870295 -18.567729 0.000000 0.000000 0.000000 -0.278228 0.960515
66.858000000 -30.831498 -18.530002 0.000000 0.000000 0.000000 -0.281630 0.959523
66.891000000 -30.819086 -18.537976 0.000000 0.000000 0.000000 -0.285030 0.958519
66.924000000 -30.806732 -18.546038 0.000000 0.000000 0.000000 -0.288427 0.957502
66.957000000 -30.794435 -18.554188 0.000000 0.000000 0.000000 -0.291822 0.956473
66.990000000 -30.767466 -18.509276 0.000000 0.000000 0.000000 -0.295213 0.955431
67.023000000 -30.755546 -18.517420 0.000000 0.000000 0.000000 -0.298602 0.954378
67.056000000 -30.702893 -18.488516 0.000000 0.000000 0.000000 -0.301989 0.953311
67.089000000 -30.691291 -18.496687 0.000000 0.000000 0.000000 -0.305372 0.952233
67.122000000 -30.679749 -18.504941 0.000000 0.000000 0.000000 -0.308753 0.951142
67.155000000 -30.637918 -18.468337 0.000000 0.000000 0.000000 -0.312131 0.950039
67.188000000 -30.626634 -18.476650 0.000000 0.000000 0.000000 -0.315506 0.948923
67.221000000 -30.615410 -18.485043 0.000000 0.000000 0.000000 -0.318879 0.947796
67.254000000 -30.573201 -18.448899 0.000000 0.000000 0.000000 -0.322248 0.946655
67.287000000 -30.562313 -18.457284 0.000000 0.000000 0.000000 -0.325614 0.945503
67.320000000 -30.551486 -18.465747 0.000000 0.000000 0.000000 -0.328978 0.944338
67.353000000 -30.508900 -18.430446 0.000000 0.000000 0.000000 -0.332338 0.943160
67.386000000 -30.498420 -18.438880 0.000000 0.000000 0.000000 -0.335695 0.941971
67.419000000 -30.488001 -18.447389 0.000000 0.000000 0.000000 -0.339049 0.940769
67.452000000 -30.477644 -18.455972 0.000000 0.000000 0.000000 -0.342400 0.939554
67.485000000 -30.445006 -18.411839 0.000000 0.000000 0.000000 -0.345748 0.938328
67.518000000 -30.435118 -18.420272 0.000000 0.000000 0.000000 -0.349092 0.937088
67.551000000 -30.381480 -18.393890 0.000000 0.000000 0.000000 -0.352433 0.935837
67.584000000 -30.371989 -18.402221 0.000000 0.000000 0.000000 -0.355771 0.934573
67.617000000 -30.362559 -18.410619 0.000000 0.000000 0.000000 -0.359106 0.933297
67.650000000 -30.318407 -18.377811 0.000000 0.000000 0.000000 -0.362437 0.932008
67.683000000 -30.309220 -18.386230 0.000000 0.000000 0.000000 -0.365764 0.930707
67.716000000 -30.300095 -18.394716 0.000000 0.000000 0.000000 -0.369089 0.929394
67.749000000 -30.254874 -18.362064 0.000000 0.000000 0.000000 -0.372409 0.928069
67.782000000 -30.246007 -18.370547 0.000000 0.000000 0.000000 -0.375726 0.926731
67.815000000 -30.237201 -18.379095 0.000000 0.000000 0.000000 -0.379040 0.925380
67.848000000 -30.228457 -18.387705 0.000000 0.000000 0.000000 -0.382350 0.924018
67.881000000 -30.219776 -18.396378 0.000000 0.000000 0.000000 -0.385656 0.922642
67.914000000 -30.191679 -18.347108 0.000000 0.000000 0.000000 -0.388959 0.921255
67.947000000 -30.128716 -18.332990 0.000000 0.000000 0.000000 -0.392258 0.919855
67.980000000 -30.120581 -18.341472 0.000000 0.000000 0.000000 -0.395553 0.918443
68.013000000 -30.112507 -18.350012 0.000000 0.000000 0.000000 -0.398844 0.917019
68.046000000 -30.104496 -18.358611 0.000000 0.000000 0.000000 -0.402132 0.915582
68.079000000 -30.066057 -18.320254 0.000000 0.000000 0.000000 -0.405415 0.914133
68.112000000 -30.058280 -18.328843 0.000000 0.000000 0.000000 -0.408695 0.912671
68.145000000 -30.002642 -18.307507 0.000000 0.000000 0.000000 -0.411970 0.911197
68.178000000 -29.995126 -18.316052 0.000000 0.000000 0.000000 -0.415242 0.909711
68.211000000 -29.987672 -18.324651 0.000000 0.000000 0.000000 -0.418510 0.908212
68.244000000 -29.939610 -18.296057 0.000000 0.000000 0.000000 -0.421773 0.906701
68.277000000 -29.932391 -18.304629 0.000000 0.000000 0.000000 -0.425032 0.905178
68.310000000 -29.925235 -18.313253 0.000000 0.000000 0.000000 -0.428287 0.903643
68.343000000 -29.875957 -18.285018 0.000000 0.000000 0.000000 -0.431538 0.902095
68.376000000 -29.869026 -18.293619 0.000000 0.000000 0.000000 -0.434785 0.900534
68.409000000 -29.862158 -18.302270 0.000000 0.000000 0.000000 -0.438027 0.898962
68.442000000 -29.855353 -18.310970 0.000000 0.000000 0.000000 -0.441265 0.897377
68.475000000 -29.813555 -18.274183 0.000000 0.000000 0.000000 -0.444499 0.895779
68.508000000 -29.807177 -18.282583 0.000000 0.000000 0.000000 -0.447728 0.894170
68.541000000 -29.750916 -18.263676 0.000000 0.000000 0.000000 -0.450953 0.892548
68.574000000 -29.744852 -18.271906 0.000000 0.000000 0.000000 -0.454173 0.890914
68.607000000 -29.738848 -18.280180 0.000000 0.000000 0.000000 -0.457388 0.889267
68.640000000 -29.732905 -18.288498 0.000000 0.000000 0.000000 -0.460599 0.887608
68.673000000 -29.688867 -18.252906 0.000000 0.000000 0.000000 -0.463806 0.885937
68.706000000 -29.683342 -18.260878 0.000000 0.000000 0.000000 -0.467007 0.884253
68.739000000 -29.626124 -18.242811 0.000000 0.000000 0.000000 -0.470204 0.882558
68.772000000 -29.620826 -18.250695 0.000000 0.000000 0.000000 -0.473397 0.880849
68.805000000 -29.615586 -18.258618 0.000000 0.000000 0.000000 -0.476584 0.879129
68.838000000 -29.610404 -18.266580 0.000000 0.000000 0.000000 -0.479766 0.877396
68.871000000 -29.565405 -18.233022 0.000000 0.000000 0.000000 -0.482944 0.875651
68.904000000 -29.560647 -18.240568 0.000000 0.000000 0.000000 -0.486117 0.873894
68.937000000 -29.555943 -18.248149 0.000000 0.000000 0.000000 -0.489284 0.872124
68.970000000 -29.505223 -18.223541 0.000000 0.000000 0.000000 -0.492447 0.870342
69.003000000 -29.500864 -18.230799 0.000000 0.000000 0.000000 -0.495604 0.868548
69.036000000 -29.444381 -18.213269 0.000000 0.000000 0.000000 -0.498757 0.866742
69.069000000 -29.440377 -18.220160 0.000000 0.000000 0.000000 -0.501904 0.864923
69.102000000 -29.436424 -18.227081 0.000000 0.000000 0.000000 -0.505046 0.863092
69.135000000 -29.383862 -18.203998 0.000000 0.000000 0.000000 -0.508183 0.861249
69.168000000 -29.380138 -18.210743 0.000000 0.000000 0.000000 -0.511314 0.859394
69.201000000 -29.376464 -18.217515 0.000000 0.000000 0.000000 -0.514441 0.857526
69.234000000 -29.323906 -18.196958 0.000000 0.000000 0.000000 -0.517561 0.855646
69.267000000 -29.320313 -18.203815 0.000000 0.000000 0.000000 -0.520677 0.853754
69.333000000 -29.313278 -18.217610 0.000000 0.000000 0.000000 -0.526890 0.849933
69.366000000 -29.309838 -18.224546 0.000000 0.000000 0.000000 -0.529989 0.848005
69.399000000 -29.262839 -18.187973 0.000000 0.000000 0.000000 -0.533082 0.846064
69.432000000 -29.259755 -18.194421 0.000000 0.000000 0.000000 -0.536169 0.844111
69.465000000 -29.256719 -18.200892 0.000000 0.000000 0.000000 -0.539250 0.842146
69.498000000 -29.202837 -18.178594 0.000000 0.000000 0.000000 -0.542325 0.840169
69.531000000 -29.200173 -18.184492 0.000000 0.000000 0.000000 -0.545395 0.838179
69.564000000 -29.142470 -18.170154 0.000000 0.000000 0.000000 -0.548458 0.836178
69.597000000 -29.139988 -18.175873 0.000000 0.000000 0.000000 -0.551516 0.834165
69.630000000 -29.137547 -18.181611 0.000000 0.000000 0.000000 -0.554567 0.832139
69.663000000 -29.081078 -18.161795 0.000000 0.000000 0.000000 -0.557612 0.830101
69.696000000 -29.078819 -18.167328 0.000000 0.000000 0.000000 -0.560651 0.828052
69.729000000 -29.076602 -18.172878 0.000000 0.000000 0.000000 -0.563684 0.825990
69.762000000 -29.022280 -18.152823 0.000000 0.000000 0.000000 -0.566711 0.823917
69.795000000 -29.020424 -18.157673 0.000000 0.000000 0.000000 -0.569731 0.821831
69.828000000 -29.018604 -18.162537 0.000000 0.000000 0.000000 -0.572745 0.819733
69.861000000 -28.964447 -18.144596 0.000000 0.000000 0.000000 -0.575753 0.817624
69.894000000 -28.962843 -18.149078 0.000000 0.000000 0.000000 -0.578754 0.815502
69.927000000 -28.961274 -18.153573 0.000000 0.000000 0.000000 -0.581749 0.813369
69.960000000 -28.906556 -18.136228 0.000000 0.000000 0.000000 -0.584737 0.811223
69.993000000 -28.905194 -18.140318 0.000000 0.000000 0.000000 -0.587718 0.809066
70.026000000 -28.903862 -18.144420 0.000000 0.000000 0.000000 -0.590693 0.806897
70.059000000 -28.849590 -18.125273 0.000000 0.000000 0.000000 -0.593661 0.804716
70.092000000 -28.848646 -18.128333 0.000000 0.000000 0.000000 -0.596622 0.802523
70.125000000 -28.847725 -18.131401 0.000000 0.000000 0.000000 -0.599576 0.800318
70.158000000 -28.792669 -18.115428 0.000000 0.000000 0.000000 -0.602523 0.798101
70.191000000 -28.791885 -18.118183 0.000000 0.000000 0.000000 -0.605463 0.795873
70.224000000 -28.791122 -18.120945 0.000000 0.000000 0.000000 -0.608397 0.793633
70.257000000 -28.735989 -18.104353 0.000000 0.000000 0.000000 -0.611323 0.791381
70.290000000 -28.735446 -18.106435 0.000000 0.000000 0.000000 -0.614242 0.789118
70.323000000 -28.734920 -18.108521 0.000000 0.000000 0.000000 -0.617153 0.786843
70.356000000 -28.679305 -18.093461 0.000000 0.000000 0.000000 -0.620058 0.784556
70.389000000 -28.678913 -18.095113 0.000000 0.000000 0.000000 -0.622955 0.782258
70.422000000 -28.678535 -18.096769 0.000000 0.000000 0.000000 -0.625845 0.779948
70.455000000 -28.678169 -18.098428 0.000000 0.000000 0.000000 -0.628727 0.777626
70.488000000 -28.623646 -18.083919 0.000000 0.000000 0.000000 -0.631601 0.775293
70.521000000 -28.623337 -18.085421 0.000000 0.000000 0.000000 -0.634469 0.772949
70.554000000 -28.568826 -18.069372 0.000000 0.000000 0.000000 -0.637328 0.770593
70.587000000 -28.568841 -18.069293 0.000000 0.000000 0.000000 -0.640180 0.768225
70.620000000 -28.568858 -18.069213 0.000000 0.000000 0.000000 -0.643024 0.765846
70.653000000 -28.513889 -18.053747 0.000000 0.000000 0.000000 -0.645860 0.763456
70.686000000 -28.514064 -18.052711 0.000000 0.000000 0.000000 -0.648688 0.761054
70.719000000 -28.514233 -18.051670 0.000000 0.000000 0.000000 -0.651509 0.758641
70.752000000 -28.460438 -18.032767 0.000000 0.000000 0.000000 -0.654321 0.756217
70.785000000 -28.460869 -18.029806 0.000000 0.000000 0.000000 -0.657125 0.753781
70.818000000 -28.408100 -18.011124 0.000000 0.000000 0.000000 -0.659922 0.751335
70.851000000 -28.408681 -18.006663 0.000000 0.000000 0.000000 -0.662710 0.748876
70.884000000 -28.409231 -18.002181 0.000000 0.000000 0.000000 -0.665490 0.746407
70.917000000 -28.409751 -17.997679 0.000000 0.000000 0.000000 -0.668261 0.743926
70.950000000 -28.357021 -17.983404 0.000000 0.000000 0.000000 -0.671026 0.741434
70.983000000 -28.357590 -17.977715 0.000000 0.000000 0.000000 -0.673783 0.738929
71.016000000 -28.358120 -17.971999 0.000000 0.000000 0.000000 -0.676534 0.736411
71.049000000 -28.305761 -17.955170 0.000000 0.000000 0.000000 -0.679279 0.733880
71.082000000 -28.306298 -17.948234 0.000000 0.000000 0.000000 -0.682020 0.731334
71.115000000 -28.306786 -17.941263 0.000000 0.000000 0.000000 -0.684756 0.728772
71.148000000 -28.255026 -17.925165 0.000000 0.000000 0.000000 -0.687489 0.726195
71.181000000 -28.255465 -17.917154 0.000000 0.000000 0.000000 -0.690219 0.723600
71.214000000 -28.255846 -17.909100 0.000000 0.000000 0.000000 -0.692948 0.720987
71.247000000 -28.203728 -17.892249 0.000000 0.000000 0.000000 -0.695677 0.718355
71.280000000 -28.204027 -17.882946 0.000000 0.000000 0.000000 -0.698406 0.715702
71.313000000 -28.204256 -17.873591 0.000000 0.000000 0.000000 -0.701136 0.713027
71.346000000 -28.153139 -17.853536 0.000000 0.000000 0.000000 -0.703869 0.710329
71.379000000 -28.153243 -17.842145 0.000000 0.000000 0.000000 -0.706607 0.707607
71.412000000 -28.153259 -17.830685 0.000000 0.000000 0.000000 -0.709349 0.704857
71.445000000 -28.153186 -17.819155 0.000000 0.000000 0.000000 -0.712098 0.702080
71.478000000 -28.101390 -17.812411 0.000000 0.000000 0.000000 -0.714855 0.699272
71.511000000 -28.101108 -17.799610 0.000000 0.000000 0.000000 -0.717622 0.696433
71.544000000 -28.050107 -17.768014 0.000000 0.000000 0.000000 -0.720399 0.693560
71.577000000 -28.049565 -17.753745 0.000000 0.000000 0.000000 -0.723189 0.690651
71.610000000 -28.048902 -17.739384 0.000000 0.000000 0.000000 -0.725992 0.687703
71.643000000 -28.048118 -17.724931 0.000000 0.000000 0.000000 -0.728812 0.684714
71.676000000 -27.997104 -17.721929 0.000000 0.000000 0.000000 -0.731649 0.681682
71.709000000 -27.945532 -17.688817 0.000000 0.000000 0.000000 -0.734505 0.678604
71.742000000 -27.944313 -17.673450 0.000000 0.000000 0.000000 -0.737382 0.675476
71.775000000 -27.942955 -17.657989 0.000000 0.000000 0.000000 -0.740282 0.672297
71.808000000 -27.941452 -17.642436 0.000000 0.000000 0.000000 -0.743207 0.669061
71.841000000 -27.892743 -17.625778 0.000000 0.000000 0.000000 -0.746159 0.665767
71.874000000 -27.890729 -17.608165 0.000000 0.000000 0.000000 -0.749141 0.662411
71.907000000 -27.888541 -17.590441 0.000000 0.000000 0.000000 -0.752152 0.658989
71.940000000 -27.886173 -17.572607 0.000000 0.000000 0.000000 -0.755191 0.655505
71.973000000 -27.840479 -17.567482 0.000000 0.000000 0.000000 -0.758251 0.651963
72.006000000 -27.837448 -17.547504 0.000000 0.000000 0.000000 -0.761330 0.648365
72.039000000 -27.789745 -17.505946 0.000000 0.000000 0.000000 -0.764421 0.644717
72.105000000 -27.782115 -17.462647 0.000000 0.000000 0.000000 -0.770628 0.637285
72.138000000 -27.738695 -17.442934 0.000000 0.000000 0.000000 -0.773734 0.633510
72.171000000 -27.734158 -17.420406 0.000000 0.000000 0.000000 -0.776837 0.629702
72.204000000 -27.691820 -17.397379 0.000000 0.000000 0.000000 -0.776377 0.630268
72.237000000 -27.686817 -17.373705 0.000000 0.000000 0.000000 -0.783013 0.622005
72.270000000 -27.681295 -17.349937 0.000000 0.000000 0.000000 -0.786080 0.618125
72.303000000 -27.675489 -17.326029 0.000000 0.000000 0.000000 -0.789127 0.614231
72.336000000 -27.634281 -17.304141 0.000000 0.000000 0.000000 -0.792150 0.610327
72.402000000 -27.620394 -17.252538 0.000000 0.000000 0.000000 -0.798111 0.602510
72.435000000 -27.612975 -17.226512 0.000000 0.000000 0.000000 -0.801042 0.598608
72.468000000 -27.580159 -17.229974 0.000000 0.000000 0.000000 -0.803937 0.594715
72.501000000 -27.571994 -17.203299 0.000000 0.000000 0.000000 -0.806791 0.590837
72.534000000 -27.524948 -17.148950 0.000000 0.000000 0.000000 -0.809602 0.586979
72.567000000 -27.515475 -17.120113 0.000000 0.000000 0.000000 -0.812368 0.583145
72.633000000 -27.495280 -17.061698 0.000000 0.000000 0.000000 -0.817748 0.575577
72.666000000 -27.470483 -17.064412 0.000000 0.000000 0.000000 -0.820324 0.571899
72.699000000 -27.459395 -17.034462 0.000000 0.000000 0.000000 -0.822816 0.568308
72.732000000 -27.447886 -17.004279 0.000000 0.000000 0.000000 -0.825226 0.564803
72.765000000 -27.414673 -16.974845 0.000000 0.000000 0.000000 -0.827554 0.561386
72.798000000 -27.402135 -16.943456 0.000000 0.000000 0.000000 -0.829798 0.558064
72.831000000 -27.389066 -16.911888 0.000000 0.000000 0.000000 -0.831958 0.554839
72.864000000 -27.356438 -16.884425 0.000000 0.000000 0.000000 -0.834032 0.551716
72.930000000 -27.328545 -16.820213 0.000000 0.000000 0.000000 -0.837917 0.545798
72.963000000 -27.313933 -16.787799 0.000000 0.000000 0.000000 -0.839726 0.543010
72.996000000 -27.297843 -16.792182 0.000000 0.000000 0.000000 -0.841445 0.540343
73.029000000 -27.282892 -16.759803 0.000000 0.000000 0.000000 -0.843073 0.537799
73.062000000 -27.237451 -16.697361 0.000000 0.000000 0.000000 -0.844608 0.535385
73.095000000 -27.221656 -16.664191 0.000000 0.000000 0.000000 -0.846050 0.533104
73.128000000 -27.205445 -16.630817 0.000000 0.000000 0.000000 -0.847397 0.530960
73.161000000 -27.188822 -16.597236 0.000000 0.000000 0.000000 -0.848647 0.528960
73.194000000 -27.171796 -16.563450 0.000000 0.000000 0.000000 -0.849799 0.527106
73.227000000 -27.175189 -16.600869 0.000000 0.000000 0.000000 -0.850852 0.525405
73.260000000 -27.110924 -16.499082 0.000000 0.000000 0.000000 -0.851803 0.523862
73.293000000 -27.093032 -16.464030 0.000000 0.000000 0.000000 -0.852651 0.522481
73.326000000 -27.074768 -16.428763 0.000000 0.000000 0.000000 -0.853392 0.521269
73.359000000 -27.056143 -16.393277 0.000000 0.000000 0.000000 -0.854025 0.520231
73.392000000 -27.043740 -16.399222 0.000000 0.000000 0.000000 -0.854547 0.519373
73.425000000 -27.025305 -16.364059 0.000000 0.000000 0.000000 -0.854961 0.518693
73.458000000 -26.976091 -16.290465 0.000000 0.000000 0.000000 -0.855270 0.518183
73.491000000 -26.956567 -16.253433 0.000000 0.000000 0.000000 -0.855481 0.517835
73.524000000 -26.936759 -16.216148 0.000000 0.000000 0.000000 -0.855598 0.517641
73.557000000 -26.905347 -16.182585 0.000000 0.000000 0.000000 -0.855627 0.517593
73.590000000 -26.885466 -16.144946 0.000000 0.000000 0.000000 -0.855572 0.517684
73.623000000 -26.865353 -16.107027 0.000000 0.000000 0.000000 -0.855438 0.517905
73.656000000 -26.845023 -16.068822 0.000000 0.000000 0.000000 -0.855230 0.518249
73.689000000 -26.833425 -16.069166 0.000000 0.000000 0.000000 -0.854952 0.518708
73.722000000 -26.812955 -16.030091 0.000000 0.000000 0.000000 -0.854608 0.519274
73.755000000 -26.758311 -15.955381 0.000000 0.000000 0.000000 -0.854202 0.519941
73.788000000 -26.737589 -15.915513 0.000000 0.000000 0.000000 -0.853739 0.520701
73.821000000 -26.716725 -15.875317 0.000000 0.000000 0.000000 -0.853223 0.521546
73.854000000 -26.695730 -15.834786 0.000000 0.000000 0.000000 -0.852658 0.522469
73.887000000 -26.682526 -15.838185 0.000000 0.000000 0.000000 -0.852047 0.523465
73.920000000 -26.661695 -15.797220 0.000000 0.000000 0.000000 -0.851394 0.524526
73.953000000 -26.604367 -15.718922 0.000000 0.000000 0.000000 -0.850703 0.525646
73.986000000 -26.583329 -15.676993 0.000000 0.000000 0.000000 -0.849978 0.526819
74.019000000 -26.562218 -15.634699 0.000000 0.000000 0.000000 -0.849220 0.528039
74.052000000 -26.522906 -15.594317 0.000000 0.000000 0.000000 -0.848435 0.529300
74.085000000 -26.501472 -15.550623 0.000000 0.000000 0.000000 -0.847625 0.530596
74.118000000 -26.479993 -15.506548 0.000000 0.000000 0.000000 -0.846793 0.531923
74.151000000 -26.440670 -15.468399 0.000000 0.000000 0.000000 -0.845942 0.533276
74.184000000 -26.419326 -15.423801 0.000000 0.000000 0.000000 -0.845074 0.534649
74.217000000 -26.366981 -15.360481 0.000000 0.000000 0.000000 -0.838669 0.544642
74.250000000 -26.346097 -15.314462 0.000000 0.000000 0.000000 -0.843302 0.537439
74.283000000 -26.324586 -15.268332 0.000000 0.000000 0.000000 -0.842403 0.538848
74.316000000 -26.303071 -15.221800 0.000000 0.000000 0.000000 -0.841497 0.540262
74.349000000 -26.281557 -15.174865 0.000000 0.000000 0.000000 -0.840588 0.541675
74.382000000 -26.271431 -15.205671 0.000000 0.000000 0.000000 -0.839677 0.543086
74.415000000 -26.250241 -15.158543 0.000000 0.000000 0.000000 -0.838767 0.544491
74.448000000 -26.229062 -15.111007 0.000000 0.000000 0.000000 -0.837859 0.545887
74.481000000 -26.185065 -15.068473 0.000000 0.000000 0.000000 -0.836955 0.547271
74.514000000 -26.109201 -14.956401 0.000000 0.000000 0.000000 -0.830174 0.557504
74.547000000 -26.088460 -14.906544 0.000000 0.000000 0.000000 -0.835168 0.549996
74.580000000 -26.067002 -14.856591 0.000000 0.000000 0.000000 -0.834286 0.551331
74.613000000 -26.045569 -14.806227 0.000000 0.000000 0.000000 -0.833415 0.552647
74.646000000 -26.007538 -14.783759 0.000000 0.000000 0.000000 -0.832556 0.553941
74.679000000 -25.986167 -14.732679 0.000000 0.000000 0.000000 -0.831709 0.555212
74.712000000 -25.964823 -14.681187 0.000000 0.000000 0.000000 -0.830875 0.556459
74.745000000 -25.943507 -14.629284 0.000000 0.000000 0.000000 -0.830064 0.557668
74.778000000 -25.922217 -14.576971 0.000000 0.000000 0.000000 -0.829388 0.558674
74.811000000 -25.916957 -14.636565 0.000000 0.000000 0.000000 -0.828917 0.559371
74.844000000 -25.823944 -14.485775 0.000000 0.000000 0.000000 -0.828654 0.559762
74.877000000 -25.802447 -14.432295 0.000000 0.000000 0.000000 -0.828603 0.559837
74.910000000 -25.780836 -14.378462 0.000000 0.000000 0.000000 -0.828771 0.559588
74.943000000 -25.759069 -14.324293 0.000000 0.000000 0.000000 -0.829136 0.559047
74.976000000 -25.731766 -14.329313 0.000000 0.000000 0.000000 -0.829671 0.558252
75.009000000 -25.709515 -14.274538 0.000000 0.000000 0.000000 -0.830352 0.557239
75.042000000 -25.639524 -14.171391 0.000000 0.000000 0.000000 -0.831158 0.556036
75.075000000 -25.616714 -14.116088 0.000000 0.000000 0.000000 -0.832070 0.554671
75.108000000 -25.593594 -14.060512 0.000000 0.000000 0.000000 -0.833070 0.553167
75.141000000 -25.546770 -14.009918 0.000000 0.000000 0.000000 -0.834144 0.551547
75.174000000 -25.523006 -13.953851 0.000000 0.000000 0.000000 -0.835277 0.549829
75.207000000 -25.498917 -13.897524 0.000000 0.000000 0.000000 -0.836457 0.548032
75.240000000 -25.451512 -13.839108 0.000000 0.000000 0.000000 -0.837673 0.546172
75.273000000 -25.425901 -13.780880 0.000000 0.000000 0.000000 -0.838913 0.544266
75.306000000 -25.399897 -13.722425 0.000000 0.000000 0.000000 -0.840168 0.542326
75.339000000 -25.355450 -13.664151 0.000000 0.000000 0.000000 -0.841429 0.540367
75.372000000 -25.328259 -13.604684 0.000000 0.000000 0.000000 -0.842689 0.538400
75.405000000 -25.300636 -13.545012 0.000000 0.000000 0.000000 -0.843941 0.536436
75.438000000 -25.258433 -13.485682 0.000000 0.000000 0.000000 -0.845177 0.534486
75.471000000 -25.229783 -13.425339 0.000000 0.000000 0.000000 -0.846393 0.532558
75.504000000 -25.200683 -13.364806 0.000000 0.000000 0.000000 -0.847584 0.530661
75.537000000 -25.160478 -13.303169 0.000000 0.000000 0.000000 -0.848745 0.528802
75.570000000 -25.130372 -13.241947 0.000000 0.000000 0.000000 -0.849873 0.526988
75.603000000 -25.099813 -13.180540 0.000000 0.000000 0.000000 -0.850964 0.525223
75.636000000 -25.061113 -13.118201 0.000000 0.000000 0.000000 -0.852017 0.523514
75.669000000 -25.029735 -13.056380 0.000000 0.000000 0.000000 -0.853029 0.521864
75.702000000 -24.997917 -12.994374 0.000000 0.000000 0.000000 -0.853998 0.520277
75.735000000 -24.961146 -12.931942 0.000000 0.000000 0.000000 -0.854923 0.518755
75.768000000 -24.928766 -12.869888 0.000000 0.000000 0.000000 -0.855803 0.517301
75.801000000 -24.895966 -12.807642 0.000000 0.000000 0.000000 -0.856639 0.515916
75.867000000 -24.826534 -12.682907 0.000000 0.000000 0.000000 -0.858175 0.513357
75.933000000 -24.758942 -12.557963 0.000000 0.000000 0.000000 -0.859535 0.511077
75.966000000 -24.724579 -12.495174 0.000000 0.000000 0.000000 -0.860151 0.510040
75.999000000 -24.757623 -12.561396 0.000000 0.000000 0.000000 -0.860725 0.509069
76.032000000 -24.723851 -12.500096 0.000000 0.000000 0.000000 -0.861260 0.508164
76.065000000 -24.655263 -12.374671 0.000000 0.000000 0.000000 -0.861756 0.507323
76.098000000 -24.620954 -12.312986 0.000000 0.000000 0.000000 -0.862215 0.506543
76.131000000 -24.586318 -12.251069 0.000000 0.000000 0.000000 -0.862638 0.505822
76.164000000 -24.552718 -12.189048 0.000000 0.000000 0.000000 -0.863027 0.505158
76.197000000 -24.518135 -12.127597 0.000000 0.000000 0.000000 -0.863383 0.504549
76.230000000 -24.483250 -12.065904 0.000000 0.000000 0.000000 -0.863708 0.503992
76.263000000 -24.451365 -12.006787 0.000000 0.000000 0.000000 -0.864004 0.503485
76.296000000 -24.416988 -11.946252 0.000000 0.000000 0.000000 -0.864272 0.503024
76.329000000 -24.382337 -11.885473 0.000000 0.000000 0.000000 -0.864514 0.502609
76.362000000 -24.349266 -11.826535 0.000000 0.000000 0.000000 -0.864731 0.502236
76.395000000 -24.315004 -11.766607 0.000000 0.000000 0.000000 -0.864924 0.501902
76.428000000 -24.253154 -11.650443 0.000000 0.000000 0.000000 -0.858218 0.513286
76.461000000 -24.219296 -11.589341 0.000000 0.000000 0.000000 -0.865248 0.501344
76.494000000 -24.184305 -11.528495 0.000000 0.000000 0.000000 -0.865380 0.501115
76.527000000 -24.149077 -11.467395 0.000000 0.000000 0.000000 -0.865491 0.500925
76.560000000 -24.144266 -11.458290 0.000000 0.000000 0.000000 -0.865457 0.500983
76.593000000 -24.109411 -11.397724 0.000000 0.000000 0.000000 -0.865165 0.501487
76.626000000 -24.074429 -11.336852 0.000000 0.000000 0.000000 -0.864613 0.502438
76.659000000 -24.041429 -11.271210 0.000000 0.000000 0.000000 -0.863795 0.503844
76.692000000 -24.006587 -11.209723 0.000000 0.000000 0.000000 -0.862730 0.505665
76.725000000 -23.971811 -11.147824 0.000000 0.000000 0.000000 -0.861459 0.507827
76.758000000 -23.937154 -11.085486 0.000000 0.000000 0.000000 -0.860018 0.510263
76.791000000 -23.938632 -11.089592 0.000000 0.000000 0.000000 -0.858439 0.512916
76.824000000 -23.905587 -11.028297 0.000000 0.000000 0.000000 -0.856748 0.515736
76.857000000 -23.833378 -10.907612 0.000000 0.000000 0.000000 -0.854968 0.518681
76.890000000 -23.801121 -10.845799 0.000000 0.000000 0.000000 -0.853120 0.521715
76.923000000 -23.769136 -10.783511 0.000000 0.000000 0.000000 -0.851222 0.524806
76.956000000 -23.726371 -10.720674 0.000000 0.000000 0.000000 -0.849290 0.527927
76.989000000 -23.694900 -10.657029 0.000000 0.000000 0.000000 -0.847338 0.531054
77.022000000 -23.663735 -10.592898 0.000000 0.000000 0.000000 -0.845379 0.534167
77.055000000 -23.620579 -10.537834 0.000000 0.000000 0.000000 -0.843426 0.537246
77.088000000 -23.590872 -10.474269 0.000000 0.000000 0.000000 -0.841488 0.540276
77.121000000 -23.561476 -10.410253 0.000000 0.000000 0.000000 -0.839575 0.543243
77.154000000 -23.514406 -10.353013 0.000000 0.000000 0.000000 -0.837697 0.546136
77.187000000 -23.485986 -10.288684 0.000000 0.000000 0.000000 -0.835858 0.548945
77.220000000 -23.457861 -10.223931 0.000000 0.000000 0.000000 -0.834068 0.551662
77.253000000 -23.408392 -10.166426 0.000000 0.000000 0.000000 -0.832330 0.554281
77.286000000 -23.381124 -10.101289 0.000000 0.000000 0.000000 -0.830649 0.556797
77.319000000 -23.354121 -10.035758 0.000000 0.000000 0.000000 -0.829029 0.559205
77.352000000 -23.327372 -9.969840 0.000000 0.000000 0.000000 -0.827474 0.561505
77.385000000 -23.303854 -9.984423 0.000000 0.000000 0.000000 -0.825985 0.563692
77.418000000 -23.278551 -9.919902 0.000000 0.000000 0.000000 -0.824564 0.565768
77.451000000 -23.253463 -9.855053 0.000000 0.000000 0.000000 -0.823213 0.567732
77.484000000 -23.199366 -9.799348 0.000000 0.000000 0.000000 -0.821932 0.569585
77.517000000 -23.174907 -9.734250 0.000000 0.000000 0.000000 -0.820722 0.571328
77.550000000 -23.095161 -9.612518 0.000000 0.000000 0.000000 -0.819581 0.572963
77.583000000 -23.071137 -9.546942 0.000000 0.000000 0.000000 -0.818510 0.574493
77.616000000 -23.047259 -9.481080 0.000000 0.000000 0.000000 -0.817507 0.575919
77.649000000 -22.992549 -9.428192 0.000000 0.000000 0.000000 -0.816571 0.577246
77.682000000 -22.969485 -9.363128 0.000000 0.000000 0.000000 -0.815700 0.578475
77.715000000 -22.946527 -9.297820 0.000000 0.000000 0.000000 -0.814892 0.579612
77.748000000 -22.923663 -9.232272 0.000000 0.000000 0.000000 -0.814208 0.580574
77.781000000 -22.890368 -9.244360 0.000000 0.000000 0.000000 -0.813803 0.581140
77.814000000 -22.868086 -9.179538 0.000000 0.000000 0.000000 -0.813685 0.581306
77.847000000 -22.787037 -9.058699 0.000000 0.000000 0.000000 -0.813854 0.581070
77.880000000 -22.764647 -8.993594 0.000000 0.000000 0.000000 -0.814317 0.580420
77.913000000 -22.742074 -8.928369 0.000000 0.000000 0.000000 -0.815077 0.579352
77.946000000 -22.686890 -8.876424 0.000000 0.000000 0.000000 -0.816095 0.577917
77.979000000 -22.664348 -8.812487 0.000000 0.000000 0.000000 -0.817326 0.576175
78.012000000 -22.641462 -8.748517 0.000000 0.000000 0.000000 -0.818731 0.574177
78.045000000 -22.586932 -8.690685 0.000000 0.000000 0.000000 -0.820277 0.571967
78.078000000 -22.563260 -8.626527 0.000000 0.000000 0.000000 -0.821933 0.569585
78.111000000 -22.539143 -8.562375 0.000000 0.000000 0.000000 -0.823673 0.567065
78.144000000 -22.489035 -8.507066 0.000000 0.000000 0.000000 -0.825476 0.564437
78.177000000 -22.464347 -8.443745 0.000000 0.000000 0.000000 -0.827320 0.561730
78.210000000 -22.439176 -8.380470 0.000000 0.000000 0.000000 -0.829189 0.558969
78.243000000 -22.413514 -8.317248 0.000000 0.000000 0.000000 -0.831066 0.556174
78.276000000 -22.390799 -8.318034 0.000000 0.000000 0.000000 -0.832937 0.553367
78.309000000 -22.363902 -8.254135 0.000000 0.000000 0.000000 -0.834792 0.550565
78.342000000 -22.336500 -8.190289 0.000000 0.000000 0.000000 -0.836620 0.547784
78.375000000 -22.292489 -8.129561 0.000000 0.000000 0.000000 -0.838412 0.545038
78.408000000 -22.264185 -8.065893 0.000000 0.000000 0.000000 -0.840160 0.542339
78.441000000 -22.194810 -7.942323 0.000000 0.000000 0.000000 -0.841859 0.539698
78.474000000 -22.165760 -7.879151 0.000000 0.000000 0.000000 -0.843503 0.537125
78.507000000 -22.136249 -7.816039 0.000000 0.000000 0.000000 -0.845088 0.534627
78.540000000 -22.096945 -7.763737 0.000000 0.000000 0.000000 -0.846612 0.532211
78.573000000 -22.067629 -7.702999 0.000000 0.000000 0.000000 -0.848071 0.529882
78.606000000 -22.037927 -7.642450 0.000000 0.000000 0.000000 -0.849465 0.527645
78.639000000 -21.996795 -7.583536 0.000000 0.000000 0.000000 -0.850792 0.525503
78.672000000 -21.966427 -7.523095 0.000000 0.000000 0.000000 -0.852052 0.523458
78.705000000 -21.935712 -7.462830 0.000000 0.000000 0.000000 -0.853244 0.521511
78.738000000 -21.904665 -7.402737 0.000000 0.000000 0.000000 -0.854370 0.519665
78.771000000 -21.893953 -7.403743 0.000000 0.000000 0.000000 -0.855430 0.517918
78.804000000 -21.862370 -7.343578 0.000000 0.000000 0.000000 -0.856426 0.516270
78.837000000 -21.791532 -7.225671 0.000000 0.000000 0.000000 -0.857358 0.514720
78.870000000 -21.759641 -7.166002 0.000000 0.000000 0.000000 -0.858229 0.513267
78.903000000 -21.727495 -7.106472 0.000000 0.000000 0.000000 -0.859040 0.511908
78.936000000 -21.688195 -7.054271 0.000000 0.000000 0.000000 -0.859794 0.510642
78.969000000 -21.656423 -6.996150 0.000000 0.000000 0.000000 -0.860492 0.509465
79.002000000 -21.624444 -6.938144 0.000000 0.000000 0.000000 -0.861136 0.508374
79.035000000 -21.582914 -6.880163 0.000000 0.000000 0.000000 -0.861730 0.507367
79.068000000 -21.550464 -6.821840 0.000000 0.000000 0.000000 -0.862275 0.506441
79.101000000 -21.517846 -6.763612 0.000000 0.000000 0.000000 -0.862773 0.505591
79.134000000 -21.477716 -6.703826 0.000000 0.000000 0.000000 -0.863228 0.504815
79.167000000 -21.444616 -6.645133 0.000000 0.000000 0.000000 -0.863641 0.504108
79.200000000 -21.411384 -6.586517 0.000000 0.000000 0.000000 -0.864014 0.503468
79.266000000 -21.342912 -6.469006 0.000000 0.000000 0.000000 -0.864651 0.502373
79.299000000 -21.309564 -6.410704 0.000000 0.000000 0.000000 -0.864920 0.501910
79.332000000 -21.276123 -6.352456 0.000000 0.000000 0.000000 -0.865158 0.501500
79.365000000 -21.273513 -6.351697 0.000000 0.000000 0.000000 -0.865367 0.501138
79.398000000 -21.240075 -6.293535 0.000000 0.000000 0.000000 -0.865551 0.500821
79.431000000 -21.206564 -6.235415 0.000000 0.000000 0.000000 -0.865710 0.500546
79.464000000 -21.172987 -6.177336 0.000000 0.000000 0.000000 -0.865847 0.500309
79.497000000 -21.171488 -6.176455 0.000000 0.000000 0.000000 -0.865963 0.500107
79.530000000 -21.076202 -6.007101 0.000000 0.000000 0.000000 -0.855972 0.517022
79.563000000 -21.045314 -5.948461 0.000000 0.000000 0.000000 -0.856064 0.516870
79.596000000 -21.012126 -5.891036 0.000000 0.000000 0.000000 -0.866206 0.499687
79.629000000 -20.978977 -5.835169 0.000000 0.000000 0.000000 -0.856109 0.516795
79.662000000 -20.948229 -5.776868 0.000000 0.000000 0.000000 -0.856155 0.516720
79.695000000 -20.915216 -5.719768 0.000000 0.000000 0.000000 -0.866319 0.499490
79.728000000 -20.882096 -5.662791 0.000000 0.000000 0.000000 -0.866335 0.499464
79.761000000 -20.877982 -5.660692 0.000000 0.000000 0.000000 -0.866340 0.499454
79.794000000 -20.845696 -5.605036 0.000000 0.000000 0.000000 -0.866338 0.499458
79.827000000 -20.813387 -5.549406 0.000000 0.000000 0.000000 -0.866328 0.499476
79.860000000 -20.783212 -5.493954 0.000000 0.000000 0.000000 -0.866311 0.499505
79.893000000 -20.751354 -5.439018 0.000000 0.000000 0.000000 -0.866288 0.499544
79.926000000 -20.719479 -5.384110 0.000000 0.000000 0.000000 -0.866261 0.499592
79.959000000 -20.689941 -5.329387 0.000000 0.000000 0.000000 -0.866228 0.499648
79.992000000 -20.658535 -5.275190 0.000000 0.000000 0.000000 -0.866193 0.499710
80.025000000 -20.627119 -5.221024 0.000000 0.000000 0.000000 -0.866153 0.499778
80.058000000 -20.599529 -5.165968 0.000000 0.000000 0.000000 -0.866112 0.499851
80.091000000 -20.568552 -5.112451 0.000000 0.000000 0.000000 -0.866068 0.499927
80.124000000 -20.537570 -5.058970 0.000000 0.000000 0.000000 -0.866022 0.500006
80.157000000 -20.509981 -5.006989 0.000000 0.000000 0.000000 -0.865975 0.500088
80.190000000 -20.479679 -4.954573 0.000000 0.000000 0.000000 -0.865926 0.500171
80.223000000 -20.449381 -4.902201 0.000000 0.000000 0.000000 -0.865877 0.500256
80.256000000 -20.419086 -4.849873 0.000000 0.000000 0.000000 -0.865828 0.500342
80.289000000 -20.422339 -4.850992 0.000000 0.000000 0.000000 -0.865778 0.500427
80.322000000 -20.392684 -4.799598 0.000000 0.000000 0.000000 -0.865729 0.500513
80.355000000 -20.363038 -4.748258 0.000000 0.000000 0.000000 -0.865680 0.500598
80.388000000 -20.337146 -4.695683 0.000000 0.000000 0.000000 -0.865631 0.500683
80.421000000 -20.307891 -4.644913 0.000000 0.000000 0.000000 -0.865583 0.500766
80.454000000 -20.278650 -4.594202 0.000000 0.000000 0.000000 -0.865535 0.500848
80.487000000 -20.253166 -4.544574 0.000000 0.000000 0.000000 -0.865489 0.500928
80.520000000 -20.224571 -4.494883 0.000000 0.000000 0.000000 -0.865443 0.501007
80.553000000 -20.171322 -4.395225 0.000000 0.000000 0.000000 -0.865398 0.501084
80.586000000 -20.143223 -4.346354 0.000000 0.000000 0.000000 -0.865355 0.501159
80.619000000 -20.115150 -4.297562 0.000000 0.000000 0.000000 -0.865313 0.501232
80.652000000 -20.087102 -4.248850 0.000000 0.000000 0.000000 -0.865272 0.501303
80.685000000 -20.091293 -4.248723 0.000000 0.000000 0.000000 -0.865232 0.501372
80.718000000 -20.063768 -4.200774 0.000000 0.000000 0.000000 -0.865193 0.501439
80.751000000 -20.036274 -4.152912 0.000000 0.000000 0.000000 -0.865156 0.501503
80.784000000 -20.008811 -4.105139 0.000000 0.000000 0.000000 -0.865120 0.501565
80.817000000 -20.012722 -4.105208 0.000000 0.000000 0.000000 -0.865085 0.501625
80.850000000 -19.936174 -3.964052 0.000000 0.000000 0.000000 -0.865052 0.501682
80.883000000 -19.909752 -3.917945 0.000000 0.000000 0.000000 -0.865020 0.501737
80.916000000 -19.883374 -3.871949 0.000000 0.000000 0.000000 -0.864990 0.501790
80.949000000 -19.857039 -3.826061 0.000000 0.000000 0.000000 -0.864960 0.501841
80.982000000 -19.861113 -3.826178 0.000000 0.000000 0.000000 -0.864932 0.501889
81.015000000 -19.801580 -3.715575 0.000000 0.000000 0.000000 -0.852625 0.522523
81.048000000 -19.778480 -3.670278 0.000000 0.000000 0.000000 -0.852598 0.522568
81.081000000 -19.755431 -3.625116 0.000000 0.000000 0.000000 -0.852572 0.522610
81.114000000 -19.730508 -3.583799 0.000000 0.000000 0.000000 -0.852428 0.522844
81.147000000 -19.707875 -3.539331 0.000000 0.000000 0.000000 -0.852404 0.522883
81.180000000 -19.685297 -3.495006 0.000000 0.000000 0.000000 -0.852382 0.522920
81.213000000 -19.662773 -3.450823 0.000000 0.000000 0.000000 -0.852361 0.522955
81.246000000 -19.647311 -3.429581 0.000000 0.000000 0.000000 -0.852242 0.523147
81.279000000 -19.625331 -3.386345 0.000000 0.000000 0.000000 -0.852223 0.523178
81.312000000 -19.603413 -3.343263 0.000000 0.000000 0.000000 -0.852205 0.523208
81.345000000 -19.578463 -3.303077 0.000000 0.000000 0.000000 -0.852091 0.523394
81.378000000 -19.556937 -3.260668 0.000000 0.000000 0.000000 -0.852074 0.523421
81.411000000 -19.535474 -3.218420 0.000000 0.000000 0.000000 -0.852059 0.523446
81.444000000 -19.511481 -3.179646 0.000000 0.000000 0.000000 -0.851936 0.523646
81.477000000 -19.490494 -3.138238 0.000000 0.000000 0.000000 -0.851922 0.523668
81.510000000 -19.469576 -3.097000 0.000000 0.000000 0.000000 -0.851910 0.523689
81.543000000 -19.446292 -3.058265 0.000000 0.000000 0.000000 -0.851813 0.523846
81.576000000 -19.425751 -3.017690 0.000000 0.000000 0.000000 -0.851802 0.523864
81.609000000 -19.405283 -2.977290 0.000000 0.000000 0.000000 -0.851791 0.523881
81.642000000 -19.382093 -2.941139 0.000000 0.000000 0.000000 -0.851655 0.524104
81.675000000 -19.362166 -2.901714 0.000000 0.000000 0.000000 -0.851645 0.524118
81.708000000 -19.342317 -2.862477 0.000000 0.000000 0.000000 -0.851637 0.524132
81.741000000 -19.319787 -2.826182 0.000000 0.000000 0.000000 -0.851531 0.524304
81.774000000 -19.300340 -2.787661 0.000000 0.000000 0.000000 -0.851524 0.524316
81.807000000 -19.280976 -2.749334 0.000000 0.000000 0.000000 -0.851517 0.524327
81.840000000 -19.259073 -2.714316 0.000000 0.000000 0.000000 -0.851446 0.524443
81.873000000 -19.240147 -2.676795 0.000000 0.000000 0.000000 -0.851440 0.524452
81.906000000 -19.221308 -2.639476 0.000000 0.000000 0.000000 -0.851434 0.524461
81.939000000 -19.199735 -2.604705 0.000000 0.000000 0.000000 -0.851356 0.524588
81.972000000 -19.181245 -2.568016 0.000000 0.000000 0.000000 -0.851352 0.524596
82.005000000 -19.156813 -2.529104 0.000000 0.000000 0.000000 -0.851274 0.524721
82.038000000 -19.138778 -2.493265 0.000000 0.000000 0.000000 -0.851270 0.524727
82.071000000 -19.120838 -2.457641 0.000000 0.000000 0.000000 -0.851267 0.524733
82.104000000 -19.102992 -2.422232 0.000000 0.000000 0.000000 -0.851264 0.524738
82.137000000 -19.083409 -2.391781 0.000000 0.000000 0.000000 -0.851176 0.524880
82.170000000 -19.065510 -2.356199 0.000000 0.000000 0.000000 -0.851174 0.524884
82.203000000 -19.047699 -2.320820 0.000000 0.000000 0.000000 -0.851172 0.524887
82.236000000 -19.029979 -2.285645 0.000000 0.000000 0.000000 -0.851170 0.524890
82.269000000 -19.025330 -2.284318 0.000000 0.000000 0.000000 -0.851045 0.525093
82.302000000 -19.007394 -2.248617 0.000000 0.000000 0.000000 -0.851044 0.525095
82.335000000 -18.967603 -2.176988 0.000000 0.000000 0.000000 -0.850959 0.525233
82.368000000 -18.949694 -2.141310 0.000000 0.000000 0.000000 -0.850958 0.525234
82.401000000 -18.931864 -2.105812 0.000000 0.000000 0.000000 -0.850957 0.525235
82.434000000 -18.909617 -2.070003 0.000000 0.000000 0.000000 -0.850868 0.525379
82.467000000 -18.891741 -2.034359 0.000000 0.000000 0.000000 -0.850868 0.525379
82.533000000 -18.851872 -1.962488 0.000000 0.000000 0.000000 -0.850879 0.525362
82.566000000 -18.833953 -1.926759 0.000000 0.000000 0.000000 -0.850879 0.525362
82.599000000 -18.816104 -1.891189 0.000000 0.000000 0.000000 -0.850879 0.525361
82.632000000 -18.798324 -1.855779 0.000000 0.000000 0.000000 -0.850880 0.525360
82.665000000 -18.794097 -1.855191 0.000000 0.000000 0.000000 -0.850778 0.525525
82.698000000 -18.776196 -1.819462 0.000000 0.000000 0.000000 -0.850779 0.525523
82.731000000 -18.758359 -1.783880 0.000000 0.000000 0.000000 -0.850780 0.525522
82.764000000 -18.736618 -1.747200 0.000000 0.000000 0.000000 -0.850688 0.525671
82.797000000 -18.718671 -1.711346 0.000000 0.000000 0.000000 -0.850689 0.525670
82.830000000 -18.700784 -1.675629 0.000000 0.000000 0.000000 -0.850690 0.525668
82.863000000 -18.679359 -1.640238 0.000000 0.000000 0.000000 -0.850539 0.525912
82.896000000 -18.661530 -1.604568 0.000000 0.000000 0.000000 -0.850427 0.526093
82.929000000 -18.643774 -1.569023 0.000000 0.000000 0.000000 -0.850224 0.526420
82.962000000 -18.626103 -1.533597 0.000000 0.000000 0.000000 -0.849930 0.526895
82.995000000 -18.622560 -1.530964 0.000000 0.000000 0.000000 -0.849976 0.526821
83.028000000 -18.604616 -1.494867 0.000000 0.000000 0.000000 -0.849684 0.527292
83.061000000 -18.586760 -1.458866 0.000000 0.000000 0.000000 -0.849392 0.527762
83.094000000 -18.566395 -1.424248 0.000000 0.000000 0.000000 -0.861589 0.507606
83.127000000 -18.563924 -1.423522 0.000000 0.000000 0.000000 -0.860887 0.508796
83.160000000 -18.544518 -1.388289 0.000000 0.000000 0.000000 -0.860131 0.510073
83.193000000 -18.505746 -1.314334 0.000000 0.000000 0.000000 -0.859325 0.511430
83.226000000 -18.486289 -1.278611 0.000000 0.000000 0.000000 -0.858475 0.512856
83.259000000 -18.447570 -1.204882 0.000000 0.000000 0.000000 -0.857584 0.514343
83.292000000 -18.428299 -1.168902 0.000000 0.000000 0.000000 -0.856658 0.515885
83.325000000 -18.409130 -1.132874 0.000000 0.000000 0.000000 -0.855700 0.517473
83.358000000 -18.388823 -1.095254 0.000000 0.000000 0.000000 -0.854713 0.519101
83.391000000 -18.369912 -1.058942 0.000000 0.000000 0.000000 -0.853701 0.520763
83.424000000 -18.351126 -1.022572 0.000000 0.000000 0.000000 -0.852668 0.522453
83.457000000 -18.332470 -0.986139 0.000000 0.000000 0.000000 -0.851616 0.524166
83.490000000 -18.330526 -0.985821 0.000000 0.000000 0.000000 -0.850549 0.525896
83.523000000 -18.312249 -0.949271 0.000000 0.000000 0.000000 -0.849469 0.527639
83.556000000 -18.294116 -0.912653 0.000000 0.000000 0.000000 -0.848379 0.529389
83.589000000 -18.271425 -0.876083 0.000000 0.000000 0.000000 -0.847282 0.531143
83.622000000 -18.253564 -0.839204 0.000000 0.000000 0.000000 -0.846180 0.532897
83.655000000 -18.235856 -0.802253 0.000000 0.000000 0.000000 -0.845075 0.534647
83.688000000 -18.212223 -0.766408 0.000000 0.000000 0.000000 -0.843970 0.536390
83.721000000 -18.194833 -0.729313 0.000000 0.000000 0.000000 -0.842867 0.538122
83.754000000 -18.153364 -0.657733 0.000000 0.000000 0.000000 -0.841768 0.539840
83.787000000 -18.136409 -0.620765 0.000000 0.000000 0.000000 -0.840674 0.541542
83.820000000 -18.119612 -0.583724 0.000000 0.000000 0.000000 -0.839588 0.543224
83.853000000 -18.094663 -0.548581 0.000000 0.000000 0.000000 -0.838510 0.544886
83.886000000 -18.078169 -0.511429 0.000000 0.000000 0.000000 -0.837443 0.546524
83.919000000 -18.061831 -0.474205 0.000000 0.000000 0.000000 -0.836389 0.548137
83.952000000 -18.036416 -0.440099 0.000000 0.000000 0.000000 -0.835347 0.549723
83.985000000 -18.020454 -0.402982 0.000000 0.000000 0.000000 -0.834320 0.551280
84.018000000 -18.004646 -0.365796 0.000000 0.000000 0.000000 -0.833309 0.552808
84.051000000 -17.978123 -0.331969 0.000000 0.000000 0.000000 -0.832314 0.554304
84.084000000 -17.962646 -0.294848 0.000000 0.000000 0.000000 -0.831337 0.555768
84.117000000 -17.947316 -0.257663 0.000000 0.000000 0.000000 -0.830379 0.557199
84.150000000 -17.932132 -0.220413 0.000000 0.000000 0.000000 -0.829439 0.558597
84.183000000 -17.919992 -0.223570 0.000000 0.000000 0.000000 -0.828520 0.559959
84.216000000 -17.905043 -0.186285 0.000000 0.000000 0.000000 -0.827621 0.561287
84.249000000 -17.890232 -0.148941 0.000000 0.000000 0.000000 -0.826743 0.562579
84.282000000 -17.861770 -0.114697 0.000000 0.000000 0.000000 -0.825887 0.563836
84.315000000 -17.847152 -0.077220 0.000000 0.000000 0.000000 -0.825053 0.565056
84.348000000 -17.832663 -0.039688 0.000000 0.000000 0.000000 -0.824240 0.566240
84.381000000 -17.803829 -0.006999 0.000000 0.000000 0.000000 -0.823451 0.567388
84.414000000 -17.789654 0.030289 0.000000 0.000000 0.000000 -0.822684 0.568500
84.447000000 -17.745337 0.100501 0.000000 0.000000 0.000000 -0.821939 0.569575
84.480000000 -17.731408 0.137736 0.000000 0.000000 0.000000 -0.821218 0.570615
84.513000000 -17.717594 0.175017 0.000000 0.000000 0.000000 -0.820519 0.571619
84.546000000 -17.703890 0.212344 0.000000 0.000000 0.000000 -0.819843 0.572588
84.579000000 -17.690295 0.249715 0.000000 0.000000 0.000000 -0.819191 0.573521
84.612000000 -17.686992 0.207283 0.000000 0.000000 0.000000 -0.818560 0.574421
84.645000000 -17.673595 0.244428 0.000000 0.000000 0.000000 -0.817953 0.575285
84.678000000 -17.628643 0.313641 0.000000 0.000000 0.000000 -0.817368 0.576117
84.711000000 -17.615470 0.350640 0.000000 0.000000 0.000000 -0.816805 0.576915
84.744000000 -17.602388 0.387676 0.000000 0.000000 0.000000 -0.816263 0.577680
84.777000000 -17.570743 0.421336 0.000000 0.000000 0.000000 -0.815744 0.578413
84.810000000 -17.557716 0.458584 0.000000 0.000000 0.000000 -0.815246 0.579115
84.843000000 -17.512914 0.528367 0.000000 0.000000 0.000000 -0.814769 0.579786
84.876000000 -17.500062 0.565510 0.000000 0.000000 0.000000 -0.814312 0.580427
84.909000000 -17.487286 0.602683 0.000000 0.000000 0.000000 -0.813876 0.581038
84.942000000 -17.455557 0.635860 0.000000 0.000000 0.000000 -0.813460 0.581621
84.975000000 -17.442871 0.673059 0.000000 0.000000 0.000000 -0.813063 0.582176
85.008000000 -17.430252 0.710285 0.000000 0.000000 0.000000 -0.812685 0.582703
85.041000000 -17.398172 0.743684 0.000000 0.000000 0.000000 -0.812326 0.583203
85.074000000 -17.385615 0.780976 0.000000 0.000000 0.000000 -0.811985 0.583678
85.107000000 -17.373116 0.818291 0.000000 0.000000 0.000000 -0.811662 0.584127
85.140000000 -17.360672 0.855628 0.000000 0.000000 0.000000 -0.811356 0.584552
85.173000000 -17.340967 0.850648 0.000000 0.000000 0.000000 -0.811067 0.584953
85.206000000 -17.328643 0.887768 0.000000 0.000000 0.000000 -0.810794 0.585331
85.239000000 -17.283613 0.957745 0.000000 0.000000 0.000000 -0.810537 0.585687
85.272000000 -17.271369 0.994845 0.000000 0.000000 0.000000 -0.810296 0.586021
85.305000000 -17.259167 1.031962 0.000000 0.000000 0.000000 -0.810069 0.586335
85.338000000 -17.226299 1.064630 0.000000 0.000000 0.000000 -0.809857 0.586628
85.371000000 -17.214166 1.101675 0.000000 0.000000 0.000000 -0.809658 0.586902
85.404000000 -17.202069 1.138733 0.000000 0.000000 0.000000 -0.809473 0.587157
85.437000000 -17.190006 1.175805 0.000000 0.000000 0.000000 -0.809301 0.587394
85.470000000 -17.169198 1.171433 0.000000 0.000000 0.000000 -0.809141 0.587614
85.503000000 -17.157176 1.208433 0.000000 0.000000 0.000000 -0.808994 0.587817
85.536000000 -17.145182 1.245445 0.000000 0.000000 0.000000 -0.808858 0.588004
85.569000000 -17.112151 1.278078 0.000000 0.000000 0.000000 -0.808733 0.588176
85.602000000 -17.100202 1.315022 0.000000 0.000000 0.000000 -0.808618 0.588334
85.635000000 -17.055252 1.384657 0.000000 0.000000 0.000000 -0.808514 0.588477
85.668000000 -17.043347 1.421553 0.000000 0.000000 0.000000 -0.808420 0.588606
85.701000000 -17.031462 1.458457 0.000000 0.000000 0.000000 -0.808335 0.588723
85.734000000 -16.998211 1.491141 0.000000 0.000000 0.000000 -0.808258 0.588828
85.767000000 -16.986349 1.528009 0.000000 0.000000 0.000000 -0.808191 0.588921
85.833000000 -16.962670 1.601762 0.000000 0.000000 0.000000 -0.808079 0.589074
85.866000000 -16.941801 1.597236 0.000000 0.000000 0.000000 -0.808034 0.589136
85.899000000 -16.930012 1.633967 0.000000 0.000000 0.000000 -0.807996 0.589187
85.932000000 -16.918233 1.670702 0.000000 0.000000 0.000000 -0.807965 0.589230
85.965000000 -16.885703 1.703736 0.000000 0.000000 0.000000 -0.807940 0.589265
85.998000000 -16.873914 1.740503 0.000000 0.000000 0.000000 -0.807921 0.589291
86.031000000 -16.862131 1.777272 0.000000 0.000000 0.000000 -0.807907 0.589310
86.064000000 -16.850355 1.814044 0.000000 0.000000 0.000000 -0.807899 0.589321
86.097000000 -16.829758 1.810311 0.000000 0.000000 0.000000 -0.807895 0.589326
86.130000000 -16.817970 1.847089 0.000000 0.000000 0.000000 -0.807896 0.589325
86.163000000 -16.773726 1.916014 0.000000 0.000000 0.000000 -0.807901 0.589318
86.196000000 -16.761999 1.952594 0.000000 0.000000 0.000000 -0.807910 0.589305
86.229000000 -16.750274 1.989176 0.000000 0.000000 0.000000 -0.807923 0.589288
86.262000000 -16.738550 2.025757 0.000000 0.000000 0.000000 -0.807940 0.589265
86.295000000 -16.717659 2.021975 0.000000 0.000000 0.000000 -0.807959 0.589239
86.328000000 -16.705921 2.058561 0.000000 0.000000 0.000000 -0.807982 0.589208
86.361000000 -16.661621 2.128030 0.000000 0.000000 0.000000 -0.808007 0.589173
86.394000000 -16.649870 2.164636 0.000000 0.000000 0.000000 -0.808034 0.589135
86.427000000 -16.638116 2.201242 0.000000 0.000000 0.000000 -0.808064 0.589094
86.460000000 -16.605784 2.234223 0.000000 0.000000 0.000000 -0.808096 0.589051
86.493000000 -16.594012 2.270850 0.000000 0.000000 0.000000 -0.808130 0.589004
86.526000000 -16.582237 2.307477 0.000000 0.000000 0.000000 -0.808166 0.588955
86.559000000 -16.570458 2.344102 0.000000 0.000000 0.000000 -0.808203 0.588905
86.592000000 -16.550246 2.340683 0.000000 0.000000 0.000000 -0.808241 0.588852
86.625000000 -16.538439 2.377355 0.000000 0.000000 0.000000 -0.808280 0.588798
86.658000000 -16.494960 2.447543 0.000000 0.000000 0.000000 -0.808321 0.588742
86.691000000 -16.483113 2.484301 0.000000 0.000000 0.000000 -0.808362 0.588685
86.724000000 -16.471262 2.521057 0.000000 0.000000 0.000000 -0.808404 0.588628
86.757000000 -16.439506 2.553912 0.000000 0.000000 0.000000 -0.808447 0.588569
86.790000000 -16.427669 2.590584 0.000000 0.000000 0.000000 -0.808490 0.588510
86.823000000 -16.415827 2.627253 0.000000 0.000000 0.000000 -0.808534 0.588450
86.856000000 -16.384204 2.660412 0.000000 0.000000 0.000000 -0.808577 0.588390
86.889000000 -16.372351 2.697077 0.000000 0.000000 0.000000 -0.808621 0.588330
86.922000000 -16.360492 2.733740 0.000000 0.000000 0.000000 -0.808665 0.588269
86.955000000 -16.328732 2.766795 0.000000 0.000000 0.000000 -0.808709 0.588209
86.988000000 -16.316869 2.803436 0.000000 0.000000 0.000000 -0.808752 0.588149
87.021000000 -16.305000 2.840074 0.000000 0.000000 0.000000 -0.808796 0.588089
87.054000000 -16.293124 2.876710 0.000000 0.000000 0.000000 -0.808839 0.588030
87.087000000 -16.281243 2.913344 0.000000 0.000000 0.000000 -0.808882 0.587971
87.120000000 -16.273595 2.873776 0.000000 0.000000 0.000000 -0.808924 0.587913
87.153000000 -16.218442 2.980399 0.000000 0.000000 0.000000 -0.808966 0.587855
87.186000000 -16.206527 3.017088 0.000000 0.000000 0.000000 -0.809007 0.587798
87.219000000 -16.194606 3.053775 0.000000 0.000000 0.000000 -0.809048 0.587742
87.252000000 -16.163149 3.087051 0.000000 0.000000 0.000000 -0.809088 0.587687
87.285000000 -16.151217 3.123737 0.000000 0.000000 0.000000 -0.809128 0.587633
87.318000000 -16.139280 3.160421 0.000000 0.000000 0.000000 -0.809167 0.587579
87.351000000 -16.127338 3.197102 0.000000 0.000000 0.000000 -0.809205 0.587527
87.384000000 -16.108093 3.193960 0.000000 0.000000 0.000000 -0.809242 0.587475
87.417000000 -16.096127 3.230686 0.000000 0.000000 0.000000 -0.809279 0.587425
87.450000000 -16.052709 3.300953 0.000000 0.000000 0.000000 -0.809314 0.587376
87.483000000 -16.040718 3.337725 0.000000 0.000000 0.000000 -0.809349 0.587328
87.516000000 -16.028722 3.374494 0.000000 0.000000 0.000000 -0.809383 0.587281
87.549000000 -15.997655 3.408022 0.000000 0.000000 0.000000 -0.809416 0.587235
87.582000000 -15.985648 3.444800 0.000000 0.000000 0.000000 -0.809448 0.587191
87.615000000 -15.973636 3.481576 0.000000 0.000000 0.000000 -0.809480 0.587148
87.648000000 -15.942486 3.514787 0.000000 0.000000 0.000000 -0.809510 0.587106
87.681000000 -15.930487 3.551501 0.000000 0.000000 0.000000 -0.809540 0.587065
87.714000000 -15.918483 3.588213 0.000000 0.000000 0.000000 -0.809569 0.587025
87.747000000 -15.887195 3.622272 0.000000 0.000000 0.000000 -0.809596 0.586987
87.780000000 -15.875134 3.659138 0.000000 0.000000 0.000000 -0.809623 0.586950
87.813000000 -15.839655 3.707225 0.000000 0.000000 0.000000 -0.788487 0.615052
87.846000000 -15.830219 3.744817 0.000000 0.000000 0.000000 -0.788513 0.615018
87.879000000 -15.820780 3.782408 0.000000 0.000000 0.000000 -0.788539 0.614984
87.912000000 -15.785249 3.813767 0.000000 0.000000 0.000000 -0.788487 0.615052
87.945000000 -15.775792 3.851447 0.000000 0.000000 0.000000 -0.788511 0.615021
87.978000000 -15.766331 3.889124 0.000000 0.000000 0.000000 -0.788534 0.614992
88.011000000 -15.756865 3.926801 0.000000 0.000000 0.000000 -0.788556 0.614963
88.044000000 -15.747397 3.964476 0.000000 0.000000 0.000000 -0.788577 0.614936
88.077000000 -15.724715 3.944980 0.000000 0.000000 0.000000 -0.788500 0.615034
88.110000000 -15.715282 3.982552 0.000000 0.000000 0.000000 -0.788520 0.615009
88.143000000 -15.669879 4.052766 0.000000 0.000000 0.000000 -0.788381 0.615187
88.176000000 -15.660430 4.090462 0.000000 0.000000 0.000000 -0.788399 0.615164
88.209000000 -15.650979 4.128158 0.000000 0.000000 0.000000 -0.788416 0.615142
88.242000000 -15.641524 4.165852 0.000000 0.000000 0.000000 -0.788433 0.615121
88.275000000 -15.615454 4.160424 0.000000 0.000000 0.000000 -0.788273 0.615326
88.308000000 -15.606025 4.198098 0.000000 0.000000 0.000000 -0.788288 0.615307
88.341000000 -15.560879 4.268260 0.000000 0.000000 0.000000 -0.788166 0.615463
88.374000000 -15.551453 4.305979 0.000000 0.000000 0.000000 -0.788179 0.615446
88.407000000 -15.542025 4.343697 0.000000 0.000000 0.000000 -0.788192 0.615430
88.440000000 -15.532594 4.381413 0.000000 0.000000 0.000000 -0.788204 0.615414
88.473000000 -15.506579 4.375701 0.000000 0.000000 0.000000 -0.788058 0.615602
88.506000000 -15.497191 4.413323 0.000000 0.000000 0.000000 -0.788068 0.615588
88.539000000 -15.451894 4.483428 0.000000 0.000000 0.000000 -0.788068 0.615588
88.572000000 -15.442490 4.521111 0.000000 0.000000 0.000000 -0.788078 0.615575
88.605000000 -15.433083 4.558794 0.000000 0.000000 0.000000 -0.788087 0.615564
88.638000000 -15.397237 4.591294 0.000000 0.000000 0.000000 -0.787900 0.615803
88.671000000 -15.387842 4.629029 0.000000 0.000000 0.000000 -0.787908 0.615793
88.704000000 -15.378445 4.666763 0.000000 0.000000 0.000000 -0.787916 0.615783
88.737000000 -15.342525 4.699335 0.000000 0.000000 0.000000 -0.787916 0.615783
88.770000000 -15.333115 4.737122 0.000000 0.000000 0.000000 -0.787922 0.615775
88.803000000 -15.323704 4.774908 0.000000 0.000000 0.000000 -0.787928 0.615767
88.836000000 -15.287786 4.807112 0.000000 0.000000 0.000000 -0.787797 0.615935
88.869000000 -15.278402 4.844855 0.000000 0.000000 0.000000 -0.787802 0.615929
88.902000000 -15.269017 4.882599 0.000000 0.000000 0.000000 -0.787806 0.615923
88.935000000 -15.233181 4.915464 0.000000 0.000000 0.000000 -0.787690 0.616072
88.968000000 -15.223783 4.953324 0.000000 0.000000 0.000000 -0.787694 0.616067
89.001000000 -15.214383 4.991183 0.000000 0.000000 0.000000 -0.787697 0.616063
89.034000000 -15.204982 5.029041 0.000000 0.000000 0.000000 -0.787700 0.616059
89.067000000 -15.178434 5.023212 0.000000 0.000000 0.000000 -0.787700 0.616058
89.133000000 -15.159687 5.098716 0.000000 0.000000 0.000000 -0.787705 0.616053
89.166000000 -15.123753 5.131110 0.000000 0.000000 0.000000 -0.787533 0.616273
89.199000000 -15.114399 5.168871 0.000000 0.000000 0.000000 -0.787534 0.616271
89.232000000 -15.105045 5.206633 0.000000 0.000000 0.000000 -0.787536 0.616269
89.265000000 -15.068978 5.239239 0.000000 0.000000 0.000000 -0.787382 0.616466
89.298000000 -15.059628 5.277063 0.000000 0.000000 0.000000 -0.787383 0.616464
89.331000000 -15.050278 5.314887 0.000000 0.000000 0.000000 -0.787383 0.616464
89.364000000 -15.014228 5.347203 0.000000 0.000000 0.000000 -0.787398 0.616445
89.397000000 -15.004884 5.384997 0.000000 0.000000 0.000000 -0.787398 0.616445
89.430000000 -14.995540 5.422791 0.000000 0.000000 0.000000 -0.787398 0.616445
89.463000000 -14.959413 5.455218 0.000000 0.000000 0.000000 -0.787398 0.616445
89.496000000 -14.950067 5.493020 0.000000 0.000000 0.000000 -0.787397 0.616446
89.529000000 -14.940720 5.530823 0.000000 0.000000 0.000000 -0.787397 0.616446
89.562000000 -14.931373 5.568625 0.000000 0.000000 0.000000 -0.787396 0.616447
89.595000000 -14.904673 5.563433 0.000000 0.000000 0.000000 -0.787397 0.616446
89.628000000 -14.895316 5.601280 0.000000 0.000000 0.000000 -0.787396 0.616447
89.661000000 -14.849592 5.671572 0.000000 0.000000 0.000000 -0.787279 0.616597
89.727000000 -14.830900 5.747300 0.000000 0.000000 0.000000 -0.787277 0.616600
89.760000000 -14.794659 5.779668 0.000000 0.000000 0.000000 -0.787086 0.616843
89.793000000 -14.785341 5.817520 0.000000 0.000000 0.000000 -0.787085 0.616845
89.826000000 -14.741842 5.879958 0.000000 0.000000 0.000000 -0.787107 0.616817
89.859000000 -14.732512 5.917847 0.000000 0.000000 0.000000 -0.787106 0.616818
89.892000000 -14.723183 5.955737 0.000000 0.000000 0.000000 -0.787104 0.616820
89.925000000 -14.713853 5.993626 0.000000 0.000000 0.000000 -0.787102 0.616822
89.958000000 -14.684990 5.996358 0.000000 0.000000 0.000000 -0.786988 0.616969
89.991000000 -14.675670 6.034273 0.000000 0.000000 0.000000 -0.786986 0.616971
90.024000000 -14.666349 6.072188 0.000000 0.000000 0.000000 -0.786984 0.616973
90.057000000 -14.629997 6.104838 0.000000 0.000000 0.000000 -0.786999 0.616954
90.090000000 -14.620666 6.142791 0.000000 0.000000 0.000000 -0.787051 0.616888
90.123000000 -14.611328 6.180742 0.000000 0.000000 0.000000 -0.787208 0.616688
90.156000000 -14.575524 6.212998 0.000000 0.000000 0.000000 -0.787175 0.616730
90.189000000 -14.566195 6.250850 0.000000 0.000000 0.000000 -0.787541 0.616262
90.222000000 -14.556821 6.288690 0.000000 0.000000 0.000000 -0.788016 0.615655
90.255000000 -14.519372 6.322275 0.000000 0.000000 0.000000 -0.788387 0.615180
90.288000000 -14.509811 6.360424 0.000000 0.000000 0.000000 -0.789054 0.614324
90.321000000 -14.471104 6.416612 0.000000 0.000000 0.000000 -0.790170 0.612888
90.354000000 -14.461435 6.454261 0.000000 0.000000 0.000000 -0.790890 0.611959
90.387000000 -14.451806 6.491927 0.000000 0.000000 0.000000 -0.791770 0.610819
90.420000000 -14.442065 6.529563 0.000000 0.000000 0.000000 -0.792706 0.609604
90.453000000 -14.415967 6.540488 0.000000 0.000000 0.000000 -0.793186 0.608979
90.486000000 -14.405874 6.578475 0.000000 0.000000 0.000000 -0.794216 0.607635
90.519000000 -14.395688 6.616437 0.000000 0.000000 0.000000 -0.795285 0.606236
90.552000000 -14.363489 6.653132 0.000000 0.000000 0.000000 -0.796296 0.604907
90.585000000 -14.352776 6.691773 0.000000 0.000000 0.000000 -0.797426 0.603417
90.618000000 -14.341941 6.730380 0.000000 0.000000 0.000000 -0.798578 0.601891
90.651000000 -14.312125 6.765624 0.000000 0.000000 0.000000 -0.799698 0.600402
90.684000000 -14.300922 6.804272 0.000000 0.000000 0.000000 -0.800885 0.598818
90.717000000 -14.289578 6.842877 0.000000 0.000000 0.000000 -0.802084 0.597211
90.750000000 -14.261616 6.877828 0.000000 0.000000 0.000000 -0.803252 0.595639
90.783000000 -14.249952 6.916297 0.000000 0.000000 0.000000 -0.804464 0.594002
90.816000000 -14.217605 6.969062 0.000000 0.000000 0.000000 -0.806247 0.591579
90.849000000 -14.205637 7.007113 0.000000 0.000000 0.000000 -0.807457 0.589926
90.882000000 -14.193513 7.045114 0.000000 0.000000 0.000000 -0.808664 0.588271
90.915000000 -14.181235 7.083066 0.000000 0.000000 0.000000 -0.809864 0.586617
90.948000000 -14.161053 7.098845 0.000000 0.000000 0.000000 -0.810443 0.585817
90.981000000 -14.148597 7.136561 0.000000 0.000000 0.000000 -0.811627 0.584176
91.014000000 -14.135988 7.174225 0.000000 0.000000 0.000000 -0.812798 0.582545
91.047000000 -14.123229 7.211838 0.000000 0.000000 0.000000 -0.813957 0.580926
91.080000000 -14.111080 7.205218 0.000000 0.000000 0.000000 -0.813914 0.580985
91.113000000 -14.098478 7.241902 0.000000 0.000000 0.000000 -0.815045 0.579398
91.146000000 -14.061916 7.308061 0.000000 0.000000 0.000000 -0.817232 0.576309
91.179000000 -14.049260 7.343573 0.000000 0.000000 0.000000 -0.818325 0.574756
91.212000000 -14.036471 7.379031 0.000000 0.000000 0.000000 -0.819399 0.573224
91.245000000 -14.014037 7.408044 0.000000 0.000000 0.000000 -0.820378 0.571822
91.278000000 -14.001343 7.442465 0.000000 0.000000 0.000000 -0.821413 0.570334
91.311000000 -13.988528 7.476830 0.000000 0.000000 0.000000 -0.822429 0.568868
91.344000000 -13.975594 7.511140 0.000000 0.000000 0.000000 -0.823424 0.567427
91.377000000 -13.962544 7.545396 0.000000 0.000000 0.000000 -0.824398 0.566011
91.410000000 -13.967322 7.504221 0.000000 0.000000 0.000000 -0.823281 0.567634
91.443000000 -13.922040 7.597703 0.000000 0.000000 0.000000 -0.825986 0.563691
91.476000000 -13.909488 7.629773 0.000000 0.000000 0.000000 -0.826898 0.562351
91.542000000 -13.884202 7.693765 0.000000 0.000000 0.000000 -0.828680 0.559723
91.575000000 -13.878184 7.688018 0.000000 0.000000 0.000000 -0.828446 0.560069
91.608000000 -13.865762 7.718951 0.000000 0.000000 0.000000 -0.829278 0.558836
91.641000000 -13.835444 7.774301 0.000000 0.000000 0.000000 -0.830737 0.556665
91.674000000 -13.823264 7.803928 0.000000 0.000000 0.000000 -0.831527 0.555484
91.707000000 -13.803441 7.834994 0.000000 0.000000 0.000000 -0.832253 0.554395
91.740000000 -13.791531 7.863522 0.000000 0.000000 0.000000 -0.833004 0.553266
91.773000000 -13.779563 7.891968 0.000000 0.000000 0.000000 -0.833736 0.552163
91.806000000 -13.767542 7.920335 0.000000 0.000000 0.000000 -0.834449 0.551085
91.839000000 -13.755468 7.948622 0.000000 0.000000 0.000000 -0.835143 0.550032
91.872000000 -13.743343 7.976830 0.000000 0.000000 0.000000 -0.835820 0.549004
91.905000000 -13.753863 7.936994 0.000000 0.000000 0.000000 -0.834786 0.550575
91.938000000 -13.742195 7.964234 0.000000 0.000000 0.000000 -0.835430 0.549597
91.971000000 -13.714734 8.012939 0.000000 0.000000 0.000000 -0.836627 0.547773
92.004000000 -13.703375 8.038973 0.000000 0.000000 0.000000 -0.837236 0.546842
92.037000000 -13.691990 8.064912 0.000000 0.000000 0.000000 -0.837828 0.545934
92.070000000 -13.680580 8.090756 0.000000 0.000000 0.000000 -0.838405 0.545048
92.103000000 -13.676896 8.086122 0.000000 0.000000 0.000000 -0.838315 0.545186
92.136000000 -13.665716 8.111253 0.000000 0.000000 0.000000 -0.838861 0.544345
92.169000000 -13.640734 8.155939 0.000000 0.000000 0.000000 -0.839877 0.542776
92.202000000 -13.629921 8.179887 0.000000 0.000000 0.000000 -0.840394 0.541977
92.235000000 -13.619050 8.203808 0.000000 0.000000 0.000000 -0.840895 0.541198
92.268000000 -13.605678 8.224124 0.000000 0.000000 0.000000 -0.841316 0.540543
92.301000000 -13.595054 8.247322 0.000000 0.000000 0.000000 -0.841790 0.539805
92.334000000 -13.584378 8.270495 0.000000 0.000000 0.000000 -0.842250 0.539087
92.367000000 -13.570083 8.293045 0.000000 0.000000 0.000000 -0.842647 0.538466
92.433000000 -13.548528 8.339382 0.000000 0.000000 0.000000 -0.843500 0.537129
92.466000000 -13.534438 8.362291 0.000000 0.000000 0.000000 -0.843854 0.536573
92.499000000 -13.523542 8.385506 0.000000 0.000000 0.000000 -0.844248 0.535952
92.532000000 -13.512601 8.408701 0.000000 0.000000 0.000000 -0.844630 0.535351
92.565000000 -13.498961 8.431987 0.000000 0.000000 0.000000 -0.844959 0.534831
92.598000000 -13.487923 8.455258 0.000000 0.000000 0.000000 -0.845316 0.534266
92.631000000 -13.476843 8.478509 0.000000 0.000000 0.000000 -0.845662 0.533719
92.664000000 -13.463300 8.501760 0.000000 0.000000 0.000000 -0.845955 0.533254
92.697000000 -13.452147 8.525049 0.000000 0.000000 0.000000 -0.846278 0.532741
92.730000000 -13.440955 8.548320 0.000000 0.000000 0.000000 -0.846590 0.532246
92.763000000 -13.428282 8.570842 0.000000 0.000000 0.000000 -0.846867 0.531805
92.796000000 -13.417138 8.593910 0.000000 0.000000 0.000000 -0.847158 0.531341
92.829000000 -13.405959 8.616959 0.000000 0.000000 0.000000 -0.847439 0.530892
92.862000000 -13.394744 8.639991 0.000000 0.000000 0.000000 -0.847711 0.530458
92.895000000 -13.395026 8.636032 0.000000 0.000000 0.000000 -0.847671 0.530523
92.928000000 -13.384299 8.658065 0.000000 0.000000 0.000000 -0.847925 0.530116
92.961000000 -13.363298 8.698655 0.000000 0.000000 0.000000 -0.848392 0.529368
92.994000000 -13.352958 8.719744 0.000000 0.000000 0.000000 -0.848629 0.528988
93.027000000 -13.342593 8.740812 0.000000 0.000000 0.000000 -0.848858 0.528620
93.060000000 -13.332990 8.758235 0.000000 0.000000 0.000000 -0.849040 0.528329
93.093000000 -13.323081 8.778321 0.000000 0.000000 0.000000 -0.849254 0.527985
93.126000000 -13.313150 8.798383 0.000000 0.000000 0.000000 -0.849460 0.527653
93.159000000 -13.303888 8.815402 0.000000 0.000000 0.000000 -0.849630 0.527379
93.192000000 -13.294354 8.834618 0.000000 0.000000 0.000000 -0.849824 0.527067
93.225000000 -13.284803 8.853807 0.000000 0.000000 0.000000 -0.850010 0.526766
93.258000000 -13.276353 8.869528 0.000000 0.000000 0.000000 -0.850156 0.526530
93.291000000 -13.267267 8.887748 0.000000 0.000000 0.000000 -0.850331 0.526248
93.324000000 -13.258170 8.905935 0.000000 0.000000 0.000000 -0.850500 0.525976
93.357000000 -13.249946 8.921263 0.000000 0.000000 0.000000 -0.850655 0.525724
93.390000000 -13.241243 8.938631 0.000000 0.000000 0.000000 -0.850813 0.525468
93.423000000 -13.232535 8.955961 0.000000 0.000000 0.000000 -0.850966 0.525221
93.456000000 -13.225073 8.969880 0.000000 0.000000 0.000000 -0.851102 0.525000
93.489000000 -13.216837 8.986245 0.000000 0.000000 0.000000 -0.851245 0.524768
93.522000000 -13.208601 9.002566 0.000000 0.000000 0.000000 -0.851383 0.524544
93.555000000 -13.201061 9.015790 0.000000 0.000000 0.000000 -0.851525 0.524315
93.588000000 -13.193240 9.031269 0.000000 0.000000 0.000000 -0.851654 0.524104
93.621000000 -13.185425 9.046695 0.000000 0.000000 0.000000 -0.851780 0.523900
93.654000000 -13.178730 9.058700 0.000000 0.000000 0.000000 -0.851940 0.523640
93.687000000 -13.171385 9.073178 0.000000 0.000000 0.000000 -0.852057 0.523448
93.720000000 -13.164052 9.087596 0.000000 0.000000 0.000000 -0.852172 0.523262
93.753000000 -13.156731 9.101952 0.000000 0.000000 0.000000 -0.852282 0.523082
93.786000000 -13.157559 9.098733 0.000000 0.000000 0.000000 -0.852309 0.523038
93.819000000 -13.150671 9.112263 0.000000 0.000000 0.000000 -0.852413 0.522869
93.852000000 -13.137623 9.135933 0.000000 0.000000 0.000000 -0.852688 0.522421
93.885000000 -13.131188 9.148527 0.000000 0.000000 0.000000 -0.852786 0.522261
93.918000000 -13.124776 9.161043 0.000000 0.000000 0.000000 -0.852881 0.522105
93.951000000 -13.118206 9.170612 0.000000 0.000000 0.000000 -0.853040 0.521845
93.984000000 -13.112157 9.182412 0.000000 0.000000 0.000000 -0.853130 0.521698
94.017000000 -13.106135 9.194126 0.000000 0.000000 0.000000 -0.853218 0.521555
94.050000000 -13.100143 9.205756 0.000000 0.000000 0.000000 -0.853302 0.521416
94.083000000 -13.100128 9.202543 0.000000 0.000000 0.000000 -0.853381 0.521287
94.116000000 -13.094513 9.213458 0.000000 0.000000 0.000000 -0.853462 0.521155
94.149000000 -13.083695 9.231256 0.000000 0.000000 0.000000 -0.853714 0.520743
94.182000000 -13.078597 9.241134 0.000000 0.000000 0.000000 -0.853790 0.520617
94.215000000 -13.073541 9.250907 0.000000 0.000000 0.000000 -0.853865 0.520495
94.248000000 -13.068572 9.257000 0.000000 0.000000 0.000000 -0.854019 0.520243
94.281000000 -13.063969 9.265892 0.000000 0.000000 0.000000 -0.854089 0.520126
94.314000000 -13.059414 9.274669 0.000000 0.000000 0.000000 -0.854159 0.520012
94.347000000 -13.054906 9.283332 0.000000 0.000000 0.000000 -0.854227 0.519901
94.380000000 -13.055004 9.279869 0.000000 0.000000 0.000000 -0.854353 0.519693
94.413000000 -13.050894 9.287783 0.000000 0.000000 0.000000 -0.854418 0.519587
94.446000000 -13.046836 9.295575 0.000000 0.000000 0.000000 -0.854481 0.519482
94.479000000 -13.043332 9.299723 0.000000 0.000000 0.000000 -0.854686 0.519146
94.512000000 -13.039749 9.306598 0.000000 0.000000 0.000000 -0.854747 0.519045
94.545000000 -13.036226 9.313340 0.000000 0.000000 0.000000 -0.854807 0.518946
94.578000000 -13.033238 9.316772 0.000000 0.000000 0.000000 -0.855019 0.518597
94.611000000 -13.030155 9.322667 0.000000 0.000000 0.000000 -0.855077 0.518501
94.644000000 -13.024831 9.330753 0.000000 0.000000 0.000000 -0.855339 0.518069
94.677000000 -13.022277 9.335619 0.000000 0.000000 0.000000 -0.855395 0.517976
94.710000000 -13.019795 9.340331 0.000000 0.000000 0.000000 -0.855450 0.517885
94.743000000 -13.016641 9.344217 0.000000 0.000000 0.000000 -0.855673 0.517517
94.776000000 -13.014277 9.348707 0.000000 0.000000 0.000000 -0.855727 0.517428
94.809000000 -13.011984 9.353045 0.000000 0.000000 0.000000 -0.855779 0.517341
94.842000000 -13.009764 9.357231 0.000000 0.000000 0.000000 -0.855831 0.517255
94.875000000 -13.008520 9.357736 0.000000 0.000000 0.000000 -0.855991 0.516990
94.908000000 -13.006190 9.362148 0.000000 0.000000 0.000000 -0.856042 0.516907
94.941000000 -12.999868 9.371576 0.000000 0.000000 0.000000 -0.856268 0.516532
94.974000000 -12.997479 9.376091 0.000000 0.000000 0.000000 -0.856316 0.516451
95.007000000 -12.993335 9.381827 0.000000 0.000000 0.000000 -0.856490 0.516163
95.040000000 -12.990876 9.386474 0.000000 0.000000 0.000000 -0.856537 0.516085
95.073000000 -12.988478 9.390992 0.000000 0.000000 0.000000 -0.856583 0.516009
95.106000000 -12.984670 9.395489 0.000000 0.000000 0.000000 -0.856721 0.515780
95.139000000 -12.982196 9.400156 0.000000 0.000000 0.000000 -0.856766 0.515706
95.172000000 -12.979779 9.404701 0.000000 0.000000 0.000000 -0.856809 0.515633
95.205000000 -12.977420 9.409126 0.000000 0.000000 0.000000 -0.856852 0.515562
95.238000000 -12.973890 9.413498 0.000000 0.000000 0.000000 -0.856997 0.515322
95.271000000 -12.971412 9.418151 0.000000 0.000000 0.000000 -0.857038 0.515253
95.304000000 -12.968989 9.422690 0.000000 0.000000 0.000000 -0.857078 0.515186
95.337000000 -12.966619 9.427117 0.000000 0.000000 0.000000 -0.857118 0.515120
95.370000000 -12.965068 9.427299 0.000000 0.000000 0.000000 -0.857166 0.515040
95.403000000 -12.962607 9.431913 0.000000 0.000000 0.000000 -0.857204 0.514976
95.436000000 -12.956134 9.441267 0.000000 0.000000 0.000000 -0.857317 0.514790
95.469000000 -12.953650 9.445919 0.000000 0.000000 0.000000 -0.857353 0.514729
95.502000000 -12.951214 9.450471 0.000000 0.000000 0.000000 -0.857389 0.514669
95.535000000 -12.947296 9.455488 0.000000 0.000000 0.000000 -0.857438 0.514588
95.568000000 -12.944717 9.460323 0.000000 0.000000 0.000000 -0.857472 0.514530
95.601000000 -12.942136 9.465156 0.000000 0.000000 0.000000 -0.857506 0.514474
95.634000000 -12.938232 9.469598 0.000000 0.000000 0.000000 -0.857562 0.514381
95.667000000 -12.935638 9.474455 0.000000 0.000000 0.000000 -0.857594 0.514327
95.733000000 -12.930444 9.484167 0.000000 0.000000 0.000000 -0.857657 0.514223
95.766000000 -12.929307 9.483473 0.000000 0.000000 0.000000 -0.857645 0.514243
95.799000000 -12.926740 9.488276 0.000000 0.000000 0.000000 -0.857674 0.514193
95.832000000 -12.924171 9.493079 0.000000 0.000000 0.000000 -0.857704 0.514144
95.865000000 -12.921601 9.497880 0.000000 0.000000 0.000000 -0.857732 0.514096
95.898000000 -12.922314 9.494336 0.000000 0.000000 0.000000 -0.857732 0.514097
95.931000000 -12.920171 9.498342 0.000000 0.000000 0.000000 -0.857760 0.514050
95.964000000 -12.917400 9.501805 0.000000 0.000000 0.000000 -0.857893 0.513829
95.997000000 -12.915827 9.504740 0.000000 0.000000 0.000000 -0.857920 0.513784
96.030000000 -12.914254 9.507670 0.000000 0.000000 0.000000 -0.857947 0.513738
96.063000000 -12.914115 9.506134 0.000000 0.000000 0.000000 -0.858046 0.513573
96.096000000 -12.913099 9.508025 0.000000 0.000000 0.000000 -0.858073 0.513528
96.129000000 -12.912087 9.509907 0.000000 0.000000 0.000000 -0.858100 0.513483
96.162000000 -12.912495 9.507701 0.000000 0.000000 0.000000 -0.858249 0.513234
96.195000000 -12.911998 9.508623 0.000000 0.000000 0.000000 -0.858276 0.513189
96.228000000 -12.911507 9.509531 0.000000 0.000000 0.000000 -0.858303 0.513144
96.261000000 -12.912996 9.506030 0.000000 0.000000 0.000000 -0.858522 0.512777
96.294000000 -12.913086 9.505860 0.000000 0.000000 0.000000 -0.858549 0.512732
96.327000000 -12.913184 9.505671 0.000000 0.000000 0.000000 -0.858576 0.512687
96.360000000 -12.914885 9.501799 0.000000 0.000000 0.000000 -0.858787 0.512333
96.393000000 -12.915468 9.500717 0.000000 0.000000 0.000000 -0.858813 0.512288
96.426000000 -12.916063 9.499609 0.000000 0.000000 0.000000 -0.858839 0.512245
96.459000000 -12.916672 9.498474 0.000000 0.000000 0.000000 -0.858865 0.512202
96.492000000 -12.918694 9.494196 0.000000 0.000000 0.000000 -0.859017 0.511948
96.525000000 -12.919839 9.492078 0.000000 0.000000 0.000000 -0.859041 0.511906
96.558000000 -12.923865 9.483905 0.000000 0.000000 0.000000 -0.859250 0.511556
96.591000000 -12.925510 9.480868 0.000000 0.000000 0.000000 -0.859274 0.511516
96.624000000 -12.927154 9.477831 0.000000 0.000000 0.000000 -0.859297 0.511477
96.657000000 -12.929386 9.473538 0.000000 0.000000 0.000000 -0.859463 0.511197
96.690000000 -12.931185 9.470223 0.000000 0.000000 0.000000 -0.859486 0.511160
96.723000000 -12.932984 9.466908 0.000000 0.000000 0.000000 -0.859508 0.511122
96.756000000 -12.934697 9.463382 0.000000 0.000000 0.000000 -0.859658 0.510871
96.789000000 -12.936503 9.460062 0.000000 0.000000 0.000000 -0.859679 0.510835
96.822000000 -12.938308 9.456741 0.000000 0.000000 0.000000 -0.859700 0.510800
96.855000000 -12.940110 9.453314 0.000000 0.000000 0.000000 -0.859854 0.510540
96.888000000 -12.941915 9.449999 0.000000 0.000000 0.000000 -0.859874 0.510506
96.921000000 -12.943720 9.446685 0.000000 0.000000 0.000000 -0.859894 0.510473
96.954000000 -12.945468 9.443450 0.000000 0.000000 0.000000 -0.860027 0.510248
96.987000000 -12.947251 9.440183 0.000000 0.000000 0.000000 -0.860046 0.510217
97.020000000 -12.950120 9.434640 0.000000 0.000000 0.000000 -0.860206 0.509946
97.053000000 -12.951925 9.431338 0.000000 0.000000 0.000000 -0.860224 0.509916
97.086000000 -12.953730 9.428035 0.000000 0.000000 0.000000 -0.860242 0.509886
97.119000000 -12.955534 9.424732 0.000000 0.000000 0.000000 -0.860259 0.509857
97.152000000 -12.956318 9.423229 0.000000 0.000000 0.000000 -0.860378 0.509657
97.185000000 -12.958137 9.419906 0.000000 0.000000 0.000000 -0.860394 0.509629
97.218000000 -12.960821 9.414828 0.000000 0.000000 0.000000 -0.860555 0.509358
97.251000000 -12.962612 9.411562 0.000000 0.000000 0.000000 -0.860570 0.509332
97.284000000 -12.964403 9.408295 0.000000 0.000000 0.000000 -0.860586 0.509306
97.317000000 -12.966194 9.405028 0.000000 0.000000 0.000000 -0.860600 0.509281
97.350000000 -12.967111 9.403213 0.000000 0.000000 0.000000 -0.860702 0.509110
97.383000000 -12.968931 9.399898 0.000000 0.000000 0.000000 -0.860716 0.509086
97.416000000 -12.970751 9.396583 0.000000 0.000000 0.000000 -0.860730 0.509062
97.449000000 -12.972376 9.393479 0.000000 0.000000 0.000000 -0.860853 0.508853
97.482000000 -12.974151 9.390251 0.000000 0.000000 0.000000 -0.860866 0.508831
97.515000000 -12.975926 9.387022 0.000000 0.000000 0.000000 -0.860879 0.508810
97.548000000 -12.976119 9.385872 0.000000 0.000000 0.000000 -0.860974 0.508649
97.581000000 -12.977573 9.383231 0.000000 0.000000 0.000000 -0.860986 0.508628
97.614000000 -12.979026 9.380591 0.000000 0.000000 0.000000 -0.860998 0.508608
97.647000000 -12.977821 9.381902 0.000000 0.000000 0.000000 -0.861057 0.508508
97.680000000 -12.978693 9.380317 0.000000 0.000000 0.000000 -0.861069 0.508487
97.713000000 -12.979563 9.378735 0.000000 0.000000 0.000000 -0.861082 0.508467
97.746000000 -12.977790 9.380874 0.000000 0.000000 0.000000 -0.861048 0.508524
97.779000000 -12.978107 9.380296 0.000000 0.000000 0.000000 -0.861060 0.508504
97.812000000 -12.978419 9.379726 0.000000 0.000000 0.000000 -0.861072 0.508483
97.845000000 -12.976048 9.383143 0.000000 0.000000 0.000000 -0.861048 0.508524
97.878000000 -12.975779 9.383629 0.000000 0.000000 0.000000 -0.861060 0.508504
97.911000000 -12.972962 9.387394 0.000000 0.000000 0.000000 -0.861040 0.508538
97.944000000 -12.972127 9.388907 0.000000 0.000000 0.000000 -0.861051 0.508518
97.977000000 -12.971307 9.390392 0.000000 0.000000 0.000000 -0.861063 0.508499
98.010000000 -12.970477 9.391893 0.000000 0.000000 0.000000 -0.861074 0.508480
98.043000000 -12.967249 9.395953 0.000000 0.000000 0.000000 -0.861047 0.508526
98.076000000 -12.965951 9.398305 0.000000 0.000000 0.000000 -0.861057 0.508508
98.109000000 -12.964653 9.400656 0.000000 0.000000 0.000000 -0.861068 0.508490
98.142000000 -12.962156 9.403282 0.000000 0.000000 0.000000 -0.861046 0.508527
98.175000000 -12.960770 9.405794 0.000000 0.000000 0.000000 -0.861056 0.508510
98.208000000 -12.959383 9.408306 0.000000 0.000000 0.000000 -0.861066 0.508494
98.241000000 -12.957143 9.410636 0.000000 0.000000 0.000000 -0.861046 0.508527
98.274000000 -12.955737 9.413184 0.000000 0.000000 0.000000 -0.861055 0.508512
98.307000000 -12.954331 9.415731 0.000000 0.000000 0.000000 -0.861064 0.508497
98.340000000 -12.952140 9.417901 0.000000 0.000000 0.000000 -0.861045 0.508528
98.373000000 -12.950739 9.420441 0.000000 0.000000 0.000000 -0.861054 0.508514
98.406000000 -12.949338 9.422979 0.000000 0.000000 0.000000 -0.861062 0.508501
98.439000000 -12.947172 9.424894 0.000000 0.000000 0.000000 -0.861045 0.508529
98.472000000 -12.945803 9.427375 0.000000 0.000000 0.000000 -0.861052 0.508516
98.505000000 -12.944433 9.429856 0.000000 0.000000 0.000000 -0.861060 0.508504
98.538000000 -12.942120 9.432220 0.000000 0.000000 0.000000 -0.861044 0.508530
98.571000000 -12.940719 9.434759 0.000000 0.000000 0.000000 -0.861051 0.508519
98.604000000 -12.939318 9.437298 0.000000 0.000000 0.000000 -0.861058 0.508507
98.637000000 -12.937124 9.439585 0.000000 0.000000 0.000000 -0.861044 0.508531
98.670000000 -12.935714 9.442140 0.000000 0.000000 0.000000 -0.861050 0.508521
98.703000000 -12.934304 9.444694 0.000000 0.000000 0.000000 -0.861056 0.508511
98.736000000 -12.932258 9.446739 0.000000 0.000000 0.000000 -0.861043 0.508532
98.769000000 -12.930876 9.449244 0.000000 0.000000 0.000000 -0.861049 0.508523
98.802000000 -12.929493 9.451749 0.000000 0.000000 0.000000 -0.861054 0.508514
98.868000000 -12.926725 9.456758 0.000000 0.000000 0.000000 -0.861063 0.508498
98.901000000 -12.927149 9.453989 0.000000 0.000000 0.000000 -0.861042 0.508533
98.934000000 -12.922212 9.461267 0.000000 0.000000 0.000000 -0.861042 0.508533
98.967000000 -12.920816 9.463798 0.000000 0.000000 0.000000 -0.861046 0.508527
99.033000000 -12.918020 9.468860 0.000000 0.000000 0.000000 -0.861053 0.508514
99.066000000 -12.917279 9.468483 0.000000 0.000000 0.000000 -0.861042 0.508534
99.099000000 -12.915890 9.471002 0.000000 0.000000 0.000000 -0.861045 0.508529
99.132000000 -12.912358 9.475621 0.000000 0.000000 0.000000 -0.860876 0.508815
99.165000000 -12.910970 9.478140 0.000000 0.000000 0.000000 -0.860878 0.508811
99.198000000 -12.909582 9.480658 0.000000 0.000000 0.000000 -0.860881 0.508807
99.231000000 -12.908193 9.483176 0.000000 0.000000 0.000000 -0.860883 0.508804
99.264000000 -12.907360 9.483010 0.000000 0.000000 0.000000 -0.860916 0.508747
99.297000000 -12.905963 9.485546 0.000000 0.000000 0.000000 -0.860918 0.508744
99.330000000 -12.904565 9.488082 0.000000 0.000000 0.000000 -0.860919 0.508741
99.363000000 -12.902488 9.490171 0.000000 0.000000 0.000000 -0.860778 0.508980
99.396000000 -12.901110 9.492675 0.000000 0.000000 0.000000 -0.860779 0.508978
99.429000000 -12.899731 9.495178 0.000000 0.000000 0.000000 -0.860780 0.508977
99.462000000 -12.897460 9.497422 0.000000 0.000000 0.000000 -0.860623 0.509243
99.495000000 -12.896069 9.499952 0.000000 0.000000 0.000000 -0.860623 0.509243
99.528000000 -12.894678 9.502482 0.000000 0.000000 0.000000 -0.860623 0.509243
99.561000000 -12.892448 9.504567 0.000000 0.000000 0.000000 -0.860501 0.509449
99.594000000 -12.891067 9.507082 0.000000 0.000000 0.000000 -0.860501 0.509450
99.627000000 -12.889686 9.509596 0.000000 0.000000 0.000000 -0.860500 0.509450
99.660000000 -12.888305 9.512110 0.000000 0.000000 0.000000 -0.860499 0.509452
99.693000000 -12.886923 9.514623 0.000000 0.000000 0.000000 -0.860498 0.509453
99.726000000 -12.887700 9.511617 0.000000 0.000000 0.000000 -0.860318 0.509757
99.759000000 -12.886349 9.514082 0.000000 0.000000 0.000000 -0.860317 0.509759
99.792000000 -12.882861 9.518928 0.000000 0.000000 0.000000 -0.860168 0.510010
99.825000000 -12.881485 9.521442 0.000000 0.000000 0.000000 -0.860167 0.510013
99.858000000 -12.878030 9.526165 0.000000 0.000000 0.000000 -0.860016 0.510268
99.891000000 -12.876657 9.528675 0.000000 0.000000 0.000000 -0.860013 0.510272
99.924000000 -12.875285 9.531186 0.000000 0.000000 0.000000 -0.860011 0.510276
99.957000000 -12.873031 9.533586 0.000000 0.000000 0.000000 -0.859863 0.510526
99.990000000 -12.871632 9.536149 0.000000 0.000000 0.000000 -0.859860 0.510530
100.023000000 -12.870233 9.538712 0.000000 0.000000 0.000000 -0.859857 0.510536
100.056000000 -12.868230 9.540712 0.000000 0.000000 0.000000 -0.859683 0.510828
100.089000000 -12.866868 9.543212 0.000000 0.000000 0.000000 -0.859680 0.510833
100.122000000 -12.865505 9.545712 0.000000 0.000000 0.000000 -0.859676 0.510839
100.155000000 -12.863346 9.547997 0.000000 0.000000 0.000000 -0.859533 0.511081
100.188000000 -12.861972 9.550521 0.000000 0.000000 0.000000 -0.859529 0.511088
100.221000000 -12.860599 9.553045 0.000000 0.000000 0.000000 -0.859524 0.511095
100.254000000 -12.858485 9.555214 0.000000 0.000000 0.000000 -0.859330 0.511422
100.287000000 -12.857119 9.557729 0.000000 0.000000 0.000000 -0.859325 0.511429
100.320000000 -12.855753 9.560244 0.000000 0.000000 0.000000 -0.859321 0.511437
100.353000000 -12.854386 9.562759 0.000000 0.000000 0.000000 -0.859316 0.511446
100.386000000 -12.853711 9.562461 0.000000 0.000000 0.000000 -0.859111 0.511789
100.419000000 -12.852351 9.564972 0.000000 0.000000 0.000000 -0.859106 0.511798
100.452000000 -12.848884 9.569728 0.000000 0.000000 0.000000 -0.858894 0.512153
100.485000000 -12.847521 9.572248 0.000000 0.000000 0.000000 -0.858888 0.512163
100.518000000 -12.846158 9.574767 0.000000 0.000000 0.000000 -0.858883 0.512173
100.551000000 -12.844041 9.577020 0.000000 0.000000 0.000000 -0.858677 0.512517
100.584000000 -12.842677 9.579549 0.000000 0.000000 0.000000 -0.858671 0.512527
100.617000000 -12.841311 9.582077 0.000000 0.000000 0.000000 -0.858664 0.512538
100.650000000 -12.839275 9.584101 0.000000 0.000000 0.000000 -0.858441 0.512913
100.683000000 -12.837938 9.586585 0.000000 0.000000 0.000000 -0.858434 0.512924
100.716000000 -12.836600 9.589068 0.000000 0.000000 0.000000 -0.858427 0.512936
100.749000000 -12.835262 9.591551 0.000000 0.000000 0.000000 -0.858419 0.512948
100.782000000 -12.834394 9.591344 0.000000 0.000000 0.000000 -0.858206 0.513306
100.815000000 -12.833042 9.593860 0.000000 0.000000 0.000000 -0.858198 0.513318
100.848000000 -12.829644 9.598582 0.000000 0.000000 0.000000 -0.857971 0.513698
100.881000000 -12.828299 9.601092 0.000000 0.000000 0.000000 -0.857963 0.513711
100.914000000 -12.826952 9.603602 0.000000 0.000000 0.000000 -0.857955 0.513725
100.947000000 -12.825606 9.606111 0.000000 0.000000 0.000000 -0.857947 0.513739
100.980000000 -12.824820 9.605856 0.000000 0.000000 0.000000 -0.857736 0.514090
101.013000000 -12.823470 9.608380 0.000000 0.000000 0.000000 -0.857727 0.514105
